<?xml version="1.0" encoding="UTF-8"?>
<TrainingCenterDatabase
  xsi:schemaLocation="http://www.garmin.com/xmlschemas/TrainingCenterDatabase/v2 http://www.garmin.com/xmlschemas/TrainingCenterDatabasev2.xsd"
  xmlns:ns5="http://www.garmin.com/xmlschemas/ActivityGoals/v1"
  xmlns:ns3="http://www.garmin.com/xmlschemas/ActivityExtension/v2"
  xmlns:ns2="http://www.garmin.com/xmlschemas/UserProfile/v2"
  xmlns="http://www.garmin.com/xmlschemas/TrainingCenterDatabase/v2"
  xmlns:xsi="http://www.w3.org/2001/XMLSchema-instance" xmlns:ns4="http://www.garmin.com/xmlschemas/ProfileExtension/v1">
  <Activities>
    <Activity Sport="Other">
      <Id>2026-07-30T16:14:37.000Z</Id>
      <Lap StartTime="2026-07-30T16:14:37.000Z">
        <TotalTimeSeconds>2919.164</TotalTimeSeconds>
        <DistanceMeters>5475.57</DistanceMeters>
        <MaximumSpeed>4.291999816894531</MaximumSpeed>
        <Calories>231</Calories>
        <AverageHeartRateBpm>
          <Value>83</Value>
        </AverageHeartRateBpm>
        <MaximumHeartRateBpm>
          <Value>104</Value>
        </MaximumHeartRateBpm>
        <Intensity>Active</Intensity>
        <TriggerMethod>Manual</TriggerMethod>
        <Track>
          <Trackpoint>
            <Time>2026-07-30T16:14:37.000Z</Time>
            <Position>
              <LatitudeDegrees>44.28871035575867</LatitudeDegrees>
              <LongitudeDegrees>-81.59090484492481</LongitudeDegrees>
            </Position>
            <AltitudeMeters>175.60000610351562</AltitudeMeters>
            <DistanceMeters>0.0</DistanceMeters>
            <HeartRateBpm>
              <Value>87</Value>
            </HeartRateBpm>
            <Extensions>
              <ns3:TPX>
                <ns3:Speed>1.6519999504089355</ns3:Speed>
              </ns3:TPX>
            </Extensions>
          </Trackpoint>
          <Trackpoint>
            <Time>2026-07-30T16:14:38.000Z</Time>
            <AltitudeMeters>175.60000610351562</AltitudeMeters>
            <DistanceMeters>0.0</DistanceMeters>
            <HeartRateBpm>
              <Value>87</Value>
            </HeartRateBpm>
            <Extensions>
              <ns3:TPX>
                <ns3:Speed>1.6519999504089355</ns3:Speed>
              </ns3:TPX>
            </Extensions>
          </Trackpoint>
          <Trackpoint>
            <Time>2026-07-30T16:14:39.000Z</Time>
            <Position>
              <LatitudeDegrees>44.28919851779938</LatitudeDegrees>
              <LongitudeDegrees>-81.59165686927736</LongitudeDegrees>
            </Position>
            <AltitudeMeters>175.60000610351562</AltitudeMeters>
            <DistanceMeters>0.0</DistanceMeters>
            <HeartRateBpm>
              <Value>90</Value>
            </HeartRateBpm>
            <Extensions>
              <ns3:TPX>
                <ns3:Speed>4.291999816894531</ns3:Speed>
              </ns3:TPX>
            </Extensions>
          </Trackpoint>
          <Trackpoint>
            <Time>2026-07-30T16:14:40.000Z</Time>
            <Position>
              <LatitudeDegrees>44.28923288360238</LatitudeDegrees>
              <LongitudeDegrees>-81.59160314127803</LongitudeDegrees>
            </Position>
            <AltitudeMeters>175.1999969482422</AltitudeMeters>
            <DistanceMeters>2.9100000858306885</DistanceMeters>
            <HeartRateBpm>
              <Value>92</Value>
            </HeartRateBpm>
            <Extensions>
              <ns3:TPX>
                <ns3:Speed>1.6519999504089355</ns3:Speed>
              </ns3:TPX>
            </Extensions>
          </Trackpoint>
          <Trackpoint>
            <Time>2026-07-30T16:14:44.000Z</Time>
            <Position>
              <LatitudeDegrees>44.289282420650125</LatitudeDegrees>
              <LongitudeDegrees>-81.59166416153312</LongitudeDegrees>
            </Position>
            <AltitudeMeters>175.1999969482422</AltitudeMeters>
            <DistanceMeters>10.390000343322754</DistanceMeters>
            <HeartRateBpm>
              <Value>95</Value>
            </HeartRateBpm>
            <Extensions>
              <ns3:TPX>
                <ns3:Speed>2.052999973297119</ns3:Speed>
              </ns3:TPX>
            </Extensions>
          </Trackpoint>
          <Trackpoint>
            <Time>2026-07-30T16:14:45.000Z</Time>
            <Position>
              <LatitudeDegrees>44.28927596658468</LatitudeDegrees>
              <LongitudeDegrees>-81.59166608937085</LongitudeDegrees>
            </Position>
            <AltitudeMeters>175.1999969482422</AltitudeMeters>
            <DistanceMeters>10.479999542236328</DistanceMeters>
            <HeartRateBpm>
              <Value>96</Value>
            </HeartRateBpm>
            <Extensions>
              <ns3:TPX>
                <ns3:Speed>2.052999973297119</ns3:Speed>
              </ns3:TPX>
            </Extensions>
          </Trackpoint>
          <Trackpoint>
            <Time>2026-07-30T16:14:46.000Z</Time>
            <Position>
              <LatitudeDegrees>44.289257945492864</LatitudeDegrees>
              <LongitudeDegrees>-81.59167128615081</LongitudeDegrees>
            </Position>
            <AltitudeMeters>175.1999969482422</AltitudeMeters>
            <DistanceMeters>11.319999694824219</DistanceMeters>
            <HeartRateBpm>
              <Value>93</Value>
            </HeartRateBpm>
            <Extensions>
              <ns3:TPX>
                <ns3:Speed>1.8289999961853027</ns3:Speed>
              </ns3:TPX>
            </Extensions>
          </Trackpoint>
          <Trackpoint>
            <Time>2026-07-30T16:14:48.000Z</Time>
            <Position>
              <LatitudeDegrees>44.28923271596432</LatitudeDegrees>
              <LongitudeDegrees>-81.59166684374213</LongitudeDegrees>
            </Position>
            <AltitudeMeters>174.8000030517578</AltitudeMeters>
            <DistanceMeters>13.899999618530273</DistanceMeters>
            <HeartRateBpm>
              <Value>94</Value>
            </HeartRateBpm>
            <Extensions>
              <ns3:TPX>
                <ns3:Speed>1.6519999504089355</ns3:Speed>
              </ns3:TPX>
            </Extensions>
          </Trackpoint>
          <Trackpoint>
            <Time>2026-07-30T16:14:49.000Z</Time>
            <Position>
              <LatitudeDegrees>44.28922366350889</LatitudeDegrees>
              <LongitudeDegrees>-81.59164915792644</LongitudeDegrees>
            </Position>
            <AltitudeMeters>174.8000030517578</AltitudeMeters>
            <DistanceMeters>15.40999984741211</DistanceMeters>
            <HeartRateBpm>
              <Value>94</Value>
            </HeartRateBpm>
            <Extensions>
              <ns3:TPX>
                <ns3:Speed>1.6519999504089355</ns3:Speed>
              </ns3:TPX>
            </Extensions>
          </Trackpoint>
          <Trackpoint>
            <Time>2026-07-30T16:14:54.000Z</Time>
            <Position>
              <LatitudeDegrees>44.28920840844512</LatitudeDegrees>
              <LongitudeDegrees>-81.59159786067903</LongitudeDegrees>
            </Position>
            <AltitudeMeters>175.0</AltitudeMeters>
            <DistanceMeters>21.760000228881836</DistanceMeters>
            <HeartRateBpm>
              <Value>97</Value>
            </HeartRateBpm>
            <Extensions>
              <ns3:TPX>
                <ns3:Speed>0.47600001096725464</ns3:Speed>
              </ns3:TPX>
            </Extensions>
          </Trackpoint>
          <Trackpoint>
            <Time>2026-07-30T16:14:58.000Z</Time>
            <Position>
              <LatitudeDegrees>44.289212012663484</LatitudeDegrees>
              <LongitudeDegrees>-81.5916133671999</LongitudeDegrees>
            </Position>
            <AltitudeMeters>175.39999389648438</AltitudeMeters>
            <DistanceMeters>22.639999389648438</DistanceMeters>
            <HeartRateBpm>
              <Value>94</Value>
            </HeartRateBpm>
            <Extensions>
              <ns3:TPX>
                <ns3:Speed>0.0</ns3:Speed>
              </ns3:TPX>
            </Extensions>
          </Trackpoint>
          <Trackpoint>
            <Time>2026-07-30T16:15:03.000Z</Time>
            <Position>
              <LatitudeDegrees>44.28921804763377</LatitudeDegrees>
              <LongitudeDegrees>-81.59162233583629</LongitudeDegrees>
            </Position>
            <AltitudeMeters>174.60000610351562</AltitudeMeters>
            <DistanceMeters>22.90999984741211</DistanceMeters>
            <HeartRateBpm>
              <Value>94</Value>
            </HeartRateBpm>
            <Extensions>
              <ns3:TPX>
                <ns3:Speed>0.0</ns3:Speed>
              </ns3:TPX>
            </Extensions>
          </Trackpoint>
          <Trackpoint>
            <Time>2026-07-30T16:15:06.000Z</Time>
            <Position>
              <LatitudeDegrees>44.28921611979604</LatitudeDegrees>
              <LongitudeDegrees>-81.59160247072577</LongitudeDegrees>
            </Position>
            <AltitudeMeters>174.60000610351562</AltitudeMeters>
            <DistanceMeters>23.860000610351562</DistanceMeters>
            <HeartRateBpm>
              <Value>91</Value>
            </HeartRateBpm>
            <Extensions>
              <ns3:TPX>
                <ns3:Speed>0.0</ns3:Speed>
              </ns3:TPX>
            </Extensions>
          </Trackpoint>
          <Trackpoint>
            <Time>2026-07-30T16:15:14.000Z</Time>
            <Position>
              <LatitudeDegrees>44.289202792569995</LatitudeDegrees>
              <LongitudeDegrees>-81.59161194227636</LongitudeDegrees>
            </Position>
            <AltitudeMeters>174.60000610351562</AltitudeMeters>
            <DistanceMeters>25.739999771118164</DistanceMeters>
            <HeartRateBpm>
              <Value>88</Value>
            </HeartRateBpm>
            <Extensions>
              <ns3:TPX>
                <ns3:Speed>0.0</ns3:Speed>
              </ns3:TPX>
            </Extensions>
          </Trackpoint>
          <Trackpoint>
            <Time>2026-07-30T16:15:19.000Z</Time>
            <Position>
              <LatitudeDegrees>44.289202792569995</LatitudeDegrees>
              <LongitudeDegrees>-81.59161194227636</LongitudeDegrees>
            </Position>
            <AltitudeMeters>174.1999969482422</AltitudeMeters>
            <DistanceMeters>25.739999771118164</DistanceMeters>
            <HeartRateBpm>
              <Value>87</Value>
            </HeartRateBpm>
            <Extensions>
              <ns3:TPX>
                <ns3:Speed>0.0</ns3:Speed>
              </ns3:TPX>
            </Extensions>
          </Trackpoint>
          <Trackpoint>
            <Time>2026-07-30T16:15:24.000Z</Time>
            <Position>
              <LatitudeDegrees>44.289202792569995</LatitudeDegrees>
              <LongitudeDegrees>-81.59161898307502</LongitudeDegrees>
            </Position>
            <AltitudeMeters>174.60000610351562</AltitudeMeters>
            <DistanceMeters>26.049999237060547</DistanceMeters>
            <HeartRateBpm>
              <Value>90</Value>
            </HeartRateBpm>
            <Extensions>
              <ns3:TPX>
                <ns3:Speed>0.0</ns3:Speed>
              </ns3:TPX>
            </Extensions>
          </Trackpoint>
          <Trackpoint>
            <Time>2026-07-30T16:15:25.000Z</Time>
            <Position>
              <LatitudeDegrees>44.289202792569995</LatitudeDegrees>
              <LongitudeDegrees>-81.59162174910307</LongitudeDegrees>
            </Position>
            <AltitudeMeters>174.60000610351562</AltitudeMeters>
            <DistanceMeters>26.170000076293945</DistanceMeters>
            <HeartRateBpm>
              <Value>87</Value>
            </HeartRateBpm>
            <Extensions>
              <ns3:TPX>
                <ns3:Speed>0.0</ns3:Speed>
              </ns3:TPX>
            </Extensions>
          </Trackpoint>
          <Trackpoint>
            <Time>2026-07-30T16:15:32.000Z</Time>
            <Position>
              <LatitudeDegrees>44.28920287638903</LatitudeDegrees>
              <LongitudeDegrees>-81.59164672717452</LongitudeDegrees>
            </Position>
            <AltitudeMeters>173.8000030517578</AltitudeMeters>
            <DistanceMeters>27.270000457763672</DistanceMeters>
            <HeartRateBpm>
              <Value>84</Value>
            </HeartRateBpm>
            <Extensions>
              <ns3:TPX>
                <ns3:Speed>0.0</ns3:Speed>
              </ns3:TPX>
            </Extensions>
          </Trackpoint>
          <Trackpoint>
            <Time>2026-07-30T16:15:38.000Z</Time>
            <Position>
              <LatitudeDegrees>44.289191057905555</LatitudeDegrees>
              <LongitudeDegrees>-81.59169802442193</LongitudeDegrees>
            </Position>
            <AltitudeMeters>173.8000030517578</AltitudeMeters>
            <DistanceMeters>30.709999084472656</DistanceMeters>
            <HeartRateBpm>
              <Value>84</Value>
            </HeartRateBpm>
            <Extensions>
              <ns3:TPX>
                <ns3:Speed>1.25</ns3:Speed>
              </ns3:TPX>
            </Extensions>
          </Trackpoint>
          <Trackpoint>
            <Time>2026-07-30T16:15:40.000Z</Time>
            <Position>
              <LatitudeDegrees>44.28917915560305</LatitudeDegrees>
              <LongitudeDegrees>-81.59171663224697</LongitudeDegrees>
            </Position>
            <AltitudeMeters>173.8000030517578</AltitudeMeters>
            <DistanceMeters>32.720001220703125</DistanceMeters>
            <HeartRateBpm>
              <Value>85</Value>
            </HeartRateBpm>
            <Extensions>
              <ns3:TPX>
                <ns3:Speed>0.671999990940094</ns3:Speed>
              </ns3:TPX>
            </Extensions>
          </Trackpoint>
          <Trackpoint>
            <Time>2026-07-30T16:15:43.000Z</Time>
            <Position>
              <LatitudeDegrees>44.28915853612125</LatitudeDegrees>
              <LongitudeDegrees>-81.59176440909505</LongitudeDegrees>
            </Position>
            <AltitudeMeters>173.8000030517578</AltitudeMeters>
            <DistanceMeters>37.099998474121094</DistanceMeters>
            <HeartRateBpm>
              <Value>87</Value>
            </HeartRateBpm>
            <Extensions>
              <ns3:TPX>
                <ns3:Speed>1.1200000047683716</ns3:Speed>
              </ns3:TPX>
            </Extensions>
          </Trackpoint>
          <Trackpoint>
            <Time>2026-07-30T16:15:44.000Z</Time>
            <Position>
              <LatitudeDegrees>44.289151914417744</LatitudeDegrees>
              <LongitudeDegrees>-81.59178821370006</LongitudeDegrees>
            </Position>
            <AltitudeMeters>173.8000030517578</AltitudeMeters>
            <DistanceMeters>39.09000015258789</DistanceMeters>
            <HeartRateBpm>
              <Value>90</Value>
            </HeartRateBpm>
            <Extensions>
              <ns3:TPX>
                <ns3:Speed>1.194000005722046</ns3:Speed>
              </ns3:TPX>
            </Extensions>
          </Trackpoint>
          <Trackpoint>
            <Time>2026-07-30T16:15:46.000Z</Time>
            <Position>
              <LatitudeDegrees>44.2891404312104</LatitudeDegrees>
              <LongitudeDegrees>-81.59182911738753</LongitudeDegrees>
            </Position>
            <AltitudeMeters>174.0</AltitudeMeters>
            <DistanceMeters>42.56999969482422</DistanceMeters>
            <HeartRateBpm>
              <Value>89</Value>
            </HeartRateBpm>
            <Extensions>
              <ns3:TPX>
                <ns3:Speed>0.8399999737739563</ns3:Speed>
              </ns3:TPX>
            </Extensions>
          </Trackpoint>
          <Trackpoint>
            <Time>2026-07-30T16:15:53.000Z</Time>
            <Position>
              <LatitudeDegrees>44.28913263604045</LatitudeDegrees>
              <LongitudeDegrees>-81.59185401163995</LongitudeDegrees>
            </Position>
            <AltitudeMeters>174.0</AltitudeMeters>
            <DistanceMeters>46.77000045776367</DistanceMeters>
            <HeartRateBpm>
              <Value>92</Value>
            </HeartRateBpm>
            <Extensions>
              <ns3:TPX>
                <ns3:Speed>0.4950000047683716</ns3:Speed>
              </ns3:TPX>
            </Extensions>
          </Trackpoint>
          <Trackpoint>
            <Time>2026-07-30T16:15:57.000Z</Time>
            <Position>
              <LatitudeDegrees>44.289128025993705</LatitudeDegrees>
              <LongitudeDegrees>-81.59187563695014</LongitudeDegrees>
            </Position>
            <AltitudeMeters>174.0</AltitudeMeters>
            <DistanceMeters>48.779998779296875</DistanceMeters>
            <HeartRateBpm>
              <Value>96</Value>
            </HeartRateBpm>
            <Extensions>
              <ns3:TPX>
                <ns3:Speed>0.0</ns3:Speed>
              </ns3:TPX>
            </Extensions>
          </Trackpoint>
          <Trackpoint>
            <Time>2026-07-30T16:15:59.000Z</Time>
            <Position>
              <LatitudeDegrees>44.28912618197501</LatitudeDegrees>
              <LongitudeDegrees>-81.59189835190773</LongitudeDegrees>
            </Position>
            <AltitudeMeters>174.0</AltitudeMeters>
            <DistanceMeters>50.61000061035156</DistanceMeters>
            <HeartRateBpm>
              <Value>95</Value>
            </HeartRateBpm>
            <Extensions>
              <ns3:TPX>
                <ns3:Speed>0.8960000276565552</ns3:Speed>
              </ns3:TPX>
            </Extensions>
          </Trackpoint>
          <Trackpoint>
            <Time>2026-07-30T16:16:00.000Z</Time>
            <Position>
              <LatitudeDegrees>44.289125595241785</LatitudeDegrees>
              <LongitudeDegrees>-81.59190572798252</LongitudeDegrees>
            </Position>
            <AltitudeMeters>174.1999969482422</AltitudeMeters>
            <DistanceMeters>51.20000076293945</DistanceMeters>
            <HeartRateBpm>
              <Value>94</Value>
            </HeartRateBpm>
            <Extensions>
              <ns3:TPX>
                <ns3:Speed>0.8960000276565552</ns3:Speed>
              </ns3:TPX>
            </Extensions>
          </Trackpoint>
          <Trackpoint>
            <Time>2026-07-30T16:16:03.000Z</Time>
            <Position>
              <LatitudeDegrees>44.289126601070166</LatitudeDegrees>
              <LongitudeDegrees>-81.59193598665297</LongitudeDegrees>
            </Position>
            <AltitudeMeters>174.1999969482422</AltitudeMeters>
            <DistanceMeters>53.66999816894531</DistanceMeters>
            <HeartRateBpm>
              <Value>89</Value>
            </HeartRateBpm>
            <Extensions>
              <ns3:TPX>
                <ns3:Speed>0.6809999942779541</ns3:Speed>
              </ns3:TPX>
            </Extensions>
          </Trackpoint>
          <Trackpoint>
            <Time>2026-07-30T16:16:07.000Z</Time>
            <Position>
              <LatitudeDegrees>44.289120733737946</LatitudeDegrees>
              <LongitudeDegrees>-81.59198158420622</LongitudeDegrees>
            </Position>
            <AltitudeMeters>174.1999969482422</AltitudeMeters>
            <DistanceMeters>57.380001068115234</DistanceMeters>
            <HeartRateBpm>
              <Value>85</Value>
            </HeartRateBpm>
            <Extensions>
              <ns3:TPX>
                <ns3:Speed>0.8960000276565552</ns3:Speed>
              </ns3:TPX>
            </Extensions>
          </Trackpoint>
          <Trackpoint>
            <Time>2026-07-30T16:16:12.000Z</Time>
            <Position>
              <LatitudeDegrees>44.28911201655865</LatitudeDegrees>
              <LongitudeDegrees>-81.59205626696348</LongitudeDegrees>
            </Position>
            <AltitudeMeters>174.1999969482422</AltitudeMeters>
            <DistanceMeters>63.439998626708984</DistanceMeters>
            <HeartRateBpm>
              <Value>82</Value>
            </HeartRateBpm>
            <Extensions>
              <ns3:TPX>
                <ns3:Speed>1.3899999856948853</ns3:Speed>
              </ns3:TPX>
            </Extensions>
          </Trackpoint>
          <Trackpoint>
            <Time>2026-07-30T16:16:13.000Z</Time>
            <Position>
              <LatitudeDegrees>44.28911226801574</LatitudeDegrees>
              <LongitudeDegrees>-81.59207319840789</LongitudeDegrees>
            </Position>
            <AltitudeMeters>174.1999969482422</AltitudeMeters>
            <DistanceMeters>64.79000091552734</DistanceMeters>
            <HeartRateBpm>
              <Value>82</Value>
            </HeartRateBpm>
            <Extensions>
              <ns3:TPX>
                <ns3:Speed>1.3899999856948853</ns3:Speed>
              </ns3:TPX>
            </Extensions>
          </Trackpoint>
          <Trackpoint>
            <Time>2026-07-30T16:16:26.000Z</Time>
            <Position>
              <LatitudeDegrees>44.289108915254474</LatitudeDegrees>
              <LongitudeDegrees>-81.59232105128467</LongitudeDegrees>
            </Position>
            <AltitudeMeters>174.0</AltitudeMeters>
            <DistanceMeters>84.58999633789062</DistanceMeters>
            <HeartRateBpm>
              <Value>84</Value>
            </HeartRateBpm>
            <Extensions>
              <ns3:TPX>
                <ns3:Speed>1.5859999656677246</ns3:Speed>
              </ns3:TPX>
            </Extensions>
          </Trackpoint>
          <Trackpoint>
            <Time>2026-07-30T16:16:34.000Z</Time>
            <Position>
              <LatitudeDegrees>44.289103550836444</LatitudeDegrees>
              <LongitudeDegrees>-81.59248223528266</LongitudeDegrees>
            </Position>
            <AltitudeMeters>173.60000610351562</AltitudeMeters>
            <DistanceMeters>97.47000122070312</DistanceMeters>
            <HeartRateBpm>
              <Value>87</Value>
            </HeartRateBpm>
            <Extensions>
              <ns3:TPX>
                <ns3:Speed>1.5859999656677246</ns3:Speed>
              </ns3:TPX>
            </Extensions>
          </Trackpoint>
          <Trackpoint>
            <Time>2026-07-30T16:16:42.000Z</Time>
            <Position>
              <LatitudeDegrees>44.28908821195364</LatitudeDegrees>
              <LongitudeDegrees>-81.59265691414475</LongitudeDegrees>
            </Position>
            <AltitudeMeters>173.60000610351562</AltitudeMeters>
            <DistanceMeters>111.55000305175781</DistanceMeters>
            <HeartRateBpm>
              <Value>86</Value>
            </HeartRateBpm>
            <Extensions>
              <ns3:TPX>
                <ns3:Speed>1.6799999475479126</ns3:Speed>
              </ns3:TPX>
            </Extensions>
          </Trackpoint>
          <Trackpoint>
            <Time>2026-07-30T16:16:48.000Z</Time>
            <Position>
              <LatitudeDegrees>44.289086451753974</LatitudeDegrees>
              <LongitudeDegrees>-81.59284500405192</LongitudeDegrees>
            </Position>
            <AltitudeMeters>173.39999389648438</AltitudeMeters>
            <DistanceMeters>126.55999755859375</DistanceMeters>
            <HeartRateBpm>
              <Value>87</Value>
            </HeartRateBpm>
            <Extensions>
              <ns3:TPX>
                <ns3:Speed>2.249000072479248</ns3:Speed>
              </ns3:TPX>
            </Extensions>
          </Trackpoint>
          <Trackpoint>
            <Time>2026-07-30T16:16:58.000Z</Time>
            <Position>
              <LatitudeDegrees>44.28909718059003</LatitudeDegrees>
              <LongitudeDegrees>-81.59319100901484</LongitudeDegrees>
            </Position>
            <AltitudeMeters>173.1999969482422</AltitudeMeters>
            <DistanceMeters>154.2100067138672</DistanceMeters>
            <HeartRateBpm>
              <Value>87</Value>
            </HeartRateBpm>
            <Extensions>
              <ns3:TPX>
                <ns3:Speed>2.5850000381469727</ns3:Speed>
              </ns3:TPX>
            </Extensions>
          </Trackpoint>
          <Trackpoint>
            <Time>2026-07-30T16:17:05.000Z</Time>
            <Position>
              <LatitudeDegrees>44.28907513618469</LatitudeDegrees>
              <LongitudeDegrees>-81.59340860322118</LongitudeDegrees>
            </Position>
            <AltitudeMeters>173.1999969482422</AltitudeMeters>
            <DistanceMeters>171.80999755859375</DistanceMeters>
            <HeartRateBpm>
              <Value>89</Value>
            </HeartRateBpm>
            <Extensions>
              <ns3:TPX>
                <ns3:Speed>2.5850000381469727</ns3:Speed>
              </ns3:TPX>
            </Extensions>
          </Trackpoint>
          <Trackpoint>
            <Time>2026-07-30T16:17:09.000Z</Time>
            <Position>
              <LatitudeDegrees>44.28905736654997</LatitudeDegrees>
              <LongitudeDegrees>-81.59352435730398</LongitudeDegrees>
            </Position>
            <AltitudeMeters>173.1999969482422</AltitudeMeters>
            <DistanceMeters>181.27000427246094</DistanceMeters>
            <HeartRateBpm>
              <Value>88</Value>
            </HeartRateBpm>
            <Extensions>
              <ns3:TPX>
                <ns3:Speed>2.3329999446868896</ns3:Speed>
              </ns3:TPX>
            </Extensions>
          </Trackpoint>
          <Trackpoint>
            <Time>2026-07-30T16:17:13.000Z</Time>
            <Position>
              <LatitudeDegrees>44.289026856422424</LatitudeDegrees>
              <LongitudeDegrees>-81.59364069812</LongitudeDegrees>
            </Position>
            <AltitudeMeters>173.1999969482422</AltitudeMeters>
            <DistanceMeters>191.1699981689453</DistanceMeters>
            <HeartRateBpm>
              <Value>88</Value>
            </HeartRateBpm>
            <Extensions>
              <ns3:TPX>
                <ns3:Speed>2.369999885559082</ns3:Speed>
              </ns3:TPX>
            </Extensions>
          </Trackpoint>
          <Trackpoint>
            <Time>2026-07-30T16:17:20.000Z</Time>
            <Position>
              <LatitudeDegrees>44.28897572681308</LatitudeDegrees>
              <LongitudeDegrees>-81.59383934922516</LongitudeDegrees>
            </Position>
            <AltitudeMeters>173.0</AltitudeMeters>
            <DistanceMeters>208.16000366210938</DistanceMeters>
            <HeartRateBpm>
              <Value>86</Value>
            </HeartRateBpm>
            <Extensions>
              <ns3:TPX>
                <ns3:Speed>2.313999891281128</ns3:Speed>
              </ns3:TPX>
            </Extensions>
          </Trackpoint>
          <Trackpoint>
            <Time>2026-07-30T16:17:24.000Z</Time>
            <Position>
              <LatitudeDegrees>44.28892652504146</LatitudeDegrees>
              <LongitudeDegrees>-81.59392425790429</LongitudeDegrees>
            </Position>
            <AltitudeMeters>173.0</AltitudeMeters>
            <DistanceMeters>216.86000061035156</DistanceMeters>
            <HeartRateBpm>
              <Value>83</Value>
            </HeartRateBpm>
            <Extensions>
              <ns3:TPX>
                <ns3:Speed>2.2109999656677246</ns3:Speed>
              </ns3:TPX>
            </Extensions>
          </Trackpoint>
          <Trackpoint>
            <Time>2026-07-30T16:17:30.000Z</Time>
            <Position>
              <LatitudeDegrees>44.28886181674898</LatitudeDegrees>
              <LongitudeDegrees>-81.59404512494802</LongitudeDegrees>
            </Position>
            <AltitudeMeters>173.0</AltitudeMeters>
            <DistanceMeters>228.8800048828125</DistanceMeters>
            <HeartRateBpm>
              <Value>81</Value>
            </HeartRateBpm>
            <Extensions>
              <ns3:TPX>
                <ns3:Speed>2.0339999198913574</ns3:Speed>
              </ns3:TPX>
            </Extensions>
          </Trackpoint>
          <Trackpoint>
            <Time>2026-07-30T16:17:41.000Z</Time>
            <Position>
              <LatitudeDegrees>44.288806077092886</LatitudeDegrees>
              <LongitudeDegrees>-81.59429490566254</LongitudeDegrees>
            </Position>
            <AltitudeMeters>172.8000030517578</AltitudeMeters>
            <DistanceMeters>249.75</DistanceMeters>
            <HeartRateBpm>
              <Value>81</Value>
            </HeartRateBpm>
            <Extensions>
              <ns3:TPX>
                <ns3:Speed>1.8660000562667847</ns3:Speed>
              </ns3:TPX>
            </Extensions>
          </Trackpoint>
          <Trackpoint>
            <Time>2026-07-30T16:17:48.000Z</Time>
            <Position>
              <LatitudeDegrees>44.288772381842136</LatitudeDegrees>
              <LongitudeDegrees>-81.59445198252797</LongitudeDegrees>
            </Position>
            <AltitudeMeters>172.8000030517578</AltitudeMeters>
            <DistanceMeters>262.9200134277344</DistanceMeters>
            <HeartRateBpm>
              <Value>81</Value>
            </HeartRateBpm>
            <Extensions>
              <ns3:TPX>
                <ns3:Speed>1.9129999876022339</ns3:Speed>
              </ns3:TPX>
            </Extensions>
          </Trackpoint>
          <Trackpoint>
            <Time>2026-07-30T16:17:59.000Z</Time>
            <Position>
              <LatitudeDegrees>44.28877020254731</LatitudeDegrees>
              <LongitudeDegrees>-81.59477041102946</LongitudeDegrees>
            </Position>
            <AltitudeMeters>172.60000610351562</AltitudeMeters>
            <DistanceMeters>288.4200134277344</DistanceMeters>
            <HeartRateBpm>
              <Value>80</Value>
            </HeartRateBpm>
            <Extensions>
              <ns3:TPX>
                <ns3:Speed>2.257999897003174</ns3:Speed>
              </ns3:TPX>
            </Extensions>
          </Trackpoint>
          <Trackpoint>
            <Time>2026-07-30T16:18:10.000Z</Time>
            <Position>
              <LatitudeDegrees>44.28878805600107</LatitudeDegrees>
              <LongitudeDegrees>-81.5951122250408</LongitudeDegrees>
            </Position>
            <AltitudeMeters>172.39999389648438</AltitudeMeters>
            <DistanceMeters>315.82000732421875</DistanceMeters>
            <HeartRateBpm>
              <Value>81</Value>
            </HeartRateBpm>
            <Extensions>
              <ns3:TPX>
                <ns3:Speed>2.4730000495910645</ns3:Speed>
              </ns3:TPX>
            </Extensions>
          </Trackpoint>
          <Trackpoint>
            <Time>2026-07-30T16:18:20.000Z</Time>
            <Position>
              <LatitudeDegrees>44.28879601880908</LatitudeDegrees>
              <LongitudeDegrees>-81.59539754502475</LongitudeDegrees>
            </Position>
            <AltitudeMeters>172.1999969482422</AltitudeMeters>
            <DistanceMeters>338.739990234375</DistanceMeters>
            <HeartRateBpm>
              <Value>80</Value>
            </HeartRateBpm>
            <Extensions>
              <ns3:TPX>
                <ns3:Speed>2.3329999446868896</ns3:Speed>
              </ns3:TPX>
            </Extensions>
          </Trackpoint>
          <Trackpoint>
            <Time>2026-07-30T16:18:23.000Z</Time>
            <Position>
              <LatitudeDegrees>44.28880616091192</LatitudeDegrees>
              <LongitudeDegrees>-81.59547507762909</LongitudeDegrees>
            </Position>
            <AltitudeMeters>172.1999969482422</AltitudeMeters>
            <DistanceMeters>345.0299987792969</DistanceMeters>
            <HeartRateBpm>
              <Value>81</Value>
            </HeartRateBpm>
            <Extensions>
              <ns3:TPX>
                <ns3:Speed>2.322999954223633</ns3:Speed>
              </ns3:TPX>
            </Extensions>
          </Trackpoint>
          <Trackpoint>
            <Time>2026-07-30T16:18:28.000Z</Time>
            <Position>
              <LatitudeDegrees>44.28882183507085</LatitudeDegrees>
              <LongitudeDegrees>-81.59560466185212</LongitudeDegrees>
            </Position>
            <AltitudeMeters>172.0</AltitudeMeters>
            <DistanceMeters>355.510009765625</DistanceMeters>
            <HeartRateBpm>
              <Value>76</Value>
            </HeartRateBpm>
            <Extensions>
              <ns3:TPX>
                <ns3:Speed>2.1549999713897705</ns3:Speed>
              </ns3:TPX>
            </Extensions>
          </Trackpoint>
          <Trackpoint>
            <Time>2026-07-30T16:18:29.000Z</Time>
            <Position>
              <LatitudeDegrees>44.28882585838437</LatitudeDegrees>
              <LongitudeDegrees>-81.59562595188618</LongitudeDegrees>
            </Position>
            <AltitudeMeters>172.0</AltitudeMeters>
            <DistanceMeters>357.2699890136719</DistanceMeters>
            <HeartRateBpm>
              <Value>79</Value>
            </HeartRateBpm>
            <Extensions>
              <ns3:TPX>
                <ns3:Speed>2.0899999141693115</ns3:Speed>
              </ns3:TPX>
            </Extensions>
          </Trackpoint>
          <Trackpoint>
            <Time>2026-07-30T16:18:30.000Z</Time>
            <Position>
              <LatitudeDegrees>44.28883105516434</LatitudeDegrees>
              <LongitudeDegrees>-81.59564808011055</LongitudeDegrees>
            </Position>
            <AltitudeMeters>172.0</AltitudeMeters>
            <DistanceMeters>359.1199951171875</DistanceMeters>
            <HeartRateBpm>
              <Value>77</Value>
            </HeartRateBpm>
            <Extensions>
              <ns3:TPX>
                <ns3:Speed>2.071000099182129</ns3:Speed>
              </ns3:TPX>
            </Extensions>
          </Trackpoint>
          <Trackpoint>
            <Time>2026-07-30T16:18:35.000Z</Time>
            <Position>
              <LatitudeDegrees>44.28885561414063</LatitudeDegrees>
              <LongitudeDegrees>-81.59575168043375</LongitudeDegrees>
            </Position>
            <AltitudeMeters>171.8000030517578</AltitudeMeters>
            <DistanceMeters>367.8399963378906</DistanceMeters>
            <HeartRateBpm>
              <Value>80</Value>
            </HeartRateBpm>
            <Extensions>
              <ns3:TPX>
                <ns3:Speed>1.8940000534057617</ns3:Speed>
              </ns3:TPX>
            </Extensions>
          </Trackpoint>
          <Trackpoint>
            <Time>2026-07-30T16:18:40.000Z</Time>
            <Position>
              <LatitudeDegrees>44.28887422196567</LatitudeDegrees>
              <LongitudeDegrees>-81.59587430767715</LongitudeDegrees>
            </Position>
            <AltitudeMeters>171.8000030517578</AltitudeMeters>
            <DistanceMeters>377.8699951171875</DistanceMeters>
            <HeartRateBpm>
              <Value>81</Value>
            </HeartRateBpm>
            <Extensions>
              <ns3:TPX>
                <ns3:Speed>1.8940000534057617</ns3:Speed>
              </ns3:TPX>
            </Extensions>
          </Trackpoint>
          <Trackpoint>
            <Time>2026-07-30T16:18:51.000Z</Time>
            <Position>
              <LatitudeDegrees>44.28886634297669</LatitudeDegrees>
              <LongitudeDegrees>-81.59615736454725</LongitudeDegrees>
            </Position>
            <AltitudeMeters>171.39999389648438</AltitudeMeters>
            <DistanceMeters>400.55999755859375</DistanceMeters>
            <HeartRateBpm>
              <Value>81</Value>
            </HeartRateBpm>
            <Extensions>
              <ns3:TPX>
                <ns3:Speed>2.0339999198913574</ns3:Speed>
              </ns3:TPX>
            </Extensions>
          </Trackpoint>
          <Trackpoint>
            <Time>2026-07-30T16:18:54.000Z</Time>
            <Position>
              <LatitudeDegrees>44.288860308006406</LatitudeDegrees>
              <LongitudeDegrees>-81.59623791463673</LongitudeDegrees>
            </Position>
            <AltitudeMeters>171.0</AltitudeMeters>
            <DistanceMeters>407.0199890136719</DistanceMeters>
            <HeartRateBpm>
              <Value>81</Value>
            </HeartRateBpm>
            <Extensions>
              <ns3:TPX>
                <ns3:Speed>2.071000099182129</ns3:Speed>
              </ns3:TPX>
            </Extensions>
          </Trackpoint>
          <Trackpoint>
            <Time>2026-07-30T16:19:01.000Z</Time>
            <Position>
              <LatitudeDegrees>44.288833905011415</LatitudeDegrees>
              <LongitudeDegrees>-81.59642516635358</LongitudeDegrees>
            </Position>
            <AltitudeMeters>170.8000030517578</AltitudeMeters>
            <DistanceMeters>422.29998779296875</DistanceMeters>
            <HeartRateBpm>
              <Value>80</Value>
            </HeartRateBpm>
            <Extensions>
              <ns3:TPX>
                <ns3:Speed>2.249000072479248</ns3:Speed>
              </ns3:TPX>
            </Extensions>
          </Trackpoint>
          <Trackpoint>
            <Time>2026-07-30T16:19:12.000Z</Time>
            <Position>
              <LatitudeDegrees>44.2888158839196</LatitudeDegrees>
              <LongitudeDegrees>-81.59673990681767</LongitudeDegrees>
            </Position>
            <AltitudeMeters>170.60000610351562</AltitudeMeters>
            <DistanceMeters>447.5299987792969</DistanceMeters>
            <HeartRateBpm>
              <Value>77</Value>
            </HeartRateBpm>
            <Extensions>
              <ns3:TPX>
                <ns3:Speed>2.322999954223633</ns3:Speed>
              </ns3:TPX>
            </Extensions>
          </Trackpoint>
          <Trackpoint>
            <Time>2026-07-30T16:19:14.000Z</Time>
            <Position>
              <LatitudeDegrees>44.28881278261542</LatitudeDegrees>
              <LongitudeDegrees>-81.5967957302928</LongitudeDegrees>
            </Position>
            <AltitudeMeters>170.39999389648438</AltitudeMeters>
            <DistanceMeters>452.0</DistanceMeters>
            <HeartRateBpm>
              <Value>77</Value>
            </HeartRateBpm>
            <Extensions>
              <ns3:TPX>
                <ns3:Speed>2.3329999446868896</ns3:Speed>
              </ns3:TPX>
            </Extensions>
          </Trackpoint>
          <Trackpoint>
            <Time>2026-07-30T16:19:26.000Z</Time>
            <Position>
              <LatitudeDegrees>44.288826026022434</LatitudeDegrees>
              <LongitudeDegrees>-81.59711197949946</LongitudeDegrees>
            </Position>
            <AltitudeMeters>170.1999969482422</AltitudeMeters>
            <DistanceMeters>477.3399963378906</DistanceMeters>
            <HeartRateBpm>
              <Value>75</Value>
            </HeartRateBpm>
            <Extensions>
              <ns3:TPX>
                <ns3:Speed>2.0339999198913574</ns3:Speed>
              </ns3:TPX>
            </Extensions>
          </Trackpoint>
          <Trackpoint>
            <Time>2026-07-30T16:19:38.000Z</Time>
            <Position>
              <LatitudeDegrees>44.288843125104904</LatitudeDegrees>
              <LongitudeDegrees>-81.5974104590714</LongitudeDegrees>
            </Position>
            <AltitudeMeters>170.1999969482422</AltitudeMeters>
            <DistanceMeters>501.2799987792969</DistanceMeters>
            <HeartRateBpm>
              <Value>75</Value>
            </HeartRateBpm>
            <Extensions>
              <ns3:TPX>
                <ns3:Speed>2.0810000896453857</ns3:Speed>
              </ns3:TPX>
            </Extensions>
          </Trackpoint>
          <Trackpoint>
            <Time>2026-07-30T16:19:42.000Z</Time>
            <Position>
              <LatitudeDegrees>44.28883843123913</LatitudeDegrees>
              <LongitudeDegrees>-81.59750911407173</LongitudeDegrees>
            </Position>
            <AltitudeMeters>170.0</AltitudeMeters>
            <DistanceMeters>509.1700134277344</DistanceMeters>
            <HeartRateBpm>
              <Value>74</Value>
            </HeartRateBpm>
            <Extensions>
              <ns3:TPX>
                <ns3:Speed>2.1089999675750732</ns3:Speed>
              </ns3:TPX>
            </Extensions>
          </Trackpoint>
          <Trackpoint>
            <Time>2026-07-30T16:19:53.000Z</Time>
            <Position>
              <LatitudeDegrees>44.2888399399817</LatitudeDegrees>
              <LongitudeDegrees>-81.59783248789608</LongitudeDegrees>
            </Position>
            <AltitudeMeters>169.8000030517578</AltitudeMeters>
            <DistanceMeters>534.989990234375</DistanceMeters>
            <HeartRateBpm>
              <Value>76</Value>
            </HeartRateBpm>
            <Extensions>
              <ns3:TPX>
                <ns3:Speed>2.444999933242798</ns3:Speed>
              </ns3:TPX>
            </Extensions>
          </Trackpoint>
          <Trackpoint>
            <Time>2026-07-30T16:20:04.000Z</Time>
            <Position>
              <LatitudeDegrees>44.2888227570802</LatitudeDegrees>
              <LongitudeDegrees>-81.59816323779523</LongitudeDegrees>
            </Position>
            <AltitudeMeters>169.60000610351562</AltitudeMeters>
            <DistanceMeters>561.5399780273438</DistanceMeters>
            <HeartRateBpm>
              <Value>77</Value>
            </HeartRateBpm>
            <Extensions>
              <ns3:TPX>
                <ns3:Speed>2.444999933242798</ns3:Speed>
              </ns3:TPX>
            </Extensions>
          </Trackpoint>
          <Trackpoint>
            <Time>2026-07-30T16:20:12.000Z</Time>
            <Position>
              <LatitudeDegrees>44.28884245455265</LatitudeDegrees>
              <LongitudeDegrees>-81.59834738820791</LongitudeDegrees>
            </Position>
            <AltitudeMeters>169.60000610351562</AltitudeMeters>
            <DistanceMeters>576.4299926757812</DistanceMeters>
            <HeartRateBpm>
              <Value>76</Value>
            </HeartRateBpm>
            <Extensions>
              <ns3:TPX>
                <ns3:Speed>1.9129999876022339</ns3:Speed>
              </ns3:TPX>
            </Extensions>
          </Trackpoint>
          <Trackpoint>
            <Time>2026-07-30T16:20:21.000Z</Time>
            <Position>
              <LatitudeDegrees>44.28887070156634</LatitudeDegrees>
              <LongitudeDegrees>-81.59852801822126</LongitudeDegrees>
            </Position>
            <AltitudeMeters>169.39999389648438</AltitudeMeters>
            <DistanceMeters>591.1500244140625</DistanceMeters>
            <HeartRateBpm>
              <Value>73</Value>
            </HeartRateBpm>
            <Extensions>
              <ns3:TPX>
                <ns3:Speed>1.6979999542236328</ns3:Speed>
              </ns3:TPX>
            </Extensions>
          </Trackpoint>
          <Trackpoint>
            <Time>2026-07-30T16:20:23.000Z</Time>
            <Position>
              <LatitudeDegrees>44.288874976336956</LatitudeDegrees>
              <LongitudeDegrees>-81.59856112673879</LongitudeDegrees>
            </Position>
            <AltitudeMeters>169.39999389648438</AltitudeMeters>
            <DistanceMeters>593.8400268554688</DistanceMeters>
            <HeartRateBpm>
              <Value>73</Value>
            </HeartRateBpm>
            <Extensions>
              <ns3:TPX>
                <ns3:Speed>1.6139999628067017</ns3:Speed>
              </ns3:TPX>
            </Extensions>
          </Trackpoint>
          <Trackpoint>
            <Time>2026-07-30T16:20:25.000Z</Time>
            <Position>
              <LatitudeDegrees>44.2888811789453</LatitudeDegrees>
              <LongitudeDegrees>-81.59859348088503</LongitudeDegrees>
            </Position>
            <AltitudeMeters>169.39999389648438</AltitudeMeters>
            <DistanceMeters>596.510009765625</DistanceMeters>
            <HeartRateBpm>
              <Value>70</Value>
            </HeartRateBpm>
            <Extensions>
              <ns3:TPX>
                <ns3:Speed>1.5119999647140503</ns3:Speed>
              </ns3:TPX>
            </Extensions>
          </Trackpoint>
          <Trackpoint>
            <Time>2026-07-30T16:20:30.000Z</Time>
            <Position>
              <LatitudeDegrees>44.28889584727585</LatitudeDegrees>
              <LongitudeDegrees>-81.5986988414079</LongitudeDegrees>
            </Position>
            <AltitudeMeters>169.39999389648438</AltitudeMeters>
            <DistanceMeters>605.0800170898438</DistanceMeters>
            <HeartRateBpm>
              <Value>74</Value>
            </HeartRateBpm>
            <Extensions>
              <ns3:TPX>
                <ns3:Speed>1.5119999647140503</ns3:Speed>
              </ns3:TPX>
            </Extensions>
          </Trackpoint>
          <Trackpoint>
            <Time>2026-07-30T16:20:33.000Z</Time>
            <Position>
              <LatitudeDegrees>44.28890288807452</LatitudeDegrees>
              <LongitudeDegrees>-81.59876530990005</LongitudeDegrees>
            </Position>
            <AltitudeMeters>169.39999389648438</AltitudeMeters>
            <DistanceMeters>610.4400024414062</DistanceMeters>
            <HeartRateBpm>
              <Value>76</Value>
            </HeartRateBpm>
            <Extensions>
              <ns3:TPX>
                <ns3:Speed>1.6979999542236328</ns3:Speed>
              </ns3:TPX>
            </Extensions>
          </Trackpoint>
          <Trackpoint>
            <Time>2026-07-30T16:20:44.000Z</Time>
            <Position>
              <LatitudeDegrees>44.28889945149422</LatitudeDegrees>
              <LongitudeDegrees>-81.59907778725028</LongitudeDegrees>
            </Position>
            <AltitudeMeters>169.1999969482422</AltitudeMeters>
            <DistanceMeters>635.4500122070312</DistanceMeters>
            <HeartRateBpm>
              <Value>76</Value>
            </HeartRateBpm>
            <Extensions>
              <ns3:TPX>
                <ns3:Speed>2.322999954223633</ns3:Speed>
              </ns3:TPX>
            </Extensions>
          </Trackpoint>
          <Trackpoint>
            <Time>2026-07-30T16:20:56.000Z</Time>
            <Position>
              <LatitudeDegrees>44.288852429017425</LatitudeDegrees>
              <LongitudeDegrees>-81.59946545027196</LongitudeDegrees>
            </Position>
            <AltitudeMeters>169.39999389648438</AltitudeMeters>
            <DistanceMeters>666.8800048828125</DistanceMeters>
            <HeartRateBpm>
              <Value>74</Value>
            </HeartRateBpm>
            <Extensions>
              <ns3:TPX>
                <ns3:Speed>2.5850000381469727</ns3:Speed>
              </ns3:TPX>
            </Extensions>
          </Trackpoint>
          <Trackpoint>
            <Time>2026-07-30T16:21:00.000Z</Time>
            <Position>
              <LatitudeDegrees>44.28882812149823</LatitudeDegrees>
              <LongitudeDegrees>-81.59958782605827</LongitudeDegrees>
            </Position>
            <AltitudeMeters>169.0</AltitudeMeters>
            <DistanceMeters>677.02001953125</DistanceMeters>
            <HeartRateBpm>
              <Value>77</Value>
            </HeartRateBpm>
            <Extensions>
              <ns3:TPX>
                <ns3:Speed>2.490999937057495</ns3:Speed>
              </ns3:TPX>
            </Extensions>
          </Trackpoint>
          <Trackpoint>
            <Time>2026-07-30T16:21:01.000Z</Time>
            <Position>
              <LatitudeDegrees>44.28882644511759</LatitudeDegrees>
              <LongitudeDegrees>-81.59962110221386</LongitudeDegrees>
            </Position>
            <AltitudeMeters>169.0</AltitudeMeters>
            <DistanceMeters>679.6799926757812</DistanceMeters>
            <HeartRateBpm>
              <Value>77</Value>
            </HeartRateBpm>
            <Extensions>
              <ns3:TPX>
                <ns3:Speed>2.5190000534057617</ns3:Speed>
              </ns3:TPX>
            </Extensions>
          </Trackpoint>
          <Trackpoint>
            <Time>2026-07-30T16:21:04.000Z</Time>
            <Position>
              <LatitudeDegrees>44.28881362080574</LatitudeDegrees>
              <LongitudeDegrees>-81.59972126595676</LongitudeDegrees>
            </Position>
            <AltitudeMeters>169.0</AltitudeMeters>
            <DistanceMeters>687.8099975585938</DistanceMeters>
            <HeartRateBpm>
              <Value>77</Value>
            </HeartRateBpm>
            <Extensions>
              <ns3:TPX>
                <ns3:Speed>2.5850000381469727</ns3:Speed>
              </ns3:TPX>
            </Extensions>
          </Trackpoint>
          <Trackpoint>
            <Time>2026-07-30T16:21:06.000Z</Time>
            <Position>
              <LatitudeDegrees>44.28880641236901</LatitudeDegrees>
              <LongitudeDegrees>-81.59978513605893</LongitudeDegrees>
            </Position>
            <AltitudeMeters>169.0</AltitudeMeters>
            <DistanceMeters>692.97998046875</DistanceMeters>
            <HeartRateBpm>
              <Value>80</Value>
            </HeartRateBpm>
            <Extensions>
              <ns3:TPX>
                <ns3:Speed>2.565999984741211</ns3:Speed>
              </ns3:TPX>
            </Extensions>
          </Trackpoint>
          <Trackpoint>
            <Time>2026-07-30T16:21:15.000Z</Time>
            <Position>
              <LatitudeDegrees>44.2887881398201</LatitudeDegrees>
              <LongitudeDegrees>-81.60007322207093</LongitudeDegrees>
            </Position>
            <AltitudeMeters>168.8000030517578</AltitudeMeters>
            <DistanceMeters>716.1099853515625</DistanceMeters>
            <HeartRateBpm>
              <Value>83</Value>
            </HeartRateBpm>
            <Extensions>
              <ns3:TPX>
                <ns3:Speed>2.546999931335449</ns3:Speed>
              </ns3:TPX>
            </Extensions>
          </Trackpoint>
          <Trackpoint>
            <Time>2026-07-30T16:21:25.000Z</Time>
            <Position>
              <LatitudeDegrees>44.288768861442804</LatitudeDegrees>
              <LongitudeDegrees>-81.60044856369495</LongitudeDegrees>
            </Position>
            <AltitudeMeters>168.8000030517578</AltitudeMeters>
            <DistanceMeters>746.1300048828125</DistanceMeters>
            <HeartRateBpm>
              <Value>83</Value>
            </HeartRateBpm>
            <Extensions>
              <ns3:TPX>
                <ns3:Speed>2.874000072479248</ns3:Speed>
              </ns3:TPX>
            </Extensions>
          </Trackpoint>
          <Trackpoint>
            <Time>2026-07-30T16:21:34.000Z</Time>
            <Position>
              <LatitudeDegrees>44.28873541764915</LatitudeDegrees>
              <LongitudeDegrees>-81.60072810016572</LongitudeDegrees>
            </Position>
            <AltitudeMeters>168.60000610351562</AltitudeMeters>
            <DistanceMeters>768.72998046875</DistanceMeters>
            <HeartRateBpm>
              <Value>86</Value>
            </HeartRateBpm>
            <Extensions>
              <ns3:TPX>
                <ns3:Speed>2.575000047683716</ns3:Speed>
              </ns3:TPX>
            </Extensions>
          </Trackpoint>
          <Trackpoint>
            <Time>2026-07-30T16:21:35.000Z</Time>
            <Position>
              <LatitudeDegrees>44.288730304688215</LatitudeDegrees>
              <LongitudeDegrees>-81.60075777210295</LongitudeDegrees>
            </Position>
            <AltitudeMeters>168.60000610351562</AltitudeMeters>
            <DistanceMeters>771.1699829101562</DistanceMeters>
            <HeartRateBpm>
              <Value>86</Value>
            </HeartRateBpm>
            <Extensions>
              <ns3:TPX>
                <ns3:Speed>2.556999921798706</ns3:Speed>
              </ns3:TPX>
            </Extensions>
          </Trackpoint>
          <Trackpoint>
            <Time>2026-07-30T16:21:38.000Z</Time>
            <Position>
              <LatitudeDegrees>44.28871722891927</LatitudeDegrees>
              <LongitudeDegrees>-81.60085114650428</LongitudeDegrees>
            </Position>
            <AltitudeMeters>168.60000610351562</AltitudeMeters>
            <DistanceMeters>778.760009765625</DistanceMeters>
            <HeartRateBpm>
              <Value>90</Value>
            </HeartRateBpm>
            <Extensions>
              <ns3:TPX>
                <ns3:Speed>2.556999921798706</ns3:Speed>
              </ns3:TPX>
            </Extensions>
          </Trackpoint>
          <Trackpoint>
            <Time>2026-07-30T16:21:41.000Z</Time>
            <Position>
              <LatitudeDegrees>44.288702979683876</LatitudeDegrees>
              <LongitudeDegrees>-81.60094477236271</LongitudeDegrees>
            </Position>
            <AltitudeMeters>168.60000610351562</AltitudeMeters>
            <DistanceMeters>786.3900146484375</DistanceMeters>
            <HeartRateBpm>
              <Value>93</Value>
            </HeartRateBpm>
            <Extensions>
              <ns3:TPX>
                <ns3:Speed>2.556999921798706</ns3:Speed>
              </ns3:TPX>
            </Extensions>
          </Trackpoint>
          <Trackpoint>
            <Time>2026-07-30T16:21:43.000Z</Time>
            <Position>
              <LatitudeDegrees>44.288691664114594</LatitudeDegrees>
              <LongitudeDegrees>-81.60101333633065</LongitudeDegrees>
            </Position>
            <AltitudeMeters>168.60000610351562</AltitudeMeters>
            <DistanceMeters>792.0</DistanceMeters>
            <HeartRateBpm>
              <Value>93</Value>
            </HeartRateBpm>
            <Extensions>
              <ns3:TPX>
                <ns3:Speed>2.621999979019165</ns3:Speed>
              </ns3:TPX>
            </Extensions>
          </Trackpoint>
          <Trackpoint>
            <Time>2026-07-30T16:21:54.000Z</Time>
            <Position>
              <LatitudeDegrees>44.288620334118605</LatitudeDegrees>
              <LongitudeDegrees>-81.6013512108475</LongitudeDegrees>
            </Position>
            <AltitudeMeters>168.39999389648438</AltitudeMeters>
            <DistanceMeters>820.3400268554688</DistanceMeters>
            <HeartRateBpm>
              <Value>92</Value>
            </HeartRateBpm>
            <Extensions>
              <ns3:TPX>
                <ns3:Speed>2.565999984741211</ns3:Speed>
              </ns3:TPX>
            </Extensions>
          </Trackpoint>
          <Trackpoint>
            <Time>2026-07-30T16:21:57.000Z</Time>
            <Position>
              <LatitudeDegrees>44.28861664608121</LatitudeDegrees>
              <LongitudeDegrees>-81.60145891830325</LongitudeDegrees>
            </Position>
            <AltitudeMeters>168.60000610351562</AltitudeMeters>
            <DistanceMeters>828.9000244140625</DistanceMeters>
            <HeartRateBpm>
              <Value>89</Value>
            </HeartRateBpm>
            <Extensions>
              <ns3:TPX>
                <ns3:Speed>2.5850000381469727</ns3:Speed>
              </ns3:TPX>
            </Extensions>
          </Trackpoint>
          <Trackpoint>
            <Time>2026-07-30T16:22:02.000Z</Time>
            <Position>
              <LatitudeDegrees>44.28859082981944</LatitudeDegrees>
              <LongitudeDegrees>-81.60162286832929</LongitudeDegrees>
            </Position>
            <AltitudeMeters>168.39999389648438</AltitudeMeters>
            <DistanceMeters>842.3099975585938</DistanceMeters>
            <HeartRateBpm>
              <Value>86</Value>
            </HeartRateBpm>
            <Extensions>
              <ns3:TPX>
                <ns3:Speed>2.7809998989105225</ns3:Speed>
              </ns3:TPX>
            </Extensions>
          </Trackpoint>
          <Trackpoint>
            <Time>2026-07-30T16:22:05.000Z</Time>
            <Position>
              <LatitudeDegrees>44.288573814556</LatitudeDegrees>
              <LongitudeDegrees>-81.60172395408154</LongitudeDegrees>
            </Position>
            <AltitudeMeters>168.1999969482422</AltitudeMeters>
            <DistanceMeters>850.6099853515625</DistanceMeters>
            <HeartRateBpm>
              <Value>85</Value>
            </HeartRateBpm>
            <Extensions>
              <ns3:TPX>
                <ns3:Speed>2.7809998989105225</ns3:Speed>
              </ns3:TPX>
            </Extensions>
          </Trackpoint>
          <Trackpoint>
            <Time>2026-07-30T16:22:15.000Z</Time>
            <Position>
              <LatitudeDegrees>44.288534168154</LatitudeDegrees>
              <LongitudeDegrees>-81.60204791463912</LongitudeDegrees>
            </Position>
            <AltitudeMeters>168.1999969482422</AltitudeMeters>
            <DistanceMeters>876.8400268554688</DistanceMeters>
            <HeartRateBpm>
              <Value>86</Value>
            </HeartRateBpm>
            <Extensions>
              <ns3:TPX>
                <ns3:Speed>2.490999937057495</ns3:Speed>
              </ns3:TPX>
            </Extensions>
          </Trackpoint>
          <Trackpoint>
            <Time>2026-07-30T16:22:25.000Z</Time>
            <Position>
              <LatitudeDegrees>44.28850340656936</LatitudeDegrees>
              <LongitudeDegrees>-81.6023354139179</LongitudeDegrees>
            </Position>
            <AltitudeMeters>168.0</AltitudeMeters>
            <DistanceMeters>900.1300048828125</DistanceMeters>
            <HeartRateBpm>
              <Value>87</Value>
            </HeartRateBpm>
            <Extensions>
              <ns3:TPX>
                <ns3:Speed>2.4260001182556152</ns3:Speed>
              </ns3:TPX>
            </Extensions>
          </Trackpoint>
          <Trackpoint>
            <Time>2026-07-30T16:22:26.000Z</Time>
            <Position>
              <LatitudeDegrees>44.28850097581744</LatitudeDegrees>
              <LongitudeDegrees>-81.6023660916835</LongitudeDegrees>
            </Position>
            <AltitudeMeters>168.0</AltitudeMeters>
            <DistanceMeters>902.5999755859375</DistanceMeters>
            <HeartRateBpm>
              <Value>87</Value>
            </HeartRateBpm>
            <Extensions>
              <ns3:TPX>
                <ns3:Speed>2.4260001182556152</ns3:Speed>
              </ns3:TPX>
            </Extensions>
          </Trackpoint>
          <Trackpoint>
            <Time>2026-07-30T16:22:32.000Z</Time>
            <Position>
              <LatitudeDegrees>44.288471303880215</LatitudeDegrees>
              <LongitudeDegrees>-81.60255560651422</LongitudeDegrees>
            </Position>
            <AltitudeMeters>168.0</AltitudeMeters>
            <DistanceMeters>918.0999755859375</DistanceMeters>
            <HeartRateBpm>
              <Value>84</Value>
            </HeartRateBpm>
            <Extensions>
              <ns3:TPX>
                <ns3:Speed>2.621999979019165</ns3:Speed>
              </ns3:TPX>
            </Extensions>
          </Trackpoint>
          <Trackpoint>
            <Time>2026-07-30T16:22:36.000Z</Time>
            <Position>
              <LatitudeDegrees>44.28846141323447</LatitudeDegrees>
              <LongitudeDegrees>-81.60268049687147</LongitudeDegrees>
            </Position>
            <AltitudeMeters>168.0</AltitudeMeters>
            <DistanceMeters>928.1300048828125</DistanceMeters>
            <HeartRateBpm>
              <Value>82</Value>
            </HeartRateBpm>
            <Extensions>
              <ns3:TPX>
                <ns3:Speed>2.6589999198913574</ns3:Speed>
              </ns3:TPX>
            </Extensions>
          </Trackpoint>
          <Trackpoint>
            <Time>2026-07-30T16:22:43.000Z</Time>
            <Position>
              <LatitudeDegrees>44.288455126807094</LatitudeDegrees>
              <LongitudeDegrees>-81.60281728953123</LongitudeDegrees>
            </Position>
            <AltitudeMeters>168.0</AltitudeMeters>
            <DistanceMeters>939.4299926757812</DistanceMeters>
            <HeartRateBpm>
              <Value>80</Value>
            </HeartRateBpm>
            <Extensions>
              <ns3:TPX>
                <ns3:Speed>0.9800000190734863</ns3:Speed>
              </ns3:TPX>
            </Extensions>
          </Trackpoint>
          <Trackpoint>
            <Time>2026-07-30T16:22:44.000Z</Time>
            <Position>
              <LatitudeDegrees>44.28846560418606</LatitudeDegrees>
              <LongitudeDegrees>-81.60281997174025</LongitudeDegrees>
            </Position>
            <AltitudeMeters>168.0</AltitudeMeters>
            <DistanceMeters>940.6099853515625</DistanceMeters>
            <HeartRateBpm>
              <Value>80</Value>
            </HeartRateBpm>
            <Extensions>
              <ns3:TPX>
                <ns3:Speed>1.156999945640564</ns3:Speed>
              </ns3:TPX>
            </Extensions>
          </Trackpoint>
          <Trackpoint>
            <Time>2026-07-30T16:22:48.000Z</Time>
            <Position>
              <LatitudeDegrees>44.28850231692195</LatitudeDegrees>
              <LongitudeDegrees>-81.6028137691319</LongitudeDegrees>
            </Position>
            <AltitudeMeters>167.8000030517578</AltitudeMeters>
            <DistanceMeters>944.760009765625</DistanceMeters>
            <HeartRateBpm>
              <Value>80</Value>
            </HeartRateBpm>
            <Extensions>
              <ns3:TPX>
                <ns3:Speed>1.156999945640564</ns3:Speed>
              </ns3:TPX>
            </Extensions>
          </Trackpoint>
          <Trackpoint>
            <Time>2026-07-30T16:22:49.000Z</Time>
            <Position>
              <LatitudeDegrees>44.28850525058806</LatitudeDegrees>
              <LongitudeDegrees>-81.60280379466712</LongitudeDegrees>
            </Position>
            <AltitudeMeters>167.60000610351562</AltitudeMeters>
            <DistanceMeters>945.5800170898438</DistanceMeters>
            <HeartRateBpm>
              <Value>80</Value>
            </HeartRateBpm>
            <Extensions>
              <ns3:TPX>
                <ns3:Speed>0.652999997138977</ns3:Speed>
              </ns3:TPX>
            </Extensions>
          </Trackpoint>
          <Trackpoint>
            <Time>2026-07-30T16:22:50.000Z</Time>
            <Position>
              <LatitudeDegrees>44.288508016616106</LatitudeDegrees>
              <LongitudeDegrees>-81.60279214382172</LongitudeDegrees>
            </Position>
            <AltitudeMeters>167.60000610351562</AltitudeMeters>
            <DistanceMeters>946.52001953125</DistanceMeters>
            <HeartRateBpm>
              <Value>80</Value>
            </HeartRateBpm>
            <Extensions>
              <ns3:TPX>
                <ns3:Speed>0.9800000190734863</ns3:Speed>
              </ns3:TPX>
            </Extensions>
          </Trackpoint>
          <Trackpoint>
            <Time>2026-07-30T16:22:53.000Z</Time>
            <Position>
              <LatitudeDegrees>44.288512375205755</LatitudeDegrees>
              <LongitudeDegrees>-81.60274964757264</LongitudeDegrees>
            </Position>
            <AltitudeMeters>167.39999389648438</AltitudeMeters>
            <DistanceMeters>949.969970703125</DistanceMeters>
            <HeartRateBpm>
              <Value>79</Value>
            </HeartRateBpm>
            <Extensions>
              <ns3:TPX>
                <ns3:Speed>1.0080000162124634</ns3:Speed>
              </ns3:TPX>
            </Extensions>
          </Trackpoint>
          <Trackpoint>
            <Time>2026-07-30T16:22:55.000Z</Time>
            <Position>
              <LatitudeDegrees>44.28852176293731</LatitudeDegrees>
              <LongitudeDegrees>-81.60271628759801</LongitudeDegrees>
            </Position>
            <AltitudeMeters>167.1999969482422</AltitudeMeters>
            <DistanceMeters>952.8200073242188</DistanceMeters>
            <HeartRateBpm>
              <Value>78</Value>
            </HeartRateBpm>
            <Extensions>
              <ns3:TPX>
                <ns3:Speed>1.5679999589920044</ns3:Speed>
              </ns3:TPX>
            </Extensions>
          </Trackpoint>
          <Trackpoint>
            <Time>2026-07-30T16:22:58.000Z</Time>
            <Position>
              <LatitudeDegrees>44.28854716010392</LatitudeDegrees>
              <LongitudeDegrees>-81.60266255959868</LongitudeDegrees>
            </Position>
            <AltitudeMeters>167.1999969482422</AltitudeMeters>
            <DistanceMeters>957.9299926757812</DistanceMeters>
            <HeartRateBpm>
              <Value>74</Value>
            </HeartRateBpm>
            <Extensions>
              <ns3:TPX>
                <ns3:Speed>1.8569999933242798</ns3:Speed>
              </ns3:TPX>
            </Extensions>
          </Trackpoint>
          <Trackpoint>
            <Time>2026-07-30T16:23:02.000Z</Time>
            <Position>
              <LatitudeDegrees>44.28861245512962</LatitudeDegrees>
              <LongitudeDegrees>-81.60257932730019</LongitudeDegrees>
            </Position>
            <AltitudeMeters>167.1999969482422</AltitudeMeters>
            <DistanceMeters>967.77001953125</DistanceMeters>
            <HeartRateBpm>
              <Value>74</Value>
            </HeartRateBpm>
            <Extensions>
              <ns3:TPX>
                <ns3:Speed>2.3420000076293945</ns3:Speed>
              </ns3:TPX>
            </Extensions>
          </Trackpoint>
          <Trackpoint>
            <Time>2026-07-30T16:23:03.000Z</Time>
            <Position>
              <LatitudeDegrees>44.28862888365984</LatitudeDegrees>
              <LongitudeDegrees>-81.60255594179034</LongitudeDegrees>
            </Position>
            <AltitudeMeters>167.1999969482422</AltitudeMeters>
            <DistanceMeters>970.3699951171875</DistanceMeters>
            <HeartRateBpm>
              <Value>78</Value>
            </HeartRateBpm>
            <Extensions>
              <ns3:TPX>
                <ns3:Speed>2.183000087738037</ns3:Speed>
              </ns3:TPX>
            </Extensions>
          </Trackpoint>
          <Trackpoint>
            <Time>2026-07-30T16:23:04.000Z</Time>
            <Position>
              <LatitudeDegrees>44.288644306361675</LatitudeDegrees>
              <LongitudeDegrees>-81.60252903588116</LongitudeDegrees>
            </Position>
            <AltitudeMeters>167.1999969482422</AltitudeMeters>
            <DistanceMeters>973.1199951171875</DistanceMeters>
            <HeartRateBpm>
              <Value>75</Value>
            </HeartRateBpm>
            <Extensions>
              <ns3:TPX>
                <ns3:Speed>2.3420000076293945</ns3:Speed>
              </ns3:TPX>
            </Extensions>
          </Trackpoint>
          <Trackpoint>
            <Time>2026-07-30T16:23:10.000Z</Time>
            <Position>
              <LatitudeDegrees>44.28873826749623</LatitudeDegrees>
              <LongitudeDegrees>-81.60240825265646</LongitudeDegrees>
            </Position>
            <AltitudeMeters>167.60000610351562</AltitudeMeters>
            <DistanceMeters>987.3800048828125</DistanceMeters>
            <HeartRateBpm>
              <Value>77</Value>
            </HeartRateBpm>
            <Extensions>
              <ns3:TPX>
                <ns3:Speed>2.4539999961853027</ns3:Speed>
              </ns3:TPX>
            </Extensions>
          </Trackpoint>
          <Trackpoint>
            <Time>2026-07-30T16:23:14.000Z</Time>
            <Position>
              <LatitudeDegrees>44.28879601880908</LatitudeDegrees>
              <LongitudeDegrees>-81.6023023892194</LongitudeDegrees>
            </Position>
            <AltitudeMeters>168.1999969482422</AltitudeMeters>
            <DistanceMeters>997.969970703125</DistanceMeters>
            <HeartRateBpm>
              <Value>80</Value>
            </HeartRateBpm>
            <Extensions>
              <ns3:TPX>
                <ns3:Speed>2.556999921798706</ns3:Speed>
              </ns3:TPX>
            </Extensions>
          </Trackpoint>
          <Trackpoint>
            <Time>2026-07-30T16:23:21.000Z</Time>
            <Position>
              <LatitudeDegrees>44.28890724666417</LatitudeDegrees>
              <LongitudeDegrees>-81.60210541449487</LongitudeDegrees>
            </Position>
            <AltitudeMeters>168.60000610351562</AltitudeMeters>
            <DistanceMeters>1017.97998046875</DistanceMeters>
            <HeartRateBpm>
              <Value>81</Value>
            </HeartRateBpm>
            <Extensions>
              <ns3:TPX>
                <ns3:Speed>2.7990000247955322</ns3:Speed>
              </ns3:TPX>
            </Extensions>
          </Trackpoint>
          <Trackpoint>
            <Time>2026-07-30T16:23:29.000Z</Time>
            <Position>
              <LatitudeDegrees>44.2890315502882</LatitudeDegrees>
              <LongitudeDegrees>-81.60190257243812</LongitudeDegrees>
            </Position>
            <AltitudeMeters>168.8000030517578</AltitudeMeters>
            <DistanceMeters>1039.3699951171875</DistanceMeters>
            <HeartRateBpm>
              <Value>81</Value>
            </HeartRateBpm>
            <Extensions>
              <ns3:TPX>
                <ns3:Speed>2.7899999618530273</ns3:Speed>
              </ns3:TPX>
            </Extensions>
          </Trackpoint>
          <Trackpoint>
            <Time>2026-07-30T16:23:37.000Z</Time>
            <Position>
              <LatitudeDegrees>44.289161218330264</LatitudeDegrees>
              <LongitudeDegrees>-81.60174893215299</LongitudeDegrees>
            </Position>
            <AltitudeMeters>168.60000610351562</AltitudeMeters>
            <DistanceMeters>1058.3499755859375</DistanceMeters>
            <HeartRateBpm>
              <Value>84</Value>
            </HeartRateBpm>
            <Extensions>
              <ns3:TPX>
                <ns3:Speed>2.3889999389648438</ns3:Speed>
              </ns3:TPX>
            </Extensions>
          </Trackpoint>
          <Trackpoint>
            <Time>2026-07-30T16:23:39.000Z</Time>
            <Position>
              <LatitudeDegrees>44.28919265046716</LatitudeDegrees>
              <LongitudeDegrees>-81.60170710645616</LongitudeDegrees>
            </Position>
            <AltitudeMeters>168.8000030517578</AltitudeMeters>
            <DistanceMeters>1063.1800537109375</DistanceMeters>
            <HeartRateBpm>
              <Value>81</Value>
            </HeartRateBpm>
            <Extensions>
              <ns3:TPX>
                <ns3:Speed>2.3889999389648438</ns3:Speed>
              </ns3:TPX>
            </Extensions>
          </Trackpoint>
          <Trackpoint>
            <Time>2026-07-30T16:23:41.000Z</Time>
            <Position>
              <LatitudeDegrees>44.28922584280372</LatitudeDegrees>
              <LongitudeDegrees>-81.60167424939573</LongitudeDegrees>
            </Position>
            <AltitudeMeters>169.0</AltitudeMeters>
            <DistanceMeters>1067.68994140625</DistanceMeters>
            <HeartRateBpm>
              <Value>81</Value>
            </HeartRateBpm>
            <Extensions>
              <ns3:TPX>
                <ns3:Speed>2.3329999446868896</ns3:Speed>
              </ns3:TPX>
            </Extensions>
          </Trackpoint>
          <Trackpoint>
            <Time>2026-07-30T16:23:49.000Z</Time>
            <Position>
              <LatitudeDegrees>44.28934771567583</LatitudeDegrees>
              <LongitudeDegrees>-81.60154273733497</LongitudeDegrees>
            </Position>
            <AltitudeMeters>169.1999969482422</AltitudeMeters>
            <DistanceMeters>1084.8599853515625</DistanceMeters>
            <HeartRateBpm>
              <Value>83</Value>
            </HeartRateBpm>
            <Extensions>
              <ns3:TPX>
                <ns3:Speed>2.1459999084472656</ns3:Speed>
              </ns3:TPX>
            </Extensions>
          </Trackpoint>
          <Trackpoint>
            <Time>2026-07-30T16:23:59.000Z</Time>
            <Position>
              <LatitudeDegrees>44.28951275534928</LatitudeDegrees>
              <LongitudeDegrees>-81.60143000073731</LongitudeDegrees>
            </Position>
            <AltitudeMeters>169.1999969482422</AltitudeMeters>
            <DistanceMeters>1105.3699951171875</DistanceMeters>
            <HeartRateBpm>
              <Value>83</Value>
            </HeartRateBpm>
            <Extensions>
              <ns3:TPX>
                <ns3:Speed>2.1089999675750732</ns3:Speed>
              </ns3:TPX>
            </Extensions>
          </Trackpoint>
          <Trackpoint>
            <Time>2026-07-30T16:24:07.000Z</Time>
            <Position>
              <LatitudeDegrees>44.289623983204365</LatitudeDegrees>
              <LongitudeDegrees>-81.60134903155267</LongitudeDegrees>
            </Position>
            <AltitudeMeters>169.60000610351562</AltitudeMeters>
            <DistanceMeters>1119.3299560546875</DistanceMeters>
            <HeartRateBpm>
              <Value>82</Value>
            </HeartRateBpm>
            <Extensions>
              <ns3:TPX>
                <ns3:Speed>1.7730000019073486</ns3:Speed>
              </ns3:TPX>
            </Extensions>
          </Trackpoint>
          <Trackpoint>
            <Time>2026-07-30T16:24:18.000Z</Time>
            <Position>
              <LatitudeDegrees>44.28980243392289</LatitudeDegrees>
              <LongitudeDegrees>-81.60120184533298</LongitudeDegrees>
            </Position>
            <AltitudeMeters>170.1999969482422</AltitudeMeters>
            <DistanceMeters>1142.3599853515625</DistanceMeters>
            <HeartRateBpm>
              <Value>83</Value>
            </HeartRateBpm>
            <Extensions>
              <ns3:TPX>
                <ns3:Speed>2.1649999618530273</ns3:Speed>
              </ns3:TPX>
            </Extensions>
          </Trackpoint>
          <Trackpoint>
            <Time>2026-07-30T16:24:19.000Z</Time>
            <Position>
              <LatitudeDegrees>44.28982053883374</LatitudeDegrees>
              <LongitudeDegrees>-81.6011855006218</LongitudeDegrees>
            </Position>
            <AltitudeMeters>170.39999389648438</AltitudeMeters>
            <DistanceMeters>1144.760009765625</DistanceMeters>
            <HeartRateBpm>
              <Value>83</Value>
            </HeartRateBpm>
            <Extensions>
              <ns3:TPX>
                <ns3:Speed>2.2209999561309814</ns3:Speed>
              </ns3:TPX>
            </Extensions>
          </Trackpoint>
          <Trackpoint>
            <Time>2026-07-30T16:24:29.000Z</Time>
            <Position>
              <LatitudeDegrees>44.29001365788281</LatitudeDegrees>
              <LongitudeDegrees>-81.60101685672998</LongitudeDegrees>
            </Position>
            <AltitudeMeters>170.60000610351562</AltitudeMeters>
            <DistanceMeters>1170.1199951171875</DistanceMeters>
            <HeartRateBpm>
              <Value>81</Value>
            </HeartRateBpm>
            <Extensions>
              <ns3:TPX>
                <ns3:Speed>2.509999990463257</ns3:Speed>
              </ns3:TPX>
            </Extensions>
          </Trackpoint>
          <Trackpoint>
            <Time>2026-07-30T16:24:41.000Z</Time>
            <Position>
              <LatitudeDegrees>44.29025027900934</LatitudeDegrees>
              <LongitudeDegrees>-81.60080781206489</LongitudeDegrees>
            </Position>
            <AltitudeMeters>171.0</AltitudeMeters>
            <DistanceMeters>1201.260009765625</DistanceMeters>
            <HeartRateBpm>
              <Value>82</Value>
            </HeartRateBpm>
            <Extensions>
              <ns3:TPX>
                <ns3:Speed>2.6410000324249268</ns3:Speed>
              </ns3:TPX>
            </Extensions>
          </Trackpoint>
          <Trackpoint>
            <Time>2026-07-30T16:24:43.000Z</Time>
            <Position>
              <LatitudeDegrees>44.29028942249715</LatitudeDegrees>
              <LongitudeDegrees>-81.60077193751931</LongitudeDegrees>
            </Position>
            <AltitudeMeters>171.1999969482422</AltitudeMeters>
            <DistanceMeters>1206.4599609375</DistanceMeters>
            <HeartRateBpm>
              <Value>81</Value>
            </HeartRateBpm>
            <Extensions>
              <ns3:TPX>
                <ns3:Speed>2.621999979019165</ns3:Speed>
              </ns3:TPX>
            </Extensions>
          </Trackpoint>
          <Trackpoint>
            <Time>2026-07-30T16:24:52.000Z</Time>
            <Position>
              <LatitudeDegrees>44.29047265090048</LatitudeDegrees>
              <LongitudeDegrees>-81.60062240436673</LongitudeDegrees>
            </Position>
            <AltitudeMeters>171.39999389648438</AltitudeMeters>
            <DistanceMeters>1230.050048828125</DistanceMeters>
            <HeartRateBpm>
              <Value>80</Value>
            </HeartRateBpm>
            <Extensions>
              <ns3:TPX>
                <ns3:Speed>2.621999979019165</ns3:Speed>
              </ns3:TPX>
            </Extensions>
          </Trackpoint>
          <Trackpoint>
            <Time>2026-07-30T16:24:58.000Z</Time>
            <Position>
              <LatitudeDegrees>44.29058773443103</LatitudeDegrees>
              <LongitudeDegrees>-81.6005395911634</LongitudeDegrees>
            </Position>
            <AltitudeMeters>171.8000030517578</AltitudeMeters>
            <DistanceMeters>1244.449951171875</DistanceMeters>
            <HeartRateBpm>
              <Value>84</Value>
            </HeartRateBpm>
            <Extensions>
              <ns3:TPX>
                <ns3:Speed>2.6029999256134033</ns3:Speed>
              </ns3:TPX>
            </Extensions>
          </Trackpoint>
          <Trackpoint>
            <Time>2026-07-30T16:25:01.000Z</Time>
            <Position>
              <LatitudeDegrees>44.29064732976258</LatitudeDegrees>
              <LongitudeDegrees>-81.60049483180046</LongitudeDegrees>
            </Position>
            <AltitudeMeters>171.8000030517578</AltitudeMeters>
            <DistanceMeters>1251.969970703125</DistanceMeters>
            <HeartRateBpm>
              <Value>87</Value>
            </HeartRateBpm>
            <Extensions>
              <ns3:TPX>
                <ns3:Speed>2.5190000534057617</ns3:Speed>
              </ns3:TPX>
            </Extensions>
          </Trackpoint>
          <Trackpoint>
            <Time>2026-07-30T16:25:06.000Z</Time>
            <Position>
              <LatitudeDegrees>44.29075067862868</LatitudeDegrees>
              <LongitudeDegrees>-81.6004270222038</LongitudeDegrees>
            </Position>
            <AltitudeMeters>172.0</AltitudeMeters>
            <DistanceMeters>1264.6600341796875</DistanceMeters>
            <HeartRateBpm>
              <Value>87</Value>
            </HeartRateBpm>
            <Extensions>
              <ns3:TPX>
                <ns3:Speed>2.434999942779541</ns3:Speed>
              </ns3:TPX>
            </Extensions>
          </Trackpoint>
          <Trackpoint>
            <Time>2026-07-30T16:25:16.000Z</Time>
            <Position>
              <LatitudeDegrees>44.290962824597955</LatitudeDegrees>
              <LongitudeDegrees>-81.60031244158745</LongitudeDegrees>
            </Position>
            <AltitudeMeters>172.1999969482422</AltitudeMeters>
            <DistanceMeters>1289.949951171875</DistanceMeters>
            <HeartRateBpm>
              <Value>88</Value>
            </HeartRateBpm>
            <Extensions>
              <ns3:TPX>
                <ns3:Speed>2.556999921798706</ns3:Speed>
              </ns3:TPX>
            </Extensions>
          </Trackpoint>
          <Trackpoint>
            <Time>2026-07-30T16:25:17.000Z</Time>
            <Position>
              <LatitudeDegrees>44.29098227061331</LatitudeDegrees>
              <LongitudeDegrees>-81.60030062310398</LongitudeDegrees>
            </Position>
            <AltitudeMeters>172.1999969482422</AltitudeMeters>
            <DistanceMeters>1292.31005859375</DistanceMeters>
            <HeartRateBpm>
              <Value>88</Value>
            </HeartRateBpm>
            <Extensions>
              <ns3:TPX>
                <ns3:Speed>2.556999921798706</ns3:Speed>
              </ns3:TPX>
            </Extensions>
          </Trackpoint>
          <Trackpoint>
            <Time>2026-07-30T16:25:24.000Z</Time>
            <Position>
              <LatitudeDegrees>44.291111854836345</LatitudeDegrees>
              <LongitudeDegrees>-81.60023985430598</LongitudeDegrees>
            </Position>
            <AltitudeMeters>172.39999389648438</AltitudeMeters>
            <DistanceMeters>1307.5400390625</DistanceMeters>
            <HeartRateBpm>
              <Value>85</Value>
            </HeartRateBpm>
            <Extensions>
              <ns3:TPX>
                <ns3:Speed>2.313999891281128</ns3:Speed>
              </ns3:TPX>
            </Extensions>
          </Trackpoint>
          <Trackpoint>
            <Time>2026-07-30T16:25:27.000Z</Time>
            <Position>
              <LatitudeDegrees>44.29117069579661</LatitudeDegrees>
              <LongitudeDegrees>-81.60021747462451</LongitudeDegrees>
            </Position>
            <AltitudeMeters>172.60000610351562</AltitudeMeters>
            <DistanceMeters>1314.3299560546875</DistanceMeters>
            <HeartRateBpm>
              <Value>83</Value>
            </HeartRateBpm>
            <Extensions>
              <ns3:TPX>
                <ns3:Speed>2.257999897003174</ns3:Speed>
              </ns3:TPX>
            </Extensions>
          </Trackpoint>
          <Trackpoint>
            <Time>2026-07-30T16:25:35.000Z</Time>
            <Position>
              <LatitudeDegrees>44.291323414072394</LatitudeDegrees>
              <LongitudeDegrees>-81.60015922039747</LongitudeDegrees>
            </Position>
            <AltitudeMeters>172.8000030517578</AltitudeMeters>
            <DistanceMeters>1331.9100341796875</DistanceMeters>
            <HeartRateBpm>
              <Value>81</Value>
            </HeartRateBpm>
            <Extensions>
              <ns3:TPX>
                <ns3:Speed>2.257999897003174</ns3:Speed>
              </ns3:TPX>
            </Extensions>
          </Trackpoint>
          <Trackpoint>
            <Time>2026-07-30T16:25:43.000Z</Time>
            <Position>
              <LatitudeDegrees>44.291466576978564</LatitudeDegrees>
              <LongitudeDegrees>-81.60011286847293</LongitudeDegrees>
            </Position>
            <AltitudeMeters>172.8000030517578</AltitudeMeters>
            <DistanceMeters>1348.300048828125</DistanceMeters>
            <HeartRateBpm>
              <Value>80</Value>
            </HeartRateBpm>
            <Extensions>
              <ns3:TPX>
                <ns3:Speed>2.0989999771118164</ns3:Speed>
              </ns3:TPX>
            </Extensions>
          </Trackpoint>
          <Trackpoint>
            <Time>2026-07-30T16:25:52.000Z</Time>
            <Position>
              <LatitudeDegrees>44.291623905301094</LatitudeDegrees>
              <LongitudeDegrees>-81.59998915158212</LongitudeDegrees>
            </Position>
            <AltitudeMeters>173.0</AltitudeMeters>
            <DistanceMeters>1368.449951171875</DistanceMeters>
            <HeartRateBpm>
              <Value>82</Value>
            </HeartRateBpm>
            <Extensions>
              <ns3:TPX>
                <ns3:Speed>2.1740000247955322</ns3:Speed>
              </ns3:TPX>
            </Extensions>
          </Trackpoint>
          <Trackpoint>
            <Time>2026-07-30T16:25:58.000Z</Time>
            <Position>
              <LatitudeDegrees>44.29172188974917</LatitudeDegrees>
              <LongitudeDegrees>-81.5999264549464</LongitudeDegrees>
            </Position>
            <AltitudeMeters>173.1999969482422</AltitudeMeters>
            <DistanceMeters>1380.449951171875</DistanceMeters>
            <HeartRateBpm>
              <Value>84</Value>
            </HeartRateBpm>
            <Extensions>
              <ns3:TPX>
                <ns3:Speed>2.015000104904175</ns3:Speed>
              </ns3:TPX>
            </Extensions>
          </Trackpoint>
          <Trackpoint>
            <Time>2026-07-30T16:26:02.000Z</Time>
            <Position>
              <LatitudeDegrees>44.29177972488105</LatitudeDegrees>
              <LongitudeDegrees>-81.59988898783922</LongitudeDegrees>
            </Position>
            <AltitudeMeters>173.1999969482422</AltitudeMeters>
            <DistanceMeters>1387.530029296875</DistanceMeters>
            <HeartRateBpm>
              <Value>84</Value>
            </HeartRateBpm>
            <Extensions>
              <ns3:TPX>
                <ns3:Speed>1.902999997138977</ns3:Speed>
              </ns3:TPX>
            </Extensions>
          </Trackpoint>
          <Trackpoint>
            <Time>2026-07-30T16:26:07.000Z</Time>
            <Position>
              <LatitudeDegrees>44.29186027497053</LatitudeDegrees>
              <LongitudeDegrees>-81.59986283630133</LongitudeDegrees>
            </Position>
            <AltitudeMeters>173.39999389648438</AltitudeMeters>
            <DistanceMeters>1396.719970703125</DistanceMeters>
            <HeartRateBpm>
              <Value>84</Value>
            </HeartRateBpm>
            <Extensions>
              <ns3:TPX>
                <ns3:Speed>1.902999997138977</ns3:Speed>
              </ns3:TPX>
            </Extensions>
          </Trackpoint>
          <Trackpoint>
            <Time>2026-07-30T16:26:16.000Z</Time>
            <Position>
              <LatitudeDegrees>44.292006036266685</LatitudeDegrees>
              <LongitudeDegrees>-81.59977038390934</LongitudeDegrees>
            </Position>
            <AltitudeMeters>173.1999969482422</AltitudeMeters>
            <DistanceMeters>1414.6400146484375</DistanceMeters>
            <HeartRateBpm>
              <Value>84</Value>
            </HeartRateBpm>
            <Extensions>
              <ns3:TPX>
                <ns3:Speed>2.062000036239624</ns3:Speed>
              </ns3:TPX>
            </Extensions>
          </Trackpoint>
          <Trackpoint>
            <Time>2026-07-30T16:26:20.000Z</Time>
            <Position>
              <LatitudeDegrees>44.29205942898989</LatitudeDegrees>
              <LongitudeDegrees>-81.59971313551068</LongitudeDegrees>
            </Position>
            <AltitudeMeters>173.1999969482422</AltitudeMeters>
            <DistanceMeters>1422.1600341796875</DistanceMeters>
            <HeartRateBpm>
              <Value>80</Value>
            </HeartRateBpm>
            <Extensions>
              <ns3:TPX>
                <ns3:Speed>2.062000036239624</ns3:Speed>
              </ns3:TPX>
            </Extensions>
          </Trackpoint>
          <Trackpoint>
            <Time>2026-07-30T16:26:22.000Z</Time>
            <Position>
              <LatitudeDegrees>44.292093962430954</LatitudeDegrees>
              <LongitudeDegrees>-81.59969184547663</LongitudeDegrees>
            </Position>
            <AltitudeMeters>173.1999969482422</AltitudeMeters>
            <DistanceMeters>1426.3399658203125</DistanceMeters>
            <HeartRateBpm>
              <Value>76</Value>
            </HeartRateBpm>
            <Extensions>
              <ns3:TPX>
                <ns3:Speed>2.0429999828338623</ns3:Speed>
              </ns3:TPX>
            </Extensions>
          </Trackpoint>
          <Trackpoint>
            <Time>2026-07-30T16:26:23.000Z</Time>
            <Position>
              <LatitudeDegrees>44.29210988804698</LatitudeDegrees>
              <LongitudeDegrees>-81.59967927262187</LongitudeDegrees>
            </Position>
            <AltitudeMeters>173.1999969482422</AltitudeMeters>
            <DistanceMeters>1428.3699951171875</DistanceMeters>
            <HeartRateBpm>
              <Value>75</Value>
            </HeartRateBpm>
            <Extensions>
              <ns3:TPX>
                <ns3:Speed>2.0250000953674316</ns3:Speed>
              </ns3:TPX>
            </Extensions>
          </Trackpoint>
          <Trackpoint>
            <Time>2026-07-30T16:26:36.000Z</Time>
            <Position>
              <LatitudeDegrees>44.292300660163164</LatitudeDegrees>
              <LongitudeDegrees>-81.59953208640218</LongitudeDegrees>
            </Position>
            <AltitudeMeters>173.39999389648438</AltitudeMeters>
            <DistanceMeters>1452.6400146484375</DistanceMeters>
            <HeartRateBpm>
              <Value>74</Value>
            </HeartRateBpm>
            <Extensions>
              <ns3:TPX>
                <ns3:Speed>1.809999942779541</ns3:Speed>
              </ns3:TPX>
            </Extensions>
          </Trackpoint>
          <Trackpoint>
            <Time>2026-07-30T16:26:47.000Z</Time>
            <Position>
              <LatitudeDegrees>44.29248212836683</LatitudeDegrees>
              <LongitudeDegrees>-81.59945371560752</LongitudeDegrees>
            </Position>
            <AltitudeMeters>173.1999969482422</AltitudeMeters>
            <DistanceMeters>1473.75</DistanceMeters>
            <HeartRateBpm>
              <Value>74</Value>
            </HeartRateBpm>
            <Extensions>
              <ns3:TPX>
                <ns3:Speed>1.8569999933242798</ns3:Speed>
              </ns3:TPX>
            </Extensions>
          </Trackpoint>
          <Trackpoint>
            <Time>2026-07-30T16:26:57.000Z</Time>
            <Position>
              <LatitudeDegrees>44.29263660684228</LatitudeDegrees>
              <LongitudeDegrees>-81.59939135424793</LongitudeDegrees>
            </Position>
            <AltitudeMeters>173.60000610351562</AltitudeMeters>
            <DistanceMeters>1491.5899658203125</DistanceMeters>
            <HeartRateBpm>
              <Value>74</Value>
            </HeartRateBpm>
            <Extensions>
              <ns3:TPX>
                <ns3:Speed>1.8009999990463257</ns3:Speed>
              </ns3:TPX>
            </Extensions>
          </Trackpoint>
          <Trackpoint>
            <Time>2026-07-30T16:27:06.000Z</Time>
            <Position>
              <LatitudeDegrees>44.29278261959553</LatitudeDegrees>
              <LongitudeDegrees>-81.59931549802423</LongitudeDegrees>
            </Position>
            <AltitudeMeters>173.1999969482422</AltitudeMeters>
            <DistanceMeters>1508.9599609375</DistanceMeters>
            <HeartRateBpm>
              <Value>75</Value>
            </HeartRateBpm>
            <Extensions>
              <ns3:TPX>
                <ns3:Speed>1.8940000534057617</ns3:Speed>
              </ns3:TPX>
            </Extensions>
          </Trackpoint>
          <Trackpoint>
            <Time>2026-07-30T16:27:15.000Z</Time>
            <Position>
              <LatitudeDegrees>44.292898289859295</LatitudeDegrees>
              <LongitudeDegrees>-81.5992149990052</LongitudeDegrees>
            </Position>
            <AltitudeMeters>173.0</AltitudeMeters>
            <DistanceMeters>1524.0799560546875</DistanceMeters>
            <HeartRateBpm>
              <Value>74</Value>
            </HeartRateBpm>
            <Extensions>
              <ns3:TPX>
                <ns3:Speed>1.819000005722046</ns3:Speed>
              </ns3:TPX>
            </Extensions>
          </Trackpoint>
          <Trackpoint>
            <Time>2026-07-30T16:27:24.000Z</Time>
            <Position>
              <LatitudeDegrees>44.29299971088767</LatitudeDegrees>
              <LongitudeDegrees>-81.59911533817649</LongitudeDegrees>
            </Position>
            <AltitudeMeters>172.39999389648438</AltitudeMeters>
            <DistanceMeters>1537.9000244140625</DistanceMeters>
            <HeartRateBpm>
              <Value>75</Value>
            </HeartRateBpm>
            <Extensions>
              <ns3:TPX>
                <ns3:Speed>1.343999981880188</ns3:Speed>
              </ns3:TPX>
            </Extensions>
          </Trackpoint>
          <Trackpoint>
            <Time>2026-07-30T16:27:28.000Z</Time>
            <Position>
              <LatitudeDegrees>44.29302016273141</LatitudeDegrees>
              <LongitudeDegrees>-81.59907720051706</LongitudeDegrees>
            </Position>
            <AltitudeMeters>172.39999389648438</AltitudeMeters>
            <DistanceMeters>1541.510009765625</DistanceMeters>
            <HeartRateBpm>
              <Value>78</Value>
            </HeartRateBpm>
            <Extensions>
              <ns3:TPX>
                <ns3:Speed>1.3339999914169312</ns3:Speed>
              </ns3:TPX>
            </Extensions>
          </Trackpoint>
          <Trackpoint>
            <Time>2026-07-30T16:27:32.000Z</Time>
            <Position>
              <LatitudeDegrees>44.29305058903992</LatitudeDegrees>
              <LongitudeDegrees>-81.59907351247966</LongitudeDegrees>
            </Position>
            <AltitudeMeters>172.1999969482422</AltitudeMeters>
            <DistanceMeters>1544.9100341796875</DistanceMeters>
            <HeartRateBpm>
              <Value>79</Value>
            </HeartRateBpm>
            <Extensions>
              <ns3:TPX>
                <ns3:Speed>1.0080000162124634</ns3:Speed>
              </ns3:TPX>
            </Extensions>
          </Trackpoint>
          <Trackpoint>
            <Time>2026-07-30T16:27:33.000Z</Time>
            <Position>
              <LatitudeDegrees>44.293057546019554</LatitudeDegrees>
              <LongitudeDegrees>-81.59906714223325</LongitudeDegrees>
            </Position>
            <AltitudeMeters>172.1999969482422</AltitudeMeters>
            <DistanceMeters>1545.8299560546875</DistanceMeters>
            <HeartRateBpm>
              <Value>79</Value>
            </HeartRateBpm>
            <Extensions>
              <ns3:TPX>
                <ns3:Speed>0.9980000257492065</ns3:Speed>
              </ns3:TPX>
            </Extensions>
          </Trackpoint>
          <Trackpoint>
            <Time>2026-07-30T16:27:38.000Z</Time>
            <Position>
              <LatitudeDegrees>44.29308260791004</LatitudeDegrees>
              <LongitudeDegrees>-81.59904308617115</LongitudeDegrees>
            </Position>
            <AltitudeMeters>172.1999969482422</AltitudeMeters>
            <DistanceMeters>1549.27001953125</DistanceMeters>
            <HeartRateBpm>
              <Value>81</Value>
            </HeartRateBpm>
            <Extensions>
              <ns3:TPX>
                <ns3:Speed>0.9139999747276306</ns3:Speed>
              </ns3:TPX>
            </Extensions>
          </Trackpoint>
          <Trackpoint>
            <Time>2026-07-30T16:27:40.000Z</Time>
            <Position>
              <LatitudeDegrees>44.29308378137648</LatitudeDegrees>
              <LongitudeDegrees>-81.59903646446764</LongitudeDegrees>
            </Position>
            <AltitudeMeters>172.1999969482422</AltitudeMeters>
            <DistanceMeters>1550.239990234375</DistanceMeters>
            <HeartRateBpm>
              <Value>84</Value>
            </HeartRateBpm>
            <Extensions>
              <ns3:TPX>
                <ns3:Speed>0.8960000276565552</ns3:Speed>
              </ns3:TPX>
            </Extensions>
          </Trackpoint>
          <Trackpoint>
            <Time>2026-07-30T16:27:42.000Z</Time>
            <Position>
              <LatitudeDegrees>44.29308797232807</LatitudeDegrees>
              <LongitudeDegrees>-81.5990199521184</LongitudeDegrees>
            </Position>
            <AltitudeMeters>172.1999969482422</AltitudeMeters>
            <DistanceMeters>1551.5999755859375</DistanceMeters>
            <HeartRateBpm>
              <Value>86</Value>
            </HeartRateBpm>
            <Extensions>
              <ns3:TPX>
                <ns3:Speed>0.8960000276565552</ns3:Speed>
              </ns3:TPX>
            </Extensions>
          </Trackpoint>
          <Trackpoint>
            <Time>2026-07-30T16:27:43.000Z</Time>
            <Position>
              <LatitudeDegrees>44.293095180764794</LatitudeDegrees>
              <LongitudeDegrees>-81.599005702883</LongitudeDegrees>
            </Position>
            <AltitudeMeters>172.1999969482422</AltitudeMeters>
            <DistanceMeters>1552.989990234375</DistanceMeters>
            <HeartRateBpm>
              <Value>87</Value>
            </HeartRateBpm>
            <Extensions>
              <ns3:TPX>
                <ns3:Speed>1.38100004196167</ns3:Speed>
              </ns3:TPX>
            </Extensions>
          </Trackpoint>
          <Trackpoint>
            <Time>2026-07-30T16:27:48.000Z</Time>
            <Position>
              <LatitudeDegrees>44.29311596788466</LatitudeDegrees>
              <LongitudeDegrees>-81.59891023300588</LongitudeDegrees>
            </Position>
            <AltitudeMeters>172.0</AltitudeMeters>
            <DistanceMeters>1561.260009765625</DistanceMeters>
            <HeartRateBpm>
              <Value>89</Value>
            </HeartRateBpm>
            <Extensions>
              <ns3:TPX>
                <ns3:Speed>1.4179999828338623</ns3:Speed>
              </ns3:TPX>
            </Extensions>
          </Trackpoint>
          <Trackpoint>
            <Time>2026-07-30T16:27:50.000Z</Time>
            <Position>
              <LatitudeDegrees>44.293103981763124</LatitudeDegrees>
              <LongitudeDegrees>-81.59887888468802</LongitudeDegrees>
            </Position>
            <AltitudeMeters>172.0</AltitudeMeters>
            <DistanceMeters>1564.0999755859375</DistanceMeters>
            <HeartRateBpm>
              <Value>89</Value>
            </HeartRateBpm>
            <Extensions>
              <ns3:TPX>
                <ns3:Speed>1.465000033378601</ns3:Speed>
              </ns3:TPX>
            </Extensions>
          </Trackpoint>
          <Trackpoint>
            <Time>2026-07-30T16:27:54.000Z</Time>
            <Position>
              <LatitudeDegrees>44.29307598620653</LatitudeDegrees>
              <LongitudeDegrees>-81.5988434292376</LongitudeDegrees>
            </Position>
            <AltitudeMeters>172.1999969482422</AltitudeMeters>
            <DistanceMeters>1568.3199462890625</DistanceMeters>
            <HeartRateBpm>
              <Value>89</Value>
            </HeartRateBpm>
            <Extensions>
              <ns3:TPX>
                <ns3:Speed>1.465000033378601</ns3:Speed>
              </ns3:TPX>
            </Extensions>
          </Trackpoint>
          <Trackpoint>
            <Time>2026-07-30T16:28:02.000Z</Time>
            <Position>
              <LatitudeDegrees>44.29296693764627</LatitudeDegrees>
              <LongitudeDegrees>-81.59879925660789</LongitudeDegrees>
            </Position>
            <AltitudeMeters>172.39999389648438</AltitudeMeters>
            <DistanceMeters>1580.93994140625</DistanceMeters>
            <HeartRateBpm>
              <Value>90</Value>
            </HeartRateBpm>
            <Extensions>
              <ns3:TPX>
                <ns3:Speed>1.2690000534057617</ns3:Speed>
              </ns3:TPX>
            </Extensions>
          </Trackpoint>
          <Trackpoint>
            <Time>2026-07-30T16:28:10.000Z</Time>
            <Position>
              <LatitudeDegrees>44.29284933954477</LatitudeDegrees>
              <LongitudeDegrees>-81.5987503901124</LongitudeDegrees>
            </Position>
            <AltitudeMeters>172.60000610351562</AltitudeMeters>
            <DistanceMeters>1594.5699462890625</DistanceMeters>
            <HeartRateBpm>
              <Value>88</Value>
            </HeartRateBpm>
            <Extensions>
              <ns3:TPX>
                <ns3:Speed>1.6699999570846558</ns3:Speed>
              </ns3:TPX>
            </Extensions>
          </Trackpoint>
          <Trackpoint>
            <Time>2026-07-30T16:28:20.000Z</Time>
            <Position>
              <LatitudeDegrees>44.292693519964814</LatitudeDegrees>
              <LongitudeDegrees>-81.59864050336182</LongitudeDegrees>
            </Position>
            <AltitudeMeters>172.60000610351562</AltitudeMeters>
            <DistanceMeters>1614.02001953125</DistanceMeters>
            <HeartRateBpm>
              <Value>87</Value>
            </HeartRateBpm>
            <Extensions>
              <ns3:TPX>
                <ns3:Speed>1.9220000505447388</ns3:Speed>
              </ns3:TPX>
            </Extensions>
          </Trackpoint>
          <Trackpoint>
            <Time>2026-07-30T16:28:31.000Z</Time>
            <Position>
              <LatitudeDegrees>44.292541053146124</LatitudeDegrees>
              <LongitudeDegrees>-81.59848300740123</LongitudeDegrees>
            </Position>
            <AltitudeMeters>172.60000610351562</AltitudeMeters>
            <DistanceMeters>1635.31005859375</DistanceMeters>
            <HeartRateBpm>
              <Value>85</Value>
            </HeartRateBpm>
            <Extensions>
              <ns3:TPX>
                <ns3:Speed>1.9869999885559082</ns3:Speed>
              </ns3:TPX>
            </Extensions>
          </Trackpoint>
          <Trackpoint>
            <Time>2026-07-30T16:28:41.000Z</Time>
            <Position>
              <LatitudeDegrees>44.292355393990874</LatitudeDegrees>
              <LongitudeDegrees>-81.59842165187001</LongitudeDegrees>
            </Position>
            <AltitudeMeters>172.60000610351562</AltitudeMeters>
            <DistanceMeters>1656.5699462890625</DistanceMeters>
            <HeartRateBpm>
              <Value>83</Value>
            </HeartRateBpm>
            <Extensions>
              <ns3:TPX>
                <ns3:Speed>2.13700008392334</ns3:Speed>
              </ns3:TPX>
            </Extensions>
          </Trackpoint>
          <Trackpoint>
            <Time>2026-07-30T16:28:48.000Z</Time>
            <Position>
              <LatitudeDegrees>44.29221533238888</LatitudeDegrees>
              <LongitudeDegrees>-81.59846557304263</LongitudeDegrees>
            </Position>
            <AltitudeMeters>172.8000030517578</AltitudeMeters>
            <DistanceMeters>1672.550048828125</DistanceMeters>
            <HeartRateBpm>
              <Value>83</Value>
            </HeartRateBpm>
            <Extensions>
              <ns3:TPX>
                <ns3:Speed>2.2769999504089355</ns3:Speed>
              </ns3:TPX>
            </Extensions>
          </Trackpoint>
          <Trackpoint>
            <Time>2026-07-30T16:28:57.000Z</Time>
            <Position>
              <LatitudeDegrees>44.29204978980124</LatitudeDegrees>
              <LongitudeDegrees>-81.59854008816183</LongitudeDegrees>
            </Position>
            <AltitudeMeters>173.0</AltitudeMeters>
            <DistanceMeters>1691.9200439453125</DistanceMeters>
            <HeartRateBpm>
              <Value>83</Value>
            </HeartRateBpm>
            <Extensions>
              <ns3:TPX>
                <ns3:Speed>2.239000082015991</ns3:Speed>
              </ns3:TPX>
            </Extensions>
          </Trackpoint>
          <Trackpoint>
            <Time>2026-07-30T16:29:09.000Z</Time>
            <Position>
              <LatitudeDegrees>44.29183102212846</LatitudeDegrees>
              <LongitudeDegrees>-81.59866774454713</LongitudeDegrees>
            </Position>
            <AltitudeMeters>173.0</AltitudeMeters>
            <DistanceMeters>1718.2900390625</DistanceMeters>
            <HeartRateBpm>
              <Value>82</Value>
            </HeartRateBpm>
            <Extensions>
              <ns3:TPX>
                <ns3:Speed>2.183000087738037</ns3:Speed>
              </ns3:TPX>
            </Extensions>
          </Trackpoint>
          <Trackpoint>
            <Time>2026-07-30T16:29:20.000Z</Time>
            <Position>
              <LatitudeDegrees>44.291633293032646</LatitudeDegrees>
              <LongitudeDegrees>-81.59874930046499</LongitudeDegrees>
            </Position>
            <AltitudeMeters>172.8000030517578</AltitudeMeters>
            <DistanceMeters>1741.3199462890625</DistanceMeters>
            <HeartRateBpm>
              <Value>82</Value>
            </HeartRateBpm>
            <Extensions>
              <ns3:TPX>
                <ns3:Speed>1.902999997138977</ns3:Speed>
              </ns3:TPX>
            </Extensions>
          </Trackpoint>
          <Trackpoint>
            <Time>2026-07-30T16:29:30.000Z</Time>
            <Position>
              <LatitudeDegrees>44.29149750620127</LatitudeDegrees>
              <LongitudeDegrees>-81.59883186221123</LongitudeDegrees>
            </Position>
            <AltitudeMeters>172.39999389648438</AltitudeMeters>
            <DistanceMeters>1757.7099609375</DistanceMeters>
            <HeartRateBpm>
              <Value>84</Value>
            </HeartRateBpm>
            <Extensions>
              <ns3:TPX>
                <ns3:Speed>1.7910000085830688</ns3:Speed>
              </ns3:TPX>
            </Extensions>
          </Trackpoint>
          <Trackpoint>
            <Time>2026-07-30T16:29:33.000Z</Time>
            <Position>
              <LatitudeDegrees>44.29145308211446</LatitudeDegrees>
              <LongitudeDegrees>-81.59887008368969</LongitudeDegrees>
            </Position>
            <AltitudeMeters>172.39999389648438</AltitudeMeters>
            <DistanceMeters>1763.5699462890625</DistanceMeters>
            <HeartRateBpm>
              <Value>84</Value>
            </HeartRateBpm>
            <Extensions>
              <ns3:TPX>
                <ns3:Speed>1.7910000085830688</ns3:Speed>
              </ns3:TPX>
            </Extensions>
          </Trackpoint>
          <Trackpoint>
            <Time>2026-07-30T16:29:36.000Z</Time>
            <Position>
              <LatitudeDegrees>44.29140907712281</LatitudeDegrees>
              <LongitudeDegrees>-81.5988611150533</LongitudeDegrees>
            </Position>
            <AltitudeMeters>172.39999389648438</AltitudeMeters>
            <DistanceMeters>1768.47998046875</DistanceMeters>
            <HeartRateBpm>
              <Value>85</Value>
            </HeartRateBpm>
            <Extensions>
              <ns3:TPX>
                <ns3:Speed>1.7259999513626099</ns3:Speed>
              </ns3:TPX>
            </Extensions>
          </Trackpoint>
          <Trackpoint>
            <Time>2026-07-30T16:29:42.000Z</Time>
            <Position>
              <LatitudeDegrees>44.291331712156534</LatitudeDegrees>
              <LongitudeDegrees>-81.59886823967099</LongitudeDegrees>
            </Position>
            <AltitudeMeters>172.60000610351562</AltitudeMeters>
            <DistanceMeters>1777.4200439453125</DistanceMeters>
            <HeartRateBpm>
              <Value>87</Value>
            </HeartRateBpm>
            <Extensions>
              <ns3:TPX>
                <ns3:Speed>1.4930000305175781</ns3:Speed>
              </ns3:TPX>
            </Extensions>
          </Trackpoint>
          <Trackpoint>
            <Time>2026-07-30T16:29:47.000Z</Time>
            <Position>
              <LatitudeDegrees>44.291263399645686</LatitudeDegrees>
              <LongitudeDegrees>-81.59890319220722</LongitudeDegrees>
            </Position>
            <AltitudeMeters>172.39999389648438</AltitudeMeters>
            <DistanceMeters>1785.5400390625</DistanceMeters>
            <HeartRateBpm>
              <Value>84</Value>
            </HeartRateBpm>
            <Extensions>
              <ns3:TPX>
                <ns3:Speed>1.7079999446868896</ns3:Speed>
              </ns3:TPX>
            </Extensions>
          </Trackpoint>
          <Trackpoint>
            <Time>2026-07-30T16:29:50.000Z</Time>
            <Position>
              <LatitudeDegrees>44.2912039719522</LatitudeDegrees>
              <LongitudeDegrees>-81.5989248175174</LongitudeDegrees>
            </Position>
            <AltitudeMeters>172.39999389648438</AltitudeMeters>
            <DistanceMeters>1792.3800048828125</DistanceMeters>
            <HeartRateBpm>
              <Value>84</Value>
            </HeartRateBpm>
            <Extensions>
              <ns3:TPX>
                <ns3:Speed>2.444999933242798</ns3:Speed>
              </ns3:TPX>
            </Extensions>
          </Trackpoint>
          <Trackpoint>
            <Time>2026-07-30T16:29:54.000Z</Time>
            <Position>
              <LatitudeDegrees>44.291168600320816</LatitudeDegrees>
              <LongitudeDegrees>-81.59894962795079</LongitudeDegrees>
            </Position>
            <AltitudeMeters>172.60000610351562</AltitudeMeters>
            <DistanceMeters>1796.77001953125</DistanceMeters>
            <HeartRateBpm>
              <Value>82</Value>
            </HeartRateBpm>
            <Extensions>
              <ns3:TPX>
                <ns3:Speed>1.5490000247955322</ns3:Speed>
              </ns3:TPX>
            </Extensions>
          </Trackpoint>
          <Trackpoint>
            <Time>2026-07-30T16:29:55.000Z</Time>
            <Position>
              <LatitudeDegrees>44.29115602746606</LatitudeDegrees>
              <LongitudeDegrees>-81.59895641729236</LongitudeDegrees>
            </Position>
            <AltitudeMeters>172.8000030517578</AltitudeMeters>
            <DistanceMeters>1798.27001953125</DistanceMeters>
            <HeartRateBpm>
              <Value>81</Value>
            </HeartRateBpm>
            <Extensions>
              <ns3:TPX>
                <ns3:Speed>1.7079999446868896</ns3:Speed>
              </ns3:TPX>
            </Extensions>
          </Trackpoint>
          <Trackpoint>
            <Time>2026-07-30T16:30:04.000Z</Time>
            <Position>
              <LatitudeDegrees>44.29101034998894</LatitudeDegrees>
              <LongitudeDegrees>-81.59898826852441</LongitudeDegrees>
            </Position>
            <AltitudeMeters>172.60000610351562</AltitudeMeters>
            <DistanceMeters>1814.6300048828125</DistanceMeters>
            <HeartRateBpm>
              <Value>82</Value>
            </HeartRateBpm>
            <Extensions>
              <ns3:TPX>
                <ns3:Speed>1.6979999542236328</ns3:Speed>
              </ns3:TPX>
            </Extensions>
          </Trackpoint>
          <Trackpoint>
            <Time>2026-07-30T16:30:09.000Z</Time>
            <Position>
              <LatitudeDegrees>44.29090381599963</LatitudeDegrees>
              <LongitudeDegrees>-81.59902598708868</LongitudeDegrees>
            </Position>
            <AltitudeMeters>172.60000610351562</AltitudeMeters>
            <DistanceMeters>1826.8699951171875</DistanceMeters>
            <HeartRateBpm>
              <Value>86</Value>
            </HeartRateBpm>
            <Extensions>
              <ns3:TPX>
                <ns3:Speed>1.902999997138977</ns3:Speed>
              </ns3:TPX>
            </Extensions>
          </Trackpoint>
          <Trackpoint>
            <Time>2026-07-30T16:30:11.000Z</Time>
            <Position>
              <LatitudeDegrees>44.2908569611609</LatitudeDegrees>
              <LongitudeDegrees>-81.59903981722891</LongitudeDegrees>
            </Position>
            <AltitudeMeters>172.8000030517578</AltitudeMeters>
            <DistanceMeters>1832.1800537109375</DistanceMeters>
            <HeartRateBpm>
              <Value>85</Value>
            </HeartRateBpm>
            <Extensions>
              <ns3:TPX>
                <ns3:Speed>2.183000087738037</ns3:Speed>
              </ns3:TPX>
            </Extensions>
          </Trackpoint>
          <Trackpoint>
            <Time>2026-07-30T16:30:20.000Z</Time>
            <Position>
              <LatitudeDegrees>44.29065420292318</LatitudeDegrees>
              <LongitudeDegrees>-81.59908692352474</LongitudeDegrees>
            </Position>
            <AltitudeMeters>173.0</AltitudeMeters>
            <DistanceMeters>1855.0799560546875</DistanceMeters>
            <HeartRateBpm>
              <Value>87</Value>
            </HeartRateBpm>
            <Extensions>
              <ns3:TPX>
                <ns3:Speed>2.4630000591278076</ns3:Speed>
              </ns3:TPX>
            </Extensions>
          </Trackpoint>
          <Trackpoint>
            <Time>2026-07-30T16:30:29.000Z</Time>
            <Position>
              <LatitudeDegrees>44.29046276025474</LatitudeDegrees>
              <LongitudeDegrees>-81.5991388913244</LongitudeDegrees>
            </Position>
            <AltitudeMeters>172.60000610351562</AltitudeMeters>
            <DistanceMeters>1876.739990234375</DistanceMeters>
            <HeartRateBpm>
              <Value>84</Value>
            </HeartRateBpm>
            <Extensions>
              <ns3:TPX>
                <ns3:Speed>2.4170000553131104</ns3:Speed>
              </ns3:TPX>
            </Extensions>
          </Trackpoint>
          <Trackpoint>
            <Time>2026-07-30T16:30:30.000Z</Time>
            <Position>
              <LatitudeDegrees>44.29043920710683</LatitudeDegrees>
              <LongitudeDegrees>-81.59914526157081</LongitudeDegrees>
            </Position>
            <AltitudeMeters>172.60000610351562</AltitudeMeters>
            <DistanceMeters>1879.4100341796875</DistanceMeters>
            <HeartRateBpm>
              <Value>87</Value>
            </HeartRateBpm>
            <Extensions>
              <ns3:TPX>
                <ns3:Speed>2.4170000553131104</ns3:Speed>
              </ns3:TPX>
            </Extensions>
          </Trackpoint>
          <Trackpoint>
            <Time>2026-07-30T16:30:31.000Z</Time>
            <Position>
              <LatitudeDegrees>44.2904148157686</LatitudeDegrees>
              <LongitudeDegrees>-81.59915196709335</LongitudeDegrees>
            </Position>
            <AltitudeMeters>172.60000610351562</AltitudeMeters>
            <DistanceMeters>1882.1600341796875</DistanceMeters>
            <HeartRateBpm>
              <Value>91</Value>
            </HeartRateBpm>
            <Extensions>
              <ns3:TPX>
                <ns3:Speed>2.4170000553131104</ns3:Speed>
              </ns3:TPX>
            </Extensions>
          </Trackpoint>
          <Trackpoint>
            <Time>2026-07-30T16:30:33.000Z</Time>
            <Position>
              <LatitudeDegrees>44.29036972112954</LatitudeDegrees>
              <LongitudeDegrees>-81.59917040728033</LongitudeDegrees>
            </Position>
            <AltitudeMeters>172.60000610351562</AltitudeMeters>
            <DistanceMeters>1887.3699951171875</DistanceMeters>
            <HeartRateBpm>
              <Value>94</Value>
            </HeartRateBpm>
            <Extensions>
              <ns3:TPX>
                <ns3:Speed>2.500999927520752</ns3:Speed>
              </ns3:TPX>
            </Extensions>
          </Trackpoint>
          <Trackpoint>
            <Time>2026-07-30T16:30:39.000Z</Time>
            <Position>
              <LatitudeDegrees>44.290226474404335</LatitudeDegrees>
              <LongitudeDegrees>-81.59921927377582</LongitudeDegrees>
            </Position>
            <AltitudeMeters>172.8000030517578</AltitudeMeters>
            <DistanceMeters>1903.77001953125</DistanceMeters>
            <HeartRateBpm>
              <Value>95</Value>
            </HeartRateBpm>
            <Extensions>
              <ns3:TPX>
                <ns3:Speed>2.743000030517578</ns3:Speed>
              </ns3:TPX>
            </Extensions>
          </Trackpoint>
          <Trackpoint>
            <Time>2026-07-30T16:30:49.000Z</Time>
            <Position>
              <LatitudeDegrees>44.29000477306545</LatitudeDegrees>
              <LongitudeDegrees>-81.599264703691</LongitudeDegrees>
            </Position>
            <AltitudeMeters>173.0</AltitudeMeters>
            <DistanceMeters>1928.6600341796875</DistanceMeters>
            <HeartRateBpm>
              <Value>94</Value>
            </HeartRateBpm>
            <Extensions>
              <ns3:TPX>
                <ns3:Speed>2.556999921798706</ns3:Speed>
              </ns3:TPX>
            </Extensions>
          </Trackpoint>
          <Trackpoint>
            <Time>2026-07-30T16:30:53.000Z</Time>
            <Position>
              <LatitudeDegrees>44.28992279805243</LatitudeDegrees>
              <LongitudeDegrees>-81.59928465262055</LongitudeDegrees>
            </Position>
            <AltitudeMeters>172.8000030517578</AltitudeMeters>
            <DistanceMeters>1937.9200439453125</DistanceMeters>
            <HeartRateBpm>
              <Value>97</Value>
            </HeartRateBpm>
            <Extensions>
              <ns3:TPX>
                <ns3:Speed>2.500999927520752</ns3:Speed>
              </ns3:TPX>
            </Extensions>
          </Trackpoint>
          <Trackpoint>
            <Time>2026-07-30T16:30:58.000Z</Time>
            <Position>
              <LatitudeDegrees>44.289822382852435</LatitudeDegrees>
              <LongitudeDegrees>-81.59929035231471</LongitudeDegrees>
            </Position>
            <AltitudeMeters>172.8000030517578</AltitudeMeters>
            <DistanceMeters>1949.0899658203125</DistanceMeters>
            <HeartRateBpm>
              <Value>94</Value>
            </HeartRateBpm>
            <Extensions>
              <ns3:TPX>
                <ns3:Speed>2.3420000076293945</ns3:Speed>
              </ns3:TPX>
            </Extensions>
          </Trackpoint>
          <Trackpoint>
            <Time>2026-07-30T16:31:00.000Z</Time>
            <Position>
              <LatitudeDegrees>44.28978307172656</LatitudeDegrees>
              <LongitudeDegrees>-81.59928666427732</LongitudeDegrees>
            </Position>
            <AltitudeMeters>172.8000030517578</AltitudeMeters>
            <DistanceMeters>1953.4599609375</DistanceMeters>
            <HeartRateBpm>
              <Value>95</Value>
            </HeartRateBpm>
            <Extensions>
              <ns3:TPX>
                <ns3:Speed>2.3420000076293945</ns3:Speed>
              </ns3:TPX>
            </Extensions>
          </Trackpoint>
          <Trackpoint>
            <Time>2026-07-30T16:31:10.000Z</Time>
            <Position>
              <LatitudeDegrees>44.289577044546604</LatitudeDegrees>
              <LongitudeDegrees>-81.59932949580252</LongitudeDegrees>
            </Position>
            <AltitudeMeters>172.8000030517578</AltitudeMeters>
            <DistanceMeters>1976.77001953125</DistanceMeters>
            <HeartRateBpm>
              <Value>94</Value>
            </HeartRateBpm>
            <Extensions>
              <ns3:TPX>
                <ns3:Speed>2.2950000762939453</ns3:Speed>
              </ns3:TPX>
            </Extensions>
          </Trackpoint>
          <Trackpoint>
            <Time>2026-07-30T16:31:24.000Z</Time>
            <Position>
              <LatitudeDegrees>44.28926800377667</LatitudeDegrees>
              <LongitudeDegrees>-81.5994615945965</LongitudeDegrees>
            </Position>
            <AltitudeMeters>173.0</AltitudeMeters>
            <DistanceMeters>2012.72998046875</DistanceMeters>
            <HeartRateBpm>
              <Value>92</Value>
            </HeartRateBpm>
            <Extensions>
              <ns3:TPX>
                <ns3:Speed>2.5190000534057617</ns3:Speed>
              </ns3:TPX>
            </Extensions>
          </Trackpoint>
          <Trackpoint>
            <Time>2026-07-30T16:31:36.000Z</Time>
            <Position>
              <LatitudeDegrees>44.288991736248136</LatitudeDegrees>
              <LongitudeDegrees>-81.59958338364959</LongitudeDegrees>
            </Position>
            <AltitudeMeters>173.0</AltitudeMeters>
            <DistanceMeters>2044.93994140625</DistanceMeters>
            <HeartRateBpm>
              <Value>90</Value>
            </HeartRateBpm>
            <Extensions>
              <ns3:TPX>
                <ns3:Speed>2.575000047683716</ns3:Speed>
              </ns3:TPX>
            </Extensions>
          </Trackpoint>
          <Trackpoint>
            <Time>2026-07-30T16:31:47.000Z</Time>
            <Position>
              <LatitudeDegrees>44.288751846179366</LatitudeDegrees>
              <LongitudeDegrees>-81.59966359846294</LongitudeDegrees>
            </Position>
            <AltitudeMeters>173.1999969482422</AltitudeMeters>
            <DistanceMeters>2072.419921875</DistanceMeters>
            <HeartRateBpm>
              <Value>88</Value>
            </HeartRateBpm>
            <Extensions>
              <ns3:TPX>
                <ns3:Speed>2.4170000553131104</ns3:Speed>
              </ns3:TPX>
            </Extensions>
          </Trackpoint>
          <Trackpoint>
            <Time>2026-07-30T16:31:51.000Z</Time>
            <Position>
              <LatitudeDegrees>44.288669703528285</LatitudeDegrees>
              <LongitudeDegrees>-81.59971288405359</LongitudeDegrees>
            </Position>
            <AltitudeMeters>173.1999969482422</AltitudeMeters>
            <DistanceMeters>2082.3798828125</DistanceMeters>
            <HeartRateBpm>
              <Value>88</Value>
            </HeartRateBpm>
            <Extensions>
              <ns3:TPX>
                <ns3:Speed>2.4170000553131104</ns3:Speed>
              </ns3:TPX>
            </Extensions>
          </Trackpoint>
          <Trackpoint>
            <Time>2026-07-30T16:31:54.000Z</Time>
            <Position>
              <LatitudeDegrees>44.2886015586555</LatitudeDegrees>
              <LongitudeDegrees>-81.5997499320656</LongitudeDegrees>
            </Position>
            <AltitudeMeters>173.1999969482422</AltitudeMeters>
            <DistanceMeters>2090.510009765625</DistanceMeters>
            <HeartRateBpm>
              <Value>85</Value>
            </HeartRateBpm>
            <Extensions>
              <ns3:TPX>
                <ns3:Speed>2.4820001125335693</ns3:Speed>
              </ns3:TPX>
            </Extensions>
          </Trackpoint>
          <Trackpoint>
            <Time>2026-07-30T16:31:57.000Z</Time>
            <Position>
              <LatitudeDegrees>44.288534419611096</LatitudeDegrees>
              <LongitudeDegrees>-81.59978689625859</LongitudeDegrees>
            </Position>
            <AltitudeMeters>173.1999969482422</AltitudeMeters>
            <DistanceMeters>2098.530029296875</DistanceMeters>
            <HeartRateBpm>
              <Value>88</Value>
            </HeartRateBpm>
            <Extensions>
              <ns3:TPX>
                <ns3:Speed>2.4630000591278076</ns3:Speed>
              </ns3:TPX>
            </Extensions>
          </Trackpoint>
          <Trackpoint>
            <Time>2026-07-30T16:31:58.000Z</Time>
            <Position>
              <LatitudeDegrees>44.2885135486722</LatitudeDegrees>
              <LongitudeDegrees>-81.59979812800884</LongitudeDegrees>
            </Position>
            <AltitudeMeters>173.1999969482422</AltitudeMeters>
            <DistanceMeters>2101.010009765625</DistanceMeters>
            <HeartRateBpm>
              <Value>88</Value>
            </HeartRateBpm>
            <Extensions>
              <ns3:TPX>
                <ns3:Speed>2.4630000591278076</ns3:Speed>
              </ns3:TPX>
            </Extensions>
          </Trackpoint>
          <Trackpoint>
            <Time>2026-07-30T16:32:06.000Z</Time>
            <Position>
              <LatitudeDegrees>44.28834708407521</LatitudeDegrees>
              <LongitudeDegrees>-81.59987507387996</LongitudeDegrees>
            </Position>
            <AltitudeMeters>173.1999969482422</AltitudeMeters>
            <DistanceMeters>2120.52001953125</DistanceMeters>
            <HeartRateBpm>
              <Value>86</Value>
            </HeartRateBpm>
            <Extensions>
              <ns3:TPX>
                <ns3:Speed>2.444999933242798</ns3:Speed>
              </ns3:TPX>
            </Extensions>
          </Trackpoint>
          <Trackpoint>
            <Time>2026-07-30T16:32:17.000Z</Time>
            <Position>
              <LatitudeDegrees>44.28811876103282</LatitudeDegrees>
              <LongitudeDegrees>-81.59996660426259</LongitudeDegrees>
            </Position>
            <AltitudeMeters>173.39999389648438</AltitudeMeters>
            <DistanceMeters>2146.929931640625</DistanceMeters>
            <HeartRateBpm>
              <Value>84</Value>
            </HeartRateBpm>
            <Extensions>
              <ns3:TPX>
                <ns3:Speed>2.3610000610351562</ns3:Speed>
              </ns3:TPX>
            </Extensions>
          </Trackpoint>
          <Trackpoint>
            <Time>2026-07-30T16:32:24.000Z</Time>
            <Position>
              <LatitudeDegrees>44.2879696469754</LatitudeDegrees>
              <LongitudeDegrees>-81.60001873970032</LongitudeDegrees>
            </Position>
            <AltitudeMeters>173.39999389648438</AltitudeMeters>
            <DistanceMeters>2164.02001953125</DistanceMeters>
            <HeartRateBpm>
              <Value>81</Value>
            </HeartRateBpm>
            <Extensions>
              <ns3:TPX>
                <ns3:Speed>2.4630000591278076</ns3:Speed>
              </ns3:TPX>
            </Extensions>
          </Trackpoint>
          <Trackpoint>
            <Time>2026-07-30T16:32:30.000Z</Time>
            <Position>
              <LatitudeDegrees>44.28784115239978</LatitudeDegrees>
              <LongitudeDegrees>-81.60007732920349</LongitudeDegrees>
            </Position>
            <AltitudeMeters>173.39999389648438</AltitudeMeters>
            <DistanceMeters>2179.0400390625</DistanceMeters>
            <HeartRateBpm>
              <Value>82</Value>
            </HeartRateBpm>
            <Extensions>
              <ns3:TPX>
                <ns3:Speed>2.4820001125335693</ns3:Speed>
              </ns3:TPX>
            </Extensions>
          </Trackpoint>
          <Trackpoint>
            <Time>2026-07-30T16:32:36.000Z</Time>
            <Position>
              <LatitudeDegrees>44.28770477883518</LatitudeDegrees>
              <LongitudeDegrees>-81.60012954846025</LongitudeDegrees>
            </Position>
            <AltitudeMeters>173.39999389648438</AltitudeMeters>
            <DistanceMeters>2194.760009765625</DistanceMeters>
            <HeartRateBpm>
              <Value>79</Value>
            </HeartRateBpm>
            <Extensions>
              <ns3:TPX>
                <ns3:Speed>2.490999937057495</ns3:Speed>
              </ns3:TPX>
            </Extensions>
          </Trackpoint>
          <Trackpoint>
            <Time>2026-07-30T16:32:41.000Z</Time>
            <Position>
              <LatitudeDegrees>44.28759631700814</LatitudeDegrees>
              <LongitudeDegrees>-81.60017414018512</LongitudeDegrees>
            </Position>
            <AltitudeMeters>173.39999389648438</AltitudeMeters>
            <DistanceMeters>2207.320068359375</DistanceMeters>
            <HeartRateBpm>
              <Value>77</Value>
            </HeartRateBpm>
            <Extensions>
              <ns3:TPX>
                <ns3:Speed>2.490999937057495</ns3:Speed>
              </ns3:TPX>
            </Extensions>
          </Trackpoint>
          <Trackpoint>
            <Time>2026-07-30T16:32:53.000Z</Time>
            <Position>
              <LatitudeDegrees>44.287341171875596</LatitudeDegrees>
              <LongitudeDegrees>-81.60026852041483</LongitudeDegrees>
            </Position>
            <AltitudeMeters>173.8000030517578</AltitudeMeters>
            <DistanceMeters>2236.669921875</DistanceMeters>
            <HeartRateBpm>
              <Value>76</Value>
            </HeartRateBpm>
            <Extensions>
              <ns3:TPX>
                <ns3:Speed>2.3889999389648438</ns3:Speed>
              </ns3:TPX>
            </Extensions>
          </Trackpoint>
          <Trackpoint>
            <Time>2026-07-30T16:32:58.000Z</Time>
            <Position>
              <LatitudeDegrees>44.28731409832835</LatitudeDegrees>
              <LongitudeDegrees>-81.60035518929362</LongitudeDegrees>
            </Position>
            <AltitudeMeters>174.1999969482422</AltitudeMeters>
            <DistanceMeters>2244.239990234375</DistanceMeters>
            <HeartRateBpm>
              <Value>75</Value>
            </HeartRateBpm>
            <Extensions>
              <ns3:TPX>
                <ns3:Speed>1.2319999933242798</ns3:Speed>
              </ns3:TPX>
            </Extensions>
          </Trackpoint>
          <Trackpoint>
            <Time>2026-07-30T16:33:00.000Z</Time>
            <Position>
              <LatitudeDegrees>44.28731451742351</LatitudeDegrees>
              <LongitudeDegrees>-81.6003836877644</LongitudeDegrees>
            </Position>
            <AltitudeMeters>174.1999969482422</AltitudeMeters>
            <DistanceMeters>2246.510009765625</DistanceMeters>
            <HeartRateBpm>
              <Value>75</Value>
            </HeartRateBpm>
            <Extensions>
              <ns3:TPX>
                <ns3:Speed>1.1660000085830688</ns3:Speed>
              </ns3:TPX>
            </Extensions>
          </Trackpoint>
          <Trackpoint>
            <Time>2026-07-30T16:33:08.000Z</Time>
            <Position>
              <LatitudeDegrees>44.28732859902084</LatitudeDegrees>
              <LongitudeDegrees>-81.60049147903919</LongitudeDegrees>
            </Position>
            <AltitudeMeters>174.1999969482422</AltitudeMeters>
            <DistanceMeters>2255.179931640625</DistanceMeters>
            <HeartRateBpm>
              <Value>75</Value>
            </HeartRateBpm>
            <Extensions>
              <ns3:TPX>
                <ns3:Speed>1.0449999570846558</ns3:Speed>
              </ns3:TPX>
            </Extensions>
          </Trackpoint>
          <Trackpoint>
            <Time>2026-07-30T16:33:16.000Z</Time>
            <Position>
              <LatitudeDegrees>44.287334214895964</LatitudeDegrees>
              <LongitudeDegrees>-81.6005530860275</LongitudeDegrees>
            </Position>
            <AltitudeMeters>174.1999969482422</AltitudeMeters>
            <DistanceMeters>2260.31005859375</DistanceMeters>
            <HeartRateBpm>
              <Value>76</Value>
            </HeartRateBpm>
            <Extensions>
              <ns3:TPX>
                <ns3:Speed>0.6159999966621399</ns3:Speed>
              </ns3:TPX>
            </Extensions>
          </Trackpoint>
          <Trackpoint>
            <Time>2026-07-30T16:33:23.000Z</Time>
            <Position>
              <LatitudeDegrees>44.287331281229854</LatitudeDegrees>
              <LongitudeDegrees>-81.60055275075138</LongitudeDegrees>
            </Position>
            <AltitudeMeters>174.1999969482422</AltitudeMeters>
            <DistanceMeters>2262.3701171875</DistanceMeters>
            <HeartRateBpm>
              <Value>78</Value>
            </HeartRateBpm>
            <Extensions>
              <ns3:TPX>
                <ns3:Speed>0.0</ns3:Speed>
              </ns3:TPX>
            </Extensions>
          </Trackpoint>
          <Trackpoint>
            <Time>2026-07-30T16:33:31.000Z</Time>
            <Position>
              <LatitudeDegrees>44.28732759319246</LatitudeDegrees>
              <LongitudeDegrees>-81.60054369829595</LongitudeDegrees>
            </Position>
            <AltitudeMeters>174.1999969482422</AltitudeMeters>
            <DistanceMeters>2263.60009765625</DistanceMeters>
            <HeartRateBpm>
              <Value>79</Value>
            </HeartRateBpm>
            <Extensions>
              <ns3:TPX>
                <ns3:Speed>0.0</ns3:Speed>
              </ns3:TPX>
            </Extensions>
          </Trackpoint>
          <Trackpoint>
            <Time>2026-07-30T16:33:40.000Z</Time>
            <Position>
              <LatitudeDegrees>44.28731116466224</LatitudeDegrees>
              <LongitudeDegrees>-81.60056264139712</LongitudeDegrees>
            </Position>
            <AltitudeMeters>174.1999969482422</AltitudeMeters>
            <DistanceMeters>2266.070068359375</DistanceMeters>
            <HeartRateBpm>
              <Value>80</Value>
            </HeartRateBpm>
            <Extensions>
              <ns3:TPX>
                <ns3:Speed>0.0</ns3:Speed>
              </ns3:TPX>
            </Extensions>
          </Trackpoint>
          <Trackpoint>
            <Time>2026-07-30T16:33:46.000Z</Time>
            <Position>
              <LatitudeDegrees>44.2872822470963</LatitudeDegrees>
              <LongitudeDegrees>-81.60061787813902</LongitudeDegrees>
            </Position>
            <AltitudeMeters>174.1999969482422</AltitudeMeters>
            <DistanceMeters>2271.510009765625</DistanceMeters>
            <HeartRateBpm>
              <Value>82</Value>
            </HeartRateBpm>
            <Extensions>
              <ns3:TPX>
                <ns3:Speed>1.6979999542236328</ns3:Speed>
              </ns3:TPX>
            </Extensions>
          </Trackpoint>
          <Trackpoint>
            <Time>2026-07-30T16:33:48.000Z</Time>
            <Position>
              <LatitudeDegrees>44.2872563470155</LatitudeDegrees>
              <LongitudeDegrees>-81.60065517760813</LongitudeDegrees>
            </Position>
            <AltitudeMeters>174.1999969482422</AltitudeMeters>
            <DistanceMeters>2275.6298828125</DistanceMeters>
            <HeartRateBpm>
              <Value>82</Value>
            </HeartRateBpm>
            <Extensions>
              <ns3:TPX>
                <ns3:Speed>2.118000030517578</ns3:Speed>
              </ns3:TPX>
            </Extensions>
          </Trackpoint>
          <Trackpoint>
            <Time>2026-07-30T16:33:53.000Z</Time>
            <Position>
              <LatitudeDegrees>44.287220975384116</LatitudeDegrees>
              <LongitudeDegrees>-81.60073840990663</LongitudeDegrees>
            </Position>
            <AltitudeMeters>173.39999389648438</AltitudeMeters>
            <DistanceMeters>2283.409912109375</DistanceMeters>
            <HeartRateBpm>
              <Value>84</Value>
            </HeartRateBpm>
            <Extensions>
              <ns3:TPX>
                <ns3:Speed>1.6979999542236328</ns3:Speed>
              </ns3:TPX>
            </Extensions>
          </Trackpoint>
          <Trackpoint>
            <Time>2026-07-30T16:33:57.000Z</Time>
            <Position>
              <LatitudeDegrees>44.2872254177928</LatitudeDegrees>
              <LongitudeDegrees>-81.6007568500936</LongitudeDegrees>
            </Position>
            <AltitudeMeters>173.39999389648438</AltitudeMeters>
            <DistanceMeters>2285.0400390625</DistanceMeters>
            <HeartRateBpm>
              <Value>83</Value>
            </HeartRateBpm>
            <Extensions>
              <ns3:TPX>
                <ns3:Speed>0.0</ns3:Speed>
              </ns3:TPX>
            </Extensions>
          </Trackpoint>
          <Trackpoint>
            <Time>2026-07-30T16:33:58.000Z</Time>
            <Position>
              <LatitudeDegrees>44.287225333973765</LatitudeDegrees>
              <LongitudeDegrees>-81.60075534135103</LongitudeDegrees>
            </Position>
            <AltitudeMeters>173.39999389648438</AltitudeMeters>
            <DistanceMeters>2285.0400390625</DistanceMeters>
            <HeartRateBpm>
              <Value>86</Value>
            </HeartRateBpm>
            <Extensions>
              <ns3:TPX>
                <ns3:Speed>0.0</ns3:Speed>
              </ns3:TPX>
            </Extensions>
          </Trackpoint>
          <Trackpoint>
            <Time>2026-07-30T16:34:03.000Z</Time>
            <Position>
              <LatitudeDegrees>44.28722717799246</LatitudeDegrees>
              <LongitudeDegrees>-81.60075626336038</LongitudeDegrees>
            </Position>
            <AltitudeMeters>173.1999969482422</AltitudeMeters>
            <DistanceMeters>2286.030029296875</DistanceMeters>
            <HeartRateBpm>
              <Value>87</Value>
            </HeartRateBpm>
            <Extensions>
              <ns3:TPX>
                <ns3:Speed>0.0</ns3:Speed>
              </ns3:TPX>
            </Extensions>
          </Trackpoint>
          <Trackpoint>
            <Time>2026-07-30T16:34:04.000Z</Time>
            <Position>
              <LatitudeDegrees>44.287227261811495</LatitudeDegrees>
              <LongitudeDegrees>-81.60075374878943</LongitudeDegrees>
            </Position>
            <AltitudeMeters>173.1999969482422</AltitudeMeters>
            <DistanceMeters>2286.18994140625</DistanceMeters>
            <HeartRateBpm>
              <Value>88</Value>
            </HeartRateBpm>
            <Extensions>
              <ns3:TPX>
                <ns3:Speed>0.0</ns3:Speed>
              </ns3:TPX>
            </Extensions>
          </Trackpoint>
          <Trackpoint>
            <Time>2026-07-30T16:34:15.000Z</Time>
            <Position>
              <LatitudeDegrees>44.287229189649224</LatitudeDegrees>
              <LongitudeDegrees>-81.60074754618108</LongitudeDegrees>
            </Position>
            <AltitudeMeters>173.1999969482422</AltitudeMeters>
            <DistanceMeters>2286.679931640625</DistanceMeters>
            <HeartRateBpm>
              <Value>90</Value>
            </HeartRateBpm>
            <Extensions>
              <ns3:TPX>
                <ns3:Speed>1.0449999570846558</ns3:Speed>
              </ns3:TPX>
            </Extensions>
          </Trackpoint>
          <Trackpoint>
            <Time>2026-07-30T16:34:17.000Z</Time>
            <Position>
              <LatitudeDegrees>44.287245785817504</LatitudeDegrees>
              <LongitudeDegrees>-81.60069792531431</LongitudeDegrees>
            </Position>
            <AltitudeMeters>173.39999389648438</AltitudeMeters>
            <DistanceMeters>2291.050048828125</DistanceMeters>
            <HeartRateBpm>
              <Value>91</Value>
            </HeartRateBpm>
            <Extensions>
              <ns3:TPX>
                <ns3:Speed>1.5299999713897705</ns3:Speed>
              </ns3:TPX>
            </Extensions>
          </Trackpoint>
          <Trackpoint>
            <Time>2026-07-30T16:34:23.000Z</Time>
            <Position>
              <LatitudeDegrees>44.2872700933367</LatitudeDegrees>
              <LongitudeDegrees>-81.6004827618599</LongitudeDegrees>
            </Position>
            <AltitudeMeters>173.39999389648438</AltitudeMeters>
            <DistanceMeters>2308.449951171875</DistanceMeters>
            <HeartRateBpm>
              <Value>92</Value>
            </HeartRateBpm>
            <Extensions>
              <ns3:TPX>
                <ns3:Speed>2.015000104904175</ns3:Speed>
              </ns3:TPX>
            </Extensions>
          </Trackpoint>
          <Trackpoint>
            <Time>2026-07-30T16:34:30.000Z</Time>
            <Position>
              <LatitudeDegrees>44.28730730898678</LatitudeDegrees>
              <LongitudeDegrees>-81.6002803388983</LongitudeDegrees>
            </Position>
            <AltitudeMeters>173.60000610351562</AltitudeMeters>
            <DistanceMeters>2325.35009765625</DistanceMeters>
            <HeartRateBpm>
              <Value>92</Value>
            </HeartRateBpm>
            <Extensions>
              <ns3:TPX>
                <ns3:Speed>2.2950000762939453</ns3:Speed>
              </ns3:TPX>
            </Extensions>
          </Trackpoint>
          <Trackpoint>
            <Time>2026-07-30T16:34:35.000Z</Time>
            <Position>
              <LatitudeDegrees>44.28734477609396</LatitudeDegrees>
              <LongitudeDegrees>-81.600131560117</LongitudeDegrees>
            </Position>
            <AltitudeMeters>174.1999969482422</AltitudeMeters>
            <DistanceMeters>2337.949951171875</DistanceMeters>
            <HeartRateBpm>
              <Value>92</Value>
            </HeartRateBpm>
            <Extensions>
              <ns3:TPX>
                <ns3:Speed>2.322999954223633</ns3:Speed>
              </ns3:TPX>
            </Extensions>
          </Trackpoint>
          <Trackpoint>
            <Time>2026-07-30T16:34:39.000Z</Time>
            <Position>
              <LatitudeDegrees>44.28737956099212</LatitudeDegrees>
              <LongitudeDegrees>-81.60000876523554</LongitudeDegrees>
            </Position>
            <AltitudeMeters>174.39999389648438</AltitudeMeters>
            <DistanceMeters>2348.5</DistanceMeters>
            <HeartRateBpm>
              <Value>92</Value>
            </HeartRateBpm>
            <Extensions>
              <ns3:TPX>
                <ns3:Speed>2.490999937057495</ns3:Speed>
              </ns3:TPX>
            </Extensions>
          </Trackpoint>
          <Trackpoint>
            <Time>2026-07-30T16:34:48.000Z</Time>
            <Position>
              <LatitudeDegrees>44.28746061399579</LatitudeDegrees>
              <LongitudeDegrees>-81.5997327491641</LongitudeDegrees>
            </Position>
            <AltitudeMeters>174.60000610351562</AltitudeMeters>
            <DistanceMeters>2372.330078125</DistanceMeters>
            <HeartRateBpm>
              <Value>89</Value>
            </HeartRateBpm>
            <Extensions>
              <ns3:TPX>
                <ns3:Speed>2.575000047683716</ns3:Speed>
              </ns3:TPX>
            </Extensions>
          </Trackpoint>
          <Trackpoint>
            <Time>2026-07-30T16:34:52.000Z</Time>
            <Position>
              <LatitudeDegrees>44.28749866783619</LatitudeDegrees>
              <LongitudeDegrees>-81.59962076693773</LongitudeDegrees>
            </Position>
            <AltitudeMeters>174.60000610351562</AltitudeMeters>
            <DistanceMeters>2382.22998046875</DistanceMeters>
            <HeartRateBpm>
              <Value>86</Value>
            </HeartRateBpm>
            <Extensions>
              <ns3:TPX>
                <ns3:Speed>2.5290000438690186</ns3:Speed>
              </ns3:TPX>
            </Extensions>
          </Trackpoint>
          <Trackpoint>
            <Time>2026-07-30T16:34:57.000Z</Time>
            <Position>
              <LatitudeDegrees>44.28753144107759</LatitudeDegrees>
              <LongitudeDegrees>-81.59947064705193</LongitudeDegrees>
            </Position>
            <AltitudeMeters>174.8000030517578</AltitudeMeters>
            <DistanceMeters>2394.760009765625</DistanceMeters>
            <HeartRateBpm>
              <Value>84</Value>
            </HeartRateBpm>
            <Extensions>
              <ns3:TPX>
                <ns3:Speed>2.490999937057495</ns3:Speed>
              </ns3:TPX>
            </Extensions>
          </Trackpoint>
          <Trackpoint>
            <Time>2026-07-30T16:35:02.000Z</Time>
            <Position>
              <LatitudeDegrees>44.287549797445536</LatitudeDegrees>
              <LongitudeDegrees>-81.59932052716613</LongitudeDegrees>
            </Position>
            <AltitudeMeters>174.1999969482422</AltitudeMeters>
            <DistanceMeters>2406.89990234375</DistanceMeters>
            <HeartRateBpm>
              <Value>87</Value>
            </HeartRateBpm>
            <Extensions>
              <ns3:TPX>
                <ns3:Speed>2.5290000438690186</ns3:Speed>
              </ns3:TPX>
            </Extensions>
          </Trackpoint>
          <Trackpoint>
            <Time>2026-07-30T16:35:07.000Z</Time>
            <Position>
              <LatitudeDegrees>44.28757980465889</LatitudeDegrees>
              <LongitudeDegrees>-81.599185410887</LongitudeDegrees>
            </Position>
            <AltitudeMeters>173.8000030517578</AltitudeMeters>
            <DistanceMeters>2418.239990234375</DistanceMeters>
            <HeartRateBpm>
              <Value>88</Value>
            </HeartRateBpm>
            <Extensions>
              <ns3:TPX>
                <ns3:Speed>2.434999942779541</ns3:Speed>
              </ns3:TPX>
            </Extensions>
          </Trackpoint>
          <Trackpoint>
            <Time>2026-07-30T16:35:15.000Z</Time>
            <Position>
              <LatitudeDegrees>44.287636801600456</LatitudeDegrees>
              <LongitudeDegrees>-81.59888139925897</LongitudeDegrees>
            </Position>
            <AltitudeMeters>174.39999389648438</AltitudeMeters>
            <DistanceMeters>2443.35009765625</DistanceMeters>
            <HeartRateBpm>
              <Value>90</Value>
            </HeartRateBpm>
            <Extensions>
              <ns3:TPX>
                <ns3:Speed>3.134999990463257</ns3:Speed>
              </ns3:TPX>
            </Extensions>
          </Trackpoint>
          <Trackpoint>
            <Time>2026-07-30T16:35:27.000Z</Time>
            <Position>
              <LatitudeDegrees>44.28774543106556</LatitudeDegrees>
              <LongitudeDegrees>-81.59847320057452</LongitudeDegrees>
            </Position>
            <AltitudeMeters>174.60000610351562</AltitudeMeters>
            <DistanceMeters>2478.110107421875</DistanceMeters>
            <HeartRateBpm>
              <Value>88</Value>
            </HeartRateBpm>
            <Extensions>
              <ns3:TPX>
                <ns3:Speed>2.8550000190734863</ns3:Speed>
              </ns3:TPX>
            </Extensions>
          </Trackpoint>
          <Trackpoint>
            <Time>2026-07-30T16:35:36.000Z</Time>
            <Position>
              <LatitudeDegrees>44.28781567141414</LatitudeDegrees>
              <LongitudeDegrees>-81.59820380620658</LongitudeDegrees>
            </Position>
            <AltitudeMeters>174.8000030517578</AltitudeMeters>
            <DistanceMeters>2501.06005859375</DistanceMeters>
            <HeartRateBpm>
              <Value>88</Value>
            </HeartRateBpm>
            <Extensions>
              <ns3:TPX>
                <ns3:Speed>2.4730000495910645</ns3:Speed>
              </ns3:TPX>
            </Extensions>
          </Trackpoint>
          <Trackpoint>
            <Time>2026-07-30T16:35:43.000Z</Time>
            <Position>
              <LatitudeDegrees>44.28785162977874</LatitudeDegrees>
              <LongitudeDegrees>-81.59799643792212</LongitudeDegrees>
            </Position>
            <AltitudeMeters>174.8000030517578</AltitudeMeters>
            <DistanceMeters>2518.090087890625</DistanceMeters>
            <HeartRateBpm>
              <Value>91</Value>
            </HeartRateBpm>
            <Extensions>
              <ns3:TPX>
                <ns3:Speed>2.3329999446868896</ns3:Speed>
              </ns3:TPX>
            </Extensions>
          </Trackpoint>
          <Trackpoint>
            <Time>2026-07-30T16:35:45.000Z</Time>
            <Position>
              <LatitudeDegrees>44.28785632364452</LatitudeDegrees>
              <LongitudeDegrees>-81.59793986007571</LongitudeDegrees>
            </Position>
            <AltitudeMeters>174.8000030517578</AltitudeMeters>
            <DistanceMeters>2522.639892578125</DistanceMeters>
            <HeartRateBpm>
              <Value>91</Value>
            </HeartRateBpm>
            <Extensions>
              <ns3:TPX>
                <ns3:Speed>2.4070000648498535</ns3:Speed>
              </ns3:TPX>
            </Extensions>
          </Trackpoint>
          <Trackpoint>
            <Time>2026-07-30T16:35:53.000Z</Time>
            <Position>
              <LatitudeDegrees>44.28789848461747</LatitudeDegrees>
              <LongitudeDegrees>-81.59771187230945</LongitudeDegrees>
            </Position>
            <AltitudeMeters>175.0</AltitudeMeters>
            <DistanceMeters>2541.4599609375</DistanceMeters>
            <HeartRateBpm>
              <Value>91</Value>
            </HeartRateBpm>
            <Extensions>
              <ns3:TPX>
                <ns3:Speed>2.4070000648498535</ns3:Speed>
              </ns3:TPX>
            </Extensions>
          </Trackpoint>
          <Trackpoint>
            <Time>2026-07-30T16:36:01.000Z</Time>
            <Position>
              <LatitudeDegrees>44.28796629421413</LatitudeDegrees>
              <LongitudeDegrees>-81.59749025478959</LongitudeDegrees>
            </Position>
            <AltitudeMeters>174.8000030517578</AltitudeMeters>
            <DistanceMeters>2560.659912109375</DistanceMeters>
            <HeartRateBpm>
              <Value>92</Value>
            </HeartRateBpm>
            <Extensions>
              <ns3:TPX>
                <ns3:Speed>2.2860000133514404</ns3:Speed>
              </ns3:TPX>
            </Extensions>
          </Trackpoint>
          <Trackpoint>
            <Time>2026-07-30T16:36:09.000Z</Time>
            <Position>
              <LatitudeDegrees>44.288034019991755</LatitudeDegrees>
              <LongitudeDegrees>-81.5972479339689</LongitudeDegrees>
            </Position>
            <AltitudeMeters>175.0</AltitudeMeters>
            <DistanceMeters>2581.4599609375</DistanceMeters>
            <HeartRateBpm>
              <Value>95</Value>
            </HeartRateBpm>
            <Extensions>
              <ns3:TPX>
                <ns3:Speed>2.4820001125335693</ns3:Speed>
              </ns3:TPX>
            </Extensions>
          </Trackpoint>
          <Trackpoint>
            <Time>2026-07-30T16:36:10.000Z</Time>
            <Position>
              <LatitudeDegrees>44.28804072551429</LatitudeDegrees>
              <LongitudeDegrees>-81.59721910022199</LongitudeDegrees>
            </Position>
            <AltitudeMeters>175.0</AltitudeMeters>
            <DistanceMeters>2583.8701171875</DistanceMeters>
            <HeartRateBpm>
              <Value>95</Value>
            </HeartRateBpm>
            <Extensions>
              <ns3:TPX>
                <ns3:Speed>2.434999942779541</ns3:Speed>
              </ns3:TPX>
            </Extensions>
          </Trackpoint>
          <Trackpoint>
            <Time>2026-07-30T16:36:20.000Z</Time>
            <Position>
              <LatitudeDegrees>44.28807249292731</LatitudeDegrees>
              <LongitudeDegrees>-81.59694735892117</LongitudeDegrees>
            </Position>
            <AltitudeMeters>175.0</AltitudeMeters>
            <DistanceMeters>2605.8701171875</DistanceMeters>
            <HeartRateBpm>
              <Value>95</Value>
            </HeartRateBpm>
            <Extensions>
              <ns3:TPX>
                <ns3:Speed>2.257999897003174</ns3:Speed>
              </ns3:TPX>
            </Extensions>
          </Trackpoint>
          <Trackpoint>
            <Time>2026-07-30T16:36:27.000Z</Time>
            <Position>
              <LatitudeDegrees>44.28807919844985</LatitudeDegrees>
              <LongitudeDegrees>-81.59675809554756</LongitudeDegrees>
            </Position>
            <AltitudeMeters>174.8000030517578</AltitudeMeters>
            <DistanceMeters>2621.06005859375</DistanceMeters>
            <HeartRateBpm>
              <Value>92</Value>
            </HeartRateBpm>
            <Extensions>
              <ns3:TPX>
                <ns3:Speed>2.257999897003174</ns3:Speed>
              </ns3:TPX>
            </Extensions>
          </Trackpoint>
          <Trackpoint>
            <Time>2026-07-30T16:36:30.000Z</Time>
            <Position>
              <LatitudeDegrees>44.28808229975402</LatitudeDegrees>
              <LongitudeDegrees>-81.59669296815991</LongitudeDegrees>
            </Position>
            <AltitudeMeters>175.0</AltitudeMeters>
            <DistanceMeters>2626.25</DistanceMeters>
            <HeartRateBpm>
              <Value>91</Value>
            </HeartRateBpm>
            <Extensions>
              <ns3:TPX>
                <ns3:Speed>2.118000030517578</ns3:Speed>
              </ns3:TPX>
            </Extensions>
          </Trackpoint>
          <Trackpoint>
            <Time>2026-07-30T16:36:35.000Z</Time>
            <Position>
              <LatitudeDegrees>44.288114067167044</LatitudeDegrees>
              <LongitudeDegrees>-81.59658936783671</LongitudeDegrees>
            </Position>
            <AltitudeMeters>175.0</AltitudeMeters>
            <DistanceMeters>2635.239990234375</DistanceMeters>
            <HeartRateBpm>
              <Value>88</Value>
            </HeartRateBpm>
            <Extensions>
              <ns3:TPX>
                <ns3:Speed>1.847000002861023</ns3:Speed>
              </ns3:TPX>
            </Extensions>
          </Trackpoint>
          <Trackpoint>
            <Time>2026-07-30T16:36:40.000Z</Time>
            <Position>
              <LatitudeDegrees>44.2881543841213</LatitudeDegrees>
              <LongitudeDegrees>-81.59646213054657</LongitudeDegrees>
            </Position>
            <AltitudeMeters>175.0</AltitudeMeters>
            <DistanceMeters>2646.340087890625</DistanceMeters>
            <HeartRateBpm>
              <Value>84</Value>
            </HeartRateBpm>
            <Extensions>
              <ns3:TPX>
                <ns3:Speed>2.015000104904175</ns3:Speed>
              </ns3:TPX>
            </Extensions>
          </Trackpoint>
          <Trackpoint>
            <Time>2026-07-30T16:36:41.000Z</Time>
            <Position>
              <LatitudeDegrees>44.28816419094801</LatitudeDegrees>
              <LongitudeDegrees>-81.5964363142848</LongitudeDegrees>
            </Position>
            <AltitudeMeters>175.0</AltitudeMeters>
            <DistanceMeters>2648.679931640625</DistanceMeters>
            <HeartRateBpm>
              <Value>83</Value>
            </HeartRateBpm>
            <Extensions>
              <ns3:TPX>
                <ns3:Speed>2.0810000896453857</ns3:Speed>
              </ns3:TPX>
            </Extensions>
          </Trackpoint>
          <Trackpoint>
            <Time>2026-07-30T16:36:42.000Z</Time>
            <Position>
              <LatitudeDegrees>44.2881731595844</LatitudeDegrees>
              <LongitudeDegrees>-81.59641083329916</LongitudeDegrees>
            </Position>
            <AltitudeMeters>175.0</AltitudeMeters>
            <DistanceMeters>2650.929931640625</DistanceMeters>
            <HeartRateBpm>
              <Value>79</Value>
            </HeartRateBpm>
            <Extensions>
              <ns3:TPX>
                <ns3:Speed>2.2109999656677246</ns3:Speed>
              </ns3:TPX>
            </Extensions>
          </Trackpoint>
          <Trackpoint>
            <Time>2026-07-30T16:36:51.000Z</Time>
            <Position>
              <LatitudeDegrees>44.28823468275368</LatitudeDegrees>
              <LongitudeDegrees>-81.59615317359567</LongitudeDegrees>
            </Position>
            <AltitudeMeters>175.1999969482422</AltitudeMeters>
            <DistanceMeters>2672.610107421875</DistanceMeters>
            <HeartRateBpm>
              <Value>78</Value>
            </HeartRateBpm>
            <Extensions>
              <ns3:TPX>
                <ns3:Speed>2.3980000019073486</ns3:Speed>
              </ns3:TPX>
            </Extensions>
          </Trackpoint>
          <Trackpoint>
            <Time>2026-07-30T16:37:02.000Z</Time>
            <Position>
              <LatitudeDegrees>44.288296876475215</LatitudeDegrees>
              <LongitudeDegrees>-81.59585586749017</LongitudeDegrees>
            </Position>
            <AltitudeMeters>175.1999969482422</AltitudeMeters>
            <DistanceMeters>2697.3798828125</DistanceMeters>
            <HeartRateBpm>
              <Value>78</Value>
            </HeartRateBpm>
            <Extensions>
              <ns3:TPX>
                <ns3:Speed>2.257999897003174</ns3:Speed>
              </ns3:TPX>
            </Extensions>
          </Trackpoint>
          <Trackpoint>
            <Time>2026-07-30T16:37:11.000Z</Time>
            <Position>
              <LatitudeDegrees>44.28835462778807</LatitudeDegrees>
              <LongitudeDegrees>-81.59565570764244</LongitudeDegrees>
            </Position>
            <AltitudeMeters>175.0</AltitudeMeters>
            <DistanceMeters>2714.60009765625</DistanceMeters>
            <HeartRateBpm>
              <Value>80</Value>
            </HeartRateBpm>
            <Extensions>
              <ns3:TPX>
                <ns3:Speed>2.0339999198913574</ns3:Speed>
              </ns3:TPX>
            </Extensions>
          </Trackpoint>
          <Trackpoint>
            <Time>2026-07-30T16:37:19.000Z</Time>
            <Position>
              <LatitudeDegrees>44.28839243017137</LatitudeDegrees>
              <LongitudeDegrees>-81.59549695439637</LongitudeDegrees>
            </Position>
            <AltitudeMeters>175.0</AltitudeMeters>
            <DistanceMeters>2727.949951171875</DistanceMeters>
            <HeartRateBpm>
              <Value>81</Value>
            </HeartRateBpm>
            <Extensions>
              <ns3:TPX>
                <ns3:Speed>1.7079999446868896</ns3:Speed>
              </ns3:TPX>
            </Extensions>
          </Trackpoint>
          <Trackpoint>
            <Time>2026-07-30T16:37:25.000Z</Time>
            <Position>
              <LatitudeDegrees>44.288419084623456</LatitudeDegrees>
              <LongitudeDegrees>-81.59540969878435</LongitudeDegrees>
            </Position>
            <AltitudeMeters>174.8000030517578</AltitudeMeters>
            <DistanceMeters>2735.7900390625</DistanceMeters>
            <HeartRateBpm>
              <Value>84</Value>
            </HeartRateBpm>
            <Extensions>
              <ns3:TPX>
                <ns3:Speed>1.5119999647140503</ns3:Speed>
              </ns3:TPX>
            </Extensions>
          </Trackpoint>
          <Trackpoint>
            <Time>2026-07-30T16:37:26.000Z</Time>
            <Position>
              <LatitudeDegrees>44.2884218506515</LatitudeDegrees>
              <LongitudeDegrees>-81.59539838321507</LongitudeDegrees>
            </Position>
            <AltitudeMeters>175.0</AltitudeMeters>
            <DistanceMeters>2736.739990234375</DistanceMeters>
            <HeartRateBpm>
              <Value>85</Value>
            </HeartRateBpm>
            <Extensions>
              <ns3:TPX>
                <ns3:Speed>1.3530000448226929</ns3:Speed>
              </ns3:TPX>
            </Extensions>
          </Trackpoint>
          <Trackpoint>
            <Time>2026-07-30T16:37:31.000Z</Time>
            <Position>
              <LatitudeDegrees>44.288450349122286</LatitudeDegrees>
              <LongitudeDegrees>-81.59534415230155</LongitudeDegrees>
            </Position>
            <AltitudeMeters>175.0</AltitudeMeters>
            <DistanceMeters>2742.1298828125</DistanceMeters>
            <HeartRateBpm>
              <Value>86</Value>
            </HeartRateBpm>
            <Extensions>
              <ns3:TPX>
                <ns3:Speed>1.25</ns3:Speed>
              </ns3:TPX>
            </Extensions>
          </Trackpoint>
          <Trackpoint>
            <Time>2026-07-30T16:37:38.000Z</Time>
            <Position>
              <LatitudeDegrees>44.28850416094065</LatitudeDegrees>
              <LongitudeDegrees>-81.59527667798102</LongitudeDegrees>
            </Position>
            <AltitudeMeters>175.0</AltitudeMeters>
            <DistanceMeters>2750.169921875</DistanceMeters>
            <HeartRateBpm>
              <Value>89</Value>
            </HeartRateBpm>
            <Extensions>
              <ns3:TPX>
                <ns3:Speed>1.128999948501587</ns3:Speed>
              </ns3:TPX>
            </Extensions>
          </Trackpoint>
          <Trackpoint>
            <Time>2026-07-30T16:37:43.000Z</Time>
            <Position>
              <LatitudeDegrees>44.288545064628124</LatitudeDegrees>
              <LongitudeDegrees>-81.59523652866483</LongitudeDegrees>
            </Position>
            <AltitudeMeters>175.0</AltitudeMeters>
            <DistanceMeters>2755.72998046875</DistanceMeters>
            <HeartRateBpm>
              <Value>92</Value>
            </HeartRateBpm>
            <Extensions>
              <ns3:TPX>
                <ns3:Speed>1.128999948501587</ns3:Speed>
              </ns3:TPX>
            </Extensions>
          </Trackpoint>
          <Trackpoint>
            <Time>2026-07-30T16:37:46.000Z</Time>
            <Position>
              <LatitudeDegrees>44.288570545613766</LatitudeDegrees>
              <LongitudeDegrees>-81.59519914537668</LongitudeDegrees>
            </Position>
            <AltitudeMeters>175.0</AltitudeMeters>
            <DistanceMeters>2759.840087890625</DistanceMeters>
            <HeartRateBpm>
              <Value>95</Value>
            </HeartRateBpm>
            <Extensions>
              <ns3:TPX>
                <ns3:Speed>1.2599999904632568</ns3:Speed>
              </ns3:TPX>
            </Extensions>
          </Trackpoint>
          <Trackpoint>
            <Time>2026-07-30T16:37:50.000Z</Time>
            <Position>
              <LatitudeDegrees>44.28861195221543</LatitudeDegrees>
              <LongitudeDegrees>-81.59513929858804</LongitudeDegrees>
            </Position>
            <AltitudeMeters>175.1999969482422</AltitudeMeters>
            <DistanceMeters>2766.5</DistanceMeters>
            <HeartRateBpm>
              <Value>95</Value>
            </HeartRateBpm>
            <Extensions>
              <ns3:TPX>
                <ns3:Speed>1.4559999704360962</ns3:Speed>
              </ns3:TPX>
            </Extensions>
          </Trackpoint>
          <Trackpoint>
            <Time>2026-07-30T16:37:53.000Z</Time>
            <Position>
              <LatitudeDegrees>44.28863441571593</LatitudeDegrees>
              <LongitudeDegrees>-81.59508070908487</LongitudeDegrees>
            </Position>
            <AltitudeMeters>175.1999969482422</AltitudeMeters>
            <DistanceMeters>2771.7900390625</DistanceMeters>
            <HeartRateBpm>
              <Value>91</Value>
            </HeartRateBpm>
            <Extensions>
              <ns3:TPX>
                <ns3:Speed>1.6890000104904175</ns3:Speed>
              </ns3:TPX>
            </Extensions>
          </Trackpoint>
          <Trackpoint>
            <Time>2026-07-30T16:37:54.000Z</Time>
            <Position>
              <LatitudeDegrees>44.28864346817136</LatitudeDegrees>
              <LongitudeDegrees>-81.59506478346884</LongitudeDegrees>
            </Position>
            <AltitudeMeters>175.1999969482422</AltitudeMeters>
            <DistanceMeters>2773.39990234375</DistanceMeters>
            <HeartRateBpm>
              <Value>90</Value>
            </HeartRateBpm>
            <Extensions>
              <ns3:TPX>
                <ns3:Speed>1.6890000104904175</ns3:Speed>
              </ns3:TPX>
            </Extensions>
          </Trackpoint>
          <Trackpoint>
            <Time>2026-07-30T16:37:57.000Z</Time>
            <Position>
              <LatitudeDegrees>44.28867640905082</LatitudeDegrees>
              <LongitudeDegrees>-81.59501667134464</LongitudeDegrees>
            </Position>
            <AltitudeMeters>175.39999389648438</AltitudeMeters>
            <DistanceMeters>2778.7099609375</DistanceMeters>
            <HeartRateBpm>
              <Value>87</Value>
            </HeartRateBpm>
            <Extensions>
              <ns3:TPX>
                <ns3:Speed>1.7259999513626099</ns3:Speed>
              </ns3:TPX>
            </Extensions>
          </Trackpoint>
          <Trackpoint>
            <Time>2026-07-30T16:37:59.000Z</Time>
            <Position>
              <LatitudeDegrees>44.28869476541877</LatitudeDegrees>
              <LongitudeDegrees>-81.59497987478971</LongitudeDegrees>
            </Position>
            <AltitudeMeters>175.39999389648438</AltitudeMeters>
            <DistanceMeters>2782.2900390625</DistanceMeters>
            <HeartRateBpm>
              <Value>86</Value>
            </HeartRateBpm>
            <Extensions>
              <ns3:TPX>
                <ns3:Speed>1.7910000085830688</ns3:Speed>
              </ns3:TPX>
            </Extensions>
          </Trackpoint>
          <Trackpoint>
            <Time>2026-07-30T16:38:09.000Z</Time>
            <Position>
              <LatitudeDegrees>44.288748325780034</LatitudeDegrees>
              <LongitudeDegrees>-81.59476177766919</LongitudeDegrees>
            </Position>
            <AltitudeMeters>175.8000030517578</AltitudeMeters>
            <DistanceMeters>2800.659912109375</DistanceMeters>
            <HeartRateBpm>
              <Value>83</Value>
            </HeartRateBpm>
            <Extensions>
              <ns3:TPX>
                <ns3:Speed>1.8940000534057617</ns3:Speed>
              </ns3:TPX>
            </Extensions>
          </Trackpoint>
          <Trackpoint>
            <Time>2026-07-30T16:38:21.000Z</Time>
            <Position>
              <LatitudeDegrees>44.28883348591626</LatitudeDegrees>
              <LongitudeDegrees>-81.59451032057405</LongitudeDegrees>
            </Position>
            <AltitudeMeters>175.8000030517578</AltitudeMeters>
            <DistanceMeters>2822.81005859375</DistanceMeters>
            <HeartRateBpm>
              <Value>82</Value>
            </HeartRateBpm>
            <Extensions>
              <ns3:TPX>
                <ns3:Speed>1.7640000581741333</ns3:Speed>
              </ns3:TPX>
            </Extensions>
          </Trackpoint>
          <Trackpoint>
            <Time>2026-07-30T16:38:31.000Z</Time>
            <Position>
              <LatitudeDegrees>44.28888000547886</LatitudeDegrees>
              <LongitudeDegrees>-81.59438107162714</LongitudeDegrees>
            </Position>
            <AltitudeMeters>176.0</AltitudeMeters>
            <DistanceMeters>2834.409912109375</DistanceMeters>
            <HeartRateBpm>
              <Value>81</Value>
            </HeartRateBpm>
            <Extensions>
              <ns3:TPX>
                <ns3:Speed>1.343999981880188</ns3:Speed>
              </ns3:TPX>
            </Extensions>
          </Trackpoint>
          <Trackpoint>
            <Time>2026-07-30T16:38:38.000Z</Time>
            <Position>
              <LatitudeDegrees>44.288900876417756</LatitudeDegrees>
              <LongitudeDegrees>-81.59429029561579</LongitudeDegrees>
            </Position>
            <AltitudeMeters>176.0</AltitudeMeters>
            <DistanceMeters>2842.1201171875</DistanceMeters>
            <HeartRateBpm>
              <Value>81</Value>
            </HeartRateBpm>
            <Extensions>
              <ns3:TPX>
                <ns3:Speed>1.1660000085830688</ns3:Speed>
              </ns3:TPX>
            </Extensions>
          </Trackpoint>
          <Trackpoint>
            <Time>2026-07-30T16:38:46.000Z</Time>
            <Position>
              <LatitudeDegrees>44.2889348231256</LatitudeDegrees>
              <LongitudeDegrees>-81.59413866698742</LongitudeDegrees>
            </Position>
            <AltitudeMeters>176.39999389648438</AltitudeMeters>
            <DistanceMeters>2854.780029296875</DistanceMeters>
            <HeartRateBpm>
              <Value>82</Value>
            </HeartRateBpm>
            <Extensions>
              <ns3:TPX>
                <ns3:Speed>1.6239999532699585</ns3:Speed>
              </ns3:TPX>
            </Extensions>
          </Trackpoint>
          <Trackpoint>
            <Time>2026-07-30T16:38:52.000Z</Time>
            <Position>
              <LatitudeDegrees>44.288966339081526</LatitudeDegrees>
              <LongitudeDegrees>-81.59400665201247</LongitudeDegrees>
            </Position>
            <AltitudeMeters>176.60000610351562</AltitudeMeters>
            <DistanceMeters>2865.889892578125</DistanceMeters>
            <HeartRateBpm>
              <Value>88</Value>
            </HeartRateBpm>
            <Extensions>
              <ns3:TPX>
                <ns3:Speed>1.781999945640564</ns3:Speed>
              </ns3:TPX>
            </Extensions>
          </Trackpoint>
          <Trackpoint>
            <Time>2026-07-30T16:38:53.000Z</Time>
            <Position>
              <LatitudeDegrees>44.288972206413746</LatitudeDegrees>
              <LongitudeDegrees>-81.59398276358843</LongitudeDegrees>
            </Position>
            <AltitudeMeters>176.60000610351562</AltitudeMeters>
            <DistanceMeters>2867.909912109375</DistanceMeters>
            <HeartRateBpm>
              <Value>83</Value>
            </HeartRateBpm>
            <Extensions>
              <ns3:TPX>
                <ns3:Speed>1.8009999990463257</ns3:Speed>
              </ns3:TPX>
            </Extensions>
          </Trackpoint>
          <Trackpoint>
            <Time>2026-07-30T16:38:55.000Z</Time>
            <Position>
              <LatitudeDegrees>44.28898226469755</LatitudeDegrees>
              <LongitudeDegrees>-81.59393121488392</LongitudeDegrees>
            </Position>
            <AltitudeMeters>176.8000030517578</AltitudeMeters>
            <DistanceMeters>2872.169921875</DistanceMeters>
            <HeartRateBpm>
              <Value>86</Value>
            </HeartRateBpm>
            <Extensions>
              <ns3:TPX>
                <ns3:Speed>1.8380000591278076</ns3:Speed>
              </ns3:TPX>
            </Extensions>
          </Trackpoint>
          <Trackpoint>
            <Time>2026-07-30T16:38:56.000Z</Time>
            <Position>
              <LatitudeDegrees>44.28898712620139</LatitudeDegrees>
              <LongitudeDegrees>-81.59390615299344</LongitudeDegrees>
            </Position>
            <AltitudeMeters>176.8000030517578</AltitudeMeters>
            <DistanceMeters>2874.239990234375</DistanceMeters>
            <HeartRateBpm>
              <Value>86</Value>
            </HeartRateBpm>
            <Extensions>
              <ns3:TPX>
                <ns3:Speed>1.8569999933242798</ns3:Speed>
              </ns3:TPX>
            </Extensions>
          </Trackpoint>
          <Trackpoint>
            <Time>2026-07-30T16:39:07.000Z</Time>
            <Position>
              <LatitudeDegrees>44.28903381340206</LatitudeDegrees>
              <LongitudeDegrees>-81.59357883967459</LongitudeDegrees>
            </Position>
            <AltitudeMeters>176.60000610351562</AltitudeMeters>
            <DistanceMeters>2900.8798828125</DistanceMeters>
            <HeartRateBpm>
              <Value>84</Value>
            </HeartRateBpm>
            <Extensions>
              <ns3:TPX>
                <ns3:Speed>2.509999990463257</ns3:Speed>
              </ns3:TPX>
            </Extensions>
          </Trackpoint>
          <Trackpoint>
            <Time>2026-07-30T16:39:15.000Z</Time>
            <Position>
              <LatitudeDegrees>44.289052337408066</LatitudeDegrees>
              <LongitudeDegrees>-81.59333911724389</LongitudeDegrees>
            </Position>
            <AltitudeMeters>176.60000610351562</AltitudeMeters>
            <DistanceMeters>2920.110107421875</DistanceMeters>
            <HeartRateBpm>
              <Value>82</Value>
            </HeartRateBpm>
            <Extensions>
              <ns3:TPX>
                <ns3:Speed>2.5380001068115234</ns3:Speed>
              </ns3:TPX>
            </Extensions>
          </Trackpoint>
          <Trackpoint>
            <Time>2026-07-30T16:39:17.000Z</Time>
            <Position>
              <LatitudeDegrees>44.28905971348286</LatitudeDegrees>
              <LongitudeDegrees>-81.59327608533204</LongitudeDegrees>
            </Position>
            <AltitudeMeters>176.60000610351562</AltitudeMeters>
            <DistanceMeters>2925.2099609375</DistanceMeters>
            <HeartRateBpm>
              <Value>79</Value>
            </HeartRateBpm>
            <Extensions>
              <ns3:TPX>
                <ns3:Speed>2.5380001068115234</ns3:Speed>
              </ns3:TPX>
            </Extensions>
          </Trackpoint>
          <Trackpoint>
            <Time>2026-07-30T16:39:26.000Z</Time>
            <Position>
              <LatitudeDegrees>44.28908770903945</LatitudeDegrees>
              <LongitudeDegrees>-81.59299562685192</LongitudeDegrees>
            </Position>
            <AltitudeMeters>176.39999389648438</AltitudeMeters>
            <DistanceMeters>2947.820068359375</DistanceMeters>
            <HeartRateBpm>
              <Value>80</Value>
            </HeartRateBpm>
            <Extensions>
              <ns3:TPX>
                <ns3:Speed>2.490999937057495</ns3:Speed>
              </ns3:TPX>
            </Extensions>
          </Trackpoint>
          <Trackpoint>
            <Time>2026-07-30T16:39:30.000Z</Time>
            <Position>
              <LatitudeDegrees>44.289095336571336</LatitudeDegrees>
              <LongitudeDegrees>-81.59285598434508</LongitudeDegrees>
            </Position>
            <AltitudeMeters>176.1999969482422</AltitudeMeters>
            <DistanceMeters>2958.989990234375</DistanceMeters>
            <HeartRateBpm>
              <Value>83</Value>
            </HeartRateBpm>
            <Extensions>
              <ns3:TPX>
                <ns3:Speed>2.7899999618530273</ns3:Speed>
              </ns3:TPX>
            </Extensions>
          </Trackpoint>
          <Trackpoint>
            <Time>2026-07-30T16:39:37.000Z</Time>
            <Position>
              <LatitudeDegrees>44.28910128772259</LatitudeDegrees>
              <LongitudeDegrees>-81.59261039458215</LongitudeDegrees>
            </Position>
            <AltitudeMeters>176.39999389648438</AltitudeMeters>
            <DistanceMeters>2978.6201171875</DistanceMeters>
            <HeartRateBpm>
              <Value>82</Value>
            </HeartRateBpm>
            <Extensions>
              <ns3:TPX>
                <ns3:Speed>2.7990000247955322</ns3:Speed>
              </ns3:TPX>
            </Extensions>
          </Trackpoint>
          <Trackpoint>
            <Time>2026-07-30T16:39:41.000Z</Time>
            <Position>
              <LatitudeDegrees>44.28910816088319</LatitudeDegrees>
              <LongitudeDegrees>-81.59244108013809</LongitudeDegrees>
            </Position>
            <AltitudeMeters>176.60000610351562</AltitudeMeters>
            <DistanceMeters>2992.159912109375</DistanceMeters>
            <HeartRateBpm>
              <Value>79</Value>
            </HeartRateBpm>
            <Extensions>
              <ns3:TPX>
                <ns3:Speed>2.9860000610351562</ns3:Speed>
              </ns3:TPX>
            </Extensions>
          </Trackpoint>
          <Trackpoint>
            <Time>2026-07-30T16:39:45.000Z</Time>
            <Position>
              <LatitudeDegrees>44.2891198117286</LatitudeDegrees>
              <LongitudeDegrees>-81.59227570518851</LongitudeDegrees>
            </Position>
            <AltitudeMeters>176.60000610351562</AltitudeMeters>
            <DistanceMeters>3005.39990234375</DistanceMeters>
            <HeartRateBpm>
              <Value>82</Value>
            </HeartRateBpm>
            <Extensions>
              <ns3:TPX>
                <ns3:Speed>3.1630001068115234</ns3:Speed>
              </ns3:TPX>
            </Extensions>
          </Trackpoint>
          <Trackpoint>
            <Time>2026-07-30T16:39:49.000Z</Time>
            <Position>
              <LatitudeDegrees>44.28911327384412</LatitudeDegrees>
              <LongitudeDegrees>-81.5921586100012</LongitudeDegrees>
            </Position>
            <AltitudeMeters>176.39999389648438</AltitudeMeters>
            <DistanceMeters>3014.77001953125</DistanceMeters>
            <HeartRateBpm>
              <Value>83</Value>
            </HeartRateBpm>
            <Extensions>
              <ns3:TPX>
                <ns3:Speed>2.00600004196167</ns3:Speed>
              </ns3:TPX>
            </Extensions>
          </Trackpoint>
          <Trackpoint>
            <Time>2026-07-30T16:39:56.000Z</Time>
            <Position>
              <LatitudeDegrees>44.289115788415074</LatitudeDegrees>
              <LongitudeDegrees>-81.59191268496215</LongitudeDegrees>
            </Position>
            <AltitudeMeters>175.8000030517578</AltitudeMeters>
            <DistanceMeters>3034.389892578125</DistanceMeters>
            <HeartRateBpm>
              <Value>85</Value>
            </HeartRateBpm>
            <Extensions>
              <ns3:TPX>
                <ns3:Speed>2.61299991607666</ns3:Speed>
              </ns3:TPX>
            </Extensions>
          </Trackpoint>
          <Trackpoint>
            <Time>2026-07-30T16:40:04.000Z</Time>
            <Position>
              <LatitudeDegrees>44.28912241011858</LatitudeDegrees>
              <LongitudeDegrees>-81.59166214987636</LongitudeDegrees>
            </Position>
            <AltitudeMeters>176.0</AltitudeMeters>
            <DistanceMeters>3054.419921875</DistanceMeters>
            <HeartRateBpm>
              <Value>86</Value>
            </HeartRateBpm>
            <Extensions>
              <ns3:TPX>
                <ns3:Speed>1.0260000228881836</ns3:Speed>
              </ns3:TPX>
            </Extensions>
          </Trackpoint>
          <Trackpoint>
            <Time>2026-07-30T16:40:11.000Z</Time>
            <Position>
              <LatitudeDegrees>44.28912257775664</LatitudeDegrees>
              <LongitudeDegrees>-81.59161160700023</LongitudeDegrees>
            </Position>
            <AltitudeMeters>176.0</AltitudeMeters>
            <DistanceMeters>3058.580078125</DistanceMeters>
            <HeartRateBpm>
              <Value>87</Value>
            </HeartRateBpm>
            <Extensions>
              <ns3:TPX>
                <ns3:Speed>0.0</ns3:Speed>
              </ns3:TPX>
            </Extensions>
          </Trackpoint>
          <Trackpoint>
            <Time>2026-07-30T16:40:18.000Z</Time>
            <Position>
              <LatitudeDegrees>44.28911645896733</LatitudeDegrees>
              <LongitudeDegrees>-81.5915732178837</LongitudeDegrees>
            </Position>
            <AltitudeMeters>176.8000030517578</AltitudeMeters>
            <DistanceMeters>3062.429931640625</DistanceMeters>
            <HeartRateBpm>
              <Value>89</Value>
            </HeartRateBpm>
            <Extensions>
              <ns3:TPX>
                <ns3:Speed>0.7459999918937683</ns3:Speed>
              </ns3:TPX>
            </Extensions>
          </Trackpoint>
          <Trackpoint>
            <Time>2026-07-30T16:40:23.000Z</Time>
            <Position>
              <LatitudeDegrees>44.289133474230766</LatitudeDegrees>
              <LongitudeDegrees>-81.59156751818955</LongitudeDegrees>
            </Position>
            <AltitudeMeters>177.39999389648438</AltitudeMeters>
            <DistanceMeters>3064.780029296875</DistanceMeters>
            <HeartRateBpm>
              <Value>90</Value>
            </HeartRateBpm>
            <Extensions>
              <ns3:TPX>
                <ns3:Speed>0.7459999918937683</ns3:Speed>
              </ns3:TPX>
            </Extensions>
          </Trackpoint>
          <Trackpoint>
            <Time>2026-07-30T16:40:24.000Z</Time>
            <Position>
              <LatitudeDegrees>44.28913850337267</LatitudeDegrees>
              <LongitudeDegrees>-81.5915650036186</LongitudeDegrees>
            </Position>
            <AltitudeMeters>177.39999389648438</AltitudeMeters>
            <DistanceMeters>3065.35009765625</DistanceMeters>
            <HeartRateBpm>
              <Value>91</Value>
            </HeartRateBpm>
            <Extensions>
              <ns3:TPX>
                <ns3:Speed>0.7739999890327454</ns3:Speed>
              </ns3:TPX>
            </Extensions>
          </Trackpoint>
          <Trackpoint>
            <Time>2026-07-30T16:40:27.000Z</Time>
            <Position>
              <LatitudeDegrees>44.28913498297334</LatitudeDegrees>
              <LongitudeDegrees>-81.5915427915752</LongitudeDegrees>
            </Position>
            <AltitudeMeters>177.0</AltitudeMeters>
            <DistanceMeters>3067.35009765625</DistanceMeters>
            <HeartRateBpm>
              <Value>91</Value>
            </HeartRateBpm>
            <Extensions>
              <ns3:TPX>
                <ns3:Speed>0.9049999713897705</ns3:Speed>
              </ns3:TPX>
            </Extensions>
          </Trackpoint>
          <Trackpoint>
            <Time>2026-07-30T16:40:30.000Z</Time>
            <Position>
              <LatitudeDegrees>44.289117716252804</LatitudeDegrees>
              <LongitudeDegrees>-81.59150892868638</LongitudeDegrees>
            </Position>
            <AltitudeMeters>176.8000030517578</AltitudeMeters>
            <DistanceMeters>3070.7099609375</DistanceMeters>
            <HeartRateBpm>
              <Value>92</Value>
            </HeartRateBpm>
            <Extensions>
              <ns3:TPX>
                <ns3:Speed>0.8769999742507935</ns3:Speed>
              </ns3:TPX>
            </Extensions>
          </Trackpoint>
          <Trackpoint>
            <Time>2026-07-30T16:40:39.000Z</Time>
            <Position>
              <LatitudeDegrees>44.28904864937067</LatitudeDegrees>
              <LongitudeDegrees>-81.59140633419156</LongitudeDegrees>
            </Position>
            <AltitudeMeters>177.60000610351562</AltitudeMeters>
            <DistanceMeters>3081.989990234375</DistanceMeters>
            <HeartRateBpm>
              <Value>94</Value>
            </HeartRateBpm>
            <Extensions>
              <ns3:TPX>
                <ns3:Speed>1.1480000019073486</ns3:Speed>
              </ns3:TPX>
            </Extensions>
          </Trackpoint>
          <Trackpoint>
            <Time>2026-07-30T16:40:40.000Z</Time>
            <Position>
              <LatitudeDegrees>44.289045883342624</LatitudeDegrees>
              <LongitudeDegrees>-81.59139342606068</LongitudeDegrees>
            </Position>
            <AltitudeMeters>177.60000610351562</AltitudeMeters>
            <DistanceMeters>3083.070068359375</DistanceMeters>
            <HeartRateBpm>
              <Value>93</Value>
            </HeartRateBpm>
            <Extensions>
              <ns3:TPX>
                <ns3:Speed>1.1480000019073486</ns3:Speed>
              </ns3:TPX>
            </Extensions>
          </Trackpoint>
          <Trackpoint>
            <Time>2026-07-30T16:40:41.000Z</Time>
            <Position>
              <LatitudeDegrees>44.28904462605715</LatitudeDegrees>
              <LongitudeDegrees>-81.59138328395784</LongitudeDegrees>
            </Position>
            <AltitudeMeters>177.8000030517578</AltitudeMeters>
            <DistanceMeters>3083.8701171875</DistanceMeters>
            <HeartRateBpm>
              <Value>96</Value>
            </HeartRateBpm>
            <Extensions>
              <ns3:TPX>
                <ns3:Speed>0.7649999856948853</ns3:Speed>
              </ns3:TPX>
            </Extensions>
          </Trackpoint>
          <Trackpoint>
            <Time>2026-07-30T16:40:43.000Z</Time>
            <Position>
              <LatitudeDegrees>44.28903548978269</LatitudeDegrees>
              <LongitudeDegrees>-81.591373141855</LongitudeDegrees>
            </Position>
            <AltitudeMeters>177.8000030517578</AltitudeMeters>
            <DistanceMeters>3085.14990234375</DistanceMeters>
            <HeartRateBpm>
              <Value>95</Value>
            </HeartRateBpm>
            <Extensions>
              <ns3:TPX>
                <ns3:Speed>0.9139999747276306</ns3:Speed>
              </ns3:TPX>
            </Extensions>
          </Trackpoint>
          <Trackpoint>
            <Time>2026-07-30T16:40:46.000Z</Time>
            <Position>
              <LatitudeDegrees>44.28901973180473</LatitudeDegrees>
              <LongitudeDegrees>-81.59135746769607</LongitudeDegrees>
            </Position>
            <AltitudeMeters>178.0</AltitudeMeters>
            <DistanceMeters>3087.419921875</DistanceMeters>
            <HeartRateBpm>
              <Value>95</Value>
            </HeartRateBpm>
            <Extensions>
              <ns3:TPX>
                <ns3:Speed>0.6899999976158142</ns3:Speed>
              </ns3:TPX>
            </Extensions>
          </Trackpoint>
          <Trackpoint>
            <Time>2026-07-30T16:40:54.000Z</Time>
            <Position>
              <LatitudeDegrees>44.28899332880974</LatitudeDegrees>
              <LongitudeDegrees>-81.59133450128138</LongitudeDegrees>
            </Position>
            <AltitudeMeters>178.1999969482422</AltitudeMeters>
            <DistanceMeters>3091.030029296875</DistanceMeters>
            <HeartRateBpm>
              <Value>98</Value>
            </HeartRateBpm>
            <Extensions>
              <ns3:TPX>
                <ns3:Speed>0.0</ns3:Speed>
              </ns3:TPX>
            </Extensions>
          </Trackpoint>
          <Trackpoint>
            <Time>2026-07-30T16:40:55.000Z</Time>
            <Position>
              <LatitudeDegrees>44.288991652429104</LatitudeDegrees>
              <LongitudeDegrees>-81.59133240580559</LongitudeDegrees>
            </Position>
            <AltitudeMeters>178.1999969482422</AltitudeMeters>
            <DistanceMeters>3091.2900390625</DistanceMeters>
            <HeartRateBpm>
              <Value>97</Value>
            </HeartRateBpm>
            <Extensions>
              <ns3:TPX>
                <ns3:Speed>0.0</ns3:Speed>
              </ns3:TPX>
            </Extensions>
          </Trackpoint>
          <Trackpoint>
            <Time>2026-07-30T16:41:01.000Z</Time>
            <Position>
              <LatitudeDegrees>44.28898863494396</LatitudeDegrees>
              <LongitudeDegrees>-81.59132880158722</LongitudeDegrees>
            </Position>
            <AltitudeMeters>178.39999389648438</AltitudeMeters>
            <DistanceMeters>3091.820068359375</DistanceMeters>
            <HeartRateBpm>
              <Value>99</Value>
            </HeartRateBpm>
            <Extensions>
              <ns3:TPX>
                <ns3:Speed>0.0</ns3:Speed>
              </ns3:TPX>
            </Extensions>
          </Trackpoint>
          <Trackpoint>
            <Time>2026-07-30T16:41:03.000Z</Time>
            <Position>
              <LatitudeDegrees>44.28898863494396</LatitudeDegrees>
              <LongitudeDegrees>-81.59132880158722</LongitudeDegrees>
            </Position>
            <AltitudeMeters>178.39999389648438</AltitudeMeters>
            <DistanceMeters>3091.820068359375</DistanceMeters>
            <HeartRateBpm>
              <Value>99</Value>
            </HeartRateBpm>
            <Extensions>
              <ns3:TPX>
                <ns3:Speed>0.0</ns3:Speed>
              </ns3:TPX>
            </Extensions>
          </Trackpoint>
          <Trackpoint>
            <Time>2026-07-30T16:41:10.000Z</Time>
            <Position>
              <LatitudeDegrees>44.28898863494396</LatitudeDegrees>
              <LongitudeDegrees>-81.59132880158722</LongitudeDegrees>
            </Position>
            <AltitudeMeters>178.39999389648438</AltitudeMeters>
            <DistanceMeters>3091.820068359375</DistanceMeters>
            <HeartRateBpm>
              <Value>96</Value>
            </HeartRateBpm>
            <Extensions>
              <ns3:TPX>
                <ns3:Speed>0.0</ns3:Speed>
              </ns3:TPX>
            </Extensions>
          </Trackpoint>
          <Trackpoint>
            <Time>2026-07-30T16:41:18.000Z</Time>
            <Position>
              <LatitudeDegrees>44.288988718762994</LatitudeDegrees>
              <LongitudeDegrees>-81.59132855013013</LongitudeDegrees>
            </Position>
            <AltitudeMeters>178.60000610351562</AltitudeMeters>
            <DistanceMeters>3091.830078125</DistanceMeters>
            <HeartRateBpm>
              <Value>93</Value>
            </HeartRateBpm>
            <Extensions>
              <ns3:TPX>
                <ns3:Speed>0.0</ns3:Speed>
              </ns3:TPX>
            </Extensions>
          </Trackpoint>
          <Trackpoint>
            <Time>2026-07-30T16:41:24.000Z</Time>
            <Position>
              <LatitudeDegrees>44.28899240680039</LatitudeDegrees>
              <LongitudeDegrees>-81.59132310189307</LongitudeDegrees>
            </Position>
            <AltitudeMeters>178.39999389648438</AltitudeMeters>
            <DistanceMeters>3092.2900390625</DistanceMeters>
            <HeartRateBpm>
              <Value>94</Value>
            </HeartRateBpm>
            <Extensions>
              <ns3:TPX>
                <ns3:Speed>1.0729999542236328</ns3:Speed>
              </ns3:TPX>
            </Extensions>
          </Trackpoint>
          <Trackpoint>
            <Time>2026-07-30T16:41:28.000Z</Time>
            <Position>
              <LatitudeDegrees>44.28900238126516</LatitudeDegrees>
              <LongitudeDegrees>-81.59128018654883</LongitudeDegrees>
            </Position>
            <AltitudeMeters>178.60000610351562</AltitudeMeters>
            <DistanceMeters>3095.699951171875</DistanceMeters>
            <HeartRateBpm>
              <Value>97</Value>
            </HeartRateBpm>
            <Extensions>
              <ns3:TPX>
                <ns3:Speed>0.597000002861023</ns3:Speed>
              </ns3:TPX>
            </Extensions>
          </Trackpoint>
          <Trackpoint>
            <Time>2026-07-30T16:41:30.000Z</Time>
            <Position>
              <LatitudeDegrees>44.28900648839772</LatitudeDegrees>
              <LongitudeDegrees>-81.59128982573748</LongitudeDegrees>
            </Position>
            <AltitudeMeters>178.60000610351562</AltitudeMeters>
            <DistanceMeters>3096.530029296875</DistanceMeters>
            <HeartRateBpm>
              <Value>97</Value>
            </HeartRateBpm>
            <Extensions>
              <ns3:TPX>
                <ns3:Speed>1.0080000162124634</ns3:Speed>
              </ns3:TPX>
            </Extensions>
          </Trackpoint>
          <Trackpoint>
            <Time>2026-07-30T16:41:32.000Z</Time>
            <Position>
              <LatitudeDegrees>44.28901285864413</LatitudeDegrees>
              <LongitudeDegrees>-81.59128647297621</LongitudeDegrees>
            </Position>
            <AltitudeMeters>178.60000610351562</AltitudeMeters>
            <DistanceMeters>3096.5400390625</DistanceMeters>
            <HeartRateBpm>
              <Value>99</Value>
            </HeartRateBpm>
            <Extensions>
              <ns3:TPX>
                <ns3:Speed>0.0</ns3:Speed>
              </ns3:TPX>
            </Extensions>
          </Trackpoint>
          <Trackpoint>
            <Time>2026-07-30T16:41:39.000Z</Time>
            <Position>
              <LatitudeDegrees>44.28901151753962</LatitudeDegrees>
              <LongitudeDegrees>-81.59125487320125</LongitudeDegrees>
            </Position>
            <AltitudeMeters>177.8000030517578</AltitudeMeters>
            <DistanceMeters>3099.139892578125</DistanceMeters>
            <HeartRateBpm>
              <Value>101</Value>
            </HeartRateBpm>
            <Extensions>
              <ns3:TPX>
                <ns3:Speed>1.194000005722046</ns3:Speed>
              </ns3:TPX>
            </Extensions>
          </Trackpoint>
          <Trackpoint>
            <Time>2026-07-30T16:41:40.000Z</Time>
            <Position>
              <LatitudeDegrees>44.28901059553027</LatitudeDegrees>
              <LongitudeDegrees>-81.59124112688005</LongitudeDegrees>
            </Position>
            <AltitudeMeters>178.0</AltitudeMeters>
            <DistanceMeters>3100.239990234375</DistanceMeters>
            <HeartRateBpm>
              <Value>101</Value>
            </HeartRateBpm>
            <Extensions>
              <ns3:TPX>
                <ns3:Speed>1.399999976158142</ns3:Speed>
              </ns3:TPX>
            </Extensions>
          </Trackpoint>
          <Trackpoint>
            <Time>2026-07-30T16:41:44.000Z</Time>
            <Position>
              <LatitudeDegrees>44.28899341262877</LatitudeDegrees>
              <LongitudeDegrees>-81.59121120348573</LongitudeDegrees>
            </Position>
            <AltitudeMeters>178.8000030517578</AltitudeMeters>
            <DistanceMeters>3103.2900390625</DistanceMeters>
            <HeartRateBpm>
              <Value>103</Value>
            </HeartRateBpm>
            <Extensions>
              <ns3:TPX>
                <ns3:Speed>0.9800000190734863</ns3:Speed>
              </ns3:TPX>
            </Extensions>
          </Trackpoint>
          <Trackpoint>
            <Time>2026-07-30T16:41:46.000Z</Time>
            <Position>
              <LatitudeDegrees>44.28898427635431</LatitudeDegrees>
              <LongitudeDegrees>-81.59117775969207</LongitudeDegrees>
            </Position>
            <AltitudeMeters>178.8000030517578</AltitudeMeters>
            <DistanceMeters>3106.139892578125</DistanceMeters>
            <HeartRateBpm>
              <Value>103</Value>
            </HeartRateBpm>
            <Extensions>
              <ns3:TPX>
                <ns3:Speed>1.0540000200271606</ns3:Speed>
              </ns3:TPX>
            </Extensions>
          </Trackpoint>
          <Trackpoint>
            <Time>2026-07-30T16:41:53.000Z</Time>
            <Position>
              <LatitudeDegrees>44.28898519836366</LatitudeDegrees>
              <LongitudeDegrees>-81.5910723991692</LongitudeDegrees>
            </Position>
            <AltitudeMeters>178.8000030517578</AltitudeMeters>
            <DistanceMeters>3114.909912109375</DistanceMeters>
            <HeartRateBpm>
              <Value>103</Value>
            </HeartRateBpm>
            <Extensions>
              <ns3:TPX>
                <ns3:Speed>1.1100000143051147</ns3:Speed>
              </ns3:TPX>
            </Extensions>
          </Trackpoint>
          <Trackpoint>
            <Time>2026-07-30T16:41:55.000Z</Time>
            <Position>
              <LatitudeDegrees>44.28898905403912</LatitudeDegrees>
              <LongitudeDegrees>-81.59110366366804</LongitudeDegrees>
            </Position>
            <AltitudeMeters>178.8000030517578</AltitudeMeters>
            <DistanceMeters>3117.340087890625</DistanceMeters>
            <HeartRateBpm>
              <Value>103</Value>
            </HeartRateBpm>
            <Extensions>
              <ns3:TPX>
                <ns3:Speed>1.194000005722046</ns3:Speed>
              </ns3:TPX>
            </Extensions>
          </Trackpoint>
          <Trackpoint>
            <Time>2026-07-30T16:41:56.000Z</Time>
            <Position>
              <LatitudeDegrees>44.2889934964478</LatitudeDegrees>
              <LongitudeDegrees>-81.59112143330276</LongitudeDegrees>
            </Position>
            <AltitudeMeters>178.60000610351562</AltitudeMeters>
            <DistanceMeters>3118.60009765625</DistanceMeters>
            <HeartRateBpm>
              <Value>103</Value>
            </HeartRateBpm>
            <Extensions>
              <ns3:TPX>
                <ns3:Speed>1.1100000143051147</ns3:Speed>
              </ns3:TPX>
            </Extensions>
          </Trackpoint>
          <Trackpoint>
            <Time>2026-07-30T16:42:00.000Z</Time>
            <Position>
              <LatitudeDegrees>44.28900665603578</LatitudeDegrees>
              <LongitudeDegrees>-81.59113945439458</LongitudeDegrees>
            </Position>
            <AltitudeMeters>178.60000610351562</AltitudeMeters>
            <DistanceMeters>3120.929931640625</DistanceMeters>
            <HeartRateBpm>
              <Value>102</Value>
            </HeartRateBpm>
            <Extensions>
              <ns3:TPX>
                <ns3:Speed>0.5600000023841858</ns3:Speed>
              </ns3:TPX>
            </Extensions>
          </Trackpoint>
          <Trackpoint>
            <Time>2026-07-30T16:42:01.000Z</Time>
            <Position>
              <LatitudeDegrees>44.289003890007734</LatitudeDegrees>
              <LongitudeDegrees>-81.5911524463445</LongitudeDegrees>
            </Position>
            <AltitudeMeters>178.60000610351562</AltitudeMeters>
            <DistanceMeters>3121.77001953125</DistanceMeters>
            <HeartRateBpm>
              <Value>102</Value>
            </HeartRateBpm>
            <Extensions>
              <ns3:TPX>
                <ns3:Speed>1.0449999570846558</ns3:Speed>
              </ns3:TPX>
            </Extensions>
          </Trackpoint>
          <Trackpoint>
            <Time>2026-07-30T16:42:03.000Z</Time>
            <Position>
              <LatitudeDegrees>44.28900606930256</LatitudeDegrees>
              <LongitudeDegrees>-81.5911659412086</LongitudeDegrees>
            </Position>
            <AltitudeMeters>178.39999389648438</AltitudeMeters>
            <DistanceMeters>3122.800048828125</DistanceMeters>
            <HeartRateBpm>
              <Value>102</Value>
            </HeartRateBpm>
            <Extensions>
              <ns3:TPX>
                <ns3:Speed>1.0449999570846558</ns3:Speed>
              </ns3:TPX>
            </Extensions>
          </Trackpoint>
          <Trackpoint>
            <Time>2026-07-30T16:42:09.000Z</Time>
            <Position>
              <LatitudeDegrees>44.289001962170005</LatitudeDegrees>
              <LongitudeDegrees>-81.59124188125134</LongitudeDegrees>
            </Position>
            <AltitudeMeters>178.1999969482422</AltitudeMeters>
            <DistanceMeters>3128.919921875</DistanceMeters>
            <HeartRateBpm>
              <Value>102</Value>
            </HeartRateBpm>
            <Extensions>
              <ns3:TPX>
                <ns3:Speed>0.7559999823570251</ns3:Speed>
              </ns3:TPX>
            </Extensions>
          </Trackpoint>
          <Trackpoint>
            <Time>2026-07-30T16:42:14.000Z</Time>
            <Position>
              <LatitudeDegrees>44.28899969905615</LatitudeDegrees>
              <LongitudeDegrees>-81.59124900586903</LongitudeDegrees>
            </Position>
            <AltitudeMeters>177.39999389648438</AltitudeMeters>
            <DistanceMeters>3129.530029296875</DistanceMeters>
            <HeartRateBpm>
              <Value>102</Value>
            </HeartRateBpm>
            <Extensions>
              <ns3:TPX>
                <ns3:Speed>0.0</ns3:Speed>
              </ns3:TPX>
            </Extensions>
          </Trackpoint>
          <Trackpoint>
            <Time>2026-07-30T16:42:16.000Z</Time>
            <Position>
              <LatitudeDegrees>44.289000453427434</LatitudeDegrees>
              <LongitudeDegrees>-81.59124431200325</LongitudeDegrees>
            </Position>
            <AltitudeMeters>177.1999969482422</AltitudeMeters>
            <DistanceMeters>3129.820068359375</DistanceMeters>
            <HeartRateBpm>
              <Value>102</Value>
            </HeartRateBpm>
            <Extensions>
              <ns3:TPX>
                <ns3:Speed>0.0</ns3:Speed>
              </ns3:TPX>
            </Extensions>
          </Trackpoint>
          <Trackpoint>
            <Time>2026-07-30T16:42:24.000Z</Time>
            <Position>
              <LatitudeDegrees>44.28900212980807</LatitudeDegrees>
              <LongitudeDegrees>-81.5912386123091</LongitudeDegrees>
            </Position>
            <AltitudeMeters>177.0</AltitudeMeters>
            <DistanceMeters>3131.110107421875</DistanceMeters>
            <HeartRateBpm>
              <Value>101</Value>
            </HeartRateBpm>
            <Extensions>
              <ns3:TPX>
                <ns3:Speed>0.0</ns3:Speed>
              </ns3:TPX>
            </Extensions>
          </Trackpoint>
          <Trackpoint>
            <Time>2026-07-30T16:42:31.000Z</Time>
            <Position>
              <LatitudeDegrees>44.288993161171675</LatitudeDegrees>
              <LongitudeDegrees>-81.59126493148506</LongitudeDegrees>
            </Position>
            <AltitudeMeters>178.60000610351562</AltitudeMeters>
            <DistanceMeters>3133.35009765625</DistanceMeters>
            <HeartRateBpm>
              <Value>101</Value>
            </HeartRateBpm>
            <Extensions>
              <ns3:TPX>
                <ns3:Speed>0.5320000052452087</ns3:Speed>
              </ns3:TPX>
            </Extensions>
          </Trackpoint>
          <Trackpoint>
            <Time>2026-07-30T16:42:37.000Z</Time>
            <Position>
              <LatitudeDegrees>44.28897891193628</LatitudeDegrees>
              <LongitudeDegrees>-81.59128035418689</LongitudeDegrees>
            </Position>
            <AltitudeMeters>178.60000610351562</AltitudeMeters>
            <DistanceMeters>3135.300048828125</DistanceMeters>
            <HeartRateBpm>
              <Value>101</Value>
            </HeartRateBpm>
            <Extensions>
              <ns3:TPX>
                <ns3:Speed>0.5320000052452087</ns3:Speed>
              </ns3:TPX>
            </Extensions>
          </Trackpoint>
          <Trackpoint>
            <Time>2026-07-30T16:42:43.000Z</Time>
            <Position>
              <LatitudeDegrees>44.288998525589705</LatitudeDegrees>
              <LongitudeDegrees>-81.59130692481995</LongitudeDegrees>
            </Position>
            <AltitudeMeters>178.60000610351562</AltitudeMeters>
            <DistanceMeters>3138.389892578125</DistanceMeters>
            <HeartRateBpm>
              <Value>102</Value>
            </HeartRateBpm>
            <Extensions>
              <ns3:TPX>
                <ns3:Speed>0.5410000085830688</ns3:Speed>
              </ns3:TPX>
            </Extensions>
          </Trackpoint>
          <Trackpoint>
            <Time>2026-07-30T16:42:47.000Z</Time>
            <Position>
              <LatitudeDegrees>44.28900162689388</LatitudeDegrees>
              <LongitudeDegrees>-81.59130608662963</LongitudeDegrees>
            </Position>
            <AltitudeMeters>178.39999389648438</AltitudeMeters>
            <DistanceMeters>3138.590087890625</DistanceMeters>
            <HeartRateBpm>
              <Value>99</Value>
            </HeartRateBpm>
            <Extensions>
              <ns3:TPX>
                <ns3:Speed>0.0</ns3:Speed>
              </ns3:TPX>
            </Extensions>
          </Trackpoint>
          <Trackpoint>
            <Time>2026-07-30T16:42:51.000Z</Time>
            <Position>
              <LatitudeDegrees>44.289002465084195</LatitudeDegrees>
              <LongitudeDegrees>-81.59131086431444</LongitudeDegrees>
            </Position>
            <AltitudeMeters>178.1999969482422</AltitudeMeters>
            <DistanceMeters>3138.969970703125</DistanceMeters>
            <HeartRateBpm>
              <Value>100</Value>
            </HeartRateBpm>
            <Extensions>
              <ns3:TPX>
                <ns3:Speed>1.0260000228881836</ns3:Speed>
              </ns3:TPX>
            </Extensions>
          </Trackpoint>
          <Trackpoint>
            <Time>2026-07-30T16:42:57.000Z</Time>
            <Position>
              <LatitudeDegrees>44.2890489846468</LatitudeDegrees>
              <LongitudeDegrees>-81.59144656732678</LongitudeDegrees>
            </Position>
            <AltitudeMeters>177.39999389648438</AltitudeMeters>
            <DistanceMeters>3150.9599609375</DistanceMeters>
            <HeartRateBpm>
              <Value>102</Value>
            </HeartRateBpm>
            <Extensions>
              <ns3:TPX>
                <ns3:Speed>1.184999942779541</ns3:Speed>
              </ns3:TPX>
            </Extensions>
          </Trackpoint>
          <Trackpoint>
            <Time>2026-07-30T16:42:59.000Z</Time>
            <Position>
              <LatitudeDegrees>44.289072286337614</LatitudeDegrees>
              <LongitudeDegrees>-81.59148763865232</LongitudeDegrees>
            </Position>
            <AltitudeMeters>177.1999969482422</AltitudeMeters>
            <DistanceMeters>3155.110107421875</DistanceMeters>
            <HeartRateBpm>
              <Value>103</Value>
            </HeartRateBpm>
            <Extensions>
              <ns3:TPX>
                <ns3:Speed>1.3899999856948853</ns3:Speed>
              </ns3:TPX>
            </Extensions>
          </Trackpoint>
          <Trackpoint>
            <Time>2026-07-30T16:43:06.000Z</Time>
            <Position>
              <LatitudeDegrees>44.28913942538202</LatitudeDegrees>
              <LongitudeDegrees>-81.59157774411142</LongitudeDegrees>
            </Position>
            <AltitudeMeters>177.39999389648438</AltitudeMeters>
            <DistanceMeters>3165.52001953125</DistanceMeters>
            <HeartRateBpm>
              <Value>103</Value>
            </HeartRateBpm>
            <Extensions>
              <ns3:TPX>
                <ns3:Speed>1.4930000305175781</ns3:Speed>
              </ns3:TPX>
            </Extensions>
          </Trackpoint>
          <Trackpoint>
            <Time>2026-07-30T16:43:07.000Z</Time>
            <Position>
              <LatitudeDegrees>44.28914235904813</LatitudeDegrees>
              <LongitudeDegrees>-81.59158679656684</LongitudeDegrees>
            </Position>
            <AltitudeMeters>177.1999969482422</AltitudeMeters>
            <DistanceMeters>3166.300048828125</DistanceMeters>
            <HeartRateBpm>
              <Value>103</Value>
            </HeartRateBpm>
            <Extensions>
              <ns3:TPX>
                <ns3:Speed>0.9419999718666077</ns3:Speed>
              </ns3:TPX>
            </Extensions>
          </Trackpoint>
          <Trackpoint>
            <Time>2026-07-30T16:43:11.000Z</Time>
            <Position>
              <LatitudeDegrees>44.28915183059871</LatitudeDegrees>
              <LongitudeDegrees>-81.59162191674113</LongitudeDegrees>
            </Position>
            <AltitudeMeters>176.8000030517578</AltitudeMeters>
            <DistanceMeters>3169.330078125</DistanceMeters>
            <HeartRateBpm>
              <Value>103</Value>
            </HeartRateBpm>
            <Extensions>
              <ns3:TPX>
                <ns3:Speed>0.9419999718666077</ns3:Speed>
              </ns3:TPX>
            </Extensions>
          </Trackpoint>
          <Trackpoint>
            <Time>2026-07-30T16:43:14.000Z</Time>
            <Position>
              <LatitudeDegrees>44.28915015421808</LatitudeDegrees>
              <LongitudeDegrees>-81.59165376797318</LongitudeDegrees>
            </Position>
            <AltitudeMeters>176.60000610351562</AltitudeMeters>
            <DistanceMeters>3171.8798828125</DistanceMeters>
            <HeartRateBpm>
              <Value>103</Value>
            </HeartRateBpm>
            <Extensions>
              <ns3:TPX>
                <ns3:Speed>0.7839999794960022</ns3:Speed>
              </ns3:TPX>
            </Extensions>
          </Trackpoint>
          <Trackpoint>
            <Time>2026-07-30T16:43:16.000Z</Time>
            <Position>
              <LatitudeDegrees>44.28914529271424</LatitudeDegrees>
              <LongitudeDegrees>-81.59166382625699</LongitudeDegrees>
            </Position>
            <AltitudeMeters>176.39999389648438</AltitudeMeters>
            <DistanceMeters>3172.840087890625</DistanceMeters>
            <HeartRateBpm>
              <Value>103</Value>
            </HeartRateBpm>
            <Extensions>
              <ns3:TPX>
                <ns3:Speed>0.0</ns3:Speed>
              </ns3:TPX>
            </Extensions>
          </Trackpoint>
          <Trackpoint>
            <Time>2026-07-30T16:43:20.000Z</Time>
            <Position>
              <LatitudeDegrees>44.289147136732936</LatitudeDegrees>
              <LongitudeDegrees>-81.59166810102761</LongitudeDegrees>
            </Position>
            <AltitudeMeters>176.0</AltitudeMeters>
            <DistanceMeters>3173.239990234375</DistanceMeters>
            <HeartRateBpm>
              <Value>101</Value>
            </HeartRateBpm>
            <Extensions>
              <ns3:TPX>
                <ns3:Speed>0.0</ns3:Speed>
              </ns3:TPX>
            </Extensions>
          </Trackpoint>
          <Trackpoint>
            <Time>2026-07-30T16:43:26.000Z</Time>
            <Position>
              <LatitudeDegrees>44.28915317170322</LatitudeDegrees>
              <LongitudeDegrees>-81.59169718623161</LongitudeDegrees>
            </Position>
            <AltitudeMeters>176.0</AltitudeMeters>
            <DistanceMeters>3176.159912109375</DistanceMeters>
            <HeartRateBpm>
              <Value>100</Value>
            </HeartRateBpm>
            <Extensions>
              <ns3:TPX>
                <ns3:Speed>0.671999990940094</ns3:Speed>
              </ns3:TPX>
            </Extensions>
          </Trackpoint>
          <Trackpoint>
            <Time>2026-07-30T16:43:27.000Z</Time>
            <Position>
              <LatitudeDegrees>44.28915141150355</LatitudeDegrees>
              <LongitudeDegrees>-81.59171420149505</LongitudeDegrees>
            </Position>
            <AltitudeMeters>176.1999969482422</AltitudeMeters>
            <DistanceMeters>3177.530029296875</DistanceMeters>
            <HeartRateBpm>
              <Value>100</Value>
            </HeartRateBpm>
            <Extensions>
              <ns3:TPX>
                <ns3:Speed>1.0080000162124634</ns3:Speed>
              </ns3:TPX>
            </Extensions>
          </Trackpoint>
          <Trackpoint>
            <Time>2026-07-30T16:43:33.000Z</Time>
            <Position>
              <LatitudeDegrees>44.28914797492325</LatitudeDegrees>
              <LongitudeDegrees>-81.59176222980022</LongitudeDegrees>
            </Position>
            <AltitudeMeters>176.0</AltitudeMeters>
            <DistanceMeters>3181.449951171875</DistanceMeters>
            <HeartRateBpm>
              <Value>100</Value>
            </HeartRateBpm>
            <Extensions>
              <ns3:TPX>
                <ns3:Speed>0.671999990940094</ns3:Speed>
              </ns3:TPX>
            </Extensions>
          </Trackpoint>
          <Trackpoint>
            <Time>2026-07-30T16:43:37.000Z</Time>
            <Position>
              <LatitudeDegrees>44.28914554417133</LatitudeDegrees>
              <LongitudeDegrees>-81.59180707298219</LongitudeDegrees>
            </Position>
            <AltitudeMeters>176.0</AltitudeMeters>
            <DistanceMeters>3185.10009765625</DistanceMeters>
            <HeartRateBpm>
              <Value>99</Value>
            </HeartRateBpm>
            <Extensions>
              <ns3:TPX>
                <ns3:Speed>1.0080000162124634</ns3:Speed>
              </ns3:TPX>
            </Extensions>
          </Trackpoint>
          <Trackpoint>
            <Time>2026-07-30T16:43:40.000Z</Time>
            <Position>
              <LatitudeDegrees>44.289130037650466</LatitudeDegrees>
              <LongitudeDegrees>-81.59186004661024</LongitudeDegrees>
            </Position>
            <AltitudeMeters>176.0</AltitudeMeters>
            <DistanceMeters>3189.659912109375</DistanceMeters>
            <HeartRateBpm>
              <Value>97</Value>
            </HeartRateBpm>
            <Extensions>
              <ns3:TPX>
                <ns3:Speed>1.4930000305175781</ns3:Speed>
              </ns3:TPX>
            </Extensions>
          </Trackpoint>
          <Trackpoint>
            <Time>2026-07-30T16:43:47.000Z</Time>
            <Position>
              <LatitudeDegrees>44.28910321556032</LatitudeDegrees>
              <LongitudeDegrees>-81.59203506074846</LongitudeDegrees>
            </Position>
            <AltitudeMeters>176.0</AltitudeMeters>
            <DistanceMeters>3204.030029296875</DistanceMeters>
            <HeartRateBpm>
              <Value>100</Value>
            </HeartRateBpm>
            <Extensions>
              <ns3:TPX>
                <ns3:Speed>1.753999948501587</ns3:Speed>
              </ns3:TPX>
            </Extensions>
          </Trackpoint>
          <Trackpoint>
            <Time>2026-07-30T16:43:48.000Z</Time>
            <Position>
              <LatitudeDegrees>44.289098773151636</LatitudeDegrees>
              <LongitudeDegrees>-81.5920676663518</LongitudeDegrees>
            </Position>
            <AltitudeMeters>176.0</AltitudeMeters>
            <DistanceMeters>3206.679931640625</DistanceMeters>
            <HeartRateBpm>
              <Value>100</Value>
            </HeartRateBpm>
            <Extensions>
              <ns3:TPX>
                <ns3:Speed>1.8569999933242798</ns3:Speed>
              </ns3:TPX>
            </Extensions>
          </Trackpoint>
          <Trackpoint>
            <Time>2026-07-30T16:43:54.000Z</Time>
            <Position>
              <LatitudeDegrees>44.28906340152025</LatitudeDegrees>
              <LongitudeDegrees>-81.59225039184093</LongitudeDegrees>
            </Position>
            <AltitudeMeters>175.39999389648438</AltitudeMeters>
            <DistanceMeters>3221.909912109375</DistanceMeters>
            <HeartRateBpm>
              <Value>99</Value>
            </HeartRateBpm>
            <Extensions>
              <ns3:TPX>
                <ns3:Speed>2.565999984741211</ns3:Speed>
              </ns3:TPX>
            </Extensions>
          </Trackpoint>
          <Trackpoint>
            <Time>2026-07-30T16:43:55.000Z</Time>
            <Position>
              <LatitudeDegrees>44.289058204740286</LatitudeDegrees>
              <LongitudeDegrees>-81.59228274598718</LongitudeDegrees>
            </Position>
            <AltitudeMeters>175.39999389648438</AltitudeMeters>
            <DistanceMeters>3224.550048828125</DistanceMeters>
            <HeartRateBpm>
              <Value>101</Value>
            </HeartRateBpm>
            <Extensions>
              <ns3:TPX>
                <ns3:Speed>2.565999984741211</ns3:Speed>
              </ns3:TPX>
            </Extensions>
          </Trackpoint>
          <Trackpoint>
            <Time>2026-07-30T16:44:06.000Z</Time>
            <Position>
              <LatitudeDegrees>44.28902316838503</LatitudeDegrees>
              <LongitudeDegrees>-81.59261366352439</LongitudeDegrees>
            </Position>
            <AltitudeMeters>175.1999969482422</AltitudeMeters>
            <DistanceMeters>3251.2900390625</DistanceMeters>
            <HeartRateBpm>
              <Value>102</Value>
            </HeartRateBpm>
            <Extensions>
              <ns3:TPX>
                <ns3:Speed>2.4170000553131104</ns3:Speed>
              </ns3:TPX>
            </Extensions>
          </Trackpoint>
          <Trackpoint>
            <Time>2026-07-30T16:44:17.000Z</Time>
            <Position>
              <LatitudeDegrees>44.28899450227618</LatitudeDegrees>
              <LongitudeDegrees>-81.59290099516511</LongitudeDegrees>
            </Position>
            <AltitudeMeters>175.0</AltitudeMeters>
            <DistanceMeters>3274.47998046875</DistanceMeters>
            <HeartRateBpm>
              <Value>101</Value>
            </HeartRateBpm>
            <Extensions>
              <ns3:TPX>
                <ns3:Speed>2.052999973297119</ns3:Speed>
              </ns3:TPX>
            </Extensions>
          </Trackpoint>
          <Trackpoint>
            <Time>2026-07-30T16:44:24.000Z</Time>
            <Position>
              <LatitudeDegrees>44.28898125886917</LatitudeDegrees>
              <LongitudeDegrees>-81.5930587425828</LongitudeDegrees>
            </Position>
            <AltitudeMeters>175.0</AltitudeMeters>
            <DistanceMeters>3287.179931640625</DistanceMeters>
            <HeartRateBpm>
              <Value>97</Value>
            </HeartRateBpm>
            <Extensions>
              <ns3:TPX>
                <ns3:Speed>1.809999942779541</ns3:Speed>
              </ns3:TPX>
            </Extensions>
          </Trackpoint>
          <Trackpoint>
            <Time>2026-07-30T16:44:27.000Z</Time>
            <Position>
              <LatitudeDegrees>44.288985366001725</LatitudeDegrees>
              <LongitudeDegrees>-81.59312923438847</LongitudeDegrees>
            </Position>
            <AltitudeMeters>175.0</AltitudeMeters>
            <DistanceMeters>3292.820068359375</DistanceMeters>
            <HeartRateBpm>
              <Value>99</Value>
            </HeartRateBpm>
            <Extensions>
              <ns3:TPX>
                <ns3:Speed>1.7910000085830688</ns3:Speed>
              </ns3:TPX>
            </Extensions>
          </Trackpoint>
          <Trackpoint>
            <Time>2026-07-30T16:44:33.000Z</Time>
            <Position>
              <LatitudeDegrees>44.28900372236967</LatitudeDegrees>
              <LongitudeDegrees>-81.59325990825891</LongitudeDegrees>
            </Position>
            <AltitudeMeters>174.8000030517578</AltitudeMeters>
            <DistanceMeters>3303.4599609375</DistanceMeters>
            <HeartRateBpm>
              <Value>96</Value>
            </HeartRateBpm>
            <Extensions>
              <ns3:TPX>
                <ns3:Speed>1.7640000581741333</ns3:Speed>
              </ns3:TPX>
            </Extensions>
          </Trackpoint>
          <Trackpoint>
            <Time>2026-07-30T16:44:38.000Z</Time>
            <Position>
              <LatitudeDegrees>44.28902828134596</LatitudeDegrees>
              <LongitudeDegrees>-81.59336417913437</LongitudeDegrees>
            </Position>
            <AltitudeMeters>174.8000030517578</AltitudeMeters>
            <DistanceMeters>3312.219970703125</DistanceMeters>
            <HeartRateBpm>
              <Value>95</Value>
            </HeartRateBpm>
            <Extensions>
              <ns3:TPX>
                <ns3:Speed>1.7259999513626099</ns3:Speed>
              </ns3:TPX>
            </Extensions>
          </Trackpoint>
          <Trackpoint>
            <Time>2026-07-30T16:44:47.000Z</Time>
            <Position>
              <LatitudeDegrees>44.289070358499885</LatitudeDegrees>
              <LongitudeDegrees>-81.59354858100414</LongitudeDegrees>
            </Position>
            <AltitudeMeters>174.60000610351562</AltitudeMeters>
            <DistanceMeters>3327.669921875</DistanceMeters>
            <HeartRateBpm>
              <Value>93</Value>
            </HeartRateBpm>
            <Extensions>
              <ns3:TPX>
                <ns3:Speed>1.7259999513626099</ns3:Speed>
              </ns3:TPX>
            </Extensions>
          </Trackpoint>
          <Trackpoint>
            <Time>2026-07-30T16:44:49.000Z</Time>
            <Position>
              <LatitudeDegrees>44.28907706402242</LatitudeDegrees>
              <LongitudeDegrees>-81.59358755685389</LongitudeDegrees>
            </Position>
            <AltitudeMeters>174.39999389648438</AltitudeMeters>
            <DistanceMeters>3330.8701171875</DistanceMeters>
            <HeartRateBpm>
              <Value>92</Value>
            </HeartRateBpm>
            <Extensions>
              <ns3:TPX>
                <ns3:Speed>1.6699999570846558</ns3:Speed>
              </ns3:TPX>
            </Extensions>
          </Trackpoint>
          <Trackpoint>
            <Time>2026-07-30T16:44:53.000Z</Time>
            <Position>
              <LatitudeDegrees>44.2890849430114</LatitudeDegrees>
              <LongitudeDegrees>-81.59368000924587</LongitudeDegrees>
            </Position>
            <AltitudeMeters>174.1999969482422</AltitudeMeters>
            <DistanceMeters>3338.27001953125</DistanceMeters>
            <HeartRateBpm>
              <Value>88</Value>
            </HeartRateBpm>
            <Extensions>
              <ns3:TPX>
                <ns3:Speed>1.7359999418258667</ns3:Speed>
              </ns3:TPX>
            </Extensions>
          </Trackpoint>
          <Trackpoint>
            <Time>2026-07-30T16:44:55.000Z</Time>
            <Position>
              <LatitudeDegrees>44.28908963687718</LatitudeDegrees>
              <LongitudeDegrees>-81.59373180940747</LongitudeDegrees>
            </Position>
            <AltitudeMeters>174.0</AltitudeMeters>
            <DistanceMeters>3342.43994140625</DistanceMeters>
            <HeartRateBpm>
              <Value>90</Value>
            </HeartRateBpm>
            <Extensions>
              <ns3:TPX>
                <ns3:Speed>1.7910000085830688</ns3:Speed>
              </ns3:TPX>
            </Extensions>
          </Trackpoint>
          <Trackpoint>
            <Time>2026-07-30T16:44:59.000Z</Time>
            <Position>
              <LatitudeDegrees>44.28909030742943</LatitudeDegrees>
              <LongitudeDegrees>-81.59382853657007</LongitudeDegrees>
            </Position>
            <AltitudeMeters>173.8000030517578</AltitudeMeters>
            <DistanceMeters>3350.179931640625</DistanceMeters>
            <HeartRateBpm>
              <Value>87</Value>
            </HeartRateBpm>
            <Extensions>
              <ns3:TPX>
                <ns3:Speed>1.8380000591278076</ns3:Speed>
              </ns3:TPX>
            </Extensions>
          </Trackpoint>
          <Trackpoint>
            <Time>2026-07-30T16:45:03.000Z</Time>
            <Position>
              <LatitudeDegrees>44.28908569738269</LatitudeDegrees>
              <LongitudeDegrees>-81.59391595982015</LongitudeDegrees>
            </Position>
            <AltitudeMeters>174.0</AltitudeMeters>
            <DistanceMeters>3357.199951171875</DistanceMeters>
            <HeartRateBpm>
              <Value>86</Value>
            </HeartRateBpm>
            <Extensions>
              <ns3:TPX>
                <ns3:Speed>1.8380000591278076</ns3:Speed>
              </ns3:TPX>
            </Extensions>
          </Trackpoint>
          <Trackpoint>
            <Time>2026-07-30T16:45:12.000Z</Time>
            <Position>
              <LatitudeDegrees>44.289073292165995</LatitudeDegrees>
              <LongitudeDegrees>-81.5941068995744</LongitudeDegrees>
            </Position>
            <AltitudeMeters>173.8000030517578</AltitudeMeters>
            <DistanceMeters>3372.60009765625</DistanceMeters>
            <HeartRateBpm>
              <Value>83</Value>
            </HeartRateBpm>
            <Extensions>
              <ns3:TPX>
                <ns3:Speed>1.781999945640564</ns3:Speed>
              </ns3:TPX>
            </Extensions>
          </Trackpoint>
          <Trackpoint>
            <Time>2026-07-30T16:45:13.000Z</Time>
            <Position>
              <LatitudeDegrees>44.2890764772892</LatitudeDegrees>
              <LongitudeDegrees>-81.5941291116178</LongitudeDegrees>
            </Position>
            <AltitudeMeters>173.8000030517578</AltitudeMeters>
            <DistanceMeters>3374.409912109375</DistanceMeters>
            <HeartRateBpm>
              <Value>83</Value>
            </HeartRateBpm>
            <Extensions>
              <ns3:TPX>
                <ns3:Speed>1.781999945640564</ns3:Speed>
              </ns3:TPX>
            </Extensions>
          </Trackpoint>
          <Trackpoint>
            <Time>2026-07-30T16:45:20.000Z</Time>
            <Position>
              <LatitudeDegrees>44.28910681977868</LatitudeDegrees>
              <LongitudeDegrees>-81.59428149461746</LongitudeDegrees>
            </Position>
            <AltitudeMeters>173.60000610351562</AltitudeMeters>
            <DistanceMeters>3387.070068359375</DistanceMeters>
            <HeartRateBpm>
              <Value>80</Value>
            </HeartRateBpm>
            <Extensions>
              <ns3:TPX>
                <ns3:Speed>1.809999942779541</ns3:Speed>
              </ns3:TPX>
            </Extensions>
          </Trackpoint>
          <Trackpoint>
            <Time>2026-07-30T16:45:22.000Z</Time>
            <Position>
              <LatitudeDegrees>44.2891229968518</LatitudeDegrees>
              <LongitudeDegrees>-81.59432164393365</LongitudeDegrees>
            </Position>
            <AltitudeMeters>173.60000610351562</AltitudeMeters>
            <DistanceMeters>3390.72998046875</DistanceMeters>
            <HeartRateBpm>
              <Value>80</Value>
            </HeartRateBpm>
            <Extensions>
              <ns3:TPX>
                <ns3:Speed>1.8289999961853027</ns3:Speed>
              </ns3:TPX>
            </Extensions>
          </Trackpoint>
          <Trackpoint>
            <Time>2026-07-30T16:45:25.000Z</Time>
            <Position>
              <LatitudeDegrees>44.289141688495874</LatitudeDegrees>
              <LongitudeDegrees>-81.59438501112163</LongitudeDegrees>
            </Position>
            <AltitudeMeters>173.39999389648438</AltitudeMeters>
            <DistanceMeters>3396.199951171875</DistanceMeters>
            <HeartRateBpm>
              <Value>79</Value>
            </HeartRateBpm>
            <Extensions>
              <ns3:TPX>
                <ns3:Speed>1.7730000019073486</ns3:Speed>
              </ns3:TPX>
            </Extensions>
          </Trackpoint>
          <Trackpoint>
            <Time>2026-07-30T16:45:34.000Z</Time>
            <Position>
              <LatitudeDegrees>44.289187705144286</LatitudeDegrees>
              <LongitudeDegrees>-81.59456128254533</LongitudeDegrees>
            </Position>
            <AltitudeMeters>173.1999969482422</AltitudeMeters>
            <DistanceMeters>3411.219970703125</DistanceMeters>
            <HeartRateBpm>
              <Value>76</Value>
            </HeartRateBpm>
            <Extensions>
              <ns3:TPX>
                <ns3:Speed>1.7359999418258667</ns3:Speed>
              </ns3:TPX>
            </Extensions>
          </Trackpoint>
          <Trackpoint>
            <Time>2026-07-30T16:45:38.000Z</Time>
            <Position>
              <LatitudeDegrees>44.289198936894536</LatitudeDegrees>
              <LongitudeDegrees>-81.59463998861611</LongitudeDegrees>
            </Position>
            <AltitudeMeters>173.0</AltitudeMeters>
            <DistanceMeters>3417.6298828125</DistanceMeters>
            <HeartRateBpm>
              <Value>73</Value>
            </HeartRateBpm>
            <Extensions>
              <ns3:TPX>
                <ns3:Speed>1.7170000076293945</ns3:Speed>
              </ns3:TPX>
            </Extensions>
          </Trackpoint>
          <Trackpoint>
            <Time>2026-07-30T16:45:49.000Z</Time>
            <Position>
              <LatitudeDegrees>44.28922249004245</LatitudeDegrees>
              <LongitudeDegrees>-81.5948699042201</LongitudeDegrees>
            </Position>
            <AltitudeMeters>172.8000030517578</AltitudeMeters>
            <DistanceMeters>3436.169921875</DistanceMeters>
            <HeartRateBpm>
              <Value>73</Value>
            </HeartRateBpm>
            <Extensions>
              <ns3:TPX>
                <ns3:Speed>1.6799999475479126</ns3:Speed>
              </ns3:TPX>
            </Extensions>
          </Trackpoint>
          <Trackpoint>
            <Time>2026-07-30T16:46:00.000Z</Time>
            <Position>
              <LatitudeDegrees>44.28923229686916</LatitudeDegrees>
              <LongitudeDegrees>-81.59508774988353</LongitudeDegrees>
            </Position>
            <AltitudeMeters>172.60000610351562</AltitudeMeters>
            <DistanceMeters>3453.56005859375</DistanceMeters>
            <HeartRateBpm>
              <Value>75</Value>
            </HeartRateBpm>
            <Extensions>
              <ns3:TPX>
                <ns3:Speed>1.6330000162124634</ns3:Speed>
              </ns3:TPX>
            </Extensions>
          </Trackpoint>
          <Trackpoint>
            <Time>2026-07-30T16:46:07.000Z</Time>
            <Position>
              <LatitudeDegrees>44.28925769403577</LatitudeDegrees>
              <LongitudeDegrees>-81.59520694054663</LongitudeDegrees>
            </Position>
            <AltitudeMeters>172.39999389648438</AltitudeMeters>
            <DistanceMeters>3463.5</DistanceMeters>
            <HeartRateBpm>
              <Value>76</Value>
            </HeartRateBpm>
            <Extensions>
              <ns3:TPX>
                <ns3:Speed>1.5490000247955322</ns3:Speed>
              </ns3:TPX>
            </Extensions>
          </Trackpoint>
          <Trackpoint>
            <Time>2026-07-30T16:46:11.000Z</Time>
            <Position>
              <LatitudeDegrees>44.28927378728986</LatitudeDegrees>
              <LongitudeDegrees>-81.59527818672359</LongitudeDegrees>
            </Position>
            <AltitudeMeters>172.39999389648438</AltitudeMeters>
            <DistanceMeters>3469.4599609375</DistanceMeters>
            <HeartRateBpm>
              <Value>78</Value>
            </HeartRateBpm>
            <Extensions>
              <ns3:TPX>
                <ns3:Speed>1.4739999771118164</ns3:Speed>
              </ns3:TPX>
            </Extensions>
          </Trackpoint>
          <Trackpoint>
            <Time>2026-07-30T16:46:20.000Z</Time>
            <Position>
              <LatitudeDegrees>44.289295664057136</LatitudeDegrees>
              <LongitudeDegrees>-81.59545102156699</LongitudeDegrees>
            </Position>
            <AltitudeMeters>172.0</AltitudeMeters>
            <DistanceMeters>3483.489990234375</DistanceMeters>
            <HeartRateBpm>
              <Value>75</Value>
            </HeartRateBpm>
            <Extensions>
              <ns3:TPX>
                <ns3:Speed>1.4739999771118164</ns3:Speed>
              </ns3:TPX>
            </Extensions>
          </Trackpoint>
          <Trackpoint>
            <Time>2026-07-30T16:46:21.000Z</Time>
            <Position>
              <LatitudeDegrees>44.28929641842842</LatitudeDegrees>
              <LongitudeDegrees>-81.59547214396298</LongitudeDegrees>
            </Position>
            <AltitudeMeters>172.0</AltitudeMeters>
            <DistanceMeters>3485.179931640625</DistanceMeters>
            <HeartRateBpm>
              <Value>78</Value>
            </HeartRateBpm>
            <Extensions>
              <ns3:TPX>
                <ns3:Speed>1.4930000305175781</ns3:Speed>
              </ns3:TPX>
            </Extensions>
          </Trackpoint>
          <Trackpoint>
            <Time>2026-07-30T16:46:22.000Z</Time>
            <Position>
              <LatitudeDegrees>44.28929549641907</LatitudeDegrees>
              <LongitudeDegrees>-81.59549368545413</LongitudeDegrees>
            </Position>
            <AltitudeMeters>172.0</AltitudeMeters>
            <DistanceMeters>3486.889892578125</DistanceMeters>
            <HeartRateBpm>
              <Value>77</Value>
            </HeartRateBpm>
            <Extensions>
              <ns3:TPX>
                <ns3:Speed>1.5579999685287476</ns3:Speed>
              </ns3:TPX>
            </Extensions>
          </Trackpoint>
          <Trackpoint>
            <Time>2026-07-30T16:46:35.000Z</Time>
            <Position>
              <LatitudeDegrees>44.28932340815663</LatitudeDegrees>
              <LongitudeDegrees>-81.59579216502607</LongitudeDegrees>
            </Position>
            <AltitudeMeters>171.8000030517578</AltitudeMeters>
            <DistanceMeters>3510.919921875</DistanceMeters>
            <HeartRateBpm>
              <Value>79</Value>
            </HeartRateBpm>
            <Extensions>
              <ns3:TPX>
                <ns3:Speed>1.7730000019073486</ns3:Speed>
              </ns3:TPX>
            </Extensions>
          </Trackpoint>
          <Trackpoint>
            <Time>2026-07-30T16:46:48.000Z</Time>
            <Position>
              <LatitudeDegrees>44.289361126720905</LatitudeDegrees>
              <LongitudeDegrees>-81.59610975533724</LongitudeDegrees>
            </Position>
            <AltitudeMeters>171.39999389648438</AltitudeMeters>
            <DistanceMeters>3536.639892578125</DistanceMeters>
            <HeartRateBpm>
              <Value>80</Value>
            </HeartRateBpm>
            <Extensions>
              <ns3:TPX>
                <ns3:Speed>1.996999979019165</ns3:Speed>
              </ns3:TPX>
            </Extensions>
          </Trackpoint>
          <Trackpoint>
            <Time>2026-07-30T16:46:50.000Z</Time>
            <Position>
              <LatitudeDegrees>44.28936950862408</LatitudeDegrees>
              <LongitudeDegrees>-81.59615526907146</LongitudeDegrees>
            </Position>
            <AltitudeMeters>171.39999389648438</AltitudeMeters>
            <DistanceMeters>3540.389892578125</DistanceMeters>
            <HeartRateBpm>
              <Value>79</Value>
            </HeartRateBpm>
            <Extensions>
              <ns3:TPX>
                <ns3:Speed>2.00600004196167</ns3:Speed>
              </ns3:TPX>
            </Extensions>
          </Trackpoint>
          <Trackpoint>
            <Time>2026-07-30T16:46:57.000Z</Time>
            <Position>
              <LatitudeDegrees>44.28940764628351</LatitudeDegrees>
              <LongitudeDegrees>-81.59632684662938</LongitudeDegrees>
            </Position>
            <AltitudeMeters>171.1999969482422</AltitudeMeters>
            <DistanceMeters>3554.719970703125</DistanceMeters>
            <HeartRateBpm>
              <Value>76</Value>
            </HeartRateBpm>
            <Extensions>
              <ns3:TPX>
                <ns3:Speed>1.9220000505447388</ns3:Speed>
              </ns3:TPX>
            </Extensions>
          </Trackpoint>
          <Trackpoint>
            <Time>2026-07-30T16:46:58.000Z</Time>
            <Position>
              <LatitudeDegrees>44.28941301070154</LatitudeDegrees>
              <LongitudeDegrees>-81.59635081887245</LongitudeDegrees>
            </Position>
            <AltitudeMeters>171.1999969482422</AltitudeMeters>
            <DistanceMeters>3556.719970703125</DistanceMeters>
            <HeartRateBpm>
              <Value>76</Value>
            </HeartRateBpm>
            <Extensions>
              <ns3:TPX>
                <ns3:Speed>1.940999984741211</ns3:Speed>
              </ns3:TPX>
            </Extensions>
          </Trackpoint>
          <Trackpoint>
            <Time>2026-07-30T16:47:09.000Z</Time>
            <Position>
              <LatitudeDegrees>44.28945240564644</LatitudeDegrees>
              <LongitudeDegrees>-81.596619207412</LongitudeDegrees>
            </Position>
            <AltitudeMeters>171.0</AltitudeMeters>
            <DistanceMeters>3578.60009765625</DistanceMeters>
            <HeartRateBpm>
              <Value>73</Value>
            </HeartRateBpm>
            <Extensions>
              <ns3:TPX>
                <ns3:Speed>1.9129999876022339</ns3:Speed>
              </ns3:TPX>
            </Extensions>
          </Trackpoint>
          <Trackpoint>
            <Time>2026-07-30T16:47:11.000Z</Time>
            <Position>
              <LatitudeDegrees>44.28945718333125</LatitudeDegrees>
              <LongitudeDegrees>-81.59666371531785</LongitudeDegrees>
            </Position>
            <AltitudeMeters>170.8000030517578</AltitudeMeters>
            <DistanceMeters>3582.18994140625</DistanceMeters>
            <HeartRateBpm>
              <Value>75</Value>
            </HeartRateBpm>
            <Extensions>
              <ns3:TPX>
                <ns3:Speed>1.930999994277954</ns3:Speed>
              </ns3:TPX>
            </Extensions>
          </Trackpoint>
          <Trackpoint>
            <Time>2026-07-30T16:47:20.000Z</Time>
            <Position>
              <LatitudeDegrees>44.289496913552284</LatitudeDegrees>
              <LongitudeDegrees>-81.59687200561166</LongitudeDegrees>
            </Position>
            <AltitudeMeters>170.60000610351562</AltitudeMeters>
            <DistanceMeters>3599.35009765625</DistanceMeters>
            <HeartRateBpm>
              <Value>73</Value>
            </HeartRateBpm>
            <Extensions>
              <ns3:TPX>
                <ns3:Speed>1.9780000448226929</ns3:Speed>
              </ns3:TPX>
            </Extensions>
          </Trackpoint>
          <Trackpoint>
            <Time>2026-07-30T16:47:29.000Z</Time>
            <Position>
              <LatitudeDegrees>44.28955793380737</LatitudeDegrees>
              <LongitudeDegrees>-81.59705825150013</LongitudeDegrees>
            </Position>
            <AltitudeMeters>170.60000610351562</AltitudeMeters>
            <DistanceMeters>3615.590087890625</DistanceMeters>
            <HeartRateBpm>
              <Value>73</Value>
            </HeartRateBpm>
            <Extensions>
              <ns3:TPX>
                <ns3:Speed>1.8940000534057617</ns3:Speed>
              </ns3:TPX>
            </Extensions>
          </Trackpoint>
          <Trackpoint>
            <Time>2026-07-30T16:47:33.000Z</Time>
            <Position>
              <LatitudeDegrees>44.28958676755428</LatitudeDegrees>
              <LongitudeDegrees>-81.59711943939328</LongitudeDegrees>
            </Position>
            <AltitudeMeters>170.39999389648438</AltitudeMeters>
            <DistanceMeters>3621.43994140625</DistanceMeters>
            <HeartRateBpm>
              <Value>75</Value>
            </HeartRateBpm>
            <Extensions>
              <ns3:TPX>
                <ns3:Speed>1.7170000076293945</ns3:Speed>
              </ns3:TPX>
            </Extensions>
          </Trackpoint>
          <Trackpoint>
            <Time>2026-07-30T16:47:36.000Z</Time>
            <Position>
              <LatitudeDegrees>44.289604453369975</LatitudeDegrees>
              <LongitudeDegrees>-81.59715388901532</LongitudeDegrees>
            </Position>
            <AltitudeMeters>170.1999969482422</AltitudeMeters>
            <DistanceMeters>3624.81005859375</DistanceMeters>
            <HeartRateBpm>
              <Value>78</Value>
            </HeartRateBpm>
            <Extensions>
              <ns3:TPX>
                <ns3:Speed>1.6139999628067017</ns3:Speed>
              </ns3:TPX>
            </Extensions>
          </Trackpoint>
          <Trackpoint>
            <Time>2026-07-30T16:47:37.000Z</Time>
            <Position>
              <LatitudeDegrees>44.2896119132638</LatitudeDegrees>
              <LongitudeDegrees>-81.59716570749879</LongitudeDegrees>
            </Position>
            <AltitudeMeters>170.1999969482422</AltitudeMeters>
            <DistanceMeters>3626.070068359375</DistanceMeters>
            <HeartRateBpm>
              <Value>78</Value>
            </HeartRateBpm>
            <Extensions>
              <ns3:TPX>
                <ns3:Speed>1.5770000219345093</ns3:Speed>
              </ns3:TPX>
            </Extensions>
          </Trackpoint>
          <Trackpoint>
            <Time>2026-07-30T16:47:38.000Z</Time>
            <Position>
              <LatitudeDegrees>44.289617612957954</LatitudeDegrees>
              <LongitudeDegrees>-81.59717945381999</LongitudeDegrees>
            </Position>
            <AltitudeMeters>170.1999969482422</AltitudeMeters>
            <DistanceMeters>3627.320068359375</DistanceMeters>
            <HeartRateBpm>
              <Value>78</Value>
            </HeartRateBpm>
            <Extensions>
              <ns3:TPX>
                <ns3:Speed>1.4459999799728394</ns3:Speed>
              </ns3:TPX>
            </Extensions>
          </Trackpoint>
          <Trackpoint>
            <Time>2026-07-30T16:47:44.000Z</Time>
            <Position>
              <LatitudeDegrees>44.289642507210374</LatitudeDegrees>
              <LongitudeDegrees>-81.59728389233351</LongitudeDegrees>
            </Position>
            <AltitudeMeters>170.0</AltitudeMeters>
            <DistanceMeters>3636.110107421875</DistanceMeters>
            <HeartRateBpm>
              <Value>80</Value>
            </HeartRateBpm>
            <Extensions>
              <ns3:TPX>
                <ns3:Speed>1.409000039100647</ns3:Speed>
              </ns3:TPX>
            </Extensions>
          </Trackpoint>
          <Trackpoint>
            <Time>2026-07-30T16:47:55.000Z</Time>
            <Position>
              <LatitudeDegrees>44.28968450054526</LatitudeDegrees>
              <LongitudeDegrees>-81.59748237580061</LongitudeDegrees>
            </Position>
            <AltitudeMeters>169.8000030517578</AltitudeMeters>
            <DistanceMeters>3652.760009765625</DistanceMeters>
            <HeartRateBpm>
              <Value>82</Value>
            </HeartRateBpm>
            <Extensions>
              <ns3:TPX>
                <ns3:Speed>1.5019999742507935</ns3:Speed>
              </ns3:TPX>
            </Extensions>
          </Trackpoint>
          <Trackpoint>
            <Time>2026-07-30T16:48:06.000Z</Time>
            <Position>
              <LatitudeDegrees>44.289665976539254</LatitudeDegrees>
              <LongitudeDegrees>-81.59772419370711</LongitudeDegrees>
            </Position>
            <AltitudeMeters>169.39999389648438</AltitudeMeters>
            <DistanceMeters>3672.300048828125</DistanceMeters>
            <HeartRateBpm>
              <Value>79</Value>
            </HeartRateBpm>
            <Extensions>
              <ns3:TPX>
                <ns3:Speed>1.7730000019073486</ns3:Speed>
              </ns3:TPX>
            </Extensions>
          </Trackpoint>
          <Trackpoint>
            <Time>2026-07-30T16:48:17.000Z</Time>
            <Position>
              <LatitudeDegrees>44.289665305987</LatitudeDegrees>
              <LongitudeDegrees>-81.59800264053047</LongitudeDegrees>
            </Position>
            <AltitudeMeters>169.39999389648438</AltitudeMeters>
            <DistanceMeters>3694.679931640625</DistanceMeters>
            <HeartRateBpm>
              <Value>78</Value>
            </HeartRateBpm>
            <Extensions>
              <ns3:TPX>
                <ns3:Speed>2.00600004196167</ns3:Speed>
              </ns3:TPX>
            </Extensions>
          </Trackpoint>
          <Trackpoint>
            <Time>2026-07-30T16:48:19.000Z</Time>
            <Position>
              <LatitudeDegrees>44.289667485281825</LatitudeDegrees>
              <LongitudeDegrees>-81.59805745817721</LongitudeDegrees>
            </Position>
            <AltitudeMeters>169.39999389648438</AltitudeMeters>
            <DistanceMeters>3699.06005859375</DistanceMeters>
            <HeartRateBpm>
              <Value>78</Value>
            </HeartRateBpm>
            <Extensions>
              <ns3:TPX>
                <ns3:Speed>2.00600004196167</ns3:Speed>
              </ns3:TPX>
            </Extensions>
          </Trackpoint>
          <Trackpoint>
            <Time>2026-07-30T16:48:26.000Z</Time>
            <Position>
              <LatitudeDegrees>44.289669496938586</LatitudeDegrees>
              <LongitudeDegrees>-81.59827295690775</LongitudeDegrees>
            </Position>
            <AltitudeMeters>169.1999969482422</AltitudeMeters>
            <DistanceMeters>3716.27001953125</DistanceMeters>
            <HeartRateBpm>
              <Value>80</Value>
            </HeartRateBpm>
            <Extensions>
              <ns3:TPX>
                <ns3:Speed>2.378999948501587</ns3:Speed>
              </ns3:TPX>
            </Extensions>
          </Trackpoint>
          <Trackpoint>
            <Time>2026-07-30T16:48:38.000Z</Time>
            <Position>
              <LatitudeDegrees>44.289668407291174</LatitudeDegrees>
              <LongitudeDegrees>-81.59861820749938</LongitudeDegrees>
            </Position>
            <AltitudeMeters>169.1999969482422</AltitudeMeters>
            <DistanceMeters>3743.860107421875</DistanceMeters>
            <HeartRateBpm>
              <Value>80</Value>
            </HeartRateBpm>
            <Extensions>
              <ns3:TPX>
                <ns3:Speed>2.3329999446868896</ns3:Speed>
              </ns3:TPX>
            </Extensions>
          </Trackpoint>
          <Trackpoint>
            <Time>2026-07-30T16:48:45.000Z</Time>
            <Position>
              <LatitudeDegrees>44.28963630460203</LatitudeDegrees>
              <LongitudeDegrees>-81.59882607869804</LongitudeDegrees>
            </Position>
            <AltitudeMeters>169.0</AltitudeMeters>
            <DistanceMeters>3760.840087890625</DistanceMeters>
            <HeartRateBpm>
              <Value>77</Value>
            </HeartRateBpm>
            <Extensions>
              <ns3:TPX>
                <ns3:Speed>2.2669999599456787</ns3:Speed>
              </ns3:TPX>
            </Extensions>
          </Trackpoint>
          <Trackpoint>
            <Time>2026-07-30T16:48:46.000Z</Time>
            <Position>
              <LatitudeDegrees>44.289633790031075</LatitudeDegrees>
              <LongitudeDegrees>-81.59885315224528</LongitudeDegrees>
            </Position>
            <AltitudeMeters>169.0</AltitudeMeters>
            <DistanceMeters>3763.010009765625</DistanceMeters>
            <HeartRateBpm>
              <Value>77</Value>
            </HeartRateBpm>
            <Extensions>
              <ns3:TPX>
                <ns3:Speed>2.239000082015991</ns3:Speed>
              </ns3:TPX>
            </Extensions>
          </Trackpoint>
          <Trackpoint>
            <Time>2026-07-30T16:48:49.000Z</Time>
            <Position>
              <LatitudeDegrees>44.289630772545934</LatitudeDegrees>
              <LongitudeDegrees>-81.59893982112408</LongitudeDegrees>
            </Position>
            <AltitudeMeters>169.0</AltitudeMeters>
            <DistanceMeters>3769.93994140625</DistanceMeters>
            <HeartRateBpm>
              <Value>80</Value>
            </HeartRateBpm>
            <Extensions>
              <ns3:TPX>
                <ns3:Speed>2.2300000190734863</ns3:Speed>
              </ns3:TPX>
            </Extensions>
          </Trackpoint>
          <Trackpoint>
            <Time>2026-07-30T16:48:56.000Z</Time>
            <Position>
              <LatitudeDegrees>44.289605878293514</LatitudeDegrees>
              <LongitudeDegrees>-81.5991201158613</LongitudeDegrees>
            </Position>
            <AltitudeMeters>168.8000030517578</AltitudeMeters>
            <DistanceMeters>3784.719970703125</DistanceMeters>
            <HeartRateBpm>
              <Value>81</Value>
            </HeartRateBpm>
            <Extensions>
              <ns3:TPX>
                <ns3:Speed>2.1089999675750732</ns3:Speed>
              </ns3:TPX>
            </Extensions>
          </Trackpoint>
          <Trackpoint>
            <Time>2026-07-30T16:49:06.000Z</Time>
            <Position>
              <LatitudeDegrees>44.28956748917699</LatitudeDegrees>
              <LongitudeDegrees>-81.5994063578546</LongitudeDegrees>
            </Position>
            <AltitudeMeters>168.8000030517578</AltitudeMeters>
            <DistanceMeters>3808.02001953125</DistanceMeters>
            <HeartRateBpm>
              <Value>78</Value>
            </HeartRateBpm>
            <Extensions>
              <ns3:TPX>
                <ns3:Speed>2.3610000610351562</ns3:Speed>
              </ns3:TPX>
            </Extensions>
          </Trackpoint>
          <Trackpoint>
            <Time>2026-07-30T16:49:09.000Z</Time>
            <Position>
              <LatitudeDegrees>44.28955005481839</LatitudeDegrees>
              <LongitudeDegrees>-81.59950249828398</LongitudeDegrees>
            </Position>
            <AltitudeMeters>168.8000030517578</AltitudeMeters>
            <DistanceMeters>3815.93994140625</DistanceMeters>
            <HeartRateBpm>
              <Value>82</Value>
            </HeartRateBpm>
            <Extensions>
              <ns3:TPX>
                <ns3:Speed>2.4070000648498535</ns3:Speed>
              </ns3:TPX>
            </Extensions>
          </Trackpoint>
          <Trackpoint>
            <Time>2026-07-30T16:49:10.000Z</Time>
            <Position>
              <LatitudeDegrees>44.28954309783876</LatitudeDegrees>
              <LongitudeDegrees>-81.59953376278281</LongitudeDegrees>
            </Position>
            <AltitudeMeters>168.8000030517578</AltitudeMeters>
            <DistanceMeters>3818.550048828125</DistanceMeters>
            <HeartRateBpm>
              <Value>78</Value>
            </HeartRateBpm>
            <Extensions>
              <ns3:TPX>
                <ns3:Speed>2.5380001068115234</ns3:Speed>
              </ns3:TPX>
            </Extensions>
          </Trackpoint>
          <Trackpoint>
            <Time>2026-07-30T16:49:15.000Z</Time>
            <Position>
              <LatitudeDegrees>44.289513509720564</LatitudeDegrees>
              <LongitudeDegrees>-81.59967893734574</LongitudeDegrees>
            </Position>
            <AltitudeMeters>169.0</AltitudeMeters>
            <DistanceMeters>3830.580078125</DistanceMeters>
            <HeartRateBpm>
              <Value>77</Value>
            </HeartRateBpm>
            <Extensions>
              <ns3:TPX>
                <ns3:Speed>2.5940001010894775</ns3:Speed>
              </ns3:TPX>
            </Extensions>
          </Trackpoint>
          <Trackpoint>
            <Time>2026-07-30T16:49:23.000Z</Time>
            <Position>
              <LatitudeDegrees>44.289476964622736</LatitudeDegrees>
              <LongitudeDegrees>-81.59993441775441</LongitudeDegrees>
            </Position>
            <AltitudeMeters>168.8000030517578</AltitudeMeters>
            <DistanceMeters>3851.360107421875</DistanceMeters>
            <HeartRateBpm>
              <Value>80</Value>
            </HeartRateBpm>
            <Extensions>
              <ns3:TPX>
                <ns3:Speed>2.5940001010894775</ns3:Speed>
              </ns3:TPX>
            </Extensions>
          </Trackpoint>
          <Trackpoint>
            <Time>2026-07-30T16:49:30.000Z</Time>
            <Position>
              <LatitudeDegrees>44.28944687359035</LatitudeDegrees>
              <LongitudeDegrees>-81.60016567446291</LongitudeDegrees>
            </Position>
            <AltitudeMeters>168.60000610351562</AltitudeMeters>
            <DistanceMeters>3870.1201171875</DistanceMeters>
            <HeartRateBpm>
              <Value>79</Value>
            </HeartRateBpm>
            <Extensions>
              <ns3:TPX>
                <ns3:Speed>2.61299991607666</ns3:Speed>
              </ns3:TPX>
            </Extensions>
          </Trackpoint>
          <Trackpoint>
            <Time>2026-07-30T16:49:39.000Z</Time>
            <Position>
              <LatitudeDegrees>44.28940060548484</LatitudeDegrees>
              <LongitudeDegrees>-81.60043322481215</LongitudeDegrees>
            </Position>
            <AltitudeMeters>168.60000610351562</AltitudeMeters>
            <DistanceMeters>3892.159912109375</DistanceMeters>
            <HeartRateBpm>
              <Value>78</Value>
            </HeartRateBpm>
            <Extensions>
              <ns3:TPX>
                <ns3:Speed>2.490999937057495</ns3:Speed>
              </ns3:TPX>
            </Extensions>
          </Trackpoint>
          <Trackpoint>
            <Time>2026-07-30T16:49:51.000Z</Time>
            <Position>
              <LatitudeDegrees>44.2893423512578</LatitudeDegrees>
              <LongitudeDegrees>-81.60082231275737</LongitudeDegrees>
            </Position>
            <AltitudeMeters>168.60000610351562</AltitudeMeters>
            <DistanceMeters>3923.889892578125</DistanceMeters>
            <HeartRateBpm>
              <Value>76</Value>
            </HeartRateBpm>
            <Extensions>
              <ns3:TPX>
                <ns3:Speed>2.621999979019165</ns3:Speed>
              </ns3:TPX>
            </Extensions>
          </Trackpoint>
          <Trackpoint>
            <Time>2026-07-30T16:50:01.000Z</Time>
            <Position>
              <LatitudeDegrees>44.28930480033159</LatitudeDegrees>
              <LongitudeDegrees>-81.60112942568958</LongitudeDegrees>
            </Position>
            <AltitudeMeters>168.60000610351562</AltitudeMeters>
            <DistanceMeters>3948.77001953125</DistanceMeters>
            <HeartRateBpm>
              <Value>74</Value>
            </HeartRateBpm>
            <Extensions>
              <ns3:TPX>
                <ns3:Speed>2.4539999961853027</ns3:Speed>
              </ns3:TPX>
            </Extensions>
          </Trackpoint>
          <Trackpoint>
            <Time>2026-07-30T16:50:13.000Z</Time>
            <Position>
              <LatitudeDegrees>44.28927596658468</LatitudeDegrees>
              <LongitudeDegrees>-81.60149177536368</LongitudeDegrees>
            </Position>
            <AltitudeMeters>168.60000610351562</AltitudeMeters>
            <DistanceMeters>3977.9599609375</DistanceMeters>
            <HeartRateBpm>
              <Value>71</Value>
            </HeartRateBpm>
            <Extensions>
              <ns3:TPX>
                <ns3:Speed>2.3329999446868896</ns3:Speed>
              </ns3:TPX>
            </Extensions>
          </Trackpoint>
          <Trackpoint>
            <Time>2026-07-30T16:50:23.000Z</Time>
            <Position>
              <LatitudeDegrees>44.28928853943944</LatitudeDegrees>
              <LongitudeDegrees>-81.6017323359847</LongitudeDegrees>
            </Position>
            <AltitudeMeters>168.60000610351562</AltitudeMeters>
            <DistanceMeters>3997.340087890625</DistanceMeters>
            <HeartRateBpm>
              <Value>71</Value>
            </HeartRateBpm>
            <Extensions>
              <ns3:TPX>
                <ns3:Speed>1.996999979019165</ns3:Speed>
              </ns3:TPX>
            </Extensions>
          </Trackpoint>
          <Trackpoint>
            <Time>2026-07-30T16:50:31.000Z</Time>
            <Position>
              <LatitudeDegrees>44.28930236957967</LatitudeDegrees>
              <LongitudeDegrees>-81.60188723355532</LongitudeDegrees>
            </Position>
            <AltitudeMeters>168.60000610351562</AltitudeMeters>
            <DistanceMeters>4009.929931640625</DistanceMeters>
            <HeartRateBpm>
              <Value>73</Value>
            </HeartRateBpm>
            <Extensions>
              <ns3:TPX>
                <ns3:Speed>1.6890000104904175</ns3:Speed>
              </ns3:TPX>
            </Extensions>
          </Trackpoint>
          <Trackpoint>
            <Time>2026-07-30T16:50:39.000Z</Time>
            <Position>
              <LatitudeDegrees>44.28925098851323</LatitudeDegrees>
              <LongitudeDegrees>-81.60209971480072</LongitudeDegrees>
            </Position>
            <AltitudeMeters>168.39999389648438</AltitudeMeters>
            <DistanceMeters>4027.889892578125</DistanceMeters>
            <HeartRateBpm>
              <Value>73</Value>
            </HeartRateBpm>
            <Extensions>
              <ns3:TPX>
                <ns3:Speed>2.1740000247955322</ns3:Speed>
              </ns3:TPX>
            </Extensions>
          </Trackpoint>
          <Trackpoint>
            <Time>2026-07-30T16:50:48.000Z</Time>
            <Position>
              <LatitudeDegrees>44.289189632982016</LatitudeDegrees>
              <LongitudeDegrees>-81.60237614996731</LongitudeDegrees>
            </Position>
            <AltitudeMeters>168.0</AltitudeMeters>
            <DistanceMeters>4051.010009765625</DistanceMeters>
            <HeartRateBpm>
              <Value>71</Value>
            </HeartRateBpm>
            <Extensions>
              <ns3:TPX>
                <ns3:Speed>2.556999921798706</ns3:Speed>
              </ns3:TPX>
            </Extensions>
          </Trackpoint>
          <Trackpoint>
            <Time>2026-07-30T16:50:58.000Z</Time>
            <Position>
              <LatitudeDegrees>44.28908779285848</LatitudeDegrees>
              <LongitudeDegrees>-81.6027012001723</LongitudeDegrees>
            </Position>
            <AltitudeMeters>168.1999969482422</AltitudeMeters>
            <DistanceMeters>4079.3701171875</DistanceMeters>
            <HeartRateBpm>
              <Value>72</Value>
            </HeartRateBpm>
            <Extensions>
              <ns3:TPX>
                <ns3:Speed>2.76200008392334</ns3:Speed>
              </ns3:TPX>
            </Extensions>
          </Trackpoint>
          <Trackpoint>
            <Time>2026-07-30T16:51:07.000Z</Time>
            <Position>
              <LatitudeDegrees>44.28897690027952</LatitudeDegrees>
              <LongitudeDegrees>-81.6029467061162</LongitudeDegrees>
            </Position>
            <AltitudeMeters>168.1999969482422</AltitudeMeters>
            <DistanceMeters>4102.56982421875</DistanceMeters>
            <HeartRateBpm>
              <Value>76</Value>
            </HeartRateBpm>
            <Extensions>
              <ns3:TPX>
                <ns3:Speed>2.6500000953674316</ns3:Speed>
              </ns3:TPX>
            </Extensions>
          </Trackpoint>
          <Trackpoint>
            <Time>2026-07-30T16:51:09.000Z</Time>
            <Position>
              <LatitudeDegrees>44.28896323777735</LatitudeDegrees>
              <LongitudeDegrees>-81.60299724899232</LongitudeDegrees>
            </Position>
            <AltitudeMeters>168.0</AltitudeMeters>
            <DistanceMeters>4106.8798828125</DistanceMeters>
            <HeartRateBpm>
              <Value>72</Value>
            </HeartRateBpm>
            <Extensions>
              <ns3:TPX>
                <ns3:Speed>2.369999885559082</ns3:Speed>
              </ns3:TPX>
            </Extensions>
          </Trackpoint>
          <Trackpoint>
            <Time>2026-07-30T16:51:13.000Z</Time>
            <Position>
              <LatitudeDegrees>44.2889419477433</LatitudeDegrees>
              <LongitudeDegrees>-81.60311677493155</LongitudeDegrees>
            </Position>
            <AltitudeMeters>168.1999969482422</AltitudeMeters>
            <DistanceMeters>4116.7099609375</DistanceMeters>
            <HeartRateBpm>
              <Value>73</Value>
            </HeartRateBpm>
            <Extensions>
              <ns3:TPX>
                <ns3:Speed>2.369999885559082</ns3:Speed>
              </ns3:TPX>
            </Extensions>
          </Trackpoint>
          <Trackpoint>
            <Time>2026-07-30T16:51:21.000Z</Time>
            <Position>
              <LatitudeDegrees>44.28892350755632</LatitudeDegrees>
              <LongitudeDegrees>-81.60337820649147</LongitudeDegrees>
            </Position>
            <AltitudeMeters>168.1999969482422</AltitudeMeters>
            <DistanceMeters>4137.64990234375</DistanceMeters>
            <HeartRateBpm>
              <Value>73</Value>
            </HeartRateBpm>
            <Extensions>
              <ns3:TPX>
                <ns3:Speed>2.4070000648498535</ns3:Speed>
              </ns3:TPX>
            </Extensions>
          </Trackpoint>
          <Trackpoint>
            <Time>2026-07-30T16:51:30.000Z</Time>
            <Position>
              <LatitudeDegrees>44.28892895579338</LatitudeDegrees>
              <LongitudeDegrees>-81.60362287424505</LongitudeDegrees>
            </Position>
            <AltitudeMeters>168.39999389648438</AltitudeMeters>
            <DistanceMeters>4157.1201171875</DistanceMeters>
            <HeartRateBpm>
              <Value>72</Value>
            </HeartRateBpm>
            <Extensions>
              <ns3:TPX>
                <ns3:Speed>2.2860000133514404</ns3:Speed>
              </ns3:TPX>
            </Extensions>
          </Trackpoint>
          <Trackpoint>
            <Time>2026-07-30T16:51:41.000Z</Time>
            <Position>
              <LatitudeDegrees>44.28893515840173</LatitudeDegrees>
              <LongitudeDegrees>-81.60389034077525</LongitudeDegrees>
            </Position>
            <AltitudeMeters>168.60000610351562</AltitudeMeters>
            <DistanceMeters>4178.509765625</DistanceMeters>
            <HeartRateBpm>
              <Value>72</Value>
            </HeartRateBpm>
            <Extensions>
              <ns3:TPX>
                <ns3:Speed>2.0250000953674316</ns3:Speed>
              </ns3:TPX>
            </Extensions>
          </Trackpoint>
          <Trackpoint>
            <Time>2026-07-30T16:51:52.000Z</Time>
            <Position>
              <LatitudeDegrees>44.28890984505415</LatitudeDegrees>
              <LongitudeDegrees>-81.60418362356722</LongitudeDegrees>
            </Position>
            <AltitudeMeters>168.60000610351562</AltitudeMeters>
            <DistanceMeters>4202.08984375</DistanceMeters>
            <HeartRateBpm>
              <Value>72</Value>
            </HeartRateBpm>
            <Extensions>
              <ns3:TPX>
                <ns3:Speed>2.2109999656677246</ns3:Speed>
              </ns3:TPX>
            </Extensions>
          </Trackpoint>
          <Trackpoint>
            <Time>2026-07-30T16:51:56.000Z</Time>
            <Position>
              <LatitudeDegrees>44.288893584162</LatitudeDegrees>
              <LongitudeDegrees>-81.60429669544101</LongitudeDegrees>
            </Position>
            <AltitudeMeters>168.8000030517578</AltitudeMeters>
            <DistanceMeters>4211.2998046875</DistanceMeters>
            <HeartRateBpm>
              <Value>75</Value>
            </HeartRateBpm>
            <Extensions>
              <ns3:TPX>
                <ns3:Speed>2.2769999504089355</ns3:Speed>
              </ns3:TPX>
            </Extensions>
          </Trackpoint>
          <Trackpoint>
            <Time>2026-07-30T16:51:57.000Z</Time>
            <Position>
              <LatitudeDegrees>44.2888898961246</LatitudeDegrees>
              <LongitudeDegrees>-81.604323098436</LongitudeDegrees>
            </Position>
            <AltitudeMeters>168.8000030517578</AltitudeMeters>
            <DistanceMeters>4213.43017578125</DistanceMeters>
            <HeartRateBpm>
              <Value>72</Value>
            </HeartRateBpm>
            <Extensions>
              <ns3:TPX>
                <ns3:Speed>2.2769999504089355</ns3:Speed>
              </ns3:TPX>
            </Extensions>
          </Trackpoint>
          <Trackpoint>
            <Time>2026-07-30T16:52:02.000Z</Time>
            <Position>
              <LatitudeDegrees>44.28888193331659</LatitudeDegrees>
              <LongitudeDegrees>-81.6044594720006</LongitudeDegrees>
            </Position>
            <AltitudeMeters>168.8000030517578</AltitudeMeters>
            <DistanceMeters>4224.35986328125</DistanceMeters>
            <HeartRateBpm>
              <Value>69</Value>
            </HeartRateBpm>
            <Extensions>
              <ns3:TPX>
                <ns3:Speed>2.257999897003174</ns3:Speed>
              </ns3:TPX>
            </Extensions>
          </Trackpoint>
          <Trackpoint>
            <Time>2026-07-30T16:52:04.000Z</Time>
            <Position>
              <LatitudeDegrees>44.28887472487986</LatitudeDegrees>
              <LongitudeDegrees>-81.6045165527612</LongitudeDegrees>
            </Position>
            <AltitudeMeters>168.8000030517578</AltitudeMeters>
            <DistanceMeters>4228.97998046875</DistanceMeters>
            <HeartRateBpm>
              <Value>70</Value>
            </HeartRateBpm>
            <Extensions>
              <ns3:TPX>
                <ns3:Speed>2.257999897003174</ns3:Speed>
              </ns3:TPX>
            </Extensions>
          </Trackpoint>
          <Trackpoint>
            <Time>2026-07-30T16:52:08.000Z</Time>
            <Position>
              <LatitudeDegrees>44.28886818699539</LatitudeDegrees>
              <LongitudeDegrees>-81.6046302113682</LongitudeDegrees>
            </Position>
            <AltitudeMeters>168.8000030517578</AltitudeMeters>
            <DistanceMeters>4238.080078125</DistanceMeters>
            <HeartRateBpm>
              <Value>73</Value>
            </HeartRateBpm>
            <Extensions>
              <ns3:TPX>
                <ns3:Speed>2.322999954223633</ns3:Speed>
              </ns3:TPX>
            </Extensions>
          </Trackpoint>
          <Trackpoint>
            <Time>2026-07-30T16:52:10.000Z</Time>
            <Position>
              <LatitudeDegrees>44.288869528099895</LatitudeDegrees>
              <LongitudeDegrees>-81.60468184389174</LongitudeDegrees>
            </Position>
            <AltitudeMeters>168.8000030517578</AltitudeMeters>
            <DistanceMeters>4242.2001953125</DistanceMeters>
            <HeartRateBpm>
              <Value>70</Value>
            </HeartRateBpm>
            <Extensions>
              <ns3:TPX>
                <ns3:Speed>2.305000066757202</ns3:Speed>
              </ns3:TPX>
            </Extensions>
          </Trackpoint>
          <Trackpoint>
            <Time>2026-07-30T16:52:14.000Z</Time>
            <Position>
              <LatitudeDegrees>44.28886919282377</LatitudeDegrees>
              <LongitudeDegrees>-81.60479214973748</LongitudeDegrees>
            </Position>
            <AltitudeMeters>169.0</AltitudeMeters>
            <DistanceMeters>4251.009765625</DistanceMeters>
            <HeartRateBpm>
              <Value>73</Value>
            </HeartRateBpm>
            <Extensions>
              <ns3:TPX>
                <ns3:Speed>2.305000066757202</ns3:Speed>
              </ns3:TPX>
            </Extensions>
          </Trackpoint>
          <Trackpoint>
            <Time>2026-07-30T16:52:18.000Z</Time>
            <Position>
              <LatitudeDegrees>44.2888605594635</LatitudeDegrees>
              <LongitudeDegrees>-81.60491209477186</LongitudeDegrees>
            </Position>
            <AltitudeMeters>169.0</AltitudeMeters>
            <DistanceMeters>4260.6201171875</DistanceMeters>
            <HeartRateBpm>
              <Value>70</Value>
            </HeartRateBpm>
            <Extensions>
              <ns3:TPX>
                <ns3:Speed>2.3329999446868896</ns3:Speed>
              </ns3:TPX>
            </Extensions>
          </Trackpoint>
          <Trackpoint>
            <Time>2026-07-30T16:52:25.000Z</Time>
            <Position>
              <LatitudeDegrees>44.28885720670223</LatitudeDegrees>
              <LongitudeDegrees>-81.60508920438588</LongitudeDegrees>
            </Position>
            <AltitudeMeters>168.8000030517578</AltitudeMeters>
            <DistanceMeters>4274.77978515625</DistanceMeters>
            <HeartRateBpm>
              <Value>69</Value>
            </HeartRateBpm>
            <Extensions>
              <ns3:TPX>
                <ns3:Speed>2.2209999561309814</ns3:Speed>
              </ns3:TPX>
            </Extensions>
          </Trackpoint>
          <Trackpoint>
            <Time>2026-07-30T16:52:35.000Z</Time>
            <Position>
              <LatitudeDegrees>44.28884689696133</LatitudeDegrees>
              <LongitudeDegrees>-81.60534996539354</LongitudeDegrees>
            </Position>
            <AltitudeMeters>168.8000030517578</AltitudeMeters>
            <DistanceMeters>4295.68994140625</DistanceMeters>
            <HeartRateBpm>
              <Value>71</Value>
            </HeartRateBpm>
            <Extensions>
              <ns3:TPX>
                <ns3:Speed>2.118000030517578</ns3:Speed>
              </ns3:TPX>
            </Extensions>
          </Trackpoint>
          <Trackpoint>
            <Time>2026-07-30T16:52:44.000Z</Time>
            <Position>
              <LatitudeDegrees>44.28883558139205</LatitudeDegrees>
              <LongitudeDegrees>-81.60560988821089</LongitudeDegrees>
            </Position>
            <AltitudeMeters>168.8000030517578</AltitudeMeters>
            <DistanceMeters>4316.66015625</DistanceMeters>
            <HeartRateBpm>
              <Value>68</Value>
            </HeartRateBpm>
            <Extensions>
              <ns3:TPX>
                <ns3:Speed>2.313999891281128</ns3:Speed>
              </ns3:TPX>
            </Extensions>
          </Trackpoint>
          <Trackpoint>
            <Time>2026-07-30T16:52:46.000Z</Time>
            <Position>
              <LatitudeDegrees>44.28885108791292</LatitudeDegrees>
              <LongitudeDegrees>-81.6056247241795</LongitudeDegrees>
            </Position>
            <AltitudeMeters>168.8000030517578</AltitudeMeters>
            <DistanceMeters>4318.93017578125</DistanceMeters>
            <HeartRateBpm>
              <Value>69</Value>
            </HeartRateBpm>
            <Extensions>
              <ns3:TPX>
                <ns3:Speed>1.2319999933242798</ns3:Speed>
              </ns3:TPX>
            </Extensions>
          </Trackpoint>
          <Trackpoint>
            <Time>2026-07-30T16:52:48.000Z</Time>
            <Position>
              <LatitudeDegrees>44.28887824527919</LatitudeDegrees>
              <LongitudeDegrees>-81.60562086850405</LongitudeDegrees>
            </Position>
            <AltitudeMeters>168.8000030517578</AltitudeMeters>
            <DistanceMeters>4321.97998046875</DistanceMeters>
            <HeartRateBpm>
              <Value>67</Value>
            </HeartRateBpm>
            <Extensions>
              <ns3:TPX>
                <ns3:Speed>1.2319999933242798</ns3:Speed>
              </ns3:TPX>
            </Extensions>
          </Trackpoint>
          <Trackpoint>
            <Time>2026-07-30T16:52:51.000Z</Time>
            <Position>
              <LatitudeDegrees>44.28889433853328</LatitudeDegrees>
              <LongitudeDegrees>-81.6056059487164</LongitudeDegrees>
            </Position>
            <AltitudeMeters>168.60000610351562</AltitudeMeters>
            <DistanceMeters>4324.10986328125</DistanceMeters>
            <HeartRateBpm>
              <Value>70</Value>
            </HeartRateBpm>
            <Extensions>
              <ns3:TPX>
                <ns3:Speed>0.6159999966621399</ns3:Speed>
              </ns3:TPX>
            </Extensions>
          </Trackpoint>
          <Trackpoint>
            <Time>2026-07-30T16:52:55.000Z</Time>
            <Position>
              <LatitudeDegrees>44.28889375180006</LatitudeDegrees>
              <LongitudeDegrees>-81.60558105446398</LongitudeDegrees>
            </Position>
            <AltitudeMeters>168.0</AltitudeMeters>
            <DistanceMeters>4325.83984375</DistanceMeters>
            <HeartRateBpm>
              <Value>74</Value>
            </HeartRateBpm>
            <Extensions>
              <ns3:TPX>
                <ns3:Speed>0.7369999885559082</ns3:Speed>
              </ns3:TPX>
            </Extensions>
          </Trackpoint>
          <Trackpoint>
            <Time>2026-07-30T16:53:00.000Z</Time>
            <Position>
              <LatitudeDegrees>44.288895931094885</LatitudeDegrees>
              <LongitudeDegrees>-81.60554459318519</LongitudeDegrees>
            </Position>
            <AltitudeMeters>168.0</AltitudeMeters>
            <DistanceMeters>4328.7900390625</DistanceMeters>
            <HeartRateBpm>
              <Value>74</Value>
            </HeartRateBpm>
            <Extensions>
              <ns3:TPX>
                <ns3:Speed>0.6620000004768372</ns3:Speed>
              </ns3:TPX>
            </Extensions>
          </Trackpoint>
          <Trackpoint>
            <Time>2026-07-30T16:53:01.000Z</Time>
            <Position>
              <LatitudeDegrees>44.28889576345682</LatitudeDegrees>
              <LongitudeDegrees>-81.60553302615881</LongitudeDegrees>
            </Position>
            <AltitudeMeters>168.1999969482422</AltitudeMeters>
            <DistanceMeters>4329.7099609375</DistanceMeters>
            <HeartRateBpm>
              <Value>74</Value>
            </HeartRateBpm>
            <Extensions>
              <ns3:TPX>
                <ns3:Speed>0.9520000219345093</ns3:Speed>
              </ns3:TPX>
            </Extensions>
          </Trackpoint>
          <Trackpoint>
            <Time>2026-07-30T16:53:06.000Z</Time>
            <Position>
              <LatitudeDegrees>44.28890305571258</LatitudeDegrees>
              <LongitudeDegrees>-81.60545088350773</LongitudeDegrees>
            </Position>
            <AltitudeMeters>168.39999389648438</AltitudeMeters>
            <DistanceMeters>4336.43994140625</DistanceMeters>
            <HeartRateBpm>
              <Value>76</Value>
            </HeartRateBpm>
            <Extensions>
              <ns3:TPX>
                <ns3:Speed>1.4559999704360962</ns3:Speed>
              </ns3:TPX>
            </Extensions>
          </Trackpoint>
          <Trackpoint>
            <Time>2026-07-30T16:53:08.000Z</Time>
            <Position>
              <LatitudeDegrees>44.28889802657068</LatitudeDegrees>
              <LongitudeDegrees>-81.60541769117117</LongitudeDegrees>
            </Position>
            <AltitudeMeters>168.8000030517578</AltitudeMeters>
            <DistanceMeters>4339.2001953125</DistanceMeters>
            <HeartRateBpm>
              <Value>77</Value>
            </HeartRateBpm>
            <Extensions>
              <ns3:TPX>
                <ns3:Speed>1.3250000476837158</ns3:Speed>
              </ns3:TPX>
            </Extensions>
          </Trackpoint>
          <Trackpoint>
            <Time>2026-07-30T16:53:13.000Z</Time>
            <Position>
              <LatitudeDegrees>44.288919819518924</LatitudeDegrees>
              <LongitudeDegrees>-81.60531375557184</LongitudeDegrees>
            </Position>
            <AltitudeMeters>169.0</AltitudeMeters>
            <DistanceMeters>4347.85009765625</DistanceMeters>
            <HeartRateBpm>
              <Value>78</Value>
            </HeartRateBpm>
            <Extensions>
              <ns3:TPX>
                <ns3:Speed>1.5679999589920044</ns3:Speed>
              </ns3:TPX>
            </Extensions>
          </Trackpoint>
          <Trackpoint>
            <Time>2026-07-30T16:53:22.000Z</Time>
            <Position>
              <LatitudeDegrees>44.288944797590375</LatitudeDegrees>
              <LongitudeDegrees>-81.60506280139089</LongitudeDegrees>
            </Position>
            <AltitudeMeters>169.0</AltitudeMeters>
            <DistanceMeters>4368.22021484375</DistanceMeters>
            <HeartRateBpm>
              <Value>79</Value>
            </HeartRateBpm>
            <Extensions>
              <ns3:TPX>
                <ns3:Speed>2.2019999027252197</ns3:Speed>
              </ns3:TPX>
            </Extensions>
          </Trackpoint>
          <Trackpoint>
            <Time>2026-07-30T16:53:26.000Z</Time>
            <Position>
              <LatitudeDegrees>44.288955526426435</LatitudeDegrees>
              <LongitudeDegrees>-81.60495752468705</LongitudeDegrees>
            </Position>
            <AltitudeMeters>169.39999389648438</AltitudeMeters>
            <DistanceMeters>4376.7099609375</DistanceMeters>
            <HeartRateBpm>
              <Value>80</Value>
            </HeartRateBpm>
            <Extensions>
              <ns3:TPX>
                <ns3:Speed>2.1740000247955322</ns3:Speed>
              </ns3:TPX>
            </Extensions>
          </Trackpoint>
          <Trackpoint>
            <Time>2026-07-30T16:53:28.000Z</Time>
            <Position>
              <LatitudeDegrees>44.288965333253145</LatitudeDegrees>
              <LongitudeDegrees>-81.60490882582963</LongitudeDegrees>
            </Position>
            <AltitudeMeters>169.39999389648438</AltitudeMeters>
            <DistanceMeters>4380.759765625</DistanceMeters>
            <HeartRateBpm>
              <Value>83</Value>
            </HeartRateBpm>
            <Extensions>
              <ns3:TPX>
                <ns3:Speed>2.1089999675750732</ns3:Speed>
              </ns3:TPX>
            </Extensions>
          </Trackpoint>
          <Trackpoint>
            <Time>2026-07-30T16:53:29.000Z</Time>
            <Position>
              <LatitudeDegrees>44.288974050432444</LatitudeDegrees>
              <LongitudeDegrees>-81.60489122383296</LongitudeDegrees>
            </Position>
            <AltitudeMeters>169.60000610351562</AltitudeMeters>
            <DistanceMeters>4382.47021484375</DistanceMeters>
            <HeartRateBpm>
              <Value>81</Value>
            </HeartRateBpm>
            <Extensions>
              <ns3:TPX>
                <ns3:Speed>2.0429999828338623</ns3:Speed>
              </ns3:TPX>
            </Extensions>
          </Trackpoint>
          <Trackpoint>
            <Time>2026-07-30T16:53:32.000Z</Time>
            <Position>
              <LatitudeDegrees>44.28899492137134</LatitudeDegrees>
              <LongitudeDegrees>-81.6048286948353</LongitudeDegrees>
            </Position>
            <AltitudeMeters>169.60000610351562</AltitudeMeters>
            <DistanceMeters>4387.97021484375</DistanceMeters>
            <HeartRateBpm>
              <Value>85</Value>
            </HeartRateBpm>
            <Extensions>
              <ns3:TPX>
                <ns3:Speed>2.0250000953674316</ns3:Speed>
              </ns3:TPX>
            </Extensions>
          </Trackpoint>
          <Trackpoint>
            <Time>2026-07-30T16:53:36.000Z</Time>
            <Position>
              <LatitudeDegrees>44.28901637904346</LatitudeDegrees>
              <LongitudeDegrees>-81.6047340631485</LongitudeDegrees>
            </Position>
            <AltitudeMeters>169.39999389648438</AltitudeMeters>
            <DistanceMeters>4395.8701171875</DistanceMeters>
            <HeartRateBpm>
              <Value>89</Value>
            </HeartRateBpm>
            <Extensions>
              <ns3:TPX>
                <ns3:Speed>2.0250000953674316</ns3:Speed>
              </ns3:TPX>
            </Extensions>
          </Trackpoint>
          <Trackpoint>
            <Time>2026-07-30T16:53:38.000Z</Time>
            <Position>
              <LatitudeDegrees>44.289029873907566</LatitudeDegrees>
              <LongitudeDegrees>-81.60467823967338</LongitudeDegrees>
            </Position>
            <AltitudeMeters>169.39999389648438</AltitudeMeters>
            <DistanceMeters>4400.56005859375</DistanceMeters>
            <HeartRateBpm>
              <Value>91</Value>
            </HeartRateBpm>
            <Extensions>
              <ns3:TPX>
                <ns3:Speed>2.0429999828338623</ns3:Speed>
              </ns3:TPX>
            </Extensions>
          </Trackpoint>
          <Trackpoint>
            <Time>2026-07-30T16:53:44.000Z</Time>
            <Position>
              <LatitudeDegrees>44.289077231660485</LatitudeDegrees>
              <LongitudeDegrees>-81.60450666211545</LongitudeDegrees>
            </Position>
            <AltitudeMeters>169.8000030517578</AltitudeMeters>
            <DistanceMeters>4415.14990234375</DistanceMeters>
            <HeartRateBpm>
              <Value>93</Value>
            </HeartRateBpm>
            <Extensions>
              <ns3:TPX>
                <ns3:Speed>2.1649999618530273</ns3:Speed>
              </ns3:TPX>
            </Extensions>
          </Trackpoint>
          <Trackpoint>
            <Time>2026-07-30T16:53:51.000Z</Time>
            <Position>
              <LatitudeDegrees>44.28914445452392</LatitudeDegrees>
              <LongitudeDegrees>-81.60433290526271</LongitudeDegrees>
            </Position>
            <AltitudeMeters>170.1999969482422</AltitudeMeters>
            <DistanceMeters>4430.97021484375</DistanceMeters>
            <HeartRateBpm>
              <Value>96</Value>
            </HeartRateBpm>
            <Extensions>
              <ns3:TPX>
                <ns3:Speed>2.1740000247955322</ns3:Speed>
              </ns3:TPX>
            </Extensions>
          </Trackpoint>
          <Trackpoint>
            <Time>2026-07-30T16:53:55.000Z</Time>
            <Position>
              <LatitudeDegrees>44.289175886660814</LatitudeDegrees>
              <LongitudeDegrees>-81.6042247787118</LongitudeDegrees>
            </Position>
            <AltitudeMeters>170.39999389648438</AltitudeMeters>
            <DistanceMeters>4440.31005859375</DistanceMeters>
            <HeartRateBpm>
              <Value>95</Value>
            </HeartRateBpm>
            <Extensions>
              <ns3:TPX>
                <ns3:Speed>2.193000078201294</ns3:Speed>
              </ns3:TPX>
            </Extensions>
          </Trackpoint>
          <Trackpoint>
            <Time>2026-07-30T16:54:01.000Z</Time>
            <Position>
              <LatitudeDegrees>44.289199858903885</LatitudeDegrees>
              <LongitudeDegrees>-81.60404674708843</LongitudeDegrees>
            </Position>
            <AltitudeMeters>170.60000610351562</AltitudeMeters>
            <DistanceMeters>4454.77978515625</DistanceMeters>
            <HeartRateBpm>
              <Value>93</Value>
            </HeartRateBpm>
            <Extensions>
              <ns3:TPX>
                <ns3:Speed>2.3420000076293945</ns3:Speed>
              </ns3:TPX>
            </Extensions>
          </Trackpoint>
          <Trackpoint>
            <Time>2026-07-30T16:54:07.000Z</Time>
            <Position>
              <LatitudeDegrees>44.28921075537801</LatitudeDegrees>
              <LongitudeDegrees>-81.60389645956457</LongitudeDegrees>
            </Position>
            <AltitudeMeters>171.0</AltitudeMeters>
            <DistanceMeters>4466.85986328125</DistanceMeters>
            <HeartRateBpm>
              <Value>91</Value>
            </HeartRateBpm>
            <Extensions>
              <ns3:TPX>
                <ns3:Speed>2.1740000247955322</ns3:Speed>
              </ns3:TPX>
            </Extensions>
          </Trackpoint>
          <Trackpoint>
            <Time>2026-07-30T16:54:09.000Z</Time>
            <Position>
              <LatitudeDegrees>44.289205307140946</LatitudeDegrees>
              <LongitudeDegrees>-81.60384558141232</LongitudeDegrees>
            </Position>
            <AltitudeMeters>171.0</AltitudeMeters>
            <DistanceMeters>4470.97021484375</DistanceMeters>
            <HeartRateBpm>
              <Value>89</Value>
            </HeartRateBpm>
            <Extensions>
              <ns3:TPX>
                <ns3:Speed>2.1740000247955322</ns3:Speed>
              </ns3:TPX>
            </Extensions>
          </Trackpoint>
          <Trackpoint>
            <Time>2026-07-30T16:54:12.000Z</Time>
            <Position>
              <LatitudeDegrees>44.28919608704746</LatitudeDegrees>
              <LongitudeDegrees>-81.60377483814955</LongitudeDegrees>
            </Position>
            <AltitudeMeters>171.60000610351562</AltitudeMeters>
            <DistanceMeters>4476.740234375</DistanceMeters>
            <HeartRateBpm>
              <Value>91</Value>
            </HeartRateBpm>
            <Extensions>
              <ns3:TPX>
                <ns3:Speed>2.0250000953674316</ns3:Speed>
              </ns3:TPX>
            </Extensions>
          </Trackpoint>
          <Trackpoint>
            <Time>2026-07-30T16:54:15.000Z</Time>
            <Position>
              <LatitudeDegrees>44.28920312784612</LatitudeDegrees>
              <LongitudeDegrees>-81.60368942655623</LongitudeDegrees>
            </Position>
            <AltitudeMeters>171.39999389648438</AltitudeMeters>
            <DistanceMeters>4483.60009765625</DistanceMeters>
            <HeartRateBpm>
              <Value>89</Value>
            </HeartRateBpm>
            <Extensions>
              <ns3:TPX>
                <ns3:Speed>2.0339999198913574</ns3:Speed>
              </ns3:TPX>
            </Extensions>
          </Trackpoint>
          <Trackpoint>
            <Time>2026-07-30T16:54:19.000Z</Time>
            <Position>
              <LatitudeDegrees>44.28921611979604</LatitudeDegrees>
              <LongitudeDegrees>-81.60360745154321</LongitudeDegrees>
            </Position>
            <AltitudeMeters>171.39999389648438</AltitudeMeters>
            <DistanceMeters>4490.31982421875</DistanceMeters>
            <HeartRateBpm>
              <Value>90</Value>
            </HeartRateBpm>
            <Extensions>
              <ns3:TPX>
                <ns3:Speed>1.7910000085830688</ns3:Speed>
              </ns3:TPX>
            </Extensions>
          </Trackpoint>
          <Trackpoint>
            <Time>2026-07-30T16:54:20.000Z</Time>
            <Position>
              <LatitudeDegrees>44.28921427577734</LatitudeDegrees>
              <LongitudeDegrees>-81.60358373075724</LongitudeDegrees>
            </Position>
            <AltitudeMeters>171.39999389648438</AltitudeMeters>
            <DistanceMeters>4492.22998046875</DistanceMeters>
            <HeartRateBpm>
              <Value>90</Value>
            </HeartRateBpm>
            <Extensions>
              <ns3:TPX>
                <ns3:Speed>1.8569999933242798</ns3:Speed>
              </ns3:TPX>
            </Extensions>
          </Trackpoint>
          <Trackpoint>
            <Time>2026-07-30T16:54:25.000Z</Time>
            <Position>
              <LatitudeDegrees>44.289208659902215</LatitudeDegrees>
              <LongitudeDegrees>-81.60347702912986</LongitudeDegrees>
            </Position>
            <AltitudeMeters>171.39999389648438</AltitudeMeters>
            <DistanceMeters>4500.7900390625</DistanceMeters>
            <HeartRateBpm>
              <Value>93</Value>
            </HeartRateBpm>
            <Extensions>
              <ns3:TPX>
                <ns3:Speed>1.6519999504089355</ns3:Speed>
              </ns3:TPX>
            </Extensions>
          </Trackpoint>
          <Trackpoint>
            <Time>2026-07-30T16:54:28.000Z</Time>
            <Position>
              <LatitudeDegrees>44.28922517225146</LatitudeDegrees>
              <LongitudeDegrees>-81.60342036746442</LongitudeDegrees>
            </Position>
            <AltitudeMeters>171.60000610351562</AltitudeMeters>
            <DistanceMeters>4505.66015625</DistanceMeters>
            <HeartRateBpm>
              <Value>94</Value>
            </HeartRateBpm>
            <Extensions>
              <ns3:TPX>
                <ns3:Speed>1.6519999504089355</ns3:Speed>
              </ns3:TPX>
            </Extensions>
          </Trackpoint>
          <Trackpoint>
            <Time>2026-07-30T16:54:36.000Z</Time>
            <Position>
              <LatitudeDegrees>44.28926263935864</LatitudeDegrees>
              <LongitudeDegrees>-81.60325365141034</LongitudeDegrees>
            </Position>
            <AltitudeMeters>171.8000030517578</AltitudeMeters>
            <DistanceMeters>4519.7001953125</DistanceMeters>
            <HeartRateBpm>
              <Value>97</Value>
            </HeartRateBpm>
            <Extensions>
              <ns3:TPX>
                <ns3:Speed>1.7640000581741333</ns3:Speed>
              </ns3:TPX>
            </Extensions>
          </Trackpoint>
          <Trackpoint>
            <Time>2026-07-30T16:54:41.000Z</Time>
            <Position>
              <LatitudeDegrees>44.28928904235363</LatitudeDegrees>
              <LongitudeDegrees>-81.60312708467245</LongitudeDegrees>
            </Position>
            <AltitudeMeters>172.0</AltitudeMeters>
            <DistanceMeters>4530.27978515625</DistanceMeters>
            <HeartRateBpm>
              <Value>94</Value>
            </HeartRateBpm>
            <Extensions>
              <ns3:TPX>
                <ns3:Speed>1.902999997138977</ns3:Speed>
              </ns3:TPX>
            </Extensions>
          </Trackpoint>
          <Trackpoint>
            <Time>2026-07-30T16:54:44.000Z</Time>
            <Position>
              <LatitudeDegrees>44.289297591894865</LatitudeDegrees>
              <LongitudeDegrees>-81.60303899087012</LongitudeDegrees>
            </Position>
            <AltitudeMeters>172.1999969482422</AltitudeMeters>
            <DistanceMeters>4537.3701171875</DistanceMeters>
            <HeartRateBpm>
              <Value>94</Value>
            </HeartRateBpm>
            <Extensions>
              <ns3:TPX>
                <ns3:Speed>2.062000036239624</ns3:Speed>
              </ns3:TPX>
            </Extensions>
          </Trackpoint>
          <Trackpoint>
            <Time>2026-07-30T16:54:51.000Z</Time>
            <Position>
              <LatitudeDegrees>44.28931100293994</LatitudeDegrees>
              <LongitudeDegrees>-81.60282650962472</LongitudeDegrees>
            </Position>
            <AltitudeMeters>172.60000610351562</AltitudeMeters>
            <DistanceMeters>4554.39013671875</DistanceMeters>
            <HeartRateBpm>
              <Value>96</Value>
            </HeartRateBpm>
            <Extensions>
              <ns3:TPX>
                <ns3:Speed>2.2769999504089355</ns3:Speed>
              </ns3:TPX>
            </Extensions>
          </Trackpoint>
          <Trackpoint>
            <Time>2026-07-30T16:54:54.000Z</Time>
            <Position>
              <LatitudeDegrees>44.28932324051857</LatitudeDegrees>
              <LongitudeDegrees>-81.60273539833724</LongitudeDegrees>
            </Position>
            <AltitudeMeters>172.60000610351562</AltitudeMeters>
            <DistanceMeters>4561.7900390625</DistanceMeters>
            <HeartRateBpm>
              <Value>94</Value>
            </HeartRateBpm>
            <Extensions>
              <ns3:TPX>
                <ns3:Speed>2.305000066757202</ns3:Speed>
              </ns3:TPX>
            </Extensions>
          </Trackpoint>
          <Trackpoint>
            <Time>2026-07-30T16:55:04.000Z</Time>
            <Position>
              <LatitudeDegrees>44.28933924995363</LatitudeDegrees>
              <LongitudeDegrees>-81.60244110971689</LongitudeDegrees>
            </Position>
            <AltitudeMeters>173.0</AltitudeMeters>
            <DistanceMeters>4585.31005859375</DistanceMeters>
            <HeartRateBpm>
              <Value>92</Value>
            </HeartRateBpm>
            <Extensions>
              <ns3:TPX>
                <ns3:Speed>2.239000082015991</ns3:Speed>
              </ns3:TPX>
            </Extensions>
          </Trackpoint>
          <Trackpoint>
            <Time>2026-07-30T16:55:08.000Z</Time>
            <Position>
              <LatitudeDegrees>44.28935165517032</LatitudeDegrees>
              <LongitudeDegrees>-81.60233952105045</LongitudeDegrees>
            </Position>
            <AltitudeMeters>173.1999969482422</AltitudeMeters>
            <DistanceMeters>4593.5498046875</DistanceMeters>
            <HeartRateBpm>
              <Value>89</Value>
            </HeartRateBpm>
            <Extensions>
              <ns3:TPX>
                <ns3:Speed>2.1549999713897705</ns3:Speed>
              </ns3:TPX>
            </Extensions>
          </Trackpoint>
          <Trackpoint>
            <Time>2026-07-30T16:55:12.000Z</Time>
            <Position>
              <LatitudeDegrees>44.289352828636765</LatitudeDegrees>
              <LongitudeDegrees>-81.60222829319537</LongitudeDegrees>
            </Position>
            <AltitudeMeters>173.1999969482422</AltitudeMeters>
            <DistanceMeters>4602.43994140625</DistanceMeters>
            <HeartRateBpm>
              <Value>87</Value>
            </HeartRateBpm>
            <Extensions>
              <ns3:TPX>
                <ns3:Speed>2.13700008392334</ns3:Speed>
              </ns3:TPX>
            </Extensions>
          </Trackpoint>
          <Trackpoint>
            <Time>2026-07-30T16:55:22.000Z</Time>
            <Position>
              <LatitudeDegrees>44.289338579401374</LatitudeDegrees>
              <LongitudeDegrees>-81.60196895711124</LongitudeDegrees>
            </Position>
            <AltitudeMeters>173.1999969482422</AltitudeMeters>
            <DistanceMeters>4623.2900390625</DistanceMeters>
            <HeartRateBpm>
              <Value>87</Value>
            </HeartRateBpm>
            <Extensions>
              <ns3:TPX>
                <ns3:Speed>2.127000093460083</ns3:Speed>
              </ns3:TPX>
            </Extensions>
          </Trackpoint>
          <Trackpoint>
            <Time>2026-07-30T16:55:33.000Z</Time>
            <Position>
              <LatitudeDegrees>44.28934679366648</LatitudeDegrees>
              <LongitudeDegrees>-81.6016672924161</LongitudeDegrees>
            </Position>
            <AltitudeMeters>173.39999389648438</AltitudeMeters>
            <DistanceMeters>4647.39013671875</DistanceMeters>
            <HeartRateBpm>
              <Value>87</Value>
            </HeartRateBpm>
            <Extensions>
              <ns3:TPX>
                <ns3:Speed>2.2019999027252197</ns3:Speed>
              </ns3:TPX>
            </Extensions>
          </Trackpoint>
          <Trackpoint>
            <Time>2026-07-30T16:55:35.000Z</Time>
            <Position>
              <LatitudeDegrees>44.28935760632157</LatitudeDegrees>
              <LongitudeDegrees>-81.60160752944648</LongitudeDegrees>
            </Position>
            <AltitudeMeters>173.60000610351562</AltitudeMeters>
            <DistanceMeters>4652.259765625</DistanceMeters>
            <HeartRateBpm>
              <Value>87</Value>
            </HeartRateBpm>
            <Extensions>
              <ns3:TPX>
                <ns3:Speed>2.257999897003174</ns3:Speed>
              </ns3:TPX>
            </Extensions>
          </Trackpoint>
          <Trackpoint>
            <Time>2026-07-30T16:55:41.000Z</Time>
            <Position>
              <LatitudeDegrees>44.28937294520438</LatitudeDegrees>
              <LongitudeDegrees>-81.60141214728355</LongitudeDegrees>
            </Position>
            <AltitudeMeters>173.8000030517578</AltitudeMeters>
            <DistanceMeters>4667.9599609375</DistanceMeters>
            <HeartRateBpm>
              <Value>84</Value>
            </HeartRateBpm>
            <Extensions>
              <ns3:TPX>
                <ns3:Speed>2.490999937057495</ns3:Speed>
              </ns3:TPX>
            </Extensions>
          </Trackpoint>
          <Trackpoint>
            <Time>2026-07-30T16:55:43.000Z</Time>
            <Position>
              <LatitudeDegrees>44.28937814198434</LatitudeDegrees>
              <LongitudeDegrees>-81.60134769044816</LongitudeDegrees>
            </Position>
            <AltitudeMeters>173.8000030517578</AltitudeMeters>
            <DistanceMeters>4673.14013671875</DistanceMeters>
            <HeartRateBpm>
              <Value>84</Value>
            </HeartRateBpm>
            <Extensions>
              <ns3:TPX>
                <ns3:Speed>2.556999921798706</ns3:Speed>
              </ns3:TPX>
            </Extensions>
          </Trackpoint>
          <Trackpoint>
            <Time>2026-07-30T16:55:47.000Z</Time>
            <Position>
              <LatitudeDegrees>44.28938250057399</LatitudeDegrees>
              <LongitudeDegrees>-81.60121207125485</LongitudeDegrees>
            </Position>
            <AltitudeMeters>173.8000030517578</AltitudeMeters>
            <DistanceMeters>4683.9599609375</DistanceMeters>
            <HeartRateBpm>
              <Value>81</Value>
            </HeartRateBpm>
            <Extensions>
              <ns3:TPX>
                <ns3:Speed>2.677999973297119</ns3:Speed>
              </ns3:TPX>
            </Extensions>
          </Trackpoint>
          <Trackpoint>
            <Time>2026-07-30T16:55:51.000Z</Time>
            <Position>
              <LatitudeDegrees>44.289384093135595</LatitudeDegrees>
              <LongitudeDegrees>-81.60106899216771</LongitudeDegrees>
            </Position>
            <AltitudeMeters>174.0</AltitudeMeters>
            <DistanceMeters>4695.41015625</DistanceMeters>
            <HeartRateBpm>
              <Value>78</Value>
            </HeartRateBpm>
            <Extensions>
              <ns3:TPX>
                <ns3:Speed>2.7339999675750732</ns3:Speed>
              </ns3:TPX>
            </Extensions>
          </Trackpoint>
          <Trackpoint>
            <Time>2026-07-30T16:55:54.000Z</Time>
            <Position>
              <LatitudeDegrees>44.289381159469485</LatitudeDegrees>
              <LongitudeDegrees>-81.60097519867122</LongitudeDegrees>
            </Position>
            <AltitudeMeters>174.0</AltitudeMeters>
            <DistanceMeters>4702.89990234375</DistanceMeters>
            <HeartRateBpm>
              <Value>76</Value>
            </HeartRateBpm>
            <Extensions>
              <ns3:TPX>
                <ns3:Speed>2.7339999675750732</ns3:Speed>
              </ns3:TPX>
            </Extensions>
          </Trackpoint>
          <Trackpoint>
            <Time>2026-07-30T16:56:01.000Z</Time>
            <Position>
              <LatitudeDegrees>44.2894113343209</LatitudeDegrees>
              <LongitudeDegrees>-81.60079909488559</LongitudeDegrees>
            </Position>
            <AltitudeMeters>174.0</AltitudeMeters>
            <DistanceMeters>4717.5498046875</DistanceMeters>
            <HeartRateBpm>
              <Value>78</Value>
            </HeartRateBpm>
            <Extensions>
              <ns3:TPX>
                <ns3:Speed>2.118000030517578</ns3:Speed>
              </ns3:TPX>
            </Extensions>
          </Trackpoint>
          <Trackpoint>
            <Time>2026-07-30T16:56:12.000Z</Time>
            <Position>
              <LatitudeDegrees>44.28941812366247</LatitudeDegrees>
              <LongitudeDegrees>-81.60047806799412</LongitudeDegrees>
            </Position>
            <AltitudeMeters>174.1999969482422</AltitudeMeters>
            <DistanceMeters>4743.25</DistanceMeters>
            <HeartRateBpm>
              <Value>76</Value>
            </HeartRateBpm>
            <Extensions>
              <ns3:TPX>
                <ns3:Speed>2.257999897003174</ns3:Speed>
              </ns3:TPX>
            </Extensions>
          </Trackpoint>
          <Trackpoint>
            <Time>2026-07-30T16:56:13.000Z</Time>
            <Position>
              <LatitudeDegrees>44.28941770456731</LatitudeDegrees>
              <LongitudeDegrees>-81.60044621676207</LongitudeDegrees>
            </Position>
            <AltitudeMeters>174.1999969482422</AltitudeMeters>
            <DistanceMeters>4743.25</DistanceMeters>
            <HeartRateBpm>
              <Value>76</Value>
            </HeartRateBpm>
            <Extensions>
              <ns3:TPX>
                <ns3:Speed>2.313999891281128</ns3:Speed>
              </ns3:TPX>
            </Extensions>
          </Trackpoint>
          <Trackpoint>
            <Time>2026-07-30T16:56:22.000Z</Time>
            <Position>
              <LatitudeDegrees>44.28942130878568</LatitudeDegrees>
              <LongitudeDegrees>-81.60019082017243</LongitudeDegrees>
            </Position>
            <AltitudeMeters>174.39999389648438</AltitudeMeters>
            <DistanceMeters>4763.6298828125</DistanceMeters>
            <HeartRateBpm>
              <Value>79</Value>
            </HeartRateBpm>
            <Extensions>
              <ns3:TPX>
                <ns3:Speed>2.313999891281128</ns3:Speed>
              </ns3:TPX>
            </Extensions>
          </Trackpoint>
          <Trackpoint>
            <Time>2026-07-30T16:56:23.000Z</Time>
            <Position>
              <LatitudeDegrees>44.28942332044244</LatitudeDegrees>
              <LongitudeDegrees>-81.60016005858779</LongitudeDegrees>
            </Position>
            <AltitudeMeters>174.1999969482422</AltitudeMeters>
            <DistanceMeters>4766.08984375</DistanceMeters>
            <HeartRateBpm>
              <Value>80</Value>
            </HeartRateBpm>
            <Extensions>
              <ns3:TPX>
                <ns3:Speed>2.313999891281128</ns3:Speed>
              </ns3:TPX>
            </Extensions>
          </Trackpoint>
          <Trackpoint>
            <Time>2026-07-30T16:56:31.000Z</Time>
            <Position>
              <LatitudeDegrees>44.28946774452925</LatitudeDegrees>
              <LongitudeDegrees>-81.59993425011635</LongitudeDegrees>
            </Position>
            <AltitudeMeters>174.39999389648438</AltitudeMeters>
            <DistanceMeters>4784.85986328125</DistanceMeters>
            <HeartRateBpm>
              <Value>80</Value>
            </HeartRateBpm>
            <Extensions>
              <ns3:TPX>
                <ns3:Speed>2.5380001068115234</ns3:Speed>
              </ns3:TPX>
            </Extensions>
          </Trackpoint>
          <Trackpoint>
            <Time>2026-07-30T16:56:37.000Z</Time>
            <Position>
              <LatitudeDegrees>44.289487693458796</LatitudeDegrees>
              <LongitudeDegrees>-81.5997449029237</LongitudeDegrees>
            </Position>
            <AltitudeMeters>174.8000030517578</AltitudeMeters>
            <DistanceMeters>4800.1201171875</DistanceMeters>
            <HeartRateBpm>
              <Value>78</Value>
            </HeartRateBpm>
            <Extensions>
              <ns3:TPX>
                <ns3:Speed>2.565999984741211</ns3:Speed>
              </ns3:TPX>
            </Extensions>
          </Trackpoint>
          <Trackpoint>
            <Time>2026-07-30T16:56:38.000Z</Time>
            <Position>
              <LatitudeDegrees>44.289489621296525</LatitudeDegrees>
              <LongitudeDegrees>-81.59971280023456</LongitudeDegrees>
            </Position>
            <AltitudeMeters>174.8000030517578</AltitudeMeters>
            <DistanceMeters>4802.68994140625</DistanceMeters>
            <HeartRateBpm>
              <Value>78</Value>
            </HeartRateBpm>
            <Extensions>
              <ns3:TPX>
                <ns3:Speed>2.565999984741211</ns3:Speed>
              </ns3:TPX>
            </Extensions>
          </Trackpoint>
          <Trackpoint>
            <Time>2026-07-30T16:56:46.000Z</Time>
            <Position>
              <LatitudeDegrees>44.289477467536926</LatitudeDegrees>
              <LongitudeDegrees>-81.59949160180986</LongitudeDegrees>
            </Position>
            <AltitudeMeters>175.60000610351562</AltitudeMeters>
            <DistanceMeters>4820.419921875</DistanceMeters>
            <HeartRateBpm>
              <Value>78</Value>
            </HeartRateBpm>
            <Extensions>
              <ns3:TPX>
                <ns3:Speed>2.2300000190734863</ns3:Speed>
              </ns3:TPX>
            </Extensions>
          </Trackpoint>
          <Trackpoint>
            <Time>2026-07-30T16:56:53.000Z</Time>
            <Position>
              <LatitudeDegrees>44.28947763517499</LatitudeDegrees>
              <LongitudeDegrees>-81.5992924477905</LongitudeDegrees>
            </Position>
            <AltitudeMeters>175.1999969482422</AltitudeMeters>
            <DistanceMeters>4836.31982421875</DistanceMeters>
            <HeartRateBpm>
              <Value>81</Value>
            </HeartRateBpm>
            <Extensions>
              <ns3:TPX>
                <ns3:Speed>2.2019999027252197</ns3:Speed>
              </ns3:TPX>
            </Extensions>
          </Trackpoint>
          <Trackpoint>
            <Time>2026-07-30T16:56:57.000Z</Time>
            <Position>
              <LatitudeDegrees>44.28947654552758</LatitudeDegrees>
              <LongitudeDegrees>-81.59919739700854</LongitudeDegrees>
            </Position>
            <AltitudeMeters>175.0</AltitudeMeters>
            <DistanceMeters>4843.93017578125</DistanceMeters>
            <HeartRateBpm>
              <Value>81</Value>
            </HeartRateBpm>
            <Extensions>
              <ns3:TPX>
                <ns3:Speed>2.183000087738037</ns3:Speed>
              </ns3:TPX>
            </Extensions>
          </Trackpoint>
          <Trackpoint>
            <Time>2026-07-30T16:57:05.000Z</Time>
            <Position>
              <LatitudeDegrees>44.289505798369646</LatitudeDegrees>
              <LongitudeDegrees>-81.59896060824394</LongitudeDegrees>
            </Position>
            <AltitudeMeters>175.39999389648438</AltitudeMeters>
            <DistanceMeters>4863.16015625</DistanceMeters>
            <HeartRateBpm>
              <Value>83</Value>
            </HeartRateBpm>
            <Extensions>
              <ns3:TPX>
                <ns3:Speed>2.313999891281128</ns3:Speed>
              </ns3:TPX>
            </Extensions>
          </Trackpoint>
          <Trackpoint>
            <Time>2026-07-30T16:57:07.000Z</Time>
            <Position>
              <LatitudeDegrees>44.28951811976731</LatitudeDegrees>
              <LongitudeDegrees>-81.59890595823526</LongitudeDegrees>
            </Position>
            <AltitudeMeters>175.39999389648438</AltitudeMeters>
            <DistanceMeters>4867.8798828125</DistanceMeters>
            <HeartRateBpm>
              <Value>80</Value>
            </HeartRateBpm>
            <Extensions>
              <ns3:TPX>
                <ns3:Speed>2.3610000610351562</ns3:Speed>
              </ns3:TPX>
            </Extensions>
          </Trackpoint>
          <Trackpoint>
            <Time>2026-07-30T16:57:12.000Z</Time>
            <Position>
              <LatitudeDegrees>44.28955525159836</LatitudeDegrees>
              <LongitudeDegrees>-81.59873362630606</LongitudeDegrees>
            </Position>
            <AltitudeMeters>175.39999389648438</AltitudeMeters>
            <DistanceMeters>4882.259765625</DistanceMeters>
            <HeartRateBpm>
              <Value>79</Value>
            </HeartRateBpm>
            <Extensions>
              <ns3:TPX>
                <ns3:Speed>2.5940001010894775</ns3:Speed>
              </ns3:TPX>
            </Extensions>
          </Trackpoint>
          <Trackpoint>
            <Time>2026-07-30T16:57:17.000Z</Time>
            <Position>
              <LatitudeDegrees>44.289598083123565</LatitudeDegrees>
              <LongitudeDegrees>-81.59855802543461</LongitudeDegrees>
            </Position>
            <AltitudeMeters>175.39999389648438</AltitudeMeters>
            <DistanceMeters>4897.25</DistanceMeters>
            <HeartRateBpm>
              <Value>82</Value>
            </HeartRateBpm>
            <Extensions>
              <ns3:TPX>
                <ns3:Speed>2.8550000190734863</ns3:Speed>
              </ns3:TPX>
            </Extensions>
          </Trackpoint>
          <Trackpoint>
            <Time>2026-07-30T16:57:23.000Z</Time>
            <Position>
              <LatitudeDegrees>44.28960897959769</LatitudeDegrees>
              <LongitudeDegrees>-81.5983653254807</LongitudeDegrees>
            </Position>
            <AltitudeMeters>175.60000610351562</AltitudeMeters>
            <DistanceMeters>4912.85009765625</DistanceMeters>
            <HeartRateBpm>
              <Value>85</Value>
            </HeartRateBpm>
            <Extensions>
              <ns3:TPX>
                <ns3:Speed>2.697000026702881</ns3:Speed>
              </ns3:TPX>
            </Extensions>
          </Trackpoint>
          <Trackpoint>
            <Time>2026-07-30T16:57:25.000Z</Time>
            <Position>
              <LatitudeDegrees>44.289611745625734</LatitudeDegrees>
              <LongitudeDegrees>-81.5983069036156</LongitudeDegrees>
            </Position>
            <AltitudeMeters>175.60000610351562</AltitudeMeters>
            <DistanceMeters>4917.52978515625</DistanceMeters>
            <HeartRateBpm>
              <Value>84</Value>
            </HeartRateBpm>
            <Extensions>
              <ns3:TPX>
                <ns3:Speed>2.6410000324249268</ns3:Speed>
              </ns3:TPX>
            </Extensions>
          </Trackpoint>
          <Trackpoint>
            <Time>2026-07-30T16:57:28.000Z</Time>
            <Position>
              <LatitudeDegrees>44.2896290961653</LatitudeDegrees>
              <LongitudeDegrees>-81.59822694025934</LongitudeDegrees>
            </Position>
            <AltitudeMeters>175.8000030517578</AltitudeMeters>
            <DistanceMeters>4924.10986328125</DistanceMeters>
            <HeartRateBpm>
              <Value>87</Value>
            </HeartRateBpm>
            <Extensions>
              <ns3:TPX>
                <ns3:Speed>2.4730000495910645</ns3:Speed>
              </ns3:TPX>
            </Extensions>
          </Trackpoint>
          <Trackpoint>
            <Time>2026-07-30T16:57:29.000Z</Time>
            <Position>
              <LatitudeDegrees>44.2896290961653</LatitudeDegrees>
              <LongitudeDegrees>-81.59820472821593</LongitudeDegrees>
            </Position>
            <AltitudeMeters>175.8000030517578</AltitudeMeters>
            <DistanceMeters>4925.89013671875</DistanceMeters>
            <HeartRateBpm>
              <Value>84</Value>
            </HeartRateBpm>
            <Extensions>
              <ns3:TPX>
                <ns3:Speed>2.4630000591278076</ns3:Speed>
              </ns3:TPX>
            </Extensions>
          </Trackpoint>
          <Trackpoint>
            <Time>2026-07-30T16:57:31.000Z</Time>
            <Position>
              <LatitudeDegrees>44.28961803205311</LatitudeDegrees>
              <LongitudeDegrees>-81.59815116785467</LongitudeDegrees>
            </Position>
            <AltitudeMeters>175.8000030517578</AltitudeMeters>
            <DistanceMeters>4930.25</DistanceMeters>
            <HeartRateBpm>
              <Value>86</Value>
            </HeartRateBpm>
            <Extensions>
              <ns3:TPX>
                <ns3:Speed>2.4630000591278076</ns3:Speed>
              </ns3:TPX>
            </Extensions>
          </Trackpoint>
          <Trackpoint>
            <Time>2026-07-30T16:57:33.000Z</Time>
            <Position>
              <LatitudeDegrees>44.289608309045434</LatitudeDegrees>
              <LongitudeDegrees>-81.59809006378055</LongitudeDegrees>
            </Position>
            <AltitudeMeters>176.0</AltitudeMeters>
            <DistanceMeters>4935.14013671875</DistanceMeters>
            <HeartRateBpm>
              <Value>83</Value>
            </HeartRateBpm>
            <Extensions>
              <ns3:TPX>
                <ns3:Speed>2.322999954223633</ns3:Speed>
              </ns3:TPX>
            </Extensions>
          </Trackpoint>
          <Trackpoint>
            <Time>2026-07-30T16:57:38.000Z</Time>
            <Position>
              <LatitudeDegrees>44.289580732584</LatitudeDegrees>
              <LongitudeDegrees>-81.59793139435351</LongitudeDegrees>
            </Position>
            <AltitudeMeters>176.1999969482422</AltitudeMeters>
            <DistanceMeters>4948.18017578125</DistanceMeters>
            <HeartRateBpm>
              <Value>84</Value>
            </HeartRateBpm>
            <Extensions>
              <ns3:TPX>
                <ns3:Speed>2.509999990463257</ns3:Speed>
              </ns3:TPX>
            </Extensions>
          </Trackpoint>
          <Trackpoint>
            <Time>2026-07-30T16:57:44.000Z</Time>
            <Position>
              <LatitudeDegrees>44.28955676034093</LatitudeDegrees>
              <LongitudeDegrees>-81.59775612875819</LongitudeDegrees>
            </Position>
            <AltitudeMeters>176.1999969482422</AltitudeMeters>
            <DistanceMeters>4962.33984375</DistanceMeters>
            <HeartRateBpm>
              <Value>83</Value>
            </HeartRateBpm>
            <Extensions>
              <ns3:TPX>
                <ns3:Speed>2.61299991607666</ns3:Speed>
              </ns3:TPX>
            </Extensions>
          </Trackpoint>
          <Trackpoint>
            <Time>2026-07-30T16:57:46.000Z</Time>
            <Position>
              <LatitudeDegrees>44.28955290466547</LatitudeDegrees>
              <LongitudeDegrees>-81.59770550206304</LongitudeDegrees>
            </Position>
            <AltitudeMeters>176.1999969482422</AltitudeMeters>
            <DistanceMeters>4966.3798828125</DistanceMeters>
            <HeartRateBpm>
              <Value>86</Value>
            </HeartRateBpm>
            <Extensions>
              <ns3:TPX>
                <ns3:Speed>2.61299991607666</ns3:Speed>
              </ns3:TPX>
            </Extensions>
          </Trackpoint>
          <Trackpoint>
            <Time>2026-07-30T16:57:50.000Z</Time>
            <Position>
              <LatitudeDegrees>44.28952172398567</LatitudeDegrees>
              <LongitudeDegrees>-81.5975983813405</LongitudeDegrees>
            </Position>
            <AltitudeMeters>176.39999389648438</AltitudeMeters>
            <DistanceMeters>4975.60009765625</DistanceMeters>
            <HeartRateBpm>
              <Value>84</Value>
            </HeartRateBpm>
            <Extensions>
              <ns3:TPX>
                <ns3:Speed>2.3329999446868896</ns3:Speed>
              </ns3:TPX>
            </Extensions>
          </Trackpoint>
          <Trackpoint>
            <Time>2026-07-30T16:57:51.000Z</Time>
            <Position>
              <LatitudeDegrees>44.289523316547275</LatitudeDegrees>
              <LongitudeDegrees>-81.59757290035486</LongitudeDegrees>
            </Position>
            <AltitudeMeters>176.39999389648438</AltitudeMeters>
            <DistanceMeters>4977.6298828125</DistanceMeters>
            <HeartRateBpm>
              <Value>84</Value>
            </HeartRateBpm>
            <Extensions>
              <ns3:TPX>
                <ns3:Speed>2.3329999446868896</ns3:Speed>
              </ns3:TPX>
            </Extensions>
          </Trackpoint>
          <Trackpoint>
            <Time>2026-07-30T16:57:54.000Z</Time>
            <Position>
              <LatitudeDegrees>44.28951971232891</LatitudeDegrees>
              <LongitudeDegrees>-81.59748698584735</LongitudeDegrees>
            </Position>
            <AltitudeMeters>176.39999389648438</AltitudeMeters>
            <DistanceMeters>4984.419921875</DistanceMeters>
            <HeartRateBpm>
              <Value>83</Value>
            </HeartRateBpm>
            <Extensions>
              <ns3:TPX>
                <ns3:Speed>2.322999954223633</ns3:Speed>
              </ns3:TPX>
            </Extensions>
          </Trackpoint>
          <Trackpoint>
            <Time>2026-07-30T16:57:56.000Z</Time>
            <Position>
              <LatitudeDegrees>44.289500350132585</LatitudeDegrees>
              <LongitudeDegrees>-81.59743434749544</LongitudeDegrees>
            </Position>
            <AltitudeMeters>176.39999389648438</AltitudeMeters>
            <DistanceMeters>4989.14013671875</DistanceMeters>
            <HeartRateBpm>
              <Value>80</Value>
            </HeartRateBpm>
            <Extensions>
              <ns3:TPX>
                <ns3:Speed>2.322999954223633</ns3:Speed>
              </ns3:TPX>
            </Extensions>
          </Trackpoint>
          <Trackpoint>
            <Time>2026-07-30T16:58:00.000Z</Time>
            <Position>
              <LatitudeDegrees>44.289496494457126</LatitudeDegrees>
              <LongitudeDegrees>-81.59731809049845</LongitudeDegrees>
            </Position>
            <AltitudeMeters>176.39999389648438</AltitudeMeters>
            <DistanceMeters>4998.43994140625</DistanceMeters>
            <HeartRateBpm>
              <Value>80</Value>
            </HeartRateBpm>
            <Extensions>
              <ns3:TPX>
                <ns3:Speed>2.322999954223633</ns3:Speed>
              </ns3:TPX>
            </Extensions>
          </Trackpoint>
          <Trackpoint>
            <Time>2026-07-30T16:58:05.000Z</Time>
            <Position>
              <LatitudeDegrees>44.28950973786414</LatitudeDegrees>
              <LongitudeDegrees>-81.59718641079962</LongitudeDegrees>
            </Position>
            <AltitudeMeters>176.60000610351562</AltitudeMeters>
            <DistanceMeters>5008.990234375</DistanceMeters>
            <HeartRateBpm>
              <Value>80</Value>
            </HeartRateBpm>
            <Extensions>
              <ns3:TPX>
                <ns3:Speed>2.313999891281128</ns3:Speed>
              </ns3:TPX>
            </Extensions>
          </Trackpoint>
          <Trackpoint>
            <Time>2026-07-30T16:58:11.000Z</Time>
            <Position>
              <LatitudeDegrees>44.289513006806374</LatitudeDegrees>
              <LongitudeDegrees>-81.59703168086708</LongitudeDegrees>
            </Position>
            <AltitudeMeters>176.8000030517578</AltitudeMeters>
            <DistanceMeters>5021.3701171875</DistanceMeters>
            <HeartRateBpm>
              <Value>80</Value>
            </HeartRateBpm>
            <Extensions>
              <ns3:TPX>
                <ns3:Speed>2.071000099182129</ns3:Speed>
              </ns3:TPX>
            </Extensions>
          </Trackpoint>
          <Trackpoint>
            <Time>2026-07-30T16:58:13.000Z</Time>
            <Position>
              <LatitudeDegrees>44.28950496017933</LatitudeDegrees>
              <LongitudeDegrees>-81.59698055125773</LongitudeDegrees>
            </Position>
            <AltitudeMeters>176.8000030517578</AltitudeMeters>
            <DistanceMeters>5025.33984375</DistanceMeters>
            <HeartRateBpm>
              <Value>81</Value>
            </HeartRateBpm>
            <Extensions>
              <ns3:TPX>
                <ns3:Speed>2.1089999675750732</ns3:Speed>
              </ns3:TPX>
            </Extensions>
          </Trackpoint>
          <Trackpoint>
            <Time>2026-07-30T16:58:20.000Z</Time>
            <Position>
              <LatitudeDegrees>44.289509234949946</LatitudeDegrees>
              <LongitudeDegrees>-81.59679153934121</LongitudeDegrees>
            </Position>
            <AltitudeMeters>176.8000030517578</AltitudeMeters>
            <DistanceMeters>5040.43994140625</DistanceMeters>
            <HeartRateBpm>
              <Value>80</Value>
            </HeartRateBpm>
            <Extensions>
              <ns3:TPX>
                <ns3:Speed>2.183000087738037</ns3:Speed>
              </ns3:TPX>
            </Extensions>
          </Trackpoint>
          <Trackpoint>
            <Time>2026-07-30T16:58:28.000Z</Time>
            <Position>
              <LatitudeDegrees>44.2895323690027</LatitudeDegrees>
              <LongitudeDegrees>-81.59658886492252</LongitudeDegrees>
            </Position>
            <AltitudeMeters>177.8000030517578</AltitudeMeters>
            <DistanceMeters>5056.75</DistanceMeters>
            <HeartRateBpm>
              <Value>79</Value>
            </HeartRateBpm>
            <Extensions>
              <ns3:TPX>
                <ns3:Speed>2.052999973297119</ns3:Speed>
              </ns3:TPX>
            </Extensions>
          </Trackpoint>
          <Trackpoint>
            <Time>2026-07-30T16:58:30.000Z</Time>
            <Position>
              <LatitudeDegrees>44.28953153081238</LatitudeDegrees>
              <LongitudeDegrees>-81.59653019160032</LongitudeDegrees>
            </Position>
            <AltitudeMeters>177.8000030517578</AltitudeMeters>
            <DistanceMeters>5061.43017578125</DistanceMeters>
            <HeartRateBpm>
              <Value>79</Value>
            </HeartRateBpm>
            <Extensions>
              <ns3:TPX>
                <ns3:Speed>2.015000104904175</ns3:Speed>
              </ns3:TPX>
            </Extensions>
          </Trackpoint>
          <Trackpoint>
            <Time>2026-07-30T16:58:35.000Z</Time>
            <Position>
              <LatitudeDegrees>44.289535805583</LatitudeDegrees>
              <LongitudeDegrees>-81.59640152938664</LongitudeDegrees>
            </Position>
            <AltitudeMeters>177.60000610351562</AltitudeMeters>
            <DistanceMeters>5071.68994140625</DistanceMeters>
            <HeartRateBpm>
              <Value>82</Value>
            </HeartRateBpm>
            <Extensions>
              <ns3:TPX>
                <ns3:Speed>2.052999973297119</ns3:Speed>
              </ns3:TPX>
            </Extensions>
          </Trackpoint>
          <Trackpoint>
            <Time>2026-07-30T16:58:39.000Z</Time>
            <Position>
              <LatitudeDegrees>44.28953002206981</LatitudeDegrees>
              <LongitudeDegrees>-81.5963168721646</LongitudeDegrees>
            </Position>
            <AltitudeMeters>177.39999389648438</AltitudeMeters>
            <DistanceMeters>5078.47998046875</DistanceMeters>
            <HeartRateBpm>
              <Value>85</Value>
            </HeartRateBpm>
            <Extensions>
              <ns3:TPX>
                <ns3:Speed>1.875</ns3:Speed>
              </ns3:TPX>
            </Extensions>
          </Trackpoint>
          <Trackpoint>
            <Time>2026-07-30T16:58:48.000Z</Time>
            <Position>
              <LatitudeDegrees>44.28951225243509</LatitudeDegrees>
              <LongitudeDegrees>-81.59609651193023</LongitudeDegrees>
            </Position>
            <AltitudeMeters>177.39999389648438</AltitudeMeters>
            <DistanceMeters>5096.2001953125</DistanceMeters>
            <HeartRateBpm>
              <Value>86</Value>
            </HeartRateBpm>
            <Extensions>
              <ns3:TPX>
                <ns3:Speed>1.940999984741211</ns3:Speed>
              </ns3:TPX>
            </Extensions>
          </Trackpoint>
          <Trackpoint>
            <Time>2026-07-30T16:58:53.000Z</Time>
            <Position>
              <LatitudeDegrees>44.28949858993292</LatitudeDegrees>
              <LongitudeDegrees>-81.59595988690853</LongitudeDegrees>
            </Position>
            <AltitudeMeters>177.60000610351562</AltitudeMeters>
            <DistanceMeters>5107.2001953125</DistanceMeters>
            <HeartRateBpm>
              <Value>82</Value>
            </HeartRateBpm>
            <Extensions>
              <ns3:TPX>
                <ns3:Speed>2.0339999198913574</ns3:Speed>
              </ns3:TPX>
            </Extensions>
          </Trackpoint>
          <Trackpoint>
            <Time>2026-07-30T16:58:57.000Z</Time>
            <Position>
              <LatitudeDegrees>44.28949188441038</LatitudeDegrees>
              <LongitudeDegrees>-81.59586877562106</LongitudeDegrees>
            </Position>
            <AltitudeMeters>177.39999389648438</AltitudeMeters>
            <DistanceMeters>5114.52001953125</DistanceMeters>
            <HeartRateBpm>
              <Value>84</Value>
            </HeartRateBpm>
            <Extensions>
              <ns3:TPX>
                <ns3:Speed>2.0339999198913574</ns3:Speed>
              </ns3:TPX>
            </Extensions>
          </Trackpoint>
          <Trackpoint>
            <Time>2026-07-30T16:59:03.000Z</Time>
            <Position>
              <LatitudeDegrees>44.28946891799569</LatitudeDegrees>
              <LongitudeDegrees>-81.59571706317365</LongitudeDegrees>
            </Position>
            <AltitudeMeters>177.60000610351562</AltitudeMeters>
            <DistanceMeters>5126.8798828125</DistanceMeters>
            <HeartRateBpm>
              <Value>83</Value>
            </HeartRateBpm>
            <Extensions>
              <ns3:TPX>
                <ns3:Speed>2.015000104904175</ns3:Speed>
              </ns3:TPX>
            </Extensions>
          </Trackpoint>
          <Trackpoint>
            <Time>2026-07-30T16:59:08.000Z</Time>
            <Position>
              <LatitudeDegrees>44.28946355357766</LatitudeDegrees>
              <LongitudeDegrees>-81.59558219835162</LongitudeDegrees>
            </Position>
            <AltitudeMeters>177.60000610351562</AltitudeMeters>
            <DistanceMeters>5137.759765625</DistanceMeters>
            <HeartRateBpm>
              <Value>84</Value>
            </HeartRateBpm>
            <Extensions>
              <ns3:TPX>
                <ns3:Speed>2.062000036239624</ns3:Speed>
              </ns3:TPX>
            </Extensions>
          </Trackpoint>
          <Trackpoint>
            <Time>2026-07-30T16:59:10.000Z</Time>
            <Position>
              <LatitudeDegrees>44.28946598432958</LatitudeDegrees>
              <LongitudeDegrees>-81.59553064964712</LongitudeDegrees>
            </Position>
            <AltitudeMeters>177.60000610351562</AltitudeMeters>
            <DistanceMeters>5141.8701171875</DistanceMeters>
            <HeartRateBpm>
              <Value>83</Value>
            </HeartRateBpm>
            <Extensions>
              <ns3:TPX>
                <ns3:Speed>2.062000036239624</ns3:Speed>
              </ns3:TPX>
            </Extensions>
          </Trackpoint>
          <Trackpoint>
            <Time>2026-07-30T16:59:16.000Z</Time>
            <Position>
              <LatitudeDegrees>44.28948836401105</LatitudeDegrees>
              <LongitudeDegrees>-81.59537164494395</LongitudeDegrees>
            </Position>
            <AltitudeMeters>177.60000610351562</AltitudeMeters>
            <DistanceMeters>5154.81982421875</DistanceMeters>
            <HeartRateBpm>
              <Value>84</Value>
            </HeartRateBpm>
            <Extensions>
              <ns3:TPX>
                <ns3:Speed>2.0429999828338623</ns3:Speed>
              </ns3:TPX>
            </Extensions>
          </Trackpoint>
          <Trackpoint>
            <Time>2026-07-30T16:59:23.000Z</Time>
            <Position>
              <LatitudeDegrees>44.289488196372986</LatitudeDegrees>
              <LongitudeDegrees>-81.59518137574196</LongitudeDegrees>
            </Position>
            <AltitudeMeters>177.60000610351562</AltitudeMeters>
            <DistanceMeters>5170.22998046875</DistanceMeters>
            <HeartRateBpm>
              <Value>85</Value>
            </HeartRateBpm>
            <Extensions>
              <ns3:TPX>
                <ns3:Speed>2.183000087738037</ns3:Speed>
              </ns3:TPX>
            </Extensions>
          </Trackpoint>
          <Trackpoint>
            <Time>2026-07-30T16:59:32.000Z</Time>
            <Position>
              <LatitudeDegrees>44.289486268535256</LatitudeDegrees>
              <LongitudeDegrees>-81.59491600468755</LongitudeDegrees>
            </Position>
            <AltitudeMeters>177.8000030517578</AltitudeMeters>
            <DistanceMeters>5191.47021484375</DistanceMeters>
            <HeartRateBpm>
              <Value>84</Value>
            </HeartRateBpm>
            <Extensions>
              <ns3:TPX>
                <ns3:Speed>2.305000066757202</ns3:Speed>
              </ns3:TPX>
            </Extensions>
          </Trackpoint>
          <Trackpoint>
            <Time>2026-07-30T16:59:39.000Z</Time>
            <Position>
              <LatitudeDegrees>44.289470594376326</LatitudeDegrees>
              <LongitudeDegrees>-81.5947335306555</LongitudeDegrees>
            </Position>
            <AltitudeMeters>177.8000030517578</AltitudeMeters>
            <DistanceMeters>5206.2001953125</DistanceMeters>
            <HeartRateBpm>
              <Value>82</Value>
            </HeartRateBpm>
            <Extensions>
              <ns3:TPX>
                <ns3:Speed>2.249000072479248</ns3:Speed>
              </ns3:TPX>
            </Extensions>
          </Trackpoint>
          <Trackpoint>
            <Time>2026-07-30T16:59:41.000Z</Time>
            <Position>
              <LatitudeDegrees>44.28946414031088</LatitudeDegrees>
              <LongitudeDegrees>-81.59468499943614</LongitudeDegrees>
            </Position>
            <AltitudeMeters>177.8000030517578</AltitudeMeters>
            <DistanceMeters>5210.14990234375</DistanceMeters>
            <HeartRateBpm>
              <Value>83</Value>
            </HeartRateBpm>
            <Extensions>
              <ns3:TPX>
                <ns3:Speed>2.13700008392334</ns3:Speed>
              </ns3:TPX>
            </Extensions>
          </Trackpoint>
          <Trackpoint>
            <Time>2026-07-30T16:59:44.000Z</Time>
            <Position>
              <LatitudeDegrees>44.28946531377733</LatitudeDegrees>
              <LongitudeDegrees>-81.59461040049791</LongitudeDegrees>
            </Position>
            <AltitudeMeters>177.8000030517578</AltitudeMeters>
            <DistanceMeters>5216.06982421875</DistanceMeters>
            <HeartRateBpm>
              <Value>83</Value>
            </HeartRateBpm>
            <Extensions>
              <ns3:TPX>
                <ns3:Speed>2.249000072479248</ns3:Speed>
              </ns3:TPX>
            </Extensions>
          </Trackpoint>
          <Trackpoint>
            <Time>2026-07-30T16:59:47.000Z</Time>
            <Position>
              <LatitudeDegrees>44.28944880142808</LatitudeDegrees>
              <LongitudeDegrees>-81.59453898668289</LongitudeDegrees>
            </Position>
            <AltitudeMeters>177.8000030517578</AltitudeMeters>
            <DistanceMeters>5221.97021484375</DistanceMeters>
            <HeartRateBpm>
              <Value>82</Value>
            </HeartRateBpm>
            <Extensions>
              <ns3:TPX>
                <ns3:Speed>2.13700008392334</ns3:Speed>
              </ns3:TPX>
            </Extensions>
          </Trackpoint>
          <Trackpoint>
            <Time>2026-07-30T16:59:50.000Z</Time>
            <Position>
              <LatitudeDegrees>44.289445197209716</LatitudeDegrees>
              <LongitudeDegrees>-81.59446019679308</LongitudeDegrees>
            </Position>
            <AltitudeMeters>177.8000030517578</AltitudeMeters>
            <DistanceMeters>5228.330078125</DistanceMeters>
            <HeartRateBpm>
              <Value>83</Value>
            </HeartRateBpm>
            <Extensions>
              <ns3:TPX>
                <ns3:Speed>2.1459999084472656</ns3:Speed>
              </ns3:TPX>
            </Extensions>
          </Trackpoint>
          <Trackpoint>
            <Time>2026-07-30T16:59:56.000Z</Time>
            <Position>
              <LatitudeDegrees>44.289429523050785</LatitudeDegrees>
              <LongitudeDegrees>-81.59429549239576</LongitudeDegrees>
            </Position>
            <AltitudeMeters>177.8000030517578</AltitudeMeters>
            <DistanceMeters>5242.0400390625</DistanceMeters>
            <HeartRateBpm>
              <Value>80</Value>
            </HeartRateBpm>
            <Extensions>
              <ns3:TPX>
                <ns3:Speed>2.239000082015991</ns3:Speed>
              </ns3:TPX>
            </Extensions>
          </Trackpoint>
          <Trackpoint>
            <Time>2026-07-30T17:00:04.000Z</Time>
            <Position>
              <LatitudeDegrees>44.28943715058267</LatitudeDegrees>
              <LongitudeDegrees>-81.5940892137587</LongitudeDegrees>
            </Position>
            <AltitudeMeters>178.0</AltitudeMeters>
            <DistanceMeters>5258.5498046875</DistanceMeters>
            <HeartRateBpm>
              <Value>80</Value>
            </HeartRateBpm>
            <Extensions>
              <ns3:TPX>
                <ns3:Speed>2.1459999084472656</ns3:Speed>
              </ns3:TPX>
            </Extensions>
          </Trackpoint>
          <Trackpoint>
            <Time>2026-07-30T17:00:06.000Z</Time>
            <Position>
              <LatitudeDegrees>44.289441760629416</LatitudeDegrees>
              <LongitudeDegrees>-81.59404328092933</LongitudeDegrees>
            </Position>
            <AltitudeMeters>178.0</AltitudeMeters>
            <DistanceMeters>5262.27978515625</DistanceMeters>
            <HeartRateBpm>
              <Value>80</Value>
            </HeartRateBpm>
            <Extensions>
              <ns3:TPX>
                <ns3:Speed>2.0899999141693115</ns3:Speed>
              </ns3:TPX>
            </Extensions>
          </Trackpoint>
          <Trackpoint>
            <Time>2026-07-30T17:00:09.000Z</Time>
            <Position>
              <LatitudeDegrees>44.28943815641105</LatitudeDegrees>
              <LongitudeDegrees>-81.5939787402749</LongitudeDegrees>
            </Position>
            <AltitudeMeters>178.0</AltitudeMeters>
            <DistanceMeters>5267.5400390625</DistanceMeters>
            <HeartRateBpm>
              <Value>79</Value>
            </HeartRateBpm>
            <Extensions>
              <ns3:TPX>
                <ns3:Speed>2.0899999141693115</ns3:Speed>
              </ns3:TPX>
            </Extensions>
          </Trackpoint>
          <Trackpoint>
            <Time>2026-07-30T17:00:11.000Z</Time>
            <Position>
              <LatitudeDegrees>44.289433378726244</LatitudeDegrees>
              <LongitudeDegrees>-81.59393121488392</LongitudeDegrees>
            </Position>
            <AltitudeMeters>178.0</AltitudeMeters>
            <DistanceMeters>5271.43017578125</DistanceMeters>
            <HeartRateBpm>
              <Value>80</Value>
            </HeartRateBpm>
            <Extensions>
              <ns3:TPX>
                <ns3:Speed>2.0339999198913574</ns3:Speed>
              </ns3:TPX>
            </Extensions>
          </Trackpoint>
          <Trackpoint>
            <Time>2026-07-30T17:00:14.000Z</Time>
            <Position>
              <LatitudeDegrees>44.28942885249853</LatitudeDegrees>
              <LongitudeDegrees>-81.59386172890663</LongitudeDegrees>
            </Position>
            <AltitudeMeters>178.0</AltitudeMeters>
            <DistanceMeters>5276.990234375</DistanceMeters>
            <HeartRateBpm>
              <Value>79</Value>
            </HeartRateBpm>
            <Extensions>
              <ns3:TPX>
                <ns3:Speed>1.8380000591278076</ns3:Speed>
              </ns3:TPX>
            </Extensions>
          </Trackpoint>
          <Trackpoint>
            <Time>2026-07-30T17:00:16.000Z</Time>
            <Position>
              <LatitudeDegrees>44.289415357634425</LatitudeDegrees>
              <LongitudeDegrees>-81.59381680190563</LongitudeDegrees>
            </Position>
            <AltitudeMeters>178.0</AltitudeMeters>
            <DistanceMeters>5280.83984375</DistanceMeters>
            <HeartRateBpm>
              <Value>79</Value>
            </HeartRateBpm>
            <Extensions>
              <ns3:TPX>
                <ns3:Speed>1.8380000591278076</ns3:Speed>
              </ns3:TPX>
            </Extensions>
          </Trackpoint>
          <Trackpoint>
            <Time>2026-07-30T17:00:20.000Z</Time>
            <Position>
              <LatitudeDegrees>44.28940135985613</LatitudeDegrees>
              <LongitudeDegrees>-81.59373113885522</LongitudeDegrees>
            </Position>
            <AltitudeMeters>178.0</AltitudeMeters>
            <DistanceMeters>5287.77978515625</DistanceMeters>
            <HeartRateBpm>
              <Value>80</Value>
            </HeartRateBpm>
            <Extensions>
              <ns3:TPX>
                <ns3:Speed>1.8380000591278076</ns3:Speed>
              </ns3:TPX>
            </Extensions>
          </Trackpoint>
          <Trackpoint>
            <Time>2026-07-30T17:00:25.000Z</Time>
            <Position>
              <LatitudeDegrees>44.28939180448651</LatitudeDegrees>
              <LongitudeDegrees>-81.59363315440714</LongitudeDegrees>
            </Position>
            <AltitudeMeters>178.0</AltitudeMeters>
            <DistanceMeters>5295.9501953125</DistanceMeters>
            <HeartRateBpm>
              <Value>83</Value>
            </HeartRateBpm>
            <Extensions>
              <ns3:TPX>
                <ns3:Speed>1.8289999961853027</ns3:Speed>
              </ns3:TPX>
            </Extensions>
          </Trackpoint>
          <Trackpoint>
            <Time>2026-07-30T17:00:26.000Z</Time>
            <Position>
              <LatitudeDegrees>44.289396749809384</LatitudeDegrees>
              <LongitudeDegrees>-81.59361303783953</LongitudeDegrees>
            </Position>
            <AltitudeMeters>178.0</AltitudeMeters>
            <DistanceMeters>5297.60009765625</DistanceMeters>
            <HeartRateBpm>
              <Value>81</Value>
            </HeartRateBpm>
            <Extensions>
              <ns3:TPX>
                <ns3:Speed>1.7259999513626099</ns3:Speed>
              </ns3:TPX>
            </Extensions>
          </Trackpoint>
          <Trackpoint>
            <Time>2026-07-30T17:00:32.000Z</Time>
            <Position>
              <LatitudeDegrees>44.28939507342875</LatitudeDegrees>
              <LongitudeDegrees>-81.59349460154772</LongitudeDegrees>
            </Position>
            <AltitudeMeters>178.0</AltitudeMeters>
            <DistanceMeters>5307.1298828125</DistanceMeters>
            <HeartRateBpm>
              <Value>78</Value>
            </HeartRateBpm>
            <Extensions>
              <ns3:TPX>
                <ns3:Speed>1.6050000190734863</ns3:Speed>
              </ns3:TPX>
            </Extensions>
          </Trackpoint>
          <Trackpoint>
            <Time>2026-07-30T17:00:35.000Z</Time>
            <Position>
              <LatitudeDegrees>44.289394402876496</LatitudeDegrees>
              <LongitudeDegrees>-81.59343676641583</LongitudeDegrees>
            </Position>
            <AltitudeMeters>177.8000030517578</AltitudeMeters>
            <DistanceMeters>5311.77978515625</DistanceMeters>
            <HeartRateBpm>
              <Value>78</Value>
            </HeartRateBpm>
            <Extensions>
              <ns3:TPX>
                <ns3:Speed>1.6050000190734863</ns3:Speed>
              </ns3:TPX>
            </Extensions>
          </Trackpoint>
          <Trackpoint>
            <Time>2026-07-30T17:00:37.000Z</Time>
            <Position>
              <LatitudeDegrees>44.28938769735396</LatitudeDegrees>
              <LongitudeDegrees>-81.59340064041317</LongitudeDegrees>
            </Position>
            <AltitudeMeters>178.0</AltitudeMeters>
            <DistanceMeters>5314.7998046875</DistanceMeters>
            <HeartRateBpm>
              <Value>77</Value>
            </HeartRateBpm>
            <Extensions>
              <ns3:TPX>
                <ns3:Speed>1.5959999561309814</ns3:Speed>
              </ns3:TPX>
            </Extensions>
          </Trackpoint>
          <Trackpoint>
            <Time>2026-07-30T17:00:41.000Z</Time>
            <Position>
              <LatitudeDegrees>44.289364982396364</LatitudeDegrees>
              <LongitudeDegrees>-81.59332428127527</LongitudeDegrees>
            </Position>
            <AltitudeMeters>178.0</AltitudeMeters>
            <DistanceMeters>5321.39990234375</DistanceMeters>
            <HeartRateBpm>
              <Value>78</Value>
            </HeartRateBpm>
            <Extensions>
              <ns3:TPX>
                <ns3:Speed>1.5959999561309814</ns3:Speed>
              </ns3:TPX>
            </Extensions>
          </Trackpoint>
          <Trackpoint>
            <Time>2026-07-30T17:00:47.000Z</Time>
            <Position>
              <LatitudeDegrees>44.2893407586962</LatitudeDegrees>
              <LongitudeDegrees>-81.59321900457144</LongitudeDegrees>
            </Position>
            <AltitudeMeters>178.0</AltitudeMeters>
            <DistanceMeters>5330.27001953125</DistanceMeters>
            <HeartRateBpm>
              <Value>76</Value>
            </HeartRateBpm>
            <Extensions>
              <ns3:TPX>
                <ns3:Speed>1.6330000162124634</ns3:Speed>
              </ns3:TPX>
            </Extensions>
          </Trackpoint>
          <Trackpoint>
            <Time>2026-07-30T17:00:48.000Z</Time>
            <Position>
              <LatitudeDegrees>44.28933874703944</LatitudeDegrees>
              <LongitudeDegrees>-81.59319654107094</LongitudeDegrees>
            </Position>
            <AltitudeMeters>178.0</AltitudeMeters>
            <DistanceMeters>5332.0400390625</DistanceMeters>
            <HeartRateBpm>
              <Value>72</Value>
            </HeartRateBpm>
            <Extensions>
              <ns3:TPX>
                <ns3:Speed>1.6330000162124634</ns3:Speed>
              </ns3:TPX>
            </Extensions>
          </Trackpoint>
          <Trackpoint>
            <Time>2026-07-30T17:00:49.000Z</Time>
            <Position>
              <LatitudeDegrees>44.28933187387884</LatitudeDegrees>
              <LongitudeDegrees>-81.59317407757044</LongitudeDegrees>
            </Position>
            <AltitudeMeters>178.0</AltitudeMeters>
            <DistanceMeters>5333.990234375</DistanceMeters>
            <HeartRateBpm>
              <Value>71</Value>
            </HeartRateBpm>
            <Extensions>
              <ns3:TPX>
                <ns3:Speed>1.6330000162124634</ns3:Speed>
              </ns3:TPX>
            </Extensions>
          </Trackpoint>
          <Trackpoint>
            <Time>2026-07-30T17:00:53.000Z</Time>
            <Position>
              <LatitudeDegrees>44.28930136375129</LatitudeDegrees>
              <LongitudeDegrees>-81.5930775180459</LongitudeDegrees>
            </Position>
            <AltitudeMeters>178.0</AltitudeMeters>
            <DistanceMeters>5342.3798828125</DistanceMeters>
            <HeartRateBpm>
              <Value>67</Value>
            </HeartRateBpm>
            <Extensions>
              <ns3:TPX>
                <ns3:Speed>1.6519999504089355</ns3:Speed>
              </ns3:TPX>
            </Extensions>
          </Trackpoint>
          <Trackpoint>
            <Time>2026-07-30T17:00:56.000Z</Time>
            <Position>
              <LatitudeDegrees>44.28929868154228</LatitudeDegrees>
              <LongitudeDegrees>-81.5930294059217</LongitudeDegrees>
            </Position>
            <AltitudeMeters>178.0</AltitudeMeters>
            <DistanceMeters>5346.22021484375</DistanceMeters>
            <HeartRateBpm>
              <Value>64</Value>
            </HeartRateBpm>
            <Extensions>
              <ns3:TPX>
                <ns3:Speed>1.6330000162124634</ns3:Speed>
              </ns3:TPX>
            </Extensions>
          </Trackpoint>
          <Trackpoint>
            <Time>2026-07-30T17:00:58.000Z</Time>
            <Position>
              <LatitudeDegrees>44.28929449059069</LatitudeDegrees>
              <LongitudeDegrees>-81.59298992715776</LongitudeDegrees>
            </Position>
            <AltitudeMeters>178.0</AltitudeMeters>
            <DistanceMeters>5349.39013671875</DistanceMeters>
            <HeartRateBpm>
              <Value>62</Value>
            </HeartRateBpm>
            <Extensions>
              <ns3:TPX>
                <ns3:Speed>1.6050000190734863</ns3:Speed>
              </ns3:TPX>
            </Extensions>
          </Trackpoint>
          <Trackpoint>
            <Time>2026-07-30T17:01:03.000Z</Time>
            <Position>
              <LatitudeDegrees>44.28930597379804</LatitudeDegrees>
              <LongitudeDegrees>-81.59288599155843</LongitudeDegrees>
            </Position>
            <AltitudeMeters>177.8000030517578</AltitudeMeters>
            <DistanceMeters>5358.25</DistanceMeters>
            <HeartRateBpm>
              <Value>63</Value>
            </HeartRateBpm>
            <Extensions>
              <ns3:TPX>
                <ns3:Speed>1.781999945640564</ns3:Speed>
              </ns3:TPX>
            </Extensions>
          </Trackpoint>
          <Trackpoint>
            <Time>2026-07-30T17:01:05.000Z</Time>
            <Position>
              <LatitudeDegrees>44.28930706344545</LatitudeDegrees>
              <LongitudeDegrees>-81.59285372123122</LongitudeDegrees>
            </Position>
            <AltitudeMeters>178.0</AltitudeMeters>
            <DistanceMeters>5360.8701171875</DistanceMeters>
            <HeartRateBpm>
              <Value>61</Value>
            </HeartRateBpm>
            <Extensions>
              <ns3:TPX>
                <ns3:Speed>1.5399999618530273</ns3:Speed>
              </ns3:TPX>
            </Extensions>
          </Trackpoint>
          <Trackpoint>
            <Time>2026-07-30T17:01:14.000Z</Time>
            <Position>
              <LatitudeDegrees>44.289264315739274</LatitudeDegrees>
              <LongitudeDegrees>-81.5927201975137</LongitudeDegrees>
            </Position>
            <AltitudeMeters>178.0</AltitudeMeters>
            <DistanceMeters>5372.35986328125</DistanceMeters>
            <HeartRateBpm>
              <Value>61</Value>
            </HeartRateBpm>
            <Extensions>
              <ns3:TPX>
                <ns3:Speed>1.2319999933242798</ns3:Speed>
              </ns3:TPX>
            </Extensions>
          </Trackpoint>
          <Trackpoint>
            <Time>2026-07-30T17:01:20.000Z</Time>
            <Position>
              <LatitudeDegrees>44.289232548326254</LatitudeDegrees>
              <LongitudeDegrees>-81.59263134934008</LongitudeDegrees>
            </Position>
            <AltitudeMeters>178.0</AltitudeMeters>
            <DistanceMeters>5380.22998046875</DistanceMeters>
            <HeartRateBpm>
              <Value>62</Value>
            </HeartRateBpm>
            <Extensions>
              <ns3:TPX>
                <ns3:Speed>1.343999981880188</ns3:Speed>
              </ns3:TPX>
            </Extensions>
          </Trackpoint>
          <Trackpoint>
            <Time>2026-07-30T17:01:21.000Z</Time>
            <Position>
              <LatitudeDegrees>44.28922835737467</LatitudeDegrees>
              <LongitudeDegrees>-81.59261626191437</LongitudeDegrees>
            </Position>
            <AltitudeMeters>178.0</AltitudeMeters>
            <DistanceMeters>5381.47021484375</DistanceMeters>
            <HeartRateBpm>
              <Value>61</Value>
            </HeartRateBpm>
            <Extensions>
              <ns3:TPX>
                <ns3:Speed>1.3619999885559082</ns3:Speed>
              </ns3:TPX>
            </Extensions>
          </Trackpoint>
          <Trackpoint>
            <Time>2026-07-30T17:01:23.000Z</Time>
            <Position>
              <LatitudeDegrees>44.28922450169921</LatitudeDegrees>
              <LongitudeDegrees>-81.59258550032973</LongitudeDegrees>
            </Position>
            <AltitudeMeters>178.0</AltitudeMeters>
            <DistanceMeters>5383.93994140625</DistanceMeters>
            <HeartRateBpm>
              <Value>65</Value>
            </HeartRateBpm>
            <Extensions>
              <ns3:TPX>
                <ns3:Speed>1.3619999885559082</ns3:Speed>
              </ns3:TPX>
            </Extensions>
          </Trackpoint>
          <Trackpoint>
            <Time>2026-07-30T17:01:29.000Z</Time>
            <Position>
              <LatitudeDegrees>44.28918343037367</LatitudeDegrees>
              <LongitudeDegrees>-81.59250134602189</LongitudeDegrees>
            </Position>
            <AltitudeMeters>178.1999969482422</AltitudeMeters>
            <DistanceMeters>5392.0498046875</DistanceMeters>
            <HeartRateBpm>
              <Value>66</Value>
            </HeartRateBpm>
            <Extensions>
              <ns3:TPX>
                <ns3:Speed>1.2970000505447388</ns3:Speed>
              </ns3:TPX>
            </Extensions>
          </Trackpoint>
          <Trackpoint>
            <Time>2026-07-30T17:01:30.000Z</Time>
            <Position>
              <LatitudeDegrees>44.28917873650789</LatitudeDegrees>
              <LongitudeDegrees>-81.5924923773855</LongitudeDegrees>
            </Position>
            <AltitudeMeters>178.1999969482422</AltitudeMeters>
            <DistanceMeters>5392.7998046875</DistanceMeters>
            <HeartRateBpm>
              <Value>64</Value>
            </HeartRateBpm>
            <Extensions>
              <ns3:TPX>
                <ns3:Speed>1.2970000505447388</ns3:Speed>
              </ns3:TPX>
            </Extensions>
          </Trackpoint>
          <Trackpoint>
            <Time>2026-07-30T17:01:34.000Z</Time>
            <Position>
              <LatitudeDegrees>44.28917722776532</LatitudeDegrees>
              <LongitudeDegrees>-81.59245298244059</LongitudeDegrees>
            </Position>
            <AltitudeMeters>178.1999969482422</AltitudeMeters>
            <DistanceMeters>5395.8701171875</DistanceMeters>
            <HeartRateBpm>
              <Value>66</Value>
            </HeartRateBpm>
            <Extensions>
              <ns3:TPX>
                <ns3:Speed>1.128999948501587</ns3:Speed>
              </ns3:TPX>
            </Extensions>
          </Trackpoint>
          <Trackpoint>
            <Time>2026-07-30T17:01:44.000Z</Time>
            <Position>
              <LatitudeDegrees>44.28917697630823</LatitudeDegrees>
              <LongitudeDegrees>-81.5923488792032</LongitudeDegrees>
            </Position>
            <AltitudeMeters>178.39999389648438</AltitudeMeters>
            <DistanceMeters>5404.5400390625</DistanceMeters>
            <HeartRateBpm>
              <Value>70</Value>
            </HeartRateBpm>
            <Extensions>
              <ns3:TPX>
                <ns3:Speed>0.8679999709129333</ns3:Speed>
              </ns3:TPX>
            </Extensions>
          </Trackpoint>
          <Trackpoint>
            <Time>2026-07-30T17:01:45.000Z</Time>
            <Position>
              <LatitudeDegrees>44.28918460384011</LatitudeDegrees>
              <LongitudeDegrees>-81.59233781509101</LongitudeDegrees>
            </Position>
            <AltitudeMeters>178.39999389648438</AltitudeMeters>
            <DistanceMeters>5405.759765625</DistanceMeters>
            <HeartRateBpm>
              <Value>70</Value>
            </HeartRateBpm>
            <Extensions>
              <ns3:TPX>
                <ns3:Speed>1.343999981880188</ns3:Speed>
              </ns3:TPX>
            </Extensions>
          </Trackpoint>
          <Trackpoint>
            <Time>2026-07-30T17:01:49.000Z</Time>
            <Position>
              <LatitudeDegrees>44.28918577730656</LatitudeDegrees>
              <LongitudeDegrees>-81.5922989230603</LongitudeDegrees>
            </Position>
            <AltitudeMeters>178.0</AltitudeMeters>
            <DistanceMeters>5408.7001953125</DistanceMeters>
            <HeartRateBpm>
              <Value>72</Value>
            </HeartRateBpm>
            <Extensions>
              <ns3:TPX>
                <ns3:Speed>0.9419999718666077</ns3:Speed>
              </ns3:TPX>
            </Extensions>
          </Trackpoint>
          <Trackpoint>
            <Time>2026-07-30T17:01:53.000Z</Time>
            <Position>
              <LatitudeDegrees>44.289188627153635</LatitudeDegrees>
              <LongitudeDegrees>-81.59225148148835</LongitudeDegrees>
            </Position>
            <AltitudeMeters>178.0</AltitudeMeters>
            <DistanceMeters>5412.72998046875</DistanceMeters>
            <HeartRateBpm>
              <Value>74</Value>
            </HeartRateBpm>
            <Extensions>
              <ns3:TPX>
                <ns3:Speed>1.0360000133514404</ns3:Speed>
              </ns3:TPX>
            </Extensions>
          </Trackpoint>
          <Trackpoint>
            <Time>2026-07-30T17:01:54.000Z</Time>
            <Position>
              <LatitudeDegrees>44.2891851067543</LatitudeDegrees>
              <LongitudeDegrees>-81.59223739989102</LongitudeDegrees>
            </Position>
            <AltitudeMeters>178.1999969482422</AltitudeMeters>
            <DistanceMeters>5413.919921875</DistanceMeters>
            <HeartRateBpm>
              <Value>74</Value>
            </HeartRateBpm>
            <Extensions>
              <ns3:TPX>
                <ns3:Speed>1.0640000104904175</ns3:Speed>
              </ns3:TPX>
            </Extensions>
          </Trackpoint>
          <Trackpoint>
            <Time>2026-07-30T17:01:58.000Z</Time>
            <Position>
              <LatitudeDegrees>44.289172952994704</LatitudeDegrees>
              <LongitudeDegrees>-81.59217386506498</LongitudeDegrees>
            </Position>
            <AltitudeMeters>178.1999969482422</AltitudeMeters>
            <DistanceMeters>5419.22021484375</DistanceMeters>
            <HeartRateBpm>
              <Value>77</Value>
            </HeartRateBpm>
            <Extensions>
              <ns3:TPX>
                <ns3:Speed>1.0820000171661377</ns3:Speed>
              </ns3:TPX>
            </Extensions>
          </Trackpoint>
          <Trackpoint>
            <Time>2026-07-30T17:02:01.000Z</Time>
            <Position>
              <LatitudeDegrees>44.28916540928185</LatitudeDegrees>
              <LongitudeDegrees>-81.59212575294077</LongitudeDegrees>
            </Position>
            <AltitudeMeters>178.1999969482422</AltitudeMeters>
            <DistanceMeters>5423.1298828125</DistanceMeters>
            <HeartRateBpm>
              <Value>80</Value>
            </HeartRateBpm>
            <Extensions>
              <ns3:TPX>
                <ns3:Speed>1.2410000562667847</ns3:Speed>
              </ns3:TPX>
            </Extensions>
          </Trackpoint>
          <Trackpoint>
            <Time>2026-07-30T17:02:03.000Z</Time>
            <Position>
              <LatitudeDegrees>44.289161218330264</LatitudeDegrees>
              <LongitudeDegrees>-81.59209138713777</LongitudeDegrees>
            </Position>
            <AltitudeMeters>178.39999389648438</AltitudeMeters>
            <DistanceMeters>5425.919921875</DistanceMeters>
            <HeartRateBpm>
              <Value>80</Value>
            </HeartRateBpm>
            <Extensions>
              <ns3:TPX>
                <ns3:Speed>1.2130000591278076</ns3:Speed>
              </ns3:TPX>
            </Extensions>
          </Trackpoint>
          <Trackpoint>
            <Time>2026-07-30T17:02:12.000Z</Time>
            <Position>
              <LatitudeDegrees>44.28916649892926</LatitudeDegrees>
              <LongitudeDegrees>-81.59192291088402</LongitudeDegrees>
            </Position>
            <AltitudeMeters>177.8000030517578</AltitudeMeters>
            <DistanceMeters>5439.39990234375</DistanceMeters>
            <HeartRateBpm>
              <Value>82</Value>
            </HeartRateBpm>
            <Extensions>
              <ns3:TPX>
                <ns3:Speed>1.5399999618530273</ns3:Speed>
              </ns3:TPX>
            </Extensions>
          </Trackpoint>
          <Trackpoint>
            <Time>2026-07-30T17:02:18.000Z</Time>
            <Position>
              <LatitudeDegrees>44.2891681753099</LatitudeDegrees>
              <LongitudeDegrees>-81.5918102581054</LongitudeDegrees>
            </Position>
            <AltitudeMeters>177.8000030517578</AltitudeMeters>
            <DistanceMeters>5448.740234375</DistanceMeters>
            <HeartRateBpm>
              <Value>82</Value>
            </HeartRateBpm>
            <Extensions>
              <ns3:TPX>
                <ns3:Speed>1.4279999732971191</ns3:Speed>
              </ns3:TPX>
            </Extensions>
          </Trackpoint>
          <Trackpoint>
            <Time>2026-07-30T17:02:23.000Z</Time>
            <Position>
              <LatitudeDegrees>44.289153926074505</LatitudeDegrees>
              <LongitudeDegrees>-81.5917529258877</LongitudeDegrees>
            </Position>
            <AltitudeMeters>177.8000030517578</AltitudeMeters>
            <DistanceMeters>5453.43994140625</DistanceMeters>
            <HeartRateBpm>
              <Value>81</Value>
            </HeartRateBpm>
            <Extensions>
              <ns3:TPX>
                <ns3:Speed>1.3530000448226929</ns3:Speed>
              </ns3:TPX>
            </Extensions>
          </Trackpoint>
          <Trackpoint>
            <Time>2026-07-30T17:02:24.000Z</Time>
            <Position>
              <LatitudeDegrees>44.28915216587484</LatitudeDegrees>
              <LongitudeDegrees>-81.59174278378487</LongitudeDegrees>
            </Position>
            <AltitudeMeters>177.8000030517578</AltitudeMeters>
            <DistanceMeters>5454.27978515625</DistanceMeters>
            <HeartRateBpm>
              <Value>81</Value>
            </HeartRateBpm>
            <Extensions>
              <ns3:TPX>
                <ns3:Speed>1.0820000171661377</ns3:Speed>
              </ns3:TPX>
            </Extensions>
          </Trackpoint>
          <Trackpoint>
            <Time>2026-07-30T17:02:28.000Z</Time>
            <Position>
              <LatitudeDegrees>44.289149567484856</LatitudeDegrees>
              <LongitudeDegrees>-81.59174135886133</LongitudeDegrees>
            </Position>
            <AltitudeMeters>178.0</AltitudeMeters>
            <DistanceMeters>5455.08984375</DistanceMeters>
            <HeartRateBpm>
              <Value>81</Value>
            </HeartRateBpm>
            <Extensions>
              <ns3:TPX>
                <ns3:Speed>0.0</ns3:Speed>
              </ns3:TPX>
            </Extensions>
          </Trackpoint>
          <Trackpoint>
            <Time>2026-07-30T17:02:35.000Z</Time>
            <Position>
              <LatitudeDegrees>44.289153926074505</LatitudeDegrees>
              <LongitudeDegrees>-81.59173741936684</LongitudeDegrees>
            </Position>
            <AltitudeMeters>178.0</AltitudeMeters>
            <DistanceMeters>5456.2001953125</DistanceMeters>
            <HeartRateBpm>
              <Value>82</Value>
            </HeartRateBpm>
            <Extensions>
              <ns3:TPX>
                <ns3:Speed>0.0</ns3:Speed>
              </ns3:TPX>
            </Extensions>
          </Trackpoint>
          <Trackpoint>
            <Time>2026-07-30T17:02:41.000Z</Time>
            <Position>
              <LatitudeDegrees>44.289149986580014</LatitudeDegrees>
              <LongitudeDegrees>-81.59169232472777</LongitudeDegrees>
            </Position>
            <AltitudeMeters>177.8000030517578</AltitudeMeters>
            <DistanceMeters>5460.06005859375</DistanceMeters>
            <HeartRateBpm>
              <Value>83</Value>
            </HeartRateBpm>
            <Extensions>
              <ns3:TPX>
                <ns3:Speed>0.9419999718666077</ns3:Speed>
              </ns3:TPX>
            </Extensions>
          </Trackpoint>
          <Trackpoint>
            <Time>2026-07-30T17:02:42.000Z</Time>
            <Position>
              <LatitudeDegrees>44.28914814256132</LatitudeDegrees>
              <LongitudeDegrees>-81.5916802547872</LongitudeDegrees>
            </Position>
            <AltitudeMeters>177.8000030517578</AltitudeMeters>
            <DistanceMeters>5461.0400390625</DistanceMeters>
            <HeartRateBpm>
              <Value>84</Value>
            </HeartRateBpm>
            <Extensions>
              <ns3:TPX>
                <ns3:Speed>1.0169999599456787</ns3:Speed>
              </ns3:TPX>
            </Extensions>
          </Trackpoint>
          <Trackpoint>
            <Time>2026-07-30T17:02:48.000Z</Time>
            <Position>
              <LatitudeDegrees>44.28913808427751</LatitudeDegrees>
              <LongitudeDegrees>-81.5916442964226</LongitudeDegrees>
            </Position>
            <AltitudeMeters>178.0</AltitudeMeters>
            <DistanceMeters>5464.9501953125</DistanceMeters>
            <HeartRateBpm>
              <Value>85</Value>
            </HeartRateBpm>
            <Extensions>
              <ns3:TPX>
                <ns3:Speed>0.0</ns3:Speed>
              </ns3:TPX>
            </Extensions>
          </Trackpoint>
          <Trackpoint>
            <Time>2026-07-30T17:02:54.000Z</Time>
            <Position>
              <LatitudeDegrees>44.28914646618068</LatitudeDegrees>
              <LongitudeDegrees>-81.59160926006734</LongitudeDegrees>
            </Position>
            <AltitudeMeters>178.1999969482422</AltitudeMeters>
            <DistanceMeters>5467.91015625</DistanceMeters>
            <HeartRateBpm>
              <Value>86</Value>
            </HeartRateBpm>
            <Extensions>
              <ns3:TPX>
                <ns3:Speed>1.1200000047683716</ns3:Speed>
              </ns3:TPX>
            </Extensions>
          </Trackpoint>
          <Trackpoint>
            <Time>2026-07-30T17:02:55.000Z</Time>
            <Position>
              <LatitudeDegrees>44.28914193995297</LatitudeDegrees>
              <LongitudeDegrees>-81.59159719012678</LongitudeDegrees>
            </Position>
            <AltitudeMeters>178.39999389648438</AltitudeMeters>
            <DistanceMeters>5468.93017578125</DistanceMeters>
            <HeartRateBpm>
              <Value>86</Value>
            </HeartRateBpm>
            <Extensions>
              <ns3:TPX>
                <ns3:Speed>1.1200000047683716</ns3:Speed>
              </ns3:TPX>
            </Extensions>
          </Trackpoint>
          <Trackpoint>
            <Time>2026-07-30T17:02:58.000Z</Time>
            <Position>
              <LatitudeDegrees>44.28912844508886</LatitudeDegrees>
              <LongitudeDegrees>-81.5915940888226</LongitudeDegrees>
            </Position>
            <AltitudeMeters>179.0</AltitudeMeters>
            <DistanceMeters>5470.43017578125</DistanceMeters>
            <HeartRateBpm>
              <Value>86</Value>
            </HeartRateBpm>
            <Extensions>
              <ns3:TPX>
                <ns3:Speed>0.597000002861023</ns3:Speed>
              </ns3:TPX>
            </Extensions>
          </Trackpoint>
          <Trackpoint>
            <Time>2026-07-30T17:02:59.000Z</Time>
            <Position>
              <LatitudeDegrees>44.28912567906082</LatitudeDegrees>
              <LongitudeDegrees>-81.59158981405199</LongitudeDegrees>
            </Position>
            <AltitudeMeters>179.0</AltitudeMeters>
            <DistanceMeters>5470.8701171875</DistanceMeters>
            <HeartRateBpm>
              <Value>87</Value>
            </HeartRateBpm>
            <Extensions>
              <ns3:TPX>
                <ns3:Speed>0.625</ns3:Speed>
              </ns3:TPX>
            </Extensions>
          </Trackpoint>
          <Trackpoint>
            <Time>2026-07-30T17:03:00.000Z</Time>
            <Position>
              <LatitudeDegrees>44.289124086499214</LatitudeDegrees>
              <LongitudeDegrees>-81.59158201888204</LongitudeDegrees>
            </Position>
            <AltitudeMeters>177.39999389648438</AltitudeMeters>
            <DistanceMeters>5471.509765625</DistanceMeters>
            <HeartRateBpm>
              <Value>87</Value>
            </HeartRateBpm>
            <Extensions>
              <ns3:TPX>
                <ns3:Speed>0.6439999938011169</ns3:Speed>
              </ns3:TPX>
            </Extensions>
          </Trackpoint>
          <Trackpoint>
            <Time>2026-07-30T17:03:06.000Z</Time>
            <Position>
              <LatitudeDegrees>44.28914847783744</LatitudeDegrees>
              <LongitudeDegrees>-81.59156793728471</LongitudeDegrees>
            </Position>
            <AltitudeMeters>177.1999969482422</AltitudeMeters>
            <DistanceMeters>5474.68994140625</DistanceMeters>
            <HeartRateBpm>
              <Value>90</Value>
            </HeartRateBpm>
            <Extensions>
              <ns3:TPX>
                <ns3:Speed>0.7459999918937683</ns3:Speed>
              </ns3:TPX>
            </Extensions>
          </Trackpoint>
          <Trackpoint>
            <Time>2026-07-30T17:03:14.000Z</Time>
            <Position>
              <LatitudeDegrees>44.28915434516966</LatitudeDegrees>
              <LongitudeDegrees>-81.5915613155812</LongitudeDegrees>
            </Position>
            <AltitudeMeters>176.60000610351562</AltitudeMeters>
            <DistanceMeters>5475.56982421875</DistanceMeters>
            <HeartRateBpm>
              <Value>88</Value>
            </HeartRateBpm>
            <Extensions>
              <ns3:TPX>
                <ns3:Speed>0.0</ns3:Speed>
              </ns3:TPX>
            </Extensions>
          </Trackpoint>
        </Track>
        <Extensions>
          <ns3:LX>
            <ns3:AvgSpeed>1.8760000467300415</ns3:AvgSpeed>
          </ns3:LX>
        </Extensions>
      </Lap>
      <Creator xsi:type="Device_t">
        <Name>vívoactive 4</Name>
        <UnitId>3432774097</UnitId>
        <ProductID>3225</ProductID>
        <Version>
          <VersionMajor>8</VersionMajor>
          <VersionMinor>30</VersionMinor>
          <BuildMajor>0</BuildMajor>
          <BuildMinor>0</BuildMinor>
        </Version>
      </Creator>
    </Activity>
  </Activities>
  <Author xsi:type="Application_t">
    <Name>Connect Api</Name>
    <Build>
      <Version>
        <VersionMajor>26</VersionMajor>
        <VersionMinor>15</VersionMinor>
        <BuildMajor>0</BuildMajor>
        <BuildMinor>0</BuildMinor>
      </Version>
    </Build>
    <LangID>en</LangID>
    <PartNumber>006-D2449-00</PartNumber>
  </Author>
</TrainingCenterDatabase>
