<?xml version="1.0" encoding="UTF-8"?>
<TrainingCenterDatabase
  xsi:schemaLocation="http://www.garmin.com/xmlschemas/TrainingCenterDatabase/v2 http://www.garmin.com/xmlschemas/TrainingCenterDatabasev2.xsd"
  xmlns:ns5="http://www.garmin.com/xmlschemas/ActivityGoals/v1"
  xmlns:ns3="http://www.garmin.com/xmlschemas/ActivityExtension/v2"
  xmlns:ns2="http://www.garmin.com/xmlschemas/UserProfile/v2"
  xmlns="http://www.garmin.com/xmlschemas/TrainingCenterDatabase/v2"
  xmlns:xsi="http://www.w3.org/2001/XMLSchema-instance" xmlns:ns4="http://www.garmin.com/xmlschemas/ProfileExtension/v1">
  <Activities>
    <Activity Sport="Other">
      <Id>2026-08-03T15:31:57.000Z</Id>
      <Lap StartTime="2026-08-03T15:31:57.000Z">
        <TotalTimeSeconds>1018.431</TotalTimeSeconds>
        <DistanceMeters>1805.56</DistanceMeters>
        <MaximumSpeed>4.432000160217285</MaximumSpeed>
        <Calories>78</Calories>
        <AverageHeartRateBpm>
          <Value>79</Value>
        </AverageHeartRateBpm>
        <MaximumHeartRateBpm>
          <Value>100</Value>
        </MaximumHeartRateBpm>
        <Intensity>Active</Intensity>
        <TriggerMethod>Manual</TriggerMethod>
        <Track>
          <Trackpoint>
            <Time>2026-08-03T15:31:57.000Z</Time>
            <Position>
              <LatitudeDegrees>44.28906482644379</LatitudeDegrees>
              <LongitudeDegrees>-81.59146006219089</LongitudeDegrees>
            </Position>
            <AltitudeMeters>176.0</AltitudeMeters>
            <DistanceMeters>0.0</DistanceMeters>
            <HeartRateBpm>
              <Value>76</Value>
            </HeartRateBpm>
            <Extensions>
              <ns3:TPX>
                <ns3:Speed>0.4569999873638153</ns3:Speed>
              </ns3:TPX>
            </Extensions>
          </Trackpoint>
          <Trackpoint>
            <Time>2026-08-03T15:31:58.000Z</Time>
            <Position>
              <LatitudeDegrees>44.28928820416331</LatitudeDegrees>
              <LongitudeDegrees>-81.5913144685328</LongitudeDegrees>
            </Position>
            <AltitudeMeters>176.0</AltitudeMeters>
            <DistanceMeters>0.0</DistanceMeters>
            <HeartRateBpm>
              <Value>77</Value>
            </HeartRateBpm>
            <Extensions>
              <ns3:TPX>
                <ns3:Speed>0.0</ns3:Speed>
              </ns3:TPX>
            </Extensions>
          </Trackpoint>
          <Trackpoint>
            <Time>2026-08-03T15:32:02.000Z</Time>
            <Position>
              <LatitudeDegrees>44.28917278535664</LatitudeDegrees>
              <LongitudeDegrees>-81.59180170856416</LongitudeDegrees>
            </Position>
            <AltitudeMeters>176.0</AltitudeMeters>
            <DistanceMeters>43.900001525878906</DistanceMeters>
            <HeartRateBpm>
              <Value>82</Value>
            </HeartRateBpm>
            <Extensions>
              <ns3:TPX>
                <ns3:Speed>0.0</ns3:Speed>
              </ns3:TPX>
            </Extensions>
          </Trackpoint>
          <Trackpoint>
            <Time>2026-08-03T15:32:08.000Z</Time>
            <Position>
              <LatitudeDegrees>44.28916214033961</LatitudeDegrees>
              <LongitudeDegrees>-81.59175418317318</LongitudeDegrees>
            </Position>
            <AltitudeMeters>176.0</AltitudeMeters>
            <DistanceMeters>46.18000030517578</DistanceMeters>
            <HeartRateBpm>
              <Value>84</Value>
            </HeartRateBpm>
            <Extensions>
              <ns3:TPX>
                <ns3:Speed>0.7839999794960022</ns3:Speed>
              </ns3:TPX>
            </Extensions>
          </Trackpoint>
          <Trackpoint>
            <Time>2026-08-03T15:32:15.000Z</Time>
            <Position>
              <LatitudeDegrees>44.28913020528853</LatitudeDegrees>
              <LongitudeDegrees>-81.59176248125732</LongitudeDegrees>
            </Position>
            <AltitudeMeters>176.0</AltitudeMeters>
            <DistanceMeters>47.029998779296875</DistanceMeters>
            <HeartRateBpm>
              <Value>88</Value>
            </HeartRateBpm>
            <Extensions>
              <ns3:TPX>
                <ns3:Speed>0.7459999918937683</ns3:Speed>
              </ns3:TPX>
            </Extensions>
          </Trackpoint>
          <Trackpoint>
            <Time>2026-08-03T15:32:18.000Z</Time>
            <Position>
              <LatitudeDegrees>44.28913372568786</LatitudeDegrees>
              <LongitudeDegrees>-81.59177807159722</LongitudeDegrees>
            </Position>
            <AltitudeMeters>176.0</AltitudeMeters>
            <DistanceMeters>48.41999816894531</DistanceMeters>
            <HeartRateBpm>
              <Value>88</Value>
            </HeartRateBpm>
            <Extensions>
              <ns3:TPX>
                <ns3:Speed>0.7089999914169312</ns3:Speed>
              </ns3:TPX>
            </Extensions>
          </Trackpoint>
          <Trackpoint>
            <Time>2026-08-03T15:32:24.000Z</Time>
            <Position>
              <LatitudeDegrees>44.28911310620606</LatitudeDegrees>
              <LongitudeDegrees>-81.59178310073912</LongitudeDegrees>
            </Position>
            <AltitudeMeters>176.0</AltitudeMeters>
            <DistanceMeters>50.02000045776367</DistanceMeters>
            <HeartRateBpm>
              <Value>89</Value>
            </HeartRateBpm>
            <Extensions>
              <ns3:TPX>
                <ns3:Speed>0.625</ns3:Speed>
              </ns3:TPX>
            </Extensions>
          </Trackpoint>
          <Trackpoint>
            <Time>2026-08-03T15:32:28.000Z</Time>
            <Position>
              <LatitudeDegrees>44.28909013979137</LatitudeDegrees>
              <LongitudeDegrees>-81.59179860725999</LongitudeDegrees>
            </Position>
            <AltitudeMeters>176.0</AltitudeMeters>
            <DistanceMeters>53.15999984741211</DistanceMeters>
            <HeartRateBpm>
              <Value>88</Value>
            </HeartRateBpm>
            <Extensions>
              <ns3:TPX>
                <ns3:Speed>0.9049999713897705</ns3:Speed>
              </ns3:TPX>
            </Extensions>
          </Trackpoint>
          <Trackpoint>
            <Time>2026-08-03T15:32:29.000Z</Time>
            <Position>
              <LatitudeDegrees>44.28908661939204</LatitudeDegrees>
              <LongitudeDegrees>-81.59181277267635</LongitudeDegrees>
            </Position>
            <AltitudeMeters>176.0</AltitudeMeters>
            <DistanceMeters>54.27000045776367</DistanceMeters>
            <HeartRateBpm>
              <Value>89</Value>
            </HeartRateBpm>
            <Extensions>
              <ns3:TPX>
                <ns3:Speed>1.1009999513626099</ns3:Speed>
              </ns3:TPX>
            </Extensions>
          </Trackpoint>
          <Trackpoint>
            <Time>2026-08-03T15:32:33.000Z</Time>
            <Position>
              <LatitudeDegrees>44.28908393718302</LatitudeDegrees>
              <LongitudeDegrees>-81.59189575351775</LongitudeDegrees>
            </Position>
            <AltitudeMeters>175.0</AltitudeMeters>
            <DistanceMeters>60.900001525878906</DistanceMeters>
            <HeartRateBpm>
              <Value>89</Value>
            </HeartRateBpm>
            <Extensions>
              <ns3:TPX>
                <ns3:Speed>1.1009999513626099</ns3:Speed>
              </ns3:TPX>
            </Extensions>
          </Trackpoint>
          <Trackpoint>
            <Time>2026-08-03T15:32:36.000Z</Time>
            <Position>
              <LatitudeDegrees>44.28907446563244</LatitudeDegrees>
              <LongitudeDegrees>-81.59195300191641</LongitudeDegrees>
            </Position>
            <AltitudeMeters>173.8000030517578</AltitudeMeters>
            <DistanceMeters>65.41999816894531</DistanceMeters>
            <HeartRateBpm>
              <Value>90</Value>
            </HeartRateBpm>
            <Extensions>
              <ns3:TPX>
                <ns3:Speed>1.2410000562667847</ns3:Speed>
              </ns3:TPX>
            </Extensions>
          </Trackpoint>
          <Trackpoint>
            <Time>2026-08-03T15:32:44.000Z</Time>
            <Position>
              <LatitudeDegrees>44.289053259417415</LatitudeDegrees>
              <LongitudeDegrees>-81.59207185730338</LongitudeDegrees>
            </Position>
            <AltitudeMeters>173.39999389648438</AltitudeMeters>
            <DistanceMeters>75.30000305175781</DistanceMeters>
            <HeartRateBpm>
              <Value>93</Value>
            </HeartRateBpm>
            <Extensions>
              <ns3:TPX>
                <ns3:Speed>1.1200000047683716</ns3:Speed>
              </ns3:TPX>
            </Extensions>
          </Trackpoint>
          <Trackpoint>
            <Time>2026-08-03T15:32:45.000Z</Time>
            <Position>
              <LatitudeDegrees>44.289052840322256</LatitudeDegrees>
              <LongitudeDegrees>-81.59209063276649</LongitudeDegrees>
            </Position>
            <AltitudeMeters>173.39999389648438</AltitudeMeters>
            <DistanceMeters>76.72000122070312</DistanceMeters>
            <HeartRateBpm>
              <Value>93</Value>
            </HeartRateBpm>
            <Extensions>
              <ns3:TPX>
                <ns3:Speed>1.128999948501587</ns3:Speed>
              </ns3:TPX>
            </Extensions>
          </Trackpoint>
          <Trackpoint>
            <Time>2026-08-03T15:32:50.000Z</Time>
            <Position>
              <LatitudeDegrees>44.28905703127384</LatitudeDegrees>
              <LongitudeDegrees>-81.59218811430037</LongitudeDegrees>
            </Position>
            <AltitudeMeters>173.39999389648438</AltitudeMeters>
            <DistanceMeters>84.25</DistanceMeters>
            <HeartRateBpm>
              <Value>92</Value>
            </HeartRateBpm>
            <Extensions>
              <ns3:TPX>
                <ns3:Speed>1.3530000448226929</ns3:Speed>
              </ns3:TPX>
            </Extensions>
          </Trackpoint>
          <Trackpoint>
            <Time>2026-08-03T15:32:53.000Z</Time>
            <Position>
              <LatitudeDegrees>44.289056193083525</LatitudeDegrees>
              <LongitudeDegrees>-81.59225969575346</LongitudeDegrees>
            </Position>
            <AltitudeMeters>173.39999389648438</AltitudeMeters>
            <DistanceMeters>89.9800033569336</DistanceMeters>
            <HeartRateBpm>
              <Value>95</Value>
            </HeartRateBpm>
            <Extensions>
              <ns3:TPX>
                <ns3:Speed>1.6419999599456787</ns3:Speed>
              </ns3:TPX>
            </Extensions>
          </Trackpoint>
          <Trackpoint>
            <Time>2026-08-03T15:32:59.000Z</Time>
            <Position>
              <LatitudeDegrees>44.28905652835965</LatitudeDegrees>
              <LongitudeDegrees>-81.59239590167999</LongitudeDegrees>
            </Position>
            <AltitudeMeters>173.1999969482422</AltitudeMeters>
            <DistanceMeters>100.77999877929688</DistanceMeters>
            <HeartRateBpm>
              <Value>95</Value>
            </HeartRateBpm>
            <Extensions>
              <ns3:TPX>
                <ns3:Speed>1.9589999914169312</ns3:Speed>
              </ns3:TPX>
            </Extensions>
          </Trackpoint>
          <Trackpoint>
            <Time>2026-08-03T15:33:03.000Z</Time>
            <Position>
              <LatitudeDegrees>44.28906021639705</LatitudeDegrees>
              <LongitudeDegrees>-81.59249522723258</LongitudeDegrees>
            </Position>
            <AltitudeMeters>173.1999969482422</AltitudeMeters>
            <DistanceMeters>108.72000122070312</DistanceMeters>
            <HeartRateBpm>
              <Value>92</Value>
            </HeartRateBpm>
            <Extensions>
              <ns3:TPX>
                <ns3:Speed>2.0250000953674316</ns3:Speed>
              </ns3:TPX>
            </Extensions>
          </Trackpoint>
          <Trackpoint>
            <Time>2026-08-03T15:33:08.000Z</Time>
            <Position>
              <LatitudeDegrees>44.289083098992705</LatitudeDegrees>
              <LongitudeDegrees>-81.59260955639184</LongitudeDegrees>
            </Position>
            <AltitudeMeters>173.1999969482422</AltitudeMeters>
            <DistanceMeters>118.26000213623047</DistanceMeters>
            <HeartRateBpm>
              <Value>91</Value>
            </HeartRateBpm>
            <Extensions>
              <ns3:TPX>
                <ns3:Speed>2.0250000953674316</ns3:Speed>
              </ns3:TPX>
            </Extensions>
          </Trackpoint>
          <Trackpoint>
            <Time>2026-08-03T15:33:15.000Z</Time>
            <Position>
              <LatitudeDegrees>44.28912098519504</LatitudeDegrees>
              <LongitudeDegrees>-81.59274199046195</LongitudeDegrees>
            </Position>
            <AltitudeMeters>173.0</AltitudeMeters>
            <DistanceMeters>129.64999389648438</DistanceMeters>
            <HeartRateBpm>
              <Value>92</Value>
            </HeartRateBpm>
            <Extensions>
              <ns3:TPX>
                <ns3:Speed>1.5959999561309814</ns3:Speed>
              </ns3:TPX>
            </Extensions>
          </Trackpoint>
          <Trackpoint>
            <Time>2026-08-03T15:33:17.000Z</Time>
            <Position>
              <LatitudeDegrees>44.28912542760372</LatitudeDegrees>
              <LongitudeDegrees>-81.59277266822755</LongitudeDegrees>
            </Position>
            <AltitudeMeters>173.0</AltitudeMeters>
            <DistanceMeters>132.14999389648438</DistanceMeters>
            <HeartRateBpm>
              <Value>89</Value>
            </HeartRateBpm>
            <Extensions>
              <ns3:TPX>
                <ns3:Speed>1.4559999704360962</ns3:Speed>
              </ns3:TPX>
            </Extensions>
          </Trackpoint>
          <Trackpoint>
            <Time>2026-08-03T15:33:21.000Z</Time>
            <Position>
              <LatitudeDegrees>44.28912098519504</LatitudeDegrees>
              <LongitudeDegrees>-81.59284299239516</LongitudeDegrees>
            </Position>
            <AltitudeMeters>173.0</AltitudeMeters>
            <DistanceMeters>137.74000549316406</DistanceMeters>
            <HeartRateBpm>
              <Value>92</Value>
            </HeartRateBpm>
            <Extensions>
              <ns3:TPX>
                <ns3:Speed>1.4559999704360962</ns3:Speed>
              </ns3:TPX>
            </Extensions>
          </Trackpoint>
          <Trackpoint>
            <Time>2026-08-03T15:33:22.000Z</Time>
            <Position>
              <LatitudeDegrees>44.289123667404056</LatitudeDegrees>
              <LongitudeDegrees>-81.59286696463823</LongitudeDegrees>
            </Position>
            <AltitudeMeters>173.1999969482422</AltitudeMeters>
            <DistanceMeters>139.6699981689453</DistanceMeters>
            <HeartRateBpm>
              <Value>95</Value>
            </HeartRateBpm>
            <Extensions>
              <ns3:TPX>
                <ns3:Speed>1.5299999713897705</ns3:Speed>
              </ns3:TPX>
            </Extensions>
          </Trackpoint>
          <Trackpoint>
            <Time>2026-08-03T15:33:24.000Z</Time>
            <Position>
              <LatitudeDegrees>44.28913154639304</LatitudeDegrees>
              <LongitudeDegrees>-81.59290929324925</LongitudeDegrees>
            </Position>
            <AltitudeMeters>173.0</AltitudeMeters>
            <DistanceMeters>143.16000366210938</DistanceMeters>
            <HeartRateBpm>
              <Value>96</Value>
            </HeartRateBpm>
            <Extensions>
              <ns3:TPX>
                <ns3:Speed>1.5770000219345093</ns3:Speed>
              </ns3:TPX>
            </Extensions>
          </Trackpoint>
          <Trackpoint>
            <Time>2026-08-03T15:33:28.000Z</Time>
            <Position>
              <LatitudeDegrees>44.28916943259537</LatitudeDegrees>
              <LongitudeDegrees>-81.5930138155818</LongitudeDegrees>
            </Position>
            <AltitudeMeters>173.0</AltitudeMeters>
            <DistanceMeters>152.52000427246094</DistanceMeters>
            <HeartRateBpm>
              <Value>99</Value>
            </HeartRateBpm>
            <Extensions>
              <ns3:TPX>
                <ns3:Speed>1.902999997138977</ns3:Speed>
              </ns3:TPX>
            </Extensions>
          </Trackpoint>
          <Trackpoint>
            <Time>2026-08-03T15:33:31.000Z</Time>
            <Position>
              <LatitudeDegrees>44.289196003228426</LatitudeDegrees>
              <LongitudeDegrees>-81.59309109672904</LongitudeDegrees>
            </Position>
            <AltitudeMeters>173.0</AltitudeMeters>
            <DistanceMeters>159.35000610351562</DistanceMeters>
            <HeartRateBpm>
              <Value>99</Value>
            </HeartRateBpm>
            <Extensions>
              <ns3:TPX>
                <ns3:Speed>1.9780000448226929</ns3:Speed>
              </ns3:TPX>
            </Extensions>
          </Trackpoint>
          <Trackpoint>
            <Time>2026-08-03T15:33:39.000Z</Time>
            <Position>
              <LatitudeDegrees>44.28923581726849</LatitudeDegrees>
              <LongitudeDegrees>-81.59328983165324</LongitudeDegrees>
            </Position>
            <AltitudeMeters>172.8000030517578</AltitudeMeters>
            <DistanceMeters>175.86000061035156</DistanceMeters>
            <HeartRateBpm>
              <Value>98</Value>
            </HeartRateBpm>
            <Extensions>
              <ns3:TPX>
                <ns3:Speed>2.0250000953674316</ns3:Speed>
              </ns3:TPX>
            </Extensions>
          </Trackpoint>
          <Trackpoint>
            <Time>2026-08-03T15:33:48.000Z</Time>
            <Position>
              <LatitudeDegrees>44.28928703069687</LatitudeDegrees>
              <LongitudeDegrees>-81.5935645904392</LongitudeDegrees>
            </Position>
            <AltitudeMeters>172.60000610351562</AltitudeMeters>
            <DistanceMeters>198.52000427246094</DistanceMeters>
            <HeartRateBpm>
              <Value>98</Value>
            </HeartRateBpm>
            <Extensions>
              <ns3:TPX>
                <ns3:Speed>2.5380001068115234</ns3:Speed>
              </ns3:TPX>
            </Extensions>
          </Trackpoint>
          <Trackpoint>
            <Time>2026-08-03T15:34:00.000Z</Time>
            <Position>
              <LatitudeDegrees>44.28935693576932</LatitudeDegrees>
              <LongitudeDegrees>-81.59390900284052</LongitudeDegrees>
            </Position>
            <AltitudeMeters>172.39999389648438</AltitudeMeters>
            <DistanceMeters>227.08999633789062</DistanceMeters>
            <HeartRateBpm>
              <Value>95</Value>
            </HeartRateBpm>
            <Extensions>
              <ns3:TPX>
                <ns3:Speed>2.4170000553131104</ns3:Speed>
              </ns3:TPX>
            </Extensions>
          </Trackpoint>
          <Trackpoint>
            <Time>2026-08-03T15:34:01.000Z</Time>
            <Position>
              <LatitudeDegrees>44.28936070762575</LatitudeDegrees>
              <LongitudeDegrees>-81.59393984824419</LongitudeDegrees>
            </Position>
            <AltitudeMeters>172.39999389648438</AltitudeMeters>
            <DistanceMeters>229.57000732421875</DistanceMeters>
            <HeartRateBpm>
              <Value>94</Value>
            </HeartRateBpm>
            <Extensions>
              <ns3:TPX>
                <ns3:Speed>2.4260001182556152</ns3:Speed>
              </ns3:TPX>
            </Extensions>
          </Trackpoint>
          <Trackpoint>
            <Time>2026-08-03T15:34:07.000Z</Time>
            <Position>
              <LatitudeDegrees>44.289409993216395</LatitudeDegrees>
              <LongitudeDegrees>-81.59412944689393</LongitudeDegrees>
            </Position>
            <AltitudeMeters>172.39999389648438</AltitudeMeters>
            <DistanceMeters>245.6699981689453</DistanceMeters>
            <HeartRateBpm>
              <Value>91</Value>
            </HeartRateBpm>
            <Extensions>
              <ns3:TPX>
                <ns3:Speed>2.63100004196167</ns3:Speed>
              </ns3:TPX>
            </Extensions>
          </Trackpoint>
          <Trackpoint>
            <Time>2026-08-03T15:34:14.000Z</Time>
            <Position>
              <LatitudeDegrees>44.28945961408317</LatitudeDegrees>
              <LongitudeDegrees>-81.59432030282915</LongitudeDegrees>
            </Position>
            <AltitudeMeters>172.39999389648438</AltitudeMeters>
            <DistanceMeters>261.8599853515625</DistanceMeters>
            <HeartRateBpm>
              <Value>90</Value>
            </HeartRateBpm>
            <Extensions>
              <ns3:TPX>
                <ns3:Speed>2.3980000019073486</ns3:Speed>
              </ns3:TPX>
            </Extensions>
          </Trackpoint>
          <Trackpoint>
            <Time>2026-08-03T15:34:21.000Z</Time>
            <Position>
              <LatitudeDegrees>44.28948023356497</LatitudeDegrees>
              <LongitudeDegrees>-81.59445374272764</LongitudeDegrees>
            </Position>
            <AltitudeMeters>172.1999969482422</AltitudeMeters>
            <DistanceMeters>272.8299865722656</DistanceMeters>
            <HeartRateBpm>
              <Value>90</Value>
            </HeartRateBpm>
            <Extensions>
              <ns3:TPX>
                <ns3:Speed>1.809999942779541</ns3:Speed>
              </ns3:TPX>
            </Extensions>
          </Trackpoint>
          <Trackpoint>
            <Time>2026-08-03T15:34:26.000Z</Time>
            <Position>
              <LatitudeDegrees>44.2894890345633</LatitudeDegrees>
              <LongitudeDegrees>-81.5945054590702</LongitudeDegrees>
            </Position>
            <AltitudeMeters>172.1999969482422</AltitudeMeters>
            <DistanceMeters>277.2799987792969</DistanceMeters>
            <HeartRateBpm>
              <Value>90</Value>
            </HeartRateBpm>
            <Extensions>
              <ns3:TPX>
                <ns3:Speed>1.194000005722046</ns3:Speed>
              </ns3:TPX>
            </Extensions>
          </Trackpoint>
          <Trackpoint>
            <Time>2026-08-03T15:34:27.000Z</Time>
            <Position>
              <LatitudeDegrees>44.28948543034494</LatitudeDegrees>
              <LongitudeDegrees>-81.59452163614333</LongitudeDegrees>
            </Position>
            <AltitudeMeters>172.1999969482422</AltitudeMeters>
            <DistanceMeters>278.6300048828125</DistanceMeters>
            <HeartRateBpm>
              <Value>90</Value>
            </HeartRateBpm>
            <Extensions>
              <ns3:TPX>
                <ns3:Speed>1.194000005722046</ns3:Speed>
              </ns3:TPX>
            </Extensions>
          </Trackpoint>
          <Trackpoint>
            <Time>2026-08-03T15:34:34.000Z</Time>
            <Position>
              <LatitudeDegrees>44.2894649785012</LatitudeDegrees>
              <LongitudeDegrees>-81.5946994163096</LongitudeDegrees>
            </Position>
            <AltitudeMeters>172.1999969482422</AltitudeMeters>
            <DistanceMeters>293.04998779296875</DistanceMeters>
            <HeartRateBpm>
              <Value>88</Value>
            </HeartRateBpm>
            <Extensions>
              <ns3:TPX>
                <ns3:Speed>2.556999921798706</ns3:Speed>
              </ns3:TPX>
            </Extensions>
          </Trackpoint>
          <Trackpoint>
            <Time>2026-08-03T15:34:41.000Z</Time>
            <Position>
              <LatitudeDegrees>44.28945827297866</LatitudeDegrees>
              <LongitudeDegrees>-81.59490552730858</LongitudeDegrees>
            </Position>
            <AltitudeMeters>172.0</AltitudeMeters>
            <DistanceMeters>309.5</DistanceMeters>
            <HeartRateBpm>
              <Value>88</Value>
            </HeartRateBpm>
            <Extensions>
              <ns3:TPX>
                <ns3:Speed>2.434999942779541</ns3:Speed>
              </ns3:TPX>
            </Extensions>
          </Trackpoint>
          <Trackpoint>
            <Time>2026-08-03T15:34:49.000Z</Time>
            <Position>
              <LatitudeDegrees>44.28945265710354</LatitudeDegrees>
              <LongitudeDegrees>-81.59513728693128</LongitudeDegrees>
            </Position>
            <AltitudeMeters>171.8000030517578</AltitudeMeters>
            <DistanceMeters>328.1000061035156</DistanceMeters>
            <HeartRateBpm>
              <Value>87</Value>
            </HeartRateBpm>
            <Extensions>
              <ns3:TPX>
                <ns3:Speed>2.4820001125335693</ns3:Speed>
              </ns3:TPX>
            </Extensions>
          </Trackpoint>
          <Trackpoint>
            <Time>2026-08-03T15:34:58.000Z</Time>
            <Position>
              <LatitudeDegrees>44.28950219415128</LatitudeDegrees>
              <LongitudeDegrees>-81.59541506320238</LongitudeDegrees>
            </Position>
            <AltitudeMeters>172.0</AltitudeMeters>
            <DistanceMeters>351.05999755859375</DistanceMeters>
            <HeartRateBpm>
              <Value>85</Value>
            </HeartRateBpm>
            <Extensions>
              <ns3:TPX>
                <ns3:Speed>2.677999973297119</ns3:Speed>
              </ns3:TPX>
            </Extensions>
          </Trackpoint>
          <Trackpoint>
            <Time>2026-08-03T15:35:03.000Z</Time>
            <Position>
              <LatitudeDegrees>44.28955106064677</LatitudeDegrees>
              <LongitudeDegrees>-81.5955765824765</LongitudeDegrees>
            </Position>
            <AltitudeMeters>171.8000030517578</AltitudeMeters>
            <DistanceMeters>365.04998779296875</DistanceMeters>
            <HeartRateBpm>
              <Value>81</Value>
            </HeartRateBpm>
            <Extensions>
              <ns3:TPX>
                <ns3:Speed>2.7709999084472656</ns3:Speed>
              </ns3:TPX>
            </Extensions>
          </Trackpoint>
          <Trackpoint>
            <Time>2026-08-03T15:35:09.000Z</Time>
            <Position>
              <LatitudeDegrees>44.289608811959624</LatitudeDegrees>
              <LongitudeDegrees>-81.5957454778254</LongitudeDegrees>
            </Position>
            <AltitudeMeters>171.8000030517578</AltitudeMeters>
            <DistanceMeters>380.010009765625</DistanceMeters>
            <HeartRateBpm>
              <Value>83</Value>
            </HeartRateBpm>
            <Extensions>
              <ns3:TPX>
                <ns3:Speed>2.5190000534057617</ns3:Speed>
              </ns3:TPX>
            </Extensions>
          </Trackpoint>
          <Trackpoint>
            <Time>2026-08-03T15:35:10.000Z</Time>
            <Position>
              <LatitudeDegrees>44.28962188772857</LatitudeDegrees>
              <LongitudeDegrees>-81.59577489830554</LongitudeDegrees>
            </Position>
            <AltitudeMeters>171.8000030517578</AltitudeMeters>
            <DistanceMeters>382.7699890136719</DistanceMeters>
            <HeartRateBpm>
              <Value>82</Value>
            </HeartRateBpm>
            <Extensions>
              <ns3:TPX>
                <ns3:Speed>2.5190000534057617</ns3:Speed>
              </ns3:TPX>
            </Extensions>
          </Trackpoint>
          <Trackpoint>
            <Time>2026-08-03T15:35:21.000Z</Time>
            <Position>
              <LatitudeDegrees>44.289750047028065</LatitudeDegrees>
              <LongitudeDegrees>-81.59606549888849</LongitudeDegrees>
            </Position>
            <AltitudeMeters>171.60000610351562</AltitudeMeters>
            <DistanceMeters>410.0299987792969</DistanceMeters>
            <HeartRateBpm>
              <Value>81</Value>
            </HeartRateBpm>
            <Extensions>
              <ns3:TPX>
                <ns3:Speed>2.4260001182556152</ns3:Speed>
              </ns3:TPX>
            </Extensions>
          </Trackpoint>
          <Trackpoint>
            <Time>2026-08-03T15:35:27.000Z</Time>
            <Position>
              <LatitudeDegrees>44.28980067372322</LatitudeDegrees>
              <LongitudeDegrees>-81.59617974422872</LongitudeDegrees>
            </Position>
            <AltitudeMeters>171.60000610351562</AltitudeMeters>
            <DistanceMeters>420.79998779296875</DistanceMeters>
            <HeartRateBpm>
              <Value>80</Value>
            </HeartRateBpm>
            <Extensions>
              <ns3:TPX>
                <ns3:Speed>1.8940000534057617</ns3:Speed>
              </ns3:TPX>
            </Extensions>
          </Trackpoint>
          <Trackpoint>
            <Time>2026-08-03T15:35:38.000Z</Time>
            <Position>
              <LatitudeDegrees>44.28986999206245</LatitudeDegrees>
              <LongitudeDegrees>-81.59645844250917</LongitudeDegrees>
            </Position>
            <AltitudeMeters>171.39999389648438</AltitudeMeters>
            <DistanceMeters>444.3500061035156</DistanceMeters>
            <HeartRateBpm>
              <Value>81</Value>
            </HeartRateBpm>
            <Extensions>
              <ns3:TPX>
                <ns3:Speed>2.239000082015991</ns3:Speed>
              </ns3:TPX>
            </Extensions>
          </Trackpoint>
          <Trackpoint>
            <Time>2026-08-03T15:35:47.000Z</Time>
            <Position>
              <LatitudeDegrees>44.289917685091496</LatitudeDegrees>
              <LongitudeDegrees>-81.59670227207243</LongitudeDegrees>
            </Position>
            <AltitudeMeters>171.1999969482422</AltitudeMeters>
            <DistanceMeters>464.5400085449219</DistanceMeters>
            <HeartRateBpm>
              <Value>81</Value>
            </HeartRateBpm>
            <Extensions>
              <ns3:TPX>
                <ns3:Speed>2.3889999389648438</ns3:Speed>
              </ns3:TPX>
            </Extensions>
          </Trackpoint>
          <Trackpoint>
            <Time>2026-08-03T15:35:53.000Z</Time>
            <Position>
              <LatitudeDegrees>44.2899642046541</LatitudeDegrees>
              <LongitudeDegrees>-81.59689237363636</LongitudeDegrees>
            </Position>
            <AltitudeMeters>171.1999969482422</AltitudeMeters>
            <DistanceMeters>480.6099853515625</DistanceMeters>
            <HeartRateBpm>
              <Value>84</Value>
            </HeartRateBpm>
            <Extensions>
              <ns3:TPX>
                <ns3:Speed>2.76200008392334</ns3:Speed>
              </ns3:TPX>
            </Extensions>
          </Trackpoint>
          <Trackpoint>
            <Time>2026-08-03T15:35:55.000Z</Time>
            <Position>
              <LatitudeDegrees>44.28998574614525</LatitudeDegrees>
              <LongitudeDegrees>-81.59696026705205</LongitudeDegrees>
            </Position>
            <AltitudeMeters>171.1999969482422</AltitudeMeters>
            <DistanceMeters>486.5400085449219</DistanceMeters>
            <HeartRateBpm>
              <Value>84</Value>
            </HeartRateBpm>
            <Extensions>
              <ns3:TPX>
                <ns3:Speed>2.938999891281128</ns3:Speed>
              </ns3:TPX>
            </Extensions>
          </Trackpoint>
          <Trackpoint>
            <Time>2026-08-03T15:36:01.000Z</Time>
            <Position>
              <LatitudeDegrees>44.29006042890251</LatitudeDegrees>
              <LongitudeDegrees>-81.59715606831014</LongitudeDegrees>
            </Position>
            <AltitudeMeters>171.1999969482422</AltitudeMeters>
            <DistanceMeters>504.239990234375</DistanceMeters>
            <HeartRateBpm>
              <Value>80</Value>
            </HeartRateBpm>
            <Extensions>
              <ns3:TPX>
                <ns3:Speed>2.9670000076293945</ns3:Speed>
              </ns3:TPX>
            </Extensions>
          </Trackpoint>
          <Trackpoint>
            <Time>2026-08-03T15:36:05.000Z</Time>
            <Position>
              <LatitudeDegrees>44.29009613581002</LatitudeDegrees>
              <LongitudeDegrees>-81.59726712852716</LongitudeDegrees>
            </Position>
            <AltitudeMeters>171.1999969482422</AltitudeMeters>
            <DistanceMeters>513.9600219726562</DistanceMeters>
            <HeartRateBpm>
              <Value>83</Value>
            </HeartRateBpm>
            <Extensions>
              <ns3:TPX>
                <ns3:Speed>2.8269999027252197</ns3:Speed>
              </ns3:TPX>
            </Extensions>
          </Trackpoint>
          <Trackpoint>
            <Time>2026-08-03T15:36:07.000Z</Time>
            <Position>
              <LatitudeDegrees>44.29011382162571</LatitudeDegrees>
              <LongitudeDegrees>-81.59731834195554</LongitudeDegrees>
            </Position>
            <AltitudeMeters>171.1999969482422</AltitudeMeters>
            <DistanceMeters>518.489990234375</DistanceMeters>
            <HeartRateBpm>
              <Value>84</Value>
            </HeartRateBpm>
            <Extensions>
              <ns3:TPX>
                <ns3:Speed>2.7060000896453857</ns3:Speed>
              </ns3:TPX>
            </Extensions>
          </Trackpoint>
          <Trackpoint>
            <Time>2026-08-03T15:36:10.000Z</Time>
            <Position>
              <LatitudeDegrees>44.29013921879232</LatitudeDegrees>
              <LongitudeDegrees>-81.59739101305604</LongitudeDegrees>
            </Position>
            <AltitudeMeters>171.1999969482422</AltitudeMeters>
            <DistanceMeters>524.9400024414062</DistanceMeters>
            <HeartRateBpm>
              <Value>81</Value>
            </HeartRateBpm>
            <Extensions>
              <ns3:TPX>
                <ns3:Speed>2.3610000610351562</ns3:Speed>
              </ns3:TPX>
            </Extensions>
          </Trackpoint>
          <Trackpoint>
            <Time>2026-08-03T15:36:16.000Z</Time>
            <Position>
              <LatitudeDegrees>44.29020132869482</LatitudeDegrees>
              <LongitudeDegrees>-81.59754079766572</LongitudeDegrees>
            </Position>
            <AltitudeMeters>171.0</AltitudeMeters>
            <DistanceMeters>538.75</DistanceMeters>
            <HeartRateBpm>
              <Value>78</Value>
            </HeartRateBpm>
            <Extensions>
              <ns3:TPX>
                <ns3:Speed>2.2019999027252197</ns3:Speed>
              </ns3:TPX>
            </Extensions>
          </Trackpoint>
          <Trackpoint>
            <Time>2026-08-03T15:36:17.000Z</Time>
            <Position>
              <LatitudeDegrees>44.290210884064436</LatitudeDegrees>
              <LongitudeDegrees>-81.59756577573717</LongitudeDegrees>
            </Position>
            <AltitudeMeters>171.0</AltitudeMeters>
            <DistanceMeters>541.0</DistanceMeters>
            <HeartRateBpm>
              <Value>78</Value>
            </HeartRateBpm>
            <Extensions>
              <ns3:TPX>
                <ns3:Speed>2.193000078201294</ns3:Speed>
              </ns3:TPX>
            </Extensions>
          </Trackpoint>
          <Trackpoint>
            <Time>2026-08-03T15:36:26.000Z</Time>
            <Position>
              <LatitudeDegrees>44.29024835117161</LatitudeDegrees>
              <LongitudeDegrees>-81.597856041044</LongitudeDegrees>
            </Position>
            <AltitudeMeters>171.0</AltitudeMeters>
            <DistanceMeters>564.6799926757812</DistanceMeters>
            <HeartRateBpm>
              <Value>75</Value>
            </HeartRateBpm>
            <Extensions>
              <ns3:TPX>
                <ns3:Speed>2.63100004196167</ns3:Speed>
              </ns3:TPX>
            </Extensions>
          </Trackpoint>
          <Trackpoint>
            <Time>2026-08-03T15:36:32.000Z</Time>
            <Position>
              <LatitudeDegrees>44.290219182148576</LatitudeDegrees>
              <LongitudeDegrees>-81.59801797941327</LongitudeDegrees>
            </Position>
            <AltitudeMeters>171.0</AltitudeMeters>
            <DistanceMeters>578.0</DistanceMeters>
            <HeartRateBpm>
              <Value>78</Value>
            </HeartRateBpm>
            <Extensions>
              <ns3:TPX>
                <ns3:Speed>2.3610000610351562</ns3:Speed>
              </ns3:TPX>
            </Extensions>
          </Trackpoint>
          <Trackpoint>
            <Time>2026-08-03T15:36:35.000Z</Time>
            <Position>
              <LatitudeDegrees>44.29020904004574</LatitudeDegrees>
              <LongitudeDegrees>-81.59809266217053</LongitudeDegrees>
            </Position>
            <AltitudeMeters>171.0</AltitudeMeters>
            <DistanceMeters>584.0599975585938</DistanceMeters>
            <HeartRateBpm>
              <Value>77</Value>
            </HeartRateBpm>
            <Extensions>
              <ns3:TPX>
                <ns3:Speed>2.239000082015991</ns3:Speed>
              </ns3:TPX>
            </Extensions>
          </Trackpoint>
          <Trackpoint>
            <Time>2026-08-03T15:36:43.000Z</Time>
            <Position>
              <LatitudeDegrees>44.29020803421736</LatitudeDegrees>
              <LongitudeDegrees>-81.5982530079782</LongitudeDegrees>
            </Position>
            <AltitudeMeters>171.0</AltitudeMeters>
            <DistanceMeters>596.8599853515625</DistanceMeters>
            <HeartRateBpm>
              <Value>79</Value>
            </HeartRateBpm>
            <Extensions>
              <ns3:TPX>
                <ns3:Speed>1.7450000047683716</ns3:Speed>
              </ns3:TPX>
            </Extensions>
          </Trackpoint>
          <Trackpoint>
            <Time>2026-08-03T15:36:50.000Z</Time>
            <Position>
              <LatitudeDegrees>44.290232760831714</LatitudeDegrees>
              <LongitudeDegrees>-81.5984150301665</LongitudeDegrees>
            </Position>
            <AltitudeMeters>171.1999969482422</AltitudeMeters>
            <DistanceMeters>610.02001953125</DistanceMeters>
            <HeartRateBpm>
              <Value>80</Value>
            </HeartRateBpm>
            <Extensions>
              <ns3:TPX>
                <ns3:Speed>1.5770000219345093</ns3:Speed>
              </ns3:TPX>
            </Extensions>
          </Trackpoint>
          <Trackpoint>
            <Time>2026-08-03T15:36:58.000Z</Time>
            <Position>
              <LatitudeDegrees>44.29021096788347</LatitudeDegrees>
              <LongitudeDegrees>-81.59857403486967</LongitudeDegrees>
            </Position>
            <AltitudeMeters>171.0</AltitudeMeters>
            <DistanceMeters>623.1599731445312</DistanceMeters>
            <HeartRateBpm>
              <Value>81</Value>
            </HeartRateBpm>
            <Extensions>
              <ns3:TPX>
                <ns3:Speed>2.621999979019165</ns3:Speed>
              </ns3:TPX>
            </Extensions>
          </Trackpoint>
          <Trackpoint>
            <Time>2026-08-03T15:37:03.000Z</Time>
            <Position>
              <LatitudeDegrees>44.29024139419198</LatitudeDegrees>
              <LongitudeDegrees>-81.59874066710472</LongitudeDegrees>
            </Position>
            <AltitudeMeters>170.8000030517578</AltitudeMeters>
            <DistanceMeters>636.8800048828125</DistanceMeters>
            <HeartRateBpm>
              <Value>80</Value>
            </HeartRateBpm>
            <Extensions>
              <ns3:TPX>
                <ns3:Speed>2.4630000591278076</ns3:Speed>
              </ns3:TPX>
            </Extensions>
          </Trackpoint>
          <Trackpoint>
            <Time>2026-08-03T15:37:11.000Z</Time>
            <Position>
              <LatitudeDegrees>44.29031062871218</LatitudeDegrees>
              <LongitudeDegrees>-81.59905037842691</LongitudeDegrees>
            </Position>
            <AltitudeMeters>170.8000030517578</AltitudeMeters>
            <DistanceMeters>662.780029296875</DistanceMeters>
            <HeartRateBpm>
              <Value>80</Value>
            </HeartRateBpm>
            <Extensions>
              <ns3:TPX>
                <ns3:Speed>2.930000066757202</ns3:Speed>
              </ns3:TPX>
            </Extensions>
          </Trackpoint>
          <Trackpoint>
            <Time>2026-08-03T15:37:13.000Z</Time>
            <Position>
              <LatitudeDegrees>44.29031708277762</LatitudeDegrees>
              <LongitudeDegrees>-81.59912019968033</LongitudeDegrees>
            </Position>
            <AltitudeMeters>170.8000030517578</AltitudeMeters>
            <DistanceMeters>668.4000244140625</DistanceMeters>
            <HeartRateBpm>
              <Value>81</Value>
            </HeartRateBpm>
            <Extensions>
              <ns3:TPX>
                <ns3:Speed>2.930000066757202</ns3:Speed>
              </ns3:TPX>
            </Extensions>
          </Trackpoint>
          <Trackpoint>
            <Time>2026-08-03T15:37:16.000Z</Time>
            <Position>
              <LatitudeDegrees>44.290327560156584</LatitudeDegrees>
              <LongitudeDegrees>-81.59921332262456</LongitudeDegrees>
            </Position>
            <AltitudeMeters>170.60000610351562</AltitudeMeters>
            <DistanceMeters>675.9199829101562</DistanceMeters>
            <HeartRateBpm>
              <Value>84</Value>
            </HeartRateBpm>
            <Extensions>
              <ns3:TPX>
                <ns3:Speed>2.9210000038146973</ns3:Speed>
              </ns3:TPX>
            </Extensions>
          </Trackpoint>
          <Trackpoint>
            <Time>2026-08-03T15:37:19.000Z</Time>
            <Position>
              <LatitudeDegrees>44.2903336789459</LatitudeDegrees>
              <LongitudeDegrees>-81.59929672256112</LongitudeDegrees>
            </Position>
            <AltitudeMeters>170.60000610351562</AltitudeMeters>
            <DistanceMeters>682.6099853515625</DistanceMeters>
            <HeartRateBpm>
              <Value>82</Value>
            </HeartRateBpm>
            <Extensions>
              <ns3:TPX>
                <ns3:Speed>2.4820001125335693</ns3:Speed>
              </ns3:TPX>
            </Extensions>
          </Trackpoint>
          <Trackpoint>
            <Time>2026-08-03T15:37:26.000Z</Time>
            <Position>
              <LatitudeDegrees>44.29035563953221</LatitudeDegrees>
              <LongitudeDegrees>-81.59949495457113</LongitudeDegrees>
            </Position>
            <AltitudeMeters>170.8000030517578</AltitudeMeters>
            <DistanceMeters>698.6199951171875</DistanceMeters>
            <HeartRateBpm>
              <Value>82</Value>
            </HeartRateBpm>
            <Extensions>
              <ns3:TPX>
                <ns3:Speed>2.3610000610351562</ns3:Speed>
              </ns3:TPX>
            </Extensions>
          </Trackpoint>
          <Trackpoint>
            <Time>2026-08-03T15:37:33.000Z</Time>
            <Position>
              <LatitudeDegrees>44.29034247994423</LatitudeDegrees>
              <LongitudeDegrees>-81.59967918880284</LongitudeDegrees>
            </Position>
            <AltitudeMeters>170.60000610351562</AltitudeMeters>
            <DistanceMeters>713.8800048828125</DistanceMeters>
            <HeartRateBpm>
              <Value>77</Value>
            </HeartRateBpm>
            <Extensions>
              <ns3:TPX>
                <ns3:Speed>2.378999948501587</ns3:Speed>
              </ns3:TPX>
            </Extensions>
          </Trackpoint>
          <Trackpoint>
            <Time>2026-08-03T15:37:41.000Z</Time>
            <Position>
              <LatitudeDegrees>44.29030492901802</LatitudeDegrees>
              <LongitudeDegrees>-81.59994296729565</LongitudeDegrees>
            </Position>
            <AltitudeMeters>170.60000610351562</AltitudeMeters>
            <DistanceMeters>735.3099975585938</DistanceMeters>
            <HeartRateBpm>
              <Value>78</Value>
            </HeartRateBpm>
            <Extensions>
              <ns3:TPX>
                <ns3:Speed>2.753000020980835</ns3:Speed>
              </ns3:TPX>
            </Extensions>
          </Trackpoint>
          <Trackpoint>
            <Time>2026-08-03T15:37:51.000Z</Time>
            <Position>
              <LatitudeDegrees>44.290287494659424</LatitudeDegrees>
              <LongitudeDegrees>-81.60023524425924</LongitudeDegrees>
            </Position>
            <AltitudeMeters>170.60000610351562</AltitudeMeters>
            <DistanceMeters>758.8499755859375</DistanceMeters>
            <HeartRateBpm>
              <Value>76</Value>
            </HeartRateBpm>
            <Extensions>
              <ns3:TPX>
                <ns3:Speed>2.4820001125335693</ns3:Speed>
              </ns3:TPX>
            </Extensions>
          </Trackpoint>
          <Trackpoint>
            <Time>2026-08-03T15:37:59.000Z</Time>
            <Position>
              <LatitudeDegrees>44.290279280394316</LatitudeDegrees>
              <LongitudeDegrees>-81.60045384429395</LongitudeDegrees>
            </Position>
            <AltitudeMeters>170.60000610351562</AltitudeMeters>
            <DistanceMeters>776.5700073242188</DistanceMeters>
            <HeartRateBpm>
              <Value>78</Value>
            </HeartRateBpm>
            <Extensions>
              <ns3:TPX>
                <ns3:Speed>2.444999933242798</ns3:Speed>
              </ns3:TPX>
            </Extensions>
          </Trackpoint>
          <Trackpoint>
            <Time>2026-08-03T15:38:05.000Z</Time>
            <Position>
              <LatitudeDegrees>44.290228905156255</LatitudeDegrees>
              <LongitudeDegrees>-81.60065299831331</LongitudeDegrees>
            </Position>
            <AltitudeMeters>170.39999389648438</AltitudeMeters>
            <DistanceMeters>793.4199829101562</DistanceMeters>
            <HeartRateBpm>
              <Value>75</Value>
            </HeartRateBpm>
            <Extensions>
              <ns3:TPX>
                <ns3:Speed>2.7339999675750732</ns3:Speed>
              </ns3:TPX>
            </Extensions>
          </Trackpoint>
          <Trackpoint>
            <Time>2026-08-03T15:38:07.000Z</Time>
            <Position>
              <LatitudeDegrees>44.290218176320195</LatitudeDegrees>
              <LongitudeDegrees>-81.60070940852165</LongitudeDegrees>
            </Position>
            <AltitudeMeters>170.60000610351562</AltitudeMeters>
            <DistanceMeters>798.0800170898438</DistanceMeters>
            <HeartRateBpm>
              <Value>78</Value>
            </HeartRateBpm>
            <Extensions>
              <ns3:TPX>
                <ns3:Speed>2.7339999675750732</ns3:Speed>
              </ns3:TPX>
            </Extensions>
          </Trackpoint>
          <Trackpoint>
            <Time>2026-08-03T15:38:09.000Z</Time>
            <Position>
              <LatitudeDegrees>44.290209375321865</LatitudeDegrees>
              <LongitudeDegrees>-81.60076523199677</LongitudeDegrees>
            </Position>
            <AltitudeMeters>170.60000610351562</AltitudeMeters>
            <DistanceMeters>802.6799926757812</DistanceMeters>
            <HeartRateBpm>
              <Value>78</Value>
            </HeartRateBpm>
            <Extensions>
              <ns3:TPX>
                <ns3:Speed>2.7339999675750732</ns3:Speed>
              </ns3:TPX>
            </Extensions>
          </Trackpoint>
          <Trackpoint>
            <Time>2026-08-03T15:38:17.000Z</Time>
            <Position>
              <LatitudeDegrees>44.290220607072115</LatitudeDegrees>
              <LongitudeDegrees>-81.60102557390928</LongitudeDegrees>
            </Position>
            <AltitudeMeters>170.60000610351562</AltitudeMeters>
            <DistanceMeters>823.469970703125</DistanceMeters>
            <HeartRateBpm>
              <Value>79</Value>
            </HeartRateBpm>
            <Extensions>
              <ns3:TPX>
                <ns3:Speed>2.61299991607666</ns3:Speed>
              </ns3:TPX>
            </Extensions>
          </Trackpoint>
          <Trackpoint>
            <Time>2026-08-03T15:38:26.000Z</Time>
            <Position>
              <LatitudeDegrees>44.290243573486805</LatitudeDegrees>
              <LongitudeDegrees>-81.60123151727021</LongitudeDegrees>
            </Position>
            <AltitudeMeters>170.60000610351562</AltitudeMeters>
            <DistanceMeters>840.0800170898438</DistanceMeters>
            <HeartRateBpm>
              <Value>78</Value>
            </HeartRateBpm>
            <Extensions>
              <ns3:TPX>
                <ns3:Speed>1.930999994277954</ns3:Speed>
              </ns3:TPX>
            </Extensions>
          </Trackpoint>
          <Trackpoint>
            <Time>2026-08-03T15:38:28.000Z</Time>
            <Position>
              <LatitudeDegrees>44.29024860262871</LatitudeDegrees>
              <LongitudeDegrees>-81.60126898437738</LongitudeDegrees>
            </Position>
            <AltitudeMeters>170.60000610351562</AltitudeMeters>
            <DistanceMeters>843.0700073242188</DistanceMeters>
            <HeartRateBpm>
              <Value>77</Value>
            </HeartRateBpm>
            <Extensions>
              <ns3:TPX>
                <ns3:Speed>1.7450000047683716</ns3:Speed>
              </ns3:TPX>
            </Extensions>
          </Trackpoint>
          <Trackpoint>
            <Time>2026-08-03T15:38:32.000Z</Time>
            <Position>
              <LatitudeDegrees>44.29023267701268</LatitudeDegrees>
              <LongitudeDegrees>-81.60136034712195</LongitudeDegrees>
            </Position>
            <AltitudeMeters>170.39999389648438</AltitudeMeters>
            <DistanceMeters>850.77001953125</DistanceMeters>
            <HeartRateBpm>
              <Value>80</Value>
            </HeartRateBpm>
            <Extensions>
              <ns3:TPX>
                <ns3:Speed>1.7450000047683716</ns3:Speed>
              </ns3:TPX>
            </Extensions>
          </Trackpoint>
          <Trackpoint>
            <Time>2026-08-03T15:38:35.000Z</Time>
            <Position>
              <LatitudeDegrees>44.29019998759031</LatitudeDegrees>
              <LongitudeDegrees>-81.60143150947988</LongitudeDegrees>
            </Position>
            <AltitudeMeters>170.39999389648438</AltitudeMeters>
            <DistanceMeters>857.4400024414062</DistanceMeters>
            <HeartRateBpm>
              <Value>77</Value>
            </HeartRateBpm>
            <Extensions>
              <ns3:TPX>
                <ns3:Speed>1.8009999990463257</ns3:Speed>
              </ns3:TPX>
            </Extensions>
          </Trackpoint>
          <Trackpoint>
            <Time>2026-08-03T15:38:39.000Z</Time>
            <Position>
              <LatitudeDegrees>44.29015489295125</LatitudeDegrees>
              <LongitudeDegrees>-81.60152396187186</LongitudeDegrees>
            </Position>
            <AltitudeMeters>170.39999389648438</AltitudeMeters>
            <DistanceMeters>866.3800048828125</DistanceMeters>
            <HeartRateBpm>
              <Value>77</Value>
            </HeartRateBpm>
            <Extensions>
              <ns3:TPX>
                <ns3:Speed>2.13700008392334</ns3:Speed>
              </ns3:TPX>
            </Extensions>
          </Trackpoint>
          <Trackpoint>
            <Time>2026-08-03T15:38:46.000Z</Time>
            <Position>
              <LatitudeDegrees>44.29006654769182</LatitudeDegrees>
              <LongitudeDegrees>-81.60170962102711</LongitudeDegrees>
            </Position>
            <AltitudeMeters>170.39999389648438</AltitudeMeters>
            <DistanceMeters>884.4299926757812</DistanceMeters>
            <HeartRateBpm>
              <Value>79</Value>
            </HeartRateBpm>
            <Extensions>
              <ns3:TPX>
                <ns3:Speed>2.3980000019073486</ns3:Speed>
              </ns3:TPX>
            </Extensions>
          </Trackpoint>
          <Trackpoint>
            <Time>2026-08-03T15:38:49.000Z</Time>
            <Position>
              <LatitudeDegrees>44.29003628902137</LatitudeDegrees>
              <LongitudeDegrees>-81.60178824327886</LongitudeDegrees>
            </Position>
            <AltitudeMeters>170.39999389648438</AltitudeMeters>
            <DistanceMeters>891.5399780273438</DistanceMeters>
            <HeartRateBpm>
              <Value>82</Value>
            </HeartRateBpm>
            <Extensions>
              <ns3:TPX>
                <ns3:Speed>2.3980000019073486</ns3:Speed>
              </ns3:TPX>
            </Extensions>
          </Trackpoint>
          <Trackpoint>
            <Time>2026-08-03T15:38:51.000Z</Time>
            <Position>
              <LatitudeDegrees>44.29001851938665</LatitudeDegrees>
              <LongitudeDegrees>-81.60183283500373</LongitudeDegrees>
            </Position>
            <AltitudeMeters>170.39999389648438</AltitudeMeters>
            <DistanceMeters>895.5999755859375</DistanceMeters>
            <HeartRateBpm>
              <Value>88</Value>
            </HeartRateBpm>
            <Extensions>
              <ns3:TPX>
                <ns3:Speed>2.3329999446868896</ns3:Speed>
              </ns3:TPX>
            </Extensions>
          </Trackpoint>
          <Trackpoint>
            <Time>2026-08-03T15:38:53.000Z</Time>
            <Position>
              <LatitudeDegrees>44.290003180503845</LatitudeDegrees>
              <LongitudeDegrees>-81.60187918692827</LongitudeDegrees>
            </Position>
            <AltitudeMeters>170.39999389648438</AltitudeMeters>
            <DistanceMeters>899.6699829101562</DistanceMeters>
            <HeartRateBpm>
              <Value>92</Value>
            </HeartRateBpm>
            <Extensions>
              <ns3:TPX>
                <ns3:Speed>2.305000066757202</ns3:Speed>
              </ns3:TPX>
            </Extensions>
          </Trackpoint>
          <Trackpoint>
            <Time>2026-08-03T15:38:55.000Z</Time>
            <Position>
              <LatitudeDegrees>44.289990440011024</LatitudeDegrees>
              <LongitudeDegrees>-81.60192486830056</LongitudeDegrees>
            </Position>
            <AltitudeMeters>170.1999969482422</AltitudeMeters>
            <DistanceMeters>903.5700073242188</DistanceMeters>
            <HeartRateBpm>
              <Value>92</Value>
            </HeartRateBpm>
            <Extensions>
              <ns3:TPX>
                <ns3:Speed>2.2950000762939453</ns3:Speed>
              </ns3:TPX>
            </Extensions>
          </Trackpoint>
          <Trackpoint>
            <Time>2026-08-03T15:39:03.000Z</Time>
            <Position>
              <LatitudeDegrees>44.289968898519874</LatitudeDegrees>
              <LongitudeDegrees>-81.60209879279137</LongitudeDegrees>
            </Position>
            <AltitudeMeters>170.1999969482422</AltitudeMeters>
            <DistanceMeters>917.6300048828125</DistanceMeters>
            <HeartRateBpm>
              <Value>89</Value>
            </HeartRateBpm>
            <Extensions>
              <ns3:TPX>
                <ns3:Speed>1.194000005722046</ns3:Speed>
              </ns3:TPX>
            </Extensions>
          </Trackpoint>
          <Trackpoint>
            <Time>2026-08-03T15:39:08.000Z</Time>
            <Position>
              <LatitudeDegrees>44.28998541086912</LatitudeDegrees>
              <LongitudeDegrees>-81.60215646028519</LongitudeDegrees>
            </Position>
            <AltitudeMeters>170.0</AltitudeMeters>
            <DistanceMeters>922.6400146484375</DistanceMeters>
            <HeartRateBpm>
              <Value>88</Value>
            </HeartRateBpm>
            <Extensions>
              <ns3:TPX>
                <ns3:Speed>1.194000005722046</ns3:Speed>
              </ns3:TPX>
            </Extensions>
          </Trackpoint>
          <Trackpoint>
            <Time>2026-08-03T15:39:10.000Z</Time>
            <Position>
              <LatitudeDegrees>44.28998767398298</LatitudeDegrees>
              <LongitudeDegrees>-81.60214975476265</LongitudeDegrees>
            </Position>
            <AltitudeMeters>169.8000030517578</AltitudeMeters>
            <DistanceMeters>923.739990234375</DistanceMeters>
            <HeartRateBpm>
              <Value>87</Value>
            </HeartRateBpm>
            <Extensions>
              <ns3:TPX>
                <ns3:Speed>1.0260000228881836</ns3:Speed>
              </ns3:TPX>
            </Extensions>
          </Trackpoint>
          <Trackpoint>
            <Time>2026-08-03T15:39:11.000Z</Time>
            <Position>
              <LatitudeDegrees>44.289981136098504</LatitudeDegrees>
              <LongitudeDegrees>-81.60214807838202</LongitudeDegrees>
            </Position>
            <AltitudeMeters>169.8000030517578</AltitudeMeters>
            <DistanceMeters>924.469970703125</DistanceMeters>
            <HeartRateBpm>
              <Value>87</Value>
            </HeartRateBpm>
            <Extensions>
              <ns3:TPX>
                <ns3:Speed>0.9520000219345093</ns3:Speed>
              </ns3:TPX>
            </Extensions>
          </Trackpoint>
          <Trackpoint>
            <Time>2026-08-03T15:39:15.000Z</Time>
            <Position>
              <LatitudeDegrees>44.289985075592995</LatitudeDegrees>
              <LongitudeDegrees>-81.60213701426983</LongitudeDegrees>
            </Position>
            <AltitudeMeters>169.8000030517578</AltitudeMeters>
            <DistanceMeters>926.2000122070312</DistanceMeters>
            <HeartRateBpm>
              <Value>87</Value>
            </HeartRateBpm>
            <Extensions>
              <ns3:TPX>
                <ns3:Speed>0.7839999794960022</ns3:Speed>
              </ns3:TPX>
            </Extensions>
          </Trackpoint>
          <Trackpoint>
            <Time>2026-08-03T15:39:19.000Z</Time>
            <Position>
              <LatitudeDegrees>44.29000259377062</LatitudeDegrees>
              <LongitudeDegrees>-81.60209426656365</LongitudeDegrees>
            </Position>
            <AltitudeMeters>169.8000030517578</AltitudeMeters>
            <DistanceMeters>930.1300048828125</DistanceMeters>
            <HeartRateBpm>
              <Value>88</Value>
            </HeartRateBpm>
            <Extensions>
              <ns3:TPX>
                <ns3:Speed>1.2039999961853027</ns3:Speed>
              </ns3:TPX>
            </Extensions>
          </Trackpoint>
          <Trackpoint>
            <Time>2026-08-03T15:39:23.000Z</Time>
            <Position>
              <LatitudeDegrees>44.29002597928047</LatitudeDegrees>
              <LongitudeDegrees>-81.6020298935473</LongitudeDegrees>
            </Position>
            <AltitudeMeters>169.8000030517578</AltitudeMeters>
            <DistanceMeters>935.9299926757812</DistanceMeters>
            <HeartRateBpm>
              <Value>91</Value>
            </HeartRateBpm>
            <Extensions>
              <ns3:TPX>
                <ns3:Speed>1.2039999961853027</ns3:Speed>
              </ns3:TPX>
            </Extensions>
          </Trackpoint>
          <Trackpoint>
            <Time>2026-08-03T15:39:29.000Z</Time>
            <Position>
              <LatitudeDegrees>44.29001365788281</LatitudeDegrees>
              <LongitudeDegrees>-81.60191304981709</LongitudeDegrees>
            </Position>
            <AltitudeMeters>170.0</AltitudeMeters>
            <DistanceMeters>945.4099731445312</DistanceMeters>
            <HeartRateBpm>
              <Value>95</Value>
            </HeartRateBpm>
            <Extensions>
              <ns3:TPX>
                <ns3:Speed>1.465000033378601</ns3:Speed>
              </ns3:TPX>
            </Extensions>
          </Trackpoint>
          <Trackpoint>
            <Time>2026-08-03T15:39:30.000Z</Time>
            <Position>
              <LatitudeDegrees>44.2900091316551</LatitudeDegrees>
              <LongitudeDegrees>-81.60188991576433</LongitudeDegrees>
            </Position>
            <AltitudeMeters>170.0</AltitudeMeters>
            <DistanceMeters>947.3200073242188</DistanceMeters>
            <HeartRateBpm>
              <Value>95</Value>
            </HeartRateBpm>
            <Extensions>
              <ns3:TPX>
                <ns3:Speed>1.465000033378601</ns3:Speed>
              </ns3:TPX>
            </Extensions>
          </Trackpoint>
          <Trackpoint>
            <Time>2026-08-03T15:39:31.000Z</Time>
            <Position>
              <LatitudeDegrees>44.29000686854124</LatitudeDegrees>
              <LongitudeDegrees>-81.60186837427318</LongitudeDegrees>
            </Position>
            <AltitudeMeters>170.1999969482422</AltitudeMeters>
            <DistanceMeters>949.0499877929688</DistanceMeters>
            <HeartRateBpm>
              <Value>93</Value>
            </HeartRateBpm>
            <Extensions>
              <ns3:TPX>
                <ns3:Speed>1.5490000247955322</ns3:Speed>
              </ns3:TPX>
            </Extensions>
          </Trackpoint>
          <Trackpoint>
            <Time>2026-08-03T15:39:41.000Z</Time>
            <Position>
              <LatitudeDegrees>44.289990440011024</LatitudeDegrees>
              <LongitudeDegrees>-81.60164851695299</LongitudeDegrees>
            </Position>
            <AltitudeMeters>170.0</AltitudeMeters>
            <DistanceMeters>966.7100219726562</DistanceMeters>
            <HeartRateBpm>
              <Value>92</Value>
            </HeartRateBpm>
            <Extensions>
              <ns3:TPX>
                <ns3:Speed>1.6890000104904175</ns3:Speed>
              </ns3:TPX>
            </Extensions>
          </Trackpoint>
          <Trackpoint>
            <Time>2026-08-03T15:39:48.000Z</Time>
            <Position>
              <LatitudeDegrees>44.28997719660401</LatitudeDegrees>
              <LongitudeDegrees>-81.60150686278939</LongitudeDegrees>
            </Position>
            <AltitudeMeters>170.0</AltitudeMeters>
            <DistanceMeters>978.1900024414062</DistanceMeters>
            <HeartRateBpm>
              <Value>93</Value>
            </HeartRateBpm>
            <Extensions>
              <ns3:TPX>
                <ns3:Speed>1.6890000104904175</ns3:Speed>
              </ns3:TPX>
            </Extensions>
          </Trackpoint>
          <Trackpoint>
            <Time>2026-08-03T15:39:56.000Z</Time>
            <Position>
              <LatitudeDegrees>44.28996680304408</LatitudeDegrees>
              <LongitudeDegrees>-81.60135288722813</LongitudeDegrees>
            </Position>
            <AltitudeMeters>170.1999969482422</AltitudeMeters>
            <DistanceMeters>990.5999755859375</DistanceMeters>
            <HeartRateBpm>
              <Value>94</Value>
            </HeartRateBpm>
            <Extensions>
              <ns3:TPX>
                <ns3:Speed>1.6890000104904175</ns3:Speed>
              </ns3:TPX>
            </Extensions>
          </Trackpoint>
          <Trackpoint>
            <Time>2026-08-03T15:40:04.000Z</Time>
            <Position>
              <LatitudeDegrees>44.289928916841745</LatitudeDegrees>
              <LongitudeDegrees>-81.6011905297637</LongitudeDegrees>
            </Position>
            <AltitudeMeters>170.1999969482422</AltitudeMeters>
            <DistanceMeters>1004.219970703125</DistanceMeters>
            <HeartRateBpm>
              <Value>99</Value>
            </HeartRateBpm>
            <Extensions>
              <ns3:TPX>
                <ns3:Speed>1.7170000076293945</ns3:Speed>
              </ns3:TPX>
            </Extensions>
          </Trackpoint>
          <Trackpoint>
            <Time>2026-08-03T15:40:06.000Z</Time>
            <Position>
              <LatitudeDegrees>44.289912320673466</LatitudeDegrees>
              <LongitudeDegrees>-81.60115582868457</LongitudeDegrees>
            </Position>
            <AltitudeMeters>170.1999969482422</AltitudeMeters>
            <DistanceMeters>1007.5399780273438</DistanceMeters>
            <HeartRateBpm>
              <Value>96</Value>
            </HeartRateBpm>
            <Extensions>
              <ns3:TPX>
                <ns3:Speed>1.6139999628067017</ns3:Speed>
              </ns3:TPX>
            </Extensions>
          </Trackpoint>
          <Trackpoint>
            <Time>2026-08-03T15:40:07.000Z</Time>
            <Position>
              <LatitudeDegrees>44.28990578278899</LatitudeDegrees>
              <LongitudeDegrees>-81.60113864578307</LongitudeDegrees>
            </Position>
            <AltitudeMeters>170.1999969482422</AltitudeMeters>
            <DistanceMeters>1009.0900268554688</DistanceMeters>
            <HeartRateBpm>
              <Value>97</Value>
            </HeartRateBpm>
            <Extensions>
              <ns3:TPX>
                <ns3:Speed>1.5859999656677246</ns3:Speed>
              </ns3:TPX>
            </Extensions>
          </Trackpoint>
          <Trackpoint>
            <Time>2026-08-03T15:40:16.000Z</Time>
            <Position>
              <LatitudeDegrees>44.28985775448382</LatitudeDegrees>
              <LongitudeDegrees>-81.60097637213767</LongitudeDegrees>
            </Position>
            <AltitudeMeters>170.60000610351562</AltitudeMeters>
            <DistanceMeters>1023.0900268554688</DistanceMeters>
            <HeartRateBpm>
              <Value>94</Value>
            </HeartRateBpm>
            <Extensions>
              <ns3:TPX>
                <ns3:Speed>1.4839999675750732</ns3:Speed>
              </ns3:TPX>
            </Extensions>
          </Trackpoint>
          <Trackpoint>
            <Time>2026-08-03T15:40:17.000Z</Time>
            <Position>
              <LatitudeDegrees>44.28985130041838</LatitudeDegrees>
              <LongitudeDegrees>-81.60095977596939</LongitudeDegrees>
            </Position>
            <AltitudeMeters>170.60000610351562</AltitudeMeters>
            <DistanceMeters>1024.5999755859375</DistanceMeters>
            <HeartRateBpm>
              <Value>94</Value>
            </HeartRateBpm>
            <Extensions>
              <ns3:TPX>
                <ns3:Speed>1.4839999675750732</ns3:Speed>
              </ns3:TPX>
            </Extensions>
          </Trackpoint>
          <Trackpoint>
            <Time>2026-08-03T15:40:22.000Z</Time>
            <Position>
              <LatitudeDegrees>44.289818024262786</LatitudeDegrees>
              <LongitudeDegrees>-81.60086086951196</LongitudeDegrees>
            </Position>
            <AltitudeMeters>170.60000610351562</AltitudeMeters>
            <DistanceMeters>1033.3599853515625</DistanceMeters>
            <HeartRateBpm>
              <Value>91</Value>
            </HeartRateBpm>
            <Extensions>
              <ns3:TPX>
                <ns3:Speed>1.6239999532699585</ns3:Speed>
              </ns3:TPX>
            </Extensions>
          </Trackpoint>
          <Trackpoint>
            <Time>2026-08-03T15:40:24.000Z</Time>
            <Position>
              <LatitudeDegrees>44.2898085527122</LatitudeDegrees>
              <LongitudeDegrees>-81.60081862471998</LongitudeDegrees>
            </Position>
            <AltitudeMeters>170.39999389648438</AltitudeMeters>
            <DistanceMeters>1036.8699951171875</DistanceMeters>
            <HeartRateBpm>
              <Value>94</Value>
            </HeartRateBpm>
            <Extensions>
              <ns3:TPX>
                <ns3:Speed>1.6330000162124634</ns3:Speed>
              </ns3:TPX>
            </Extensions>
          </Trackpoint>
          <Trackpoint>
            <Time>2026-08-03T15:40:26.000Z</Time>
            <Position>
              <LatitudeDegrees>44.28980100899935</LatitudeDegrees>
              <LongitudeDegrees>-81.60078878514469</LongitudeDegrees>
            </Position>
            <AltitudeMeters>170.60000610351562</AltitudeMeters>
            <DistanceMeters>1039.4599609375</DistanceMeters>
            <HeartRateBpm>
              <Value>94</Value>
            </HeartRateBpm>
            <Extensions>
              <ns3:TPX>
                <ns3:Speed>1.5859999656677246</ns3:Speed>
              </ns3:TPX>
            </Extensions>
          </Trackpoint>
          <Trackpoint>
            <Time>2026-08-03T15:40:33.000Z</Time>
            <Position>
              <LatitudeDegrees>44.28979899734259</LatitudeDegrees>
              <LongitudeDegrees>-81.60065542906523</LongitudeDegrees>
            </Position>
            <AltitudeMeters>170.60000610351562</AltitudeMeters>
            <DistanceMeters>1050.1700439453125</DistanceMeters>
            <HeartRateBpm>
              <Value>93</Value>
            </HeartRateBpm>
            <Extensions>
              <ns3:TPX>
                <ns3:Speed>1.5490000247955322</ns3:Speed>
              </ns3:TPX>
            </Extensions>
          </Trackpoint>
          <Trackpoint>
            <Time>2026-08-03T15:40:34.000Z</Time>
            <Position>
              <LatitudeDegrees>44.289797404780984</LatitudeDegrees>
              <LongitudeDegrees>-81.60063623450696</LongitudeDegrees>
            </Position>
            <AltitudeMeters>170.60000610351562</AltitudeMeters>
            <DistanceMeters>1051.6700439453125</DistanceMeters>
            <HeartRateBpm>
              <Value>96</Value>
            </HeartRateBpm>
            <Extensions>
              <ns3:TPX>
                <ns3:Speed>1.5210000276565552</ns3:Speed>
              </ns3:TPX>
            </Extensions>
          </Trackpoint>
          <Trackpoint>
            <Time>2026-08-03T15:40:36.000Z</Time>
            <Position>
              <LatitudeDegrees>44.28979514166713</LatitudeDegrees>
              <LongitudeDegrees>-81.60058435052633</LongitudeDegrees>
            </Position>
            <AltitudeMeters>170.8000030517578</AltitudeMeters>
            <DistanceMeters>1055.8199462890625</DistanceMeters>
            <HeartRateBpm>
              <Value>94</Value>
            </HeartRateBpm>
            <Extensions>
              <ns3:TPX>
                <ns3:Speed>1.6979999542236328</ns3:Speed>
              </ns3:TPX>
            </Extensions>
          </Trackpoint>
          <Trackpoint>
            <Time>2026-08-03T15:40:40.000Z</Time>
            <Position>
              <LatitudeDegrees>44.28979346528649</LatitudeDegrees>
              <LongitudeDegrees>-81.60048075020313</LongitudeDegrees>
            </Position>
            <AltitudeMeters>170.8000030517578</AltitudeMeters>
            <DistanceMeters>1064.0899658203125</DistanceMeters>
            <HeartRateBpm>
              <Value>94</Value>
            </HeartRateBpm>
            <Extensions>
              <ns3:TPX>
                <ns3:Speed>1.875</ns3:Speed>
              </ns3:TPX>
            </Extensions>
          </Trackpoint>
          <Trackpoint>
            <Time>2026-08-03T15:40:48.000Z</Time>
            <Position>
              <LatitudeDegrees>44.28974845446646</LatitudeDegrees>
              <LongitudeDegrees>-81.60026617348194</LongitudeDegrees>
            </Position>
            <AltitudeMeters>170.8000030517578</AltitudeMeters>
            <DistanceMeters>1082.1099853515625</DistanceMeters>
            <HeartRateBpm>
              <Value>90</Value>
            </HeartRateBpm>
            <Extensions>
              <ns3:TPX>
                <ns3:Speed>2.1740000247955322</ns3:Speed>
              </ns3:TPX>
            </Extensions>
          </Trackpoint>
          <Trackpoint>
            <Time>2026-08-03T15:40:49.000Z</Time>
            <Position>
              <LatitudeDegrees>44.28974384441972</LatitudeDegrees>
              <LongitudeDegrees>-81.60024077631533</LongitudeDegrees>
            </Position>
            <AltitudeMeters>171.0</AltitudeMeters>
            <DistanceMeters>1084.199951171875</DistanceMeters>
            <HeartRateBpm>
              <Value>94</Value>
            </HeartRateBpm>
            <Extensions>
              <ns3:TPX>
                <ns3:Speed>2.183000087738037</ns3:Speed>
              </ns3:TPX>
            </Extensions>
          </Trackpoint>
          <Trackpoint>
            <Time>2026-08-03T15:40:58.000Z</Time>
            <Position>
              <LatitudeDegrees>44.289712496101856</LatitudeDegrees>
              <LongitudeDegrees>-81.60003810189664</LongitudeDegrees>
            </Position>
            <AltitudeMeters>171.0</AltitudeMeters>
            <DistanceMeters>1100.760009765625</DistanceMeters>
            <HeartRateBpm>
              <Value>92</Value>
            </HeartRateBpm>
            <Extensions>
              <ns3:TPX>
                <ns3:Speed>1.8849999904632568</ns3:Speed>
              </ns3:TPX>
            </Extensions>
          </Trackpoint>
          <Trackpoint>
            <Time>2026-08-03T15:41:06.000Z</Time>
            <Position>
              <LatitudeDegrees>44.28966195322573</LatitudeDegrees>
              <LongitudeDegrees>-81.59986786544323</LongitudeDegrees>
            </Position>
            <AltitudeMeters>171.0</AltitudeMeters>
            <DistanceMeters>1115.4599609375</DistanceMeters>
            <HeartRateBpm>
              <Value>89</Value>
            </HeartRateBpm>
            <Extensions>
              <ns3:TPX>
                <ns3:Speed>1.8009999990463257</ns3:Speed>
              </ns3:TPX>
            </Extensions>
          </Trackpoint>
          <Trackpoint>
            <Time>2026-08-03T15:41:09.000Z</Time>
            <Position>
              <LatitudeDegrees>44.28964686580002</LatitudeDegrees>
              <LongitudeDegrees>-81.59980500116944</LongitudeDegrees>
            </Position>
            <AltitudeMeters>171.0</AltitudeMeters>
            <DistanceMeters>1120.739990234375</DistanceMeters>
            <HeartRateBpm>
              <Value>85</Value>
            </HeartRateBpm>
            <Extensions>
              <ns3:TPX>
                <ns3:Speed>1.8009999990463257</ns3:Speed>
              </ns3:TPX>
            </Extensions>
          </Trackpoint>
          <Trackpoint>
            <Time>2026-08-03T15:41:11.000Z</Time>
            <Position>
              <LatitudeDegrees>44.28964074701071</LatitudeDegrees>
              <LongitudeDegrees>-81.59976644441485</LongitudeDegrees>
            </Position>
            <AltitudeMeters>171.0</AltitudeMeters>
            <DistanceMeters>1123.8900146484375</DistanceMeters>
            <HeartRateBpm>
              <Value>83</Value>
            </HeartRateBpm>
            <Extensions>
              <ns3:TPX>
                <ns3:Speed>1.7359999418258667</ns3:Speed>
              </ns3:TPX>
            </Extensions>
          </Trackpoint>
          <Trackpoint>
            <Time>2026-08-03T15:41:15.000Z</Time>
            <Position>
              <LatitudeDegrees>44.28962700068951</LatitudeDegrees>
              <LongitudeDegrees>-81.59967625513673</LongitudeDegrees>
            </Position>
            <AltitudeMeters>171.1999969482422</AltitudeMeters>
            <DistanceMeters>1131.25</DistanceMeters>
            <HeartRateBpm>
              <Value>80</Value>
            </HeartRateBpm>
            <Extensions>
              <ns3:TPX>
                <ns3:Speed>1.7730000019073486</ns3:Speed>
              </ns3:TPX>
            </Extensions>
          </Trackpoint>
          <Trackpoint>
            <Time>2026-08-03T15:41:25.000Z</Time>
            <Position>
              <LatitudeDegrees>44.28958794102073</LatitudeDegrees>
              <LongitudeDegrees>-81.59944105893373</LongitudeDegrees>
            </Position>
            <AltitudeMeters>171.1999969482422</AltitudeMeters>
            <DistanceMeters>1150.5</DistanceMeters>
            <HeartRateBpm>
              <Value>80</Value>
            </HeartRateBpm>
            <Extensions>
              <ns3:TPX>
                <ns3:Speed>1.9589999914169312</ns3:Speed>
              </ns3:TPX>
            </Extensions>
          </Trackpoint>
          <Trackpoint>
            <Time>2026-08-03T15:41:28.000Z</Time>
            <Position>
              <LatitudeDegrees>44.28957880474627</LatitudeDegrees>
              <LongitudeDegrees>-81.5993635263294</LongitudeDegrees>
            </Position>
            <AltitudeMeters>171.39999389648438</AltitudeMeters>
            <DistanceMeters>1156.780029296875</DistanceMeters>
            <HeartRateBpm>
              <Value>77</Value>
            </HeartRateBpm>
            <Extensions>
              <ns3:TPX>
                <ns3:Speed>1.9589999914169312</ns3:Speed>
              </ns3:TPX>
            </Extensions>
          </Trackpoint>
          <Trackpoint>
            <Time>2026-08-03T15:41:37.000Z</Time>
            <Position>
              <LatitudeDegrees>44.28954066708684</LatitudeDegrees>
              <LongitudeDegrees>-81.5991230495274</LongitudeDegrees>
            </Position>
            <AltitudeMeters>171.1999969482422</AltitudeMeters>
            <DistanceMeters>1176.4599609375</DistanceMeters>
            <HeartRateBpm>
              <Value>78</Value>
            </HeartRateBpm>
            <Extensions>
              <ns3:TPX>
                <ns3:Speed>2.1740000247955322</ns3:Speed>
              </ns3:TPX>
            </Extensions>
          </Trackpoint>
          <Trackpoint>
            <Time>2026-08-03T15:41:48.000Z</Time>
            <Position>
              <LatitudeDegrees>44.28947847336531</LatitudeDegrees>
              <LongitudeDegrees>-81.59884477034211</LongitudeDegrees>
            </Position>
            <AltitudeMeters>171.8000030517578</AltitudeMeters>
            <DistanceMeters>1199.8299560546875</DistanceMeters>
            <HeartRateBpm>
              <Value>80</Value>
            </HeartRateBpm>
            <Extensions>
              <ns3:TPX>
                <ns3:Speed>1.996999979019165</ns3:Speed>
              </ns3:TPX>
            </Extensions>
          </Trackpoint>
          <Trackpoint>
            <Time>2026-08-03T15:41:55.000Z</Time>
            <Position>
              <LatitudeDegrees>44.28943513892591</LatitudeDegrees>
              <LongitudeDegrees>-81.59868048503995</LongitudeDegrees>
            </Position>
            <AltitudeMeters>171.8000030517578</AltitudeMeters>
            <DistanceMeters>1213.800048828125</DistanceMeters>
            <HeartRateBpm>
              <Value>77</Value>
            </HeartRateBpm>
            <Extensions>
              <ns3:TPX>
                <ns3:Speed>1.996999979019165</ns3:Speed>
              </ns3:TPX>
            </Extensions>
          </Trackpoint>
          <Trackpoint>
            <Time>2026-08-03T15:41:56.000Z</Time>
            <Position>
              <LatitudeDegrees>44.2894306126982</LatitudeDegrees>
              <LongitudeDegrees>-81.59865642897785</LongitudeDegrees>
            </Position>
            <AltitudeMeters>171.8000030517578</AltitudeMeters>
            <DistanceMeters>1215.780029296875</DistanceMeters>
            <HeartRateBpm>
              <Value>76</Value>
            </HeartRateBpm>
            <Extensions>
              <ns3:TPX>
                <ns3:Speed>1.996999979019165</ns3:Speed>
              </ns3:TPX>
            </Extensions>
          </Trackpoint>
          <Trackpoint>
            <Time>2026-08-03T15:42:03.000Z</Time>
            <Position>
              <LatitudeDegrees>44.28938467986882</LatitudeDegrees>
              <LongitudeDegrees>-81.59848040901124</LongitudeDegrees>
            </Position>
            <AltitudeMeters>171.8000030517578</AltitudeMeters>
            <DistanceMeters>1230.719970703125</DistanceMeters>
            <HeartRateBpm>
              <Value>74</Value>
            </HeartRateBpm>
            <Extensions>
              <ns3:TPX>
                <ns3:Speed>2.0899999141693115</ns3:Speed>
              </ns3:TPX>
            </Extensions>
          </Trackpoint>
          <Trackpoint>
            <Time>2026-08-03T15:42:17.000Z</Time>
            <Position>
              <LatitudeDegrees>44.2893045488745</LatitudeDegrees>
              <LongitudeDegrees>-81.5980957634747</LongitudeDegrees>
            </Position>
            <AltitudeMeters>172.0</AltitudeMeters>
            <DistanceMeters>1262.68994140625</DistanceMeters>
            <HeartRateBpm>
              <Value>74</Value>
            </HeartRateBpm>
            <Extensions>
              <ns3:TPX>
                <ns3:Speed>2.183000087738037</ns3:Speed>
              </ns3:TPX>
            </Extensions>
          </Trackpoint>
          <Trackpoint>
            <Time>2026-08-03T15:42:27.000Z</Time>
            <Position>
              <LatitudeDegrees>44.28923573344946</LatitudeDegrees>
              <LongitudeDegrees>-81.59779259003699</LongitudeDegrees>
            </Position>
            <AltitudeMeters>172.0</AltitudeMeters>
            <DistanceMeters>1288.1400146484375</DistanceMeters>
            <HeartRateBpm>
              <Value>74</Value>
            </HeartRateBpm>
            <Extensions>
              <ns3:TPX>
                <ns3:Speed>2.4260001182556152</ns3:Speed>
              </ns3:TPX>
            </Extensions>
          </Trackpoint>
          <Trackpoint>
            <Time>2026-08-03T15:42:34.000Z</Time>
            <Position>
              <LatitudeDegrees>44.2892128508538</LatitudeDegrees>
              <LongitudeDegrees>-81.59759528003633</LongitudeDegrees>
            </Position>
            <AltitudeMeters>172.1999969482422</AltitudeMeters>
            <DistanceMeters>1304.06005859375</DistanceMeters>
            <HeartRateBpm>
              <Value>77</Value>
            </HeartRateBpm>
            <Extensions>
              <ns3:TPX>
                <ns3:Speed>2.378999948501587</ns3:Speed>
              </ns3:TPX>
            </Extensions>
          </Trackpoint>
          <Trackpoint>
            <Time>2026-08-03T15:42:39.000Z</Time>
            <Position>
              <LatitudeDegrees>44.28918208926916</LatitudeDegrees>
              <LongitudeDegrees>-81.5974310785532</LongitudeDegrees>
            </Position>
            <AltitudeMeters>172.1999969482422</AltitudeMeters>
            <DistanceMeters>1317.6199951171875</DistanceMeters>
            <HeartRateBpm>
              <Value>77</Value>
            </HeartRateBpm>
            <Extensions>
              <ns3:TPX>
                <ns3:Speed>2.6500000953674316</ns3:Speed>
              </ns3:TPX>
            </Extensions>
          </Trackpoint>
          <Trackpoint>
            <Time>2026-08-03T15:42:50.000Z</Time>
            <Position>
              <LatitudeDegrees>44.28911251947284</LatitudeDegrees>
              <LongitudeDegrees>-81.59708599559963</LongitudeDegrees>
            </Position>
            <AltitudeMeters>172.1999969482422</AltitudeMeters>
            <DistanceMeters>1346.25</DistanceMeters>
            <HeartRateBpm>
              <Value>79</Value>
            </HeartRateBpm>
            <Extensions>
              <ns3:TPX>
                <ns3:Speed>2.3889999389648438</ns3:Speed>
              </ns3:TPX>
            </Extensions>
          </Trackpoint>
          <Trackpoint>
            <Time>2026-08-03T15:42:53.000Z</Time>
            <Position>
              <LatitudeDegrees>44.289097683504224</LatitudeDegrees>
              <LongitudeDegrees>-81.59700687043369</LongitudeDegrees>
            </Position>
            <AltitudeMeters>172.1999969482422</AltitudeMeters>
            <DistanceMeters>1352.760009765625</DistanceMeters>
            <HeartRateBpm>
              <Value>84</Value>
            </HeartRateBpm>
            <Extensions>
              <ns3:TPX>
                <ns3:Speed>2.565999984741211</ns3:Speed>
              </ns3:TPX>
            </Extensions>
          </Trackpoint>
          <Trackpoint>
            <Time>2026-08-03T15:42:55.000Z</Time>
            <Position>
              <LatitudeDegrees>44.289084104821086</LatitudeDegrees>
              <LongitudeDegrees>-81.59693947993219</LongitudeDegrees>
            </Position>
            <AltitudeMeters>172.1999969482422</AltitudeMeters>
            <DistanceMeters>1358.3299560546875</DistanceMeters>
            <HeartRateBpm>
              <Value>81</Value>
            </HeartRateBpm>
            <Extensions>
              <ns3:TPX>
                <ns3:Speed>2.8269999027252197</ns3:Speed>
              </ns3:TPX>
            </Extensions>
          </Trackpoint>
          <Trackpoint>
            <Time>2026-08-03T15:42:58.000Z</Time>
            <Position>
              <LatitudeDegrees>44.289070861414075</LatitudeDegrees>
              <LongitudeDegrees>-81.59685264341533</LongitudeDegrees>
            </Position>
            <AltitudeMeters>172.39999389648438</AltitudeMeters>
            <DistanceMeters>1365.4100341796875</DistanceMeters>
            <HeartRateBpm>
              <Value>80</Value>
            </HeartRateBpm>
            <Extensions>
              <ns3:TPX>
                <ns3:Speed>2.2950000762939453</ns3:Speed>
              </ns3:TPX>
            </Extensions>
          </Trackpoint>
          <Trackpoint>
            <Time>2026-08-03T15:43:02.000Z</Time>
            <Position>
              <LatitudeDegrees>44.289054684340954</LatitudeDegrees>
              <LongitudeDegrees>-81.59673219546676</LongitudeDegrees>
            </Position>
            <AltitudeMeters>172.60000610351562</AltitudeMeters>
            <DistanceMeters>1375.199951171875</DistanceMeters>
            <HeartRateBpm>
              <Value>77</Value>
            </HeartRateBpm>
            <Extensions>
              <ns3:TPX>
                <ns3:Speed>2.509999990463257</ns3:Speed>
              </ns3:TPX>
            </Extensions>
          </Trackpoint>
          <Trackpoint>
            <Time>2026-08-03T15:43:05.000Z</Time>
            <Position>
              <LatitudeDegrees>44.28903984837234</LatitudeDegrees>
              <LongitudeDegrees>-81.59662876278162</LongitudeDegrees>
            </Position>
            <AltitudeMeters>172.60000610351562</AltitudeMeters>
            <DistanceMeters>1383.6099853515625</DistanceMeters>
            <HeartRateBpm>
              <Value>74</Value>
            </HeartRateBpm>
            <Extensions>
              <ns3:TPX>
                <ns3:Speed>2.509999990463257</ns3:Speed>
              </ns3:TPX>
            </Extensions>
          </Trackpoint>
          <Trackpoint>
            <Time>2026-08-03T15:43:07.000Z</Time>
            <Position>
              <LatitudeDegrees>44.28903398104012</LatitudeDegrees>
              <LongitudeDegrees>-81.59656313247979</LongitudeDegrees>
            </Position>
            <AltitudeMeters>172.60000610351562</AltitudeMeters>
            <DistanceMeters>1388.8900146484375</DistanceMeters>
            <HeartRateBpm>
              <Value>73</Value>
            </HeartRateBpm>
            <Extensions>
              <ns3:TPX>
                <ns3:Speed>2.509999990463257</ns3:Speed>
              </ns3:TPX>
            </Extensions>
          </Trackpoint>
          <Trackpoint>
            <Time>2026-08-03T15:43:10.000Z</Time>
            <Position>
              <LatitudeDegrees>44.28902710787952</LatitudeDegrees>
              <LongitudeDegrees>-81.59645391628146</LongitudeDegrees>
            </Position>
            <AltitudeMeters>172.8000030517578</AltitudeMeters>
            <DistanceMeters>1397.6500244140625</DistanceMeters>
            <HeartRateBpm>
              <Value>73</Value>
            </HeartRateBpm>
            <Extensions>
              <ns3:TPX>
                <ns3:Speed>2.63100004196167</ns3:Speed>
              </ns3:TPX>
            </Extensions>
          </Trackpoint>
          <Trackpoint>
            <Time>2026-08-03T15:43:16.000Z</Time>
            <Position>
              <LatitudeDegrees>44.28901361301541</LatitudeDegrees>
              <LongitudeDegrees>-81.59625618718565</LongitudeDegrees>
            </Position>
            <AltitudeMeters>173.1999969482422</AltitudeMeters>
            <DistanceMeters>1413.510009765625</DistanceMeters>
            <HeartRateBpm>
              <Value>70</Value>
            </HeartRateBpm>
            <Extensions>
              <ns3:TPX>
                <ns3:Speed>2.621999979019165</ns3:Speed>
              </ns3:TPX>
            </Extensions>
          </Trackpoint>
          <Trackpoint>
            <Time>2026-08-03T15:43:17.000Z</Time>
            <Position>
              <LatitudeDegrees>44.28901738487184</LatitudeDegrees>
              <LongitudeDegrees>-81.59622651524842</LongitudeDegrees>
            </Position>
            <AltitudeMeters>173.0</AltitudeMeters>
            <DistanceMeters>1415.8399658203125</DistanceMeters>
            <HeartRateBpm>
              <Value>69</Value>
            </HeartRateBpm>
            <Extensions>
              <ns3:TPX>
                <ns3:Speed>2.621999979019165</ns3:Speed>
              </ns3:TPX>
            </Extensions>
          </Trackpoint>
          <Trackpoint>
            <Time>2026-08-03T15:43:27.000Z</Time>
            <Position>
              <LatitudeDegrees>44.28900112397969</LatitudeDegrees>
              <LongitudeDegrees>-81.59592661075294</LongitudeDegrees>
            </Position>
            <AltitudeMeters>172.60000610351562</AltitudeMeters>
            <DistanceMeters>1440.010009765625</DistanceMeters>
            <HeartRateBpm>
              <Value>68</Value>
            </HeartRateBpm>
            <Extensions>
              <ns3:TPX>
                <ns3:Speed>2.3610000610351562</ns3:Speed>
              </ns3:TPX>
            </Extensions>
          </Trackpoint>
          <Trackpoint>
            <Time>2026-08-03T15:43:31.000Z</Time>
            <Position>
              <LatitudeDegrees>44.28899483755231</LatitudeDegrees>
              <LongitudeDegrees>-81.59580767154694</LongitudeDegrees>
            </Position>
            <AltitudeMeters>172.8000030517578</AltitudeMeters>
            <DistanceMeters>1449.52001953125</DistanceMeters>
            <HeartRateBpm>
              <Value>71</Value>
            </HeartRateBpm>
            <Extensions>
              <ns3:TPX>
                <ns3:Speed>2.3610000610351562</ns3:Speed>
              </ns3:TPX>
            </Extensions>
          </Trackpoint>
          <Trackpoint>
            <Time>2026-08-03T15:43:35.000Z</Time>
            <Position>
              <LatitudeDegrees>44.28899198770523</LatitudeDegrees>
              <LongitudeDegrees>-81.59566492773592</LongitudeDegrees>
            </Position>
            <AltitudeMeters>172.8000030517578</AltitudeMeters>
            <DistanceMeters>1460.93994140625</DistanceMeters>
            <HeartRateBpm>
              <Value>68</Value>
            </HeartRateBpm>
            <Extensions>
              <ns3:TPX>
                <ns3:Speed>2.3610000610351562</ns3:Speed>
              </ns3:TPX>
            </Extensions>
          </Trackpoint>
          <Trackpoint>
            <Time>2026-08-03T15:43:36.000Z</Time>
            <Position>
              <LatitudeDegrees>44.28899098187685</LatitudeDegrees>
              <LongitudeDegrees>-81.59563332796097</LongitudeDegrees>
            </Position>
            <AltitudeMeters>172.8000030517578</AltitudeMeters>
            <DistanceMeters>1463.4599609375</DistanceMeters>
            <HeartRateBpm>
              <Value>70</Value>
            </HeartRateBpm>
            <Extensions>
              <ns3:TPX>
                <ns3:Speed>2.546999931335449</ns3:Speed>
              </ns3:TPX>
            </Extensions>
          </Trackpoint>
          <Trackpoint>
            <Time>2026-08-03T15:43:45.000Z</Time>
            <Position>
              <LatitudeDegrees>44.28897547535598</LatitudeDegrees>
              <LongitudeDegrees>-81.59531808458269</LongitudeDegrees>
            </Position>
            <AltitudeMeters>173.0</AltitudeMeters>
            <DistanceMeters>1488.6600341796875</DistanceMeters>
            <HeartRateBpm>
              <Value>74</Value>
            </HeartRateBpm>
            <Extensions>
              <ns3:TPX>
                <ns3:Speed>2.546999931335449</ns3:Speed>
              </ns3:TPX>
            </Extensions>
          </Trackpoint>
          <Trackpoint>
            <Time>2026-08-03T15:43:46.000Z</Time>
            <Position>
              <LatitudeDegrees>44.288975559175014</LatitudeDegrees>
              <LongitudeDegrees>-81.59527785144746</LongitudeDegrees>
            </Position>
            <AltitudeMeters>173.0</AltitudeMeters>
            <DistanceMeters>1491.8699951171875</DistanceMeters>
            <HeartRateBpm>
              <Value>71</Value>
            </HeartRateBpm>
            <Extensions>
              <ns3:TPX>
                <ns3:Speed>2.743000030517578</ns3:Speed>
              </ns3:TPX>
            </Extensions>
          </Trackpoint>
          <Trackpoint>
            <Time>2026-08-03T15:43:47.000Z</Time>
            <Position>
              <LatitudeDegrees>44.2889747209847</LatitudeDegrees>
              <LongitudeDegrees>-81.59523451700807</LongitudeDegrees>
            </Position>
            <AltitudeMeters>173.0</AltitudeMeters>
            <DistanceMeters>1495.3299560546875</DistanceMeters>
            <HeartRateBpm>
              <Value>72</Value>
            </HeartRateBpm>
            <Extensions>
              <ns3:TPX>
                <ns3:Speed>2.8269999027252197</ns3:Speed>
              </ns3:TPX>
            </Extensions>
          </Trackpoint>
          <Trackpoint>
            <Time>2026-08-03T15:43:52.000Z</Time>
            <Position>
              <LatitudeDegrees>44.28895954973996</LatitudeDegrees>
              <LongitudeDegrees>-81.5949824731797</LongitudeDegrees>
            </Position>
            <AltitudeMeters>173.1999969482422</AltitudeMeters>
            <DistanceMeters>1515.52001953125</DistanceMeters>
            <HeartRateBpm>
              <Value>71</Value>
            </HeartRateBpm>
            <Extensions>
              <ns3:TPX>
                <ns3:Speed>4.339000225067139</ns3:Speed>
              </ns3:TPX>
            </Extensions>
          </Trackpoint>
          <Trackpoint>
            <Time>2026-08-03T15:43:58.000Z</Time>
            <Position>
              <LatitudeDegrees>44.288940355181694</LatitudeDegrees>
              <LongitudeDegrees>-81.59469958394766</LongitudeDegrees>
            </Position>
            <AltitudeMeters>173.8000030517578</AltitudeMeters>
            <DistanceMeters>1538.199951171875</DistanceMeters>
            <HeartRateBpm>
              <Value>71</Value>
            </HeartRateBpm>
            <Extensions>
              <ns3:TPX>
                <ns3:Speed>3.2100000381469727</ns3:Speed>
              </ns3:TPX>
            </Extensions>
          </Trackpoint>
          <Trackpoint>
            <Time>2026-08-03T15:43:59.000Z</Time>
            <Position>
              <LatitudeDegrees>44.28894203156233</LatitudeDegrees>
              <LongitudeDegrees>-81.59466605633497</LongitudeDegrees>
            </Position>
            <AltitudeMeters>174.0</AltitudeMeters>
            <DistanceMeters>1540.8800048828125</DistanceMeters>
            <HeartRateBpm>
              <Value>70</Value>
            </HeartRateBpm>
            <Extensions>
              <ns3:TPX>
                <ns3:Speed>2.9019999504089355</ns3:Speed>
              </ns3:TPX>
            </Extensions>
          </Trackpoint>
          <Trackpoint>
            <Time>2026-08-03T15:44:01.000Z</Time>
            <Position>
              <LatitudeDegrees>44.28894848562777</LatitudeDegrees>
              <LongitudeDegrees>-81.59460143186152</LongitudeDegrees>
            </Position>
            <AltitudeMeters>174.0</AltitudeMeters>
            <DistanceMeters>1546.050048828125</DistanceMeters>
            <HeartRateBpm>
              <Value>73</Value>
            </HeartRateBpm>
            <Extensions>
              <ns3:TPX>
                <ns3:Speed>2.6689999103546143</ns3:Speed>
              </ns3:TPX>
            </Extensions>
          </Trackpoint>
          <Trackpoint>
            <Time>2026-08-03T15:44:07.000Z</Time>
            <Position>
              <LatitudeDegrees>44.28894597105682</LatitudeDegrees>
              <LongitudeDegrees>-81.5944023616612</LongitudeDegrees>
            </Position>
            <AltitudeMeters>173.60000610351562</AltitudeMeters>
            <DistanceMeters>1561.969970703125</DistanceMeters>
            <HeartRateBpm>
              <Value>75</Value>
            </HeartRateBpm>
            <Extensions>
              <ns3:TPX>
                <ns3:Speed>2.6689999103546143</ns3:Speed>
              </ns3:TPX>
            </Extensions>
          </Trackpoint>
          <Trackpoint>
            <Time>2026-08-03T15:44:16.000Z</Time>
            <Position>
              <LatitudeDegrees>44.288946725428104</LatitudeDegrees>
              <LongitudeDegrees>-81.59403908997774</LongitudeDegrees>
            </Position>
            <AltitudeMeters>174.1999969482422</AltitudeMeters>
            <DistanceMeters>1590.949951171875</DistanceMeters>
            <HeartRateBpm>
              <Value>75</Value>
            </HeartRateBpm>
            <Extensions>
              <ns3:TPX>
                <ns3:Speed>4.105999946594238</ns3:Speed>
              </ns3:TPX>
            </Extensions>
          </Trackpoint>
          <Trackpoint>
            <Time>2026-08-03T15:44:23.000Z</Time>
            <Position>
              <LatitudeDegrees>44.288955610245466</LatitudeDegrees>
              <LongitudeDegrees>-81.59367422573268</LongitudeDegrees>
            </Position>
            <AltitudeMeters>174.0</AltitudeMeters>
            <DistanceMeters>1620.1099853515625</DistanceMeters>
            <HeartRateBpm>
              <Value>76</Value>
            </HeartRateBpm>
            <Extensions>
              <ns3:TPX>
                <ns3:Speed>4.105999946594238</ns3:Speed>
              </ns3:TPX>
            </Extensions>
          </Trackpoint>
          <Trackpoint>
            <Time>2026-08-03T15:44:27.000Z</Time>
            <Position>
              <LatitudeDegrees>44.288935074582696</LatitudeDegrees>
              <LongitudeDegrees>-81.5935109462589</LongitudeDegrees>
            </Position>
            <AltitudeMeters>174.0</AltitudeMeters>
            <DistanceMeters>1633.3199462890625</DistanceMeters>
            <HeartRateBpm>
              <Value>73</Value>
            </HeartRateBpm>
            <Extensions>
              <ns3:TPX>
                <ns3:Speed>2.697000026702881</ns3:Speed>
              </ns3:TPX>
            </Extensions>
          </Trackpoint>
          <Trackpoint>
            <Time>2026-08-03T15:44:29.000Z</Time>
            <Position>
              <LatitudeDegrees>44.28892903961241</LatitudeDegrees>
              <LongitudeDegrees>-81.59345420077443</LongitudeDegrees>
            </Position>
            <AltitudeMeters>174.0</AltitudeMeters>
            <DistanceMeters>1637.8900146484375</DistanceMeters>
            <HeartRateBpm>
              <Value>74</Value>
            </HeartRateBpm>
            <Extensions>
              <ns3:TPX>
                <ns3:Speed>2.2860000133514404</ns3:Speed>
              </ns3:TPX>
            </Extensions>
          </Trackpoint>
          <Trackpoint>
            <Time>2026-08-03T15:44:37.000Z</Time>
            <Position>
              <LatitudeDegrees>44.28892878815532</LatitudeDegrees>
              <LongitudeDegrees>-81.59317131154239</LongitudeDegrees>
            </Position>
            <AltitudeMeters>174.39999389648438</AltitudeMeters>
            <DistanceMeters>1660.52001953125</DistanceMeters>
            <HeartRateBpm>
              <Value>74</Value>
            </HeartRateBpm>
            <Extensions>
              <ns3:TPX>
                <ns3:Speed>2.677999973297119</ns3:Speed>
              </ns3:TPX>
            </Extensions>
          </Trackpoint>
          <Trackpoint>
            <Time>2026-08-03T15:44:44.000Z</Time>
            <Position>
              <LatitudeDegrees>44.28893272764981</LatitudeDegrees>
              <LongitudeDegrees>-81.59293578006327</LongitudeDegrees>
            </Position>
            <AltitudeMeters>174.39999389648438</AltitudeMeters>
            <DistanceMeters>1679.3599853515625</DistanceMeters>
            <HeartRateBpm>
              <Value>73</Value>
            </HeartRateBpm>
            <Extensions>
              <ns3:TPX>
                <ns3:Speed>2.882999897003174</ns3:Speed>
              </ns3:TPX>
            </Extensions>
          </Trackpoint>
          <Trackpoint>
            <Time>2026-08-03T15:44:52.000Z</Time>
            <Position>
              <LatitudeDegrees>44.288949239999056</LatitudeDegrees>
              <LongitudeDegrees>-81.59272321499884</LongitudeDegrees>
            </Position>
            <AltitudeMeters>174.1999969482422</AltitudeMeters>
            <DistanceMeters>1696.52001953125</DistanceMeters>
            <HeartRateBpm>
              <Value>73</Value>
            </HeartRateBpm>
            <Extensions>
              <ns3:TPX>
                <ns3:Speed>2.239000082015991</ns3:Speed>
              </ns3:TPX>
            </Extensions>
          </Trackpoint>
          <Trackpoint>
            <Time>2026-08-03T15:45:01.000Z</Time>
            <Position>
              <LatitudeDegrees>44.28898218087852</LatitudeDegrees>
              <LongitudeDegrees>-81.59241769462824</LongitudeDegrees>
            </Position>
            <AltitudeMeters>174.1999969482422</AltitudeMeters>
            <DistanceMeters>1721.1700439453125</DistanceMeters>
            <HeartRateBpm>
              <Value>71</Value>
            </HeartRateBpm>
            <Extensions>
              <ns3:TPX>
                <ns3:Speed>2.930000066757202</ns3:Speed>
              </ns3:TPX>
            </Extensions>
          </Trackpoint>
          <Trackpoint>
            <Time>2026-08-03T15:45:10.000Z</Time>
            <Position>
              <LatitudeDegrees>44.28897597827017</LatitudeDegrees>
              <LongitudeDegrees>-81.59206632524729</LongitudeDegrees>
            </Position>
            <AltitudeMeters>174.60000610351562</AltitudeMeters>
            <DistanceMeters>1749.1099853515625</DistanceMeters>
            <HeartRateBpm>
              <Value>74</Value>
            </HeartRateBpm>
            <Extensions>
              <ns3:TPX>
                <ns3:Speed>2.9579999446868896</ns3:Speed>
              </ns3:TPX>
            </Extensions>
          </Trackpoint>
          <Trackpoint>
            <Time>2026-08-03T15:45:11.000Z</Time>
            <Position>
              <LatitudeDegrees>44.288975642994046</LatitudeDegrees>
              <LongitudeDegrees>-81.59202667884529</LongitudeDegrees>
            </Position>
            <AltitudeMeters>174.60000610351562</AltitudeMeters>
            <DistanceMeters>1752.27001953125</DistanceMeters>
            <HeartRateBpm>
              <Value>71</Value>
            </HeartRateBpm>
            <Extensions>
              <ns3:TPX>
                <ns3:Speed>2.8550000190734863</ns3:Speed>
              </ns3:TPX>
            </Extensions>
          </Trackpoint>
          <Trackpoint>
            <Time>2026-08-03T15:45:12.000Z</Time>
            <Position>
              <LatitudeDegrees>44.288975559175014</LatitudeDegrees>
              <LongitudeDegrees>-81.59198678098619</LongitudeDegrees>
            </Position>
            <AltitudeMeters>174.60000610351562</AltitudeMeters>
            <DistanceMeters>1755.449951171875</DistanceMeters>
            <HeartRateBpm>
              <Value>74</Value>
            </HeartRateBpm>
            <Extensions>
              <ns3:TPX>
                <ns3:Speed>2.8459999561309814</ns3:Speed>
              </ns3:TPX>
            </Extensions>
          </Trackpoint>
          <Trackpoint>
            <Time>2026-08-03T15:45:13.000Z</Time>
            <Position>
              <LatitudeDegrees>44.28897622972727</LatitudeDegrees>
              <LongitudeDegrees>-81.59194931387901</LongitudeDegrees>
            </Position>
            <AltitudeMeters>174.60000610351562</AltitudeMeters>
            <DistanceMeters>1758.4300537109375</DistanceMeters>
            <HeartRateBpm>
              <Value>71</Value>
            </HeartRateBpm>
            <Extensions>
              <ns3:TPX>
                <ns3:Speed>2.8269999027252197</ns3:Speed>
              </ns3:TPX>
            </Extensions>
          </Trackpoint>
          <Trackpoint>
            <Time>2026-08-03T15:45:19.000Z</Time>
            <Position>
              <LatitudeDegrees>44.289017049595714</LatitudeDegrees>
              <LongitudeDegrees>-81.59179290756583</LongitudeDegrees>
            </Position>
            <AltitudeMeters>174.8000030517578</AltitudeMeters>
            <DistanceMeters>1771.5799560546875</DistanceMeters>
            <HeartRateBpm>
              <Value>71</Value>
            </HeartRateBpm>
            <Extensions>
              <ns3:TPX>
                <ns3:Speed>1.9220000505447388</ns3:Speed>
              </ns3:TPX>
            </Extensions>
          </Trackpoint>
          <Trackpoint>
            <Time>2026-08-03T15:45:24.000Z</Time>
            <Position>
              <LatitudeDegrees>44.28902945481241</LatitudeDegrees>
              <LongitudeDegrees>-81.59171118400991</LongitudeDegrees>
            </Position>
            <AltitudeMeters>174.60000610351562</AltitudeMeters>
            <DistanceMeters>1778.25</DistanceMeters>
            <HeartRateBpm>
              <Value>72</Value>
            </HeartRateBpm>
            <Extensions>
              <ns3:TPX>
                <ns3:Speed>1.5579999685287476</ns3:Speed>
              </ns3:TPX>
            </Extensions>
          </Trackpoint>
          <Trackpoint>
            <Time>2026-08-03T15:45:25.000Z</Time>
            <Position>
              <LatitudeDegrees>44.28903213702142</LatitudeDegrees>
              <LongitudeDegrees>-81.5916924085468</LongitudeDegrees>
            </Position>
            <AltitudeMeters>174.60000610351562</AltitudeMeters>
            <DistanceMeters>1779.6800537109375</DistanceMeters>
            <HeartRateBpm>
              <Value>72</Value>
            </HeartRateBpm>
            <Extensions>
              <ns3:TPX>
                <ns3:Speed>1.4839999675750732</ns3:Speed>
              </ns3:TPX>
            </Extensions>
          </Trackpoint>
          <Trackpoint>
            <Time>2026-08-03T15:45:27.000Z</Time>
            <Position>
              <LatitudeDegrees>44.289032220840454</LatitudeDegrees>
              <LongitudeDegrees>-81.59167497418821</LongitudeDegrees>
            </Position>
            <AltitudeMeters>174.60000610351562</AltitudeMeters>
            <DistanceMeters>1780.9200439453125</DistanceMeters>
            <HeartRateBpm>
              <Value>72</Value>
            </HeartRateBpm>
            <Extensions>
              <ns3:TPX>
                <ns3:Speed>1.2599999904632568</ns3:Speed>
              </ns3:TPX>
            </Extensions>
          </Trackpoint>
          <Trackpoint>
            <Time>2026-08-03T15:45:28.000Z</Time>
            <Position>
              <LatitudeDegrees>44.2890384234488</LatitudeDegrees>
              <LongitudeDegrees>-81.59167941659689</LongitudeDegrees>
            </Position>
            <AltitudeMeters>174.60000610351562</AltitudeMeters>
            <DistanceMeters>1781.6400146484375</DistanceMeters>
            <HeartRateBpm>
              <Value>69</Value>
            </HeartRateBpm>
            <Extensions>
              <ns3:TPX>
                <ns3:Speed>1.0449999570846558</ns3:Speed>
              </ns3:TPX>
            </Extensions>
          </Trackpoint>
          <Trackpoint>
            <Time>2026-08-03T15:45:29.000Z</Time>
            <Position>
              <LatitudeDegrees>44.28904470987618</LatitudeDegrees>
              <LongitudeDegrees>-81.59167950041592</LongitudeDegrees>
            </Position>
            <AltitudeMeters>174.60000610351562</AltitudeMeters>
            <DistanceMeters>1782.2900390625</DistanceMeters>
            <HeartRateBpm>
              <Value>71</Value>
            </HeartRateBpm>
            <Extensions>
              <ns3:TPX>
                <ns3:Speed>1.0449999570846558</ns3:Speed>
              </ns3:TPX>
            </Extensions>
          </Trackpoint>
          <Trackpoint>
            <Time>2026-08-03T15:45:30.000Z</Time>
            <Position>
              <LatitudeDegrees>44.28905015811324</LatitudeDegrees>
              <LongitudeDegrees>-81.59166617318988</LongitudeDegrees>
            </Position>
            <AltitudeMeters>174.60000610351562</AltitudeMeters>
            <DistanceMeters>1783.510009765625</DistanceMeters>
            <HeartRateBpm>
              <Value>72</Value>
            </HeartRateBpm>
            <Extensions>
              <ns3:TPX>
                <ns3:Speed>1.128999948501587</ns3:Speed>
              </ns3:TPX>
            </Extensions>
          </Trackpoint>
          <Trackpoint>
            <Time>2026-08-03T15:45:34.000Z</Time>
            <Position>
              <LatitudeDegrees>44.28907077759504</LatitudeDegrees>
              <LongitudeDegrees>-81.59160473383963</LongitudeDegrees>
            </Position>
            <AltitudeMeters>174.1999969482422</AltitudeMeters>
            <DistanceMeters>1788.8699951171875</DistanceMeters>
            <HeartRateBpm>
              <Value>70</Value>
            </HeartRateBpm>
            <Extensions>
              <ns3:TPX>
                <ns3:Speed>1.194000005722046</ns3:Speed>
              </ns3:TPX>
            </Extensions>
          </Trackpoint>
          <Trackpoint>
            <Time>2026-08-03T15:45:35.000Z</Time>
            <Position>
              <LatitudeDegrees>44.2890661675483</LatitudeDegrees>
              <LongitudeDegrees>-81.5915980283171</LongitudeDegrees>
            </Position>
            <AltitudeMeters>174.1999969482422</AltitudeMeters>
            <DistanceMeters>1789.6199951171875</DistanceMeters>
            <HeartRateBpm>
              <Value>72</Value>
            </HeartRateBpm>
            <Extensions>
              <ns3:TPX>
                <ns3:Speed>1.0540000200271606</ns3:Speed>
              </ns3:TPX>
            </Extensions>
          </Trackpoint>
          <Trackpoint>
            <Time>2026-08-03T15:45:36.000Z</Time>
            <Position>
              <LatitudeDegrees>44.28906415589154</LatitudeDegrees>
              <LongitudeDegrees>-81.59160138107836</LongitudeDegrees>
            </Position>
            <AltitudeMeters>175.0</AltitudeMeters>
            <DistanceMeters>1789.75</DistanceMeters>
            <HeartRateBpm>
              <Value>71</Value>
            </HeartRateBpm>
            <Extensions>
              <ns3:TPX>
                <ns3:Speed>1.0449999570846558</ns3:Speed>
              </ns3:TPX>
            </Extensions>
          </Trackpoint>
          <Trackpoint>
            <Time>2026-08-03T15:45:39.000Z</Time>
            <Position>
              <LatitudeDegrees>44.289068011567</LatitudeDegrees>
              <LongitudeDegrees>-81.5915945917368</LongitudeDegrees>
            </Position>
            <AltitudeMeters>175.8000030517578</AltitudeMeters>
            <DistanceMeters>1790.43994140625</DistanceMeters>
            <HeartRateBpm>
              <Value>71</Value>
            </HeartRateBpm>
            <Extensions>
              <ns3:TPX>
                <ns3:Speed>1.0540000200271606</ns3:Speed>
              </ns3:TPX>
            </Extensions>
          </Trackpoint>
          <Trackpoint>
            <Time>2026-08-03T15:45:40.000Z</Time>
            <Position>
              <LatitudeDegrees>44.28906834684312</LatitudeDegrees>
              <LongitudeDegrees>-81.59158092923462</LongitudeDegrees>
            </Position>
            <AltitudeMeters>176.0</AltitudeMeters>
            <DistanceMeters>1790.9599609375</DistanceMeters>
            <HeartRateBpm>
              <Value>71</Value>
            </HeartRateBpm>
            <Extensions>
              <ns3:TPX>
                <ns3:Speed>1.0449999570846558</ns3:Speed>
              </ns3:TPX>
            </Extensions>
          </Trackpoint>
          <Trackpoint>
            <Time>2026-08-03T15:45:44.000Z</Time>
            <Position>
              <LatitudeDegrees>44.28908921778202</LatitudeDegrees>
              <LongitudeDegrees>-81.59158897586167</LongitudeDegrees>
            </Position>
            <AltitudeMeters>176.39999389648438</AltitudeMeters>
            <DistanceMeters>1793.52001953125</DistanceMeters>
            <HeartRateBpm>
              <Value>74</Value>
            </HeartRateBpm>
            <Extensions>
              <ns3:TPX>
                <ns3:Speed>0.9980000257492065</ns3:Speed>
              </ns3:TPX>
            </Extensions>
          </Trackpoint>
          <Trackpoint>
            <Time>2026-08-03T15:45:49.000Z</Time>
            <Position>
              <LatitudeDegrees>44.28908485919237</LatitudeDegrees>
              <LongitudeDegrees>-81.59160775132477</LongitudeDegrees>
            </Position>
            <AltitudeMeters>175.8000030517578</AltitudeMeters>
            <DistanceMeters>1795.300048828125</DistanceMeters>
            <HeartRateBpm>
              <Value>72</Value>
            </HeartRateBpm>
            <Extensions>
              <ns3:TPX>
                <ns3:Speed>0.0</ns3:Speed>
              </ns3:TPX>
            </Extensions>
          </Trackpoint>
          <Trackpoint>
            <Time>2026-08-03T15:45:50.000Z</Time>
            <Position>
              <LatitudeDegrees>44.28908469155431</LatitudeDegrees>
              <LongitudeDegrees>-81.591608338058</LongitudeDegrees>
            </Position>
            <AltitudeMeters>175.60000610351562</AltitudeMeters>
            <DistanceMeters>1795.3499755859375</DistanceMeters>
            <HeartRateBpm>
              <Value>77</Value>
            </HeartRateBpm>
            <Extensions>
              <ns3:TPX>
                <ns3:Speed>0.0</ns3:Speed>
              </ns3:TPX>
            </Extensions>
          </Trackpoint>
          <Trackpoint>
            <Time>2026-08-03T15:45:55.000Z</Time>
            <Position>
              <LatitudeDegrees>44.28908469155431</LatitudeDegrees>
              <LongitudeDegrees>-81.591608338058</LongitudeDegrees>
            </Position>
            <AltitudeMeters>175.1999969482422</AltitudeMeters>
            <DistanceMeters>1795.3499755859375</DistanceMeters>
            <HeartRateBpm>
              <Value>80</Value>
            </HeartRateBpm>
            <Extensions>
              <ns3:TPX>
                <ns3:Speed>0.0</ns3:Speed>
              </ns3:TPX>
            </Extensions>
          </Trackpoint>
          <Trackpoint>
            <Time>2026-08-03T15:45:58.000Z</Time>
            <Position>
              <LatitudeDegrees>44.28908469155431</LatitudeDegrees>
              <LongitudeDegrees>-81.591608338058</LongitudeDegrees>
            </Position>
            <AltitudeMeters>175.39999389648438</AltitudeMeters>
            <DistanceMeters>1795.3499755859375</DistanceMeters>
            <HeartRateBpm>
              <Value>83</Value>
            </HeartRateBpm>
            <Extensions>
              <ns3:TPX>
                <ns3:Speed>0.0</ns3:Speed>
              </ns3:TPX>
            </Extensions>
          </Trackpoint>
          <Trackpoint>
            <Time>2026-08-03T15:46:09.000Z</Time>
            <Position>
              <LatitudeDegrees>44.28907932713628</LatitudeDegrees>
              <LongitudeDegrees>-81.5916025545448</LongitudeDegrees>
            </Position>
            <AltitudeMeters>175.60000610351562</AltitudeMeters>
            <DistanceMeters>1795.5799560546875</DistanceMeters>
            <HeartRateBpm>
              <Value>86</Value>
            </HeartRateBpm>
            <Extensions>
              <ns3:TPX>
                <ns3:Speed>0.0</ns3:Speed>
              </ns3:TPX>
            </Extensions>
          </Trackpoint>
          <Trackpoint>
            <Time>2026-08-03T15:46:14.000Z</Time>
            <Position>
              <LatitudeDegrees>44.28906952030957</LatitudeDegrees>
              <LongitudeDegrees>-81.59157933667302</LongitudeDegrees>
            </Position>
            <AltitudeMeters>175.8000030517578</AltitudeMeters>
            <DistanceMeters>1797.3800048828125</DistanceMeters>
            <HeartRateBpm>
              <Value>89</Value>
            </HeartRateBpm>
            <Extensions>
              <ns3:TPX>
                <ns3:Speed>1.2690000534057617</ns3:Speed>
              </ns3:TPX>
            </Extensions>
          </Trackpoint>
          <Trackpoint>
            <Time>2026-08-03T15:46:16.000Z</Time>
            <Position>
              <LatitudeDegrees>44.2890714481473</LatitudeDegrees>
              <LongitudeDegrees>-81.59156542271376</LongitudeDegrees>
            </Position>
            <AltitudeMeters>176.0</AltitudeMeters>
            <DistanceMeters>1798.6099853515625</DistanceMeters>
            <HeartRateBpm>
              <Value>89</Value>
            </HeartRateBpm>
            <Extensions>
              <ns3:TPX>
                <ns3:Speed>0.9049999713897705</ns3:Speed>
              </ns3:TPX>
            </Extensions>
          </Trackpoint>
          <Trackpoint>
            <Time>2026-08-03T15:46:17.000Z</Time>
            <Position>
              <LatitudeDegrees>44.289065916091204</LatitudeDegrees>
              <LongitudeDegrees>-81.59156240522861</LongitudeDegrees>
            </Position>
            <AltitudeMeters>176.1999969482422</AltitudeMeters>
            <DistanceMeters>1799.1199951171875</DistanceMeters>
            <HeartRateBpm>
              <Value>84</Value>
            </HeartRateBpm>
            <Extensions>
              <ns3:TPX>
                <ns3:Speed>0.8019999861717224</ns3:Speed>
              </ns3:TPX>
            </Extensions>
          </Trackpoint>
          <Trackpoint>
            <Time>2026-08-03T15:46:18.000Z</Time>
            <Position>
              <LatitudeDegrees>44.28906239569187</LatitudeDegrees>
              <LongitudeDegrees>-81.59155888482928</LongitudeDegrees>
            </Position>
            <AltitudeMeters>176.39999389648438</AltitudeMeters>
            <DistanceMeters>1799.3900146484375</DistanceMeters>
            <HeartRateBpm>
              <Value>87</Value>
            </HeartRateBpm>
            <Extensions>
              <ns3:TPX>
                <ns3:Speed>0.0</ns3:Speed>
              </ns3:TPX>
            </Extensions>
          </Trackpoint>
          <Trackpoint>
            <Time>2026-08-03T15:46:20.000Z</Time>
            <Position>
              <LatitudeDegrees>44.28905451670289</LatitudeDegrees>
              <LongitudeDegrees>-81.59155217930675</LongitudeDegrees>
            </Position>
            <AltitudeMeters>176.39999389648438</AltitudeMeters>
            <DistanceMeters>1800.0400390625</DistanceMeters>
            <HeartRateBpm>
              <Value>83</Value>
            </HeartRateBpm>
            <Extensions>
              <ns3:TPX>
                <ns3:Speed>0.0</ns3:Speed>
              </ns3:TPX>
            </Extensions>
          </Trackpoint>
          <Trackpoint>
            <Time>2026-08-03T15:46:21.000Z</Time>
            <Position>
              <LatitudeDegrees>44.289052756503224</LatitudeDegrees>
              <LongitudeDegrees>-81.59154706634581</LongitudeDegrees>
            </Position>
            <AltitudeMeters>176.60000610351562</AltitudeMeters>
            <DistanceMeters>1800.0400390625</DistanceMeters>
            <HeartRateBpm>
              <Value>86</Value>
            </HeartRateBpm>
            <Extensions>
              <ns3:TPX>
                <ns3:Speed>0.0</ns3:Speed>
              </ns3:TPX>
            </Extensions>
          </Trackpoint>
          <Trackpoint>
            <Time>2026-08-03T15:46:22.000Z</Time>
            <Position>
              <LatitudeDegrees>44.28904973901808</LatitudeDegrees>
              <LongitudeDegrees>-81.59153952263296</LongitudeDegrees>
            </Position>
            <AltitudeMeters>176.60000610351562</AltitudeMeters>
            <DistanceMeters>1800.7099609375</DistanceMeters>
            <HeartRateBpm>
              <Value>83</Value>
            </HeartRateBpm>
            <Extensions>
              <ns3:TPX>
                <ns3:Speed>0.4480000138282776</ns3:Speed>
              </ns3:TPX>
            </Extensions>
          </Trackpoint>
          <Trackpoint>
            <Time>2026-08-03T15:46:23.000Z</Time>
            <Position>
              <LatitudeDegrees>44.289050325751305</LatitudeDegrees>
              <LongitudeDegrees>-81.59153474494815</LongitudeDegrees>
            </Position>
            <AltitudeMeters>176.60000610351562</AltitudeMeters>
            <DistanceMeters>1801.0899658203125</DistanceMeters>
            <HeartRateBpm>
              <Value>77</Value>
            </HeartRateBpm>
            <Extensions>
              <ns3:TPX>
                <ns3:Speed>0.4480000138282776</ns3:Speed>
              </ns3:TPX>
            </Extensions>
          </Trackpoint>
          <Trackpoint>
            <Time>2026-08-03T15:46:24.000Z</Time>
            <Position>
              <LatitudeDegrees>44.2890524212271</LatitudeDegrees>
              <LongitudeDegrees>-81.59153122454882</LongitudeDegrees>
            </Position>
            <AltitudeMeters>176.60000610351562</AltitudeMeters>
            <DistanceMeters>1801.449951171875</DistanceMeters>
            <HeartRateBpm>
              <Value>79</Value>
            </HeartRateBpm>
            <Extensions>
              <ns3:TPX>
                <ns3:Speed>0.0</ns3:Speed>
              </ns3:TPX>
            </Extensions>
          </Trackpoint>
          <Trackpoint>
            <Time>2026-08-03T15:46:25.000Z</Time>
            <Position>
              <LatitudeDegrees>44.28905602544546</LatitudeDegrees>
              <LongitudeDegrees>-81.5915303863585</LongitudeDegrees>
            </Position>
            <AltitudeMeters>176.39999389648438</AltitudeMeters>
            <DistanceMeters>1801.8499755859375</DistanceMeters>
            <HeartRateBpm>
              <Value>76</Value>
            </HeartRateBpm>
            <Extensions>
              <ns3:TPX>
                <ns3:Speed>0.0</ns3:Speed>
              </ns3:TPX>
            </Extensions>
          </Trackpoint>
          <Trackpoint>
            <Time>2026-08-03T15:46:27.000Z</Time>
            <Position>
              <LatitudeDegrees>44.28906038403511</LatitudeDegrees>
              <LongitudeDegrees>-81.59152988344431</LongitudeDegrees>
            </Position>
            <AltitudeMeters>176.1999969482422</AltitudeMeters>
            <DistanceMeters>1802.3299560546875</DistanceMeters>
            <HeartRateBpm>
              <Value>75</Value>
            </HeartRateBpm>
            <Extensions>
              <ns3:TPX>
                <ns3:Speed>0.0</ns3:Speed>
              </ns3:TPX>
            </Extensions>
          </Trackpoint>
          <Trackpoint>
            <Time>2026-08-03T15:46:31.000Z</Time>
            <Position>
              <LatitudeDegrees>44.28905644454062</LatitudeDegrees>
              <LongitudeDegrees>-81.59153575077653</LongitudeDegrees>
            </Position>
            <AltitudeMeters>176.0</AltitudeMeters>
            <DistanceMeters>1802.4000244140625</DistanceMeters>
            <HeartRateBpm>
              <Value>71</Value>
            </HeartRateBpm>
            <Extensions>
              <ns3:TPX>
                <ns3:Speed>0.0</ns3:Speed>
              </ns3:TPX>
            </Extensions>
          </Trackpoint>
          <Trackpoint>
            <Time>2026-08-03T15:46:34.000Z</Time>
            <Position>
              <LatitudeDegrees>44.28906071931124</LatitudeDegrees>
              <LongitudeDegrees>-81.59153524786234</LongitudeDegrees>
            </Position>
            <AltitudeMeters>176.0</AltitudeMeters>
            <DistanceMeters>1802.8800048828125</DistanceMeters>
            <HeartRateBpm>
              <Value>67</Value>
            </HeartRateBpm>
            <Extensions>
              <ns3:TPX>
                <ns3:Speed>0.0</ns3:Speed>
              </ns3:TPX>
            </Extensions>
          </Trackpoint>
          <Trackpoint>
            <Time>2026-08-03T15:46:36.000Z</Time>
            <Position>
              <LatitudeDegrees>44.28906071931124</LatitudeDegrees>
              <LongitudeDegrees>-81.59153524786234</LongitudeDegrees>
            </Position>
            <AltitudeMeters>176.0</AltitudeMeters>
            <DistanceMeters>1802.8800048828125</DistanceMeters>
            <HeartRateBpm>
              <Value>66</Value>
            </HeartRateBpm>
            <Extensions>
              <ns3:TPX>
                <ns3:Speed>0.0</ns3:Speed>
              </ns3:TPX>
            </Extensions>
          </Trackpoint>
          <Trackpoint>
            <Time>2026-08-03T15:46:40.000Z</Time>
            <Position>
              <LatitudeDegrees>44.28906071931124</LatitudeDegrees>
              <LongitudeDegrees>-81.59153524786234</LongitudeDegrees>
            </Position>
            <AltitudeMeters>176.1999969482422</AltitudeMeters>
            <DistanceMeters>1802.8800048828125</DistanceMeters>
            <HeartRateBpm>
              <Value>63</Value>
            </HeartRateBpm>
            <Extensions>
              <ns3:TPX>
                <ns3:Speed>0.0</ns3:Speed>
              </ns3:TPX>
            </Extensions>
          </Trackpoint>
          <Trackpoint>
            <Time>2026-08-03T15:46:41.000Z</Time>
            <Position>
              <LatitudeDegrees>44.28906071931124</LatitudeDegrees>
              <LongitudeDegrees>-81.59153524786234</LongitudeDegrees>
            </Position>
            <AltitudeMeters>176.1999969482422</AltitudeMeters>
            <DistanceMeters>1802.8800048828125</DistanceMeters>
            <HeartRateBpm>
              <Value>63</Value>
            </HeartRateBpm>
            <Extensions>
              <ns3:TPX>
                <ns3:Speed>0.0</ns3:Speed>
              </ns3:TPX>
            </Extensions>
          </Trackpoint>
          <Trackpoint>
            <Time>2026-08-03T15:46:45.000Z</Time>
            <Position>
              <LatitudeDegrees>44.28905979730189</LatitudeDegrees>
              <LongitudeDegrees>-81.59153524786234</LongitudeDegrees>
            </Position>
            <AltitudeMeters>176.1999969482422</AltitudeMeters>
            <DistanceMeters>1802.8800048828125</DistanceMeters>
            <HeartRateBpm>
              <Value>60</Value>
            </HeartRateBpm>
            <Extensions>
              <ns3:TPX>
                <ns3:Speed>0.0</ns3:Speed>
              </ns3:TPX>
            </Extensions>
          </Trackpoint>
          <Trackpoint>
            <Time>2026-08-03T15:46:54.000Z</Time>
            <Position>
              <LatitudeDegrees>44.28905703127384</LatitudeDegrees>
              <LongitudeDegrees>-81.59153290092945</LongitudeDegrees>
            </Position>
            <AltitudeMeters>176.1999969482422</AltitudeMeters>
            <DistanceMeters>1802.8800048828125</DistanceMeters>
            <HeartRateBpm>
              <Value>57</Value>
            </HeartRateBpm>
            <Extensions>
              <ns3:TPX>
                <ns3:Speed>0.0</ns3:Speed>
              </ns3:TPX>
            </Extensions>
          </Trackpoint>
          <Trackpoint>
            <Time>2026-08-03T15:47:14.000Z</Time>
            <Position>
              <LatitudeDegrees>44.28906482644379</LatitudeDegrees>
              <LongitudeDegrees>-81.59153088927269</LongitudeDegrees>
            </Position>
            <AltitudeMeters>176.0</AltitudeMeters>
            <DistanceMeters>1803.800048828125</DistanceMeters>
            <HeartRateBpm>
              <Value>54</Value>
            </HeartRateBpm>
            <Extensions>
              <ns3:TPX>
                <ns3:Speed>0.0</ns3:Speed>
              </ns3:TPX>
            </Extensions>
          </Trackpoint>
          <Trackpoint>
            <Time>2026-08-03T15:47:15.000Z</Time>
            <Position>
              <LatitudeDegrees>44.289065916091204</LatitudeDegrees>
              <LongitudeDegrees>-81.59152963198721</LongitudeDegrees>
            </Position>
            <AltitudeMeters>176.0</AltitudeMeters>
            <DistanceMeters>1803.9200439453125</DistanceMeters>
            <HeartRateBpm>
              <Value>57</Value>
            </HeartRateBpm>
            <Extensions>
              <ns3:TPX>
                <ns3:Speed>0.0</ns3:Speed>
              </ns3:TPX>
            </Extensions>
          </Trackpoint>
          <Trackpoint>
            <Time>2026-08-03T15:47:18.000Z</Time>
            <Position>
              <LatitudeDegrees>44.28906633518636</LatitudeDegrees>
              <LongitudeDegrees>-81.59152803942561</LongitudeDegrees>
            </Position>
            <AltitudeMeters>176.1999969482422</AltitudeMeters>
            <DistanceMeters>1803.97998046875</DistanceMeters>
            <HeartRateBpm>
              <Value>60</Value>
            </HeartRateBpm>
            <Extensions>
              <ns3:TPX>
                <ns3:Speed>0.0</ns3:Speed>
              </ns3:TPX>
            </Extensions>
          </Trackpoint>
          <Trackpoint>
            <Time>2026-08-03T15:47:21.000Z</Time>
            <Position>
              <LatitudeDegrees>44.28906633518636</LatitudeDegrees>
              <LongitudeDegrees>-81.59152778796852</LongitudeDegrees>
            </Position>
            <AltitudeMeters>176.0</AltitudeMeters>
            <DistanceMeters>1803.989990234375</DistanceMeters>
            <HeartRateBpm>
              <Value>63</Value>
            </HeartRateBpm>
            <Extensions>
              <ns3:TPX>
                <ns3:Speed>0.0</ns3:Speed>
              </ns3:TPX>
            </Extensions>
          </Trackpoint>
          <Trackpoint>
            <Time>2026-08-03T15:47:30.000Z</Time>
            <Position>
              <LatitudeDegrees>44.28906767629087</LatitudeDegrees>
              <LongitudeDegrees>-81.59152477048337</LongitudeDegrees>
            </Position>
            <AltitudeMeters>175.8000030517578</AltitudeMeters>
            <DistanceMeters>1804.1600341796875</DistanceMeters>
            <HeartRateBpm>
              <Value>66</Value>
            </HeartRateBpm>
            <Extensions>
              <ns3:TPX>
                <ns3:Speed>0.0</ns3:Speed>
              </ns3:TPX>
            </Extensions>
          </Trackpoint>
          <Trackpoint>
            <Time>2026-08-03T15:47:48.000Z</Time>
            <Position>
              <LatitudeDegrees>44.28907438181341</LatitudeDegrees>
              <LongitudeDegrees>-81.5915168914944</LongitudeDegrees>
            </Position>
            <AltitudeMeters>175.1999969482422</AltitudeMeters>
            <DistanceMeters>1804.989990234375</DistanceMeters>
            <HeartRateBpm>
              <Value>62</Value>
            </HeartRateBpm>
            <Extensions>
              <ns3:TPX>
                <ns3:Speed>0.0</ns3:Speed>
              </ns3:TPX>
            </Extensions>
          </Trackpoint>
          <Trackpoint>
            <Time>2026-08-03T15:47:51.000Z</Time>
            <Position>
              <LatitudeDegrees>44.28907505236566</LatitudeDegrees>
              <LongitudeDegrees>-81.5915168914944</LongitudeDegrees>
            </Position>
            <AltitudeMeters>175.1999969482422</AltitudeMeters>
            <DistanceMeters>1805.06005859375</DistanceMeters>
            <HeartRateBpm>
              <Value>59</Value>
            </HeartRateBpm>
            <Extensions>
              <ns3:TPX>
                <ns3:Speed>0.0</ns3:Speed>
              </ns3:TPX>
            </Extensions>
          </Trackpoint>
          <Trackpoint>
            <Time>2026-08-03T15:48:08.000Z</Time>
            <Position>
              <LatitudeDegrees>44.289078740403056</LatitudeDegrees>
              <LongitudeDegrees>-81.59151814877987</LongitudeDegrees>
            </Position>
            <AltitudeMeters>175.1999969482422</AltitudeMeters>
            <DistanceMeters>1805.449951171875</DistanceMeters>
            <HeartRateBpm>
              <Value>56</Value>
            </HeartRateBpm>
            <Extensions>
              <ns3:TPX>
                <ns3:Speed>0.0</ns3:Speed>
              </ns3:TPX>
            </Extensions>
          </Trackpoint>
          <Trackpoint>
            <Time>2026-08-03T15:48:11.000Z</Time>
            <Position>
              <LatitudeDegrees>44.289078740403056</LatitudeDegrees>
              <LongitudeDegrees>-81.59151865169406</LongitudeDegrees>
            </Position>
            <AltitudeMeters>175.0</AltitudeMeters>
            <DistanceMeters>1805.449951171875</DistanceMeters>
            <HeartRateBpm>
              <Value>56</Value>
            </HeartRateBpm>
            <Extensions>
              <ns3:TPX>
                <ns3:Speed>0.0</ns3:Speed>
              </ns3:TPX>
            </Extensions>
          </Trackpoint>
          <Trackpoint>
            <Time>2026-08-03T15:48:27.000Z</Time>
            <Position>
              <LatitudeDegrees>44.28907949477434</LatitudeDegrees>
              <LongitudeDegrees>-81.5915198251605</LongitudeDegrees>
            </Position>
            <AltitudeMeters>174.8000030517578</AltitudeMeters>
            <DistanceMeters>1805.52001953125</DistanceMeters>
            <HeartRateBpm>
              <Value>52</Value>
            </HeartRateBpm>
            <Extensions>
              <ns3:TPX>
                <ns3:Speed>0.0</ns3:Speed>
              </ns3:TPX>
            </Extensions>
          </Trackpoint>
          <Trackpoint>
            <Time>2026-08-03T15:48:29.000Z</Time>
            <Position>
              <LatitudeDegrees>44.289079243317246</LatitudeDegrees>
              <LongitudeDegrees>-81.59151957370341</LongitudeDegrees>
            </Position>
            <AltitudeMeters>174.8000030517578</AltitudeMeters>
            <DistanceMeters>1805.52001953125</DistanceMeters>
            <HeartRateBpm>
              <Value>55</Value>
            </HeartRateBpm>
            <Extensions>
              <ns3:TPX>
                <ns3:Speed>0.0</ns3:Speed>
              </ns3:TPX>
            </Extensions>
          </Trackpoint>
          <Trackpoint>
            <Time>2026-08-03T15:48:42.000Z</Time>
            <Position>
              <LatitudeDegrees>44.289079159498215</LatitudeDegrees>
              <LongitudeDegrees>-81.5915145445615</LongitudeDegrees>
            </Position>
            <AltitudeMeters>174.39999389648438</AltitudeMeters>
            <DistanceMeters>1805.56005859375</DistanceMeters>
            <HeartRateBpm>
              <Value>58</Value>
            </HeartRateBpm>
            <Extensions>
              <ns3:TPX>
                <ns3:Speed>0.0</ns3:Speed>
              </ns3:TPX>
            </Extensions>
          </Trackpoint>
          <Trackpoint>
            <Time>2026-08-03T15:48:49.000Z</Time>
            <Position>
              <LatitudeDegrees>44.28907848894596</LatitudeDegrees>
              <LongitudeDegrees>-81.59151437692344</LongitudeDegrees>
            </Position>
            <AltitudeMeters>174.1999969482422</AltitudeMeters>
            <DistanceMeters>1805.56005859375</DistanceMeters>
            <HeartRateBpm>
              <Value>55</Value>
            </HeartRateBpm>
            <Extensions>
              <ns3:TPX>
                <ns3:Speed>0.0</ns3:Speed>
              </ns3:TPX>
            </Extensions>
          </Trackpoint>
        </Track>
        <Extensions>
          <ns3:LX>
            <ns3:AvgSpeed>1.7730000019073489</ns3:AvgSpeed>
          </ns3:LX>
        </Extensions>
      </Lap>
      <Creator xsi:type="Device_t">
        <Name>vívoactive 4</Name>
        <UnitId>3432774097</UnitId>
        <ProductID>3225</ProductID>
        <Version>
          <VersionMajor>8</VersionMajor>
          <VersionMinor>30</VersionMinor>
          <BuildMajor>0</BuildMajor>
          <BuildMinor>0</BuildMinor>
        </Version>
      </Creator>
    </Activity>
  </Activities>
  <Author xsi:type="Application_t">
    <Name>Connect Api</Name>
    <Build>
      <Version>
        <VersionMajor>26</VersionMajor>
        <VersionMinor>15</VersionMinor>
        <BuildMajor>0</BuildMajor>
        <BuildMinor>0</BuildMinor>
      </Version>
    </Build>
    <LangID>en</LangID>
    <PartNumber>006-D2449-00</PartNumber>
  </Author>
</TrainingCenterDatabase>
