<?xml version="1.0" encoding="UTF-8"?>
<TrainingCenterDatabase
  xsi:schemaLocation="http://www.garmin.com/xmlschemas/TrainingCenterDatabase/v2 http://www.garmin.com/xmlschemas/TrainingCenterDatabasev2.xsd"
  xmlns:ns5="http://www.garmin.com/xmlschemas/ActivityGoals/v1"
  xmlns:ns3="http://www.garmin.com/xmlschemas/ActivityExtension/v2"
  xmlns:ns2="http://www.garmin.com/xmlschemas/UserProfile/v2"
  xmlns="http://www.garmin.com/xmlschemas/TrainingCenterDatabase/v2"
  xmlns:xsi="http://www.w3.org/2001/XMLSchema-instance" xmlns:ns4="http://www.garmin.com/xmlschemas/ProfileExtension/v1">
  <Activities>
    <Activity Sport="Other">
      <Id>2026-08-11T17:51:52.000Z</Id>
      <Lap StartTime="2026-08-11T17:51:52.000Z">
        <TotalTimeSeconds>2424.975</TotalTimeSeconds>
        <DistanceMeters>5209.33</DistanceMeters>
        <MaximumSpeed>2.938999891281128</MaximumSpeed>
        <Calories>170</Calories>
        <AverageHeartRateBpm>
          <Value>82</Value>
        </AverageHeartRateBpm>
        <MaximumHeartRateBpm>
          <Value>104</Value>
        </MaximumHeartRateBpm>
        <Intensity>Active</Intensity>
        <TriggerMethod>Manual</TriggerMethod>
        <Track>
          <Trackpoint>
            <Time>2026-08-11T17:51:52.000Z</Time>
            <Position>
              <LatitudeDegrees>44.28887707181275</LatitudeDegrees>
              <LongitudeDegrees>-81.59157841466367</LongitudeDegrees>
            </Position>
            <AltitudeMeters>176.0</AltitudeMeters>
            <DistanceMeters>0.0</DistanceMeters>
            <HeartRateBpm>
              <Value>97</Value>
            </HeartRateBpm>
            <Extensions>
              <ns3:TPX>
                <ns3:Speed>0.5509999990463257</ns3:Speed>
              </ns3:TPX>
            </Extensions>
          </Trackpoint>
          <Trackpoint>
            <Time>2026-08-11T17:51:53.000Z</Time>
            <Position>
              <LatitudeDegrees>44.2889245133847</LatitudeDegrees>
              <LongitudeDegrees>-81.59167882986367</LongitudeDegrees>
            </Position>
            <AltitudeMeters>176.0</AltitudeMeters>
            <DistanceMeters>4.090000152587891</DistanceMeters>
            <HeartRateBpm>
              <Value>97</Value>
            </HeartRateBpm>
            <Extensions>
              <ns3:TPX>
                <ns3:Speed>0.5509999990463257</ns3:Speed>
              </ns3:TPX>
            </Extensions>
          </Trackpoint>
          <Trackpoint>
            <Time>2026-08-11T17:52:01.000Z</Time>
            <Position>
              <LatitudeDegrees>44.28908578120172</LatitudeDegrees>
              <LongitudeDegrees>-81.5917050652206</LongitudeDegrees>
            </Position>
            <AltitudeMeters>176.0</AltitudeMeters>
            <DistanceMeters>5.059999942779541</DistanceMeters>
            <HeartRateBpm>
              <Value>95</Value>
            </HeartRateBpm>
            <Extensions>
              <ns3:TPX>
                <ns3:Speed>0.5509999990463257</ns3:Speed>
              </ns3:TPX>
            </Extensions>
          </Trackpoint>
          <Trackpoint>
            <Time>2026-08-11T17:52:02.000Z</Time>
            <Position>
              <LatitudeDegrees>44.28909081034362</LatitudeDegrees>
              <LongitudeDegrees>-81.59169970080256</LongitudeDegrees>
            </Position>
            <AltitudeMeters>176.0</AltitudeMeters>
            <DistanceMeters>5.059999942779541</DistanceMeters>
            <HeartRateBpm>
              <Value>101</Value>
            </HeartRateBpm>
            <Extensions>
              <ns3:TPX>
                <ns3:Speed>0.0</ns3:Speed>
              </ns3:TPX>
            </Extensions>
          </Trackpoint>
          <Trackpoint>
            <Time>2026-08-11T17:52:03.000Z</Time>
            <Position>
              <LatitudeDegrees>44.28909064270556</LatitudeDegrees>
              <LongitudeDegrees>-81.59170079044998</LongitudeDegrees>
            </Position>
            <AltitudeMeters>176.0</AltitudeMeters>
            <DistanceMeters>5.110000133514404</DistanceMeters>
            <HeartRateBpm>
              <Value>101</Value>
            </HeartRateBpm>
            <Extensions>
              <ns3:TPX>
                <ns3:Speed>0.5040000081062317</ns3:Speed>
              </ns3:TPX>
            </Extensions>
          </Trackpoint>
          <Trackpoint>
            <Time>2026-08-11T17:52:08.000Z</Time>
            <Position>
              <LatitudeDegrees>44.28907639347017</LatitudeDegrees>
              <LongitudeDegrees>-81.59171638078988</LongitudeDegrees>
            </Position>
            <AltitudeMeters>176.0</AltitudeMeters>
            <DistanceMeters>7.079999923706055</DistanceMeters>
            <HeartRateBpm>
              <Value>102</Value>
            </HeartRateBpm>
            <Extensions>
              <ns3:TPX>
                <ns3:Speed>0.5320000052452087</ns3:Speed>
              </ns3:TPX>
            </Extensions>
          </Trackpoint>
          <Trackpoint>
            <Time>2026-08-11T17:52:13.000Z</Time>
            <Position>
              <LatitudeDegrees>44.28906340152025</LatitudeDegrees>
              <LongitudeDegrees>-81.59174278378487</LongitudeDegrees>
            </Position>
            <AltitudeMeters>176.0</AltitudeMeters>
            <DistanceMeters>9.8100004196167</DistanceMeters>
            <HeartRateBpm>
              <Value>104</Value>
            </HeartRateBpm>
            <Extensions>
              <ns3:TPX>
                <ns3:Speed>1.0360000133514404</ns3:Speed>
              </ns3:TPX>
            </Extensions>
          </Trackpoint>
          <Trackpoint>
            <Time>2026-08-11T17:52:17.000Z</Time>
            <Position>
              <LatitudeDegrees>44.289053259417415</LatitudeDegrees>
              <LongitudeDegrees>-81.59180933609605</LongitudeDegrees>
            </Position>
            <AltitudeMeters>176.0</AltitudeMeters>
            <DistanceMeters>15.289999961853027</DistanceMeters>
            <HeartRateBpm>
              <Value>104</Value>
            </HeartRateBpm>
            <Extensions>
              <ns3:TPX>
                <ns3:Speed>1.3339999914169312</ns3:Speed>
              </ns3:TPX>
            </Extensions>
          </Trackpoint>
          <Trackpoint>
            <Time>2026-08-11T17:52:18.000Z</Time>
            <Position>
              <LatitudeDegrees>44.289052840322256</LatitudeDegrees>
              <LongitudeDegrees>-81.59182467497885</LongitudeDegrees>
            </Position>
            <AltitudeMeters>173.39999389648438</AltitudeMeters>
            <DistanceMeters>16.469999313354492</DistanceMeters>
            <HeartRateBpm>
              <Value>104</Value>
            </HeartRateBpm>
            <Extensions>
              <ns3:TPX>
                <ns3:Speed>1.194000005722046</ns3:Speed>
              </ns3:TPX>
            </Extensions>
          </Trackpoint>
          <Trackpoint>
            <Time>2026-08-11T17:52:19.000Z</Time>
            <Position>
              <LatitudeDegrees>44.28904923610389</LatitudeDegrees>
              <LongitudeDegrees>-81.59183842130005</LongitudeDegrees>
            </Position>
            <AltitudeMeters>172.0</AltitudeMeters>
            <DistanceMeters>17.6299991607666</DistanceMeters>
            <HeartRateBpm>
              <Value>103</Value>
            </HeartRateBpm>
            <Extensions>
              <ns3:TPX>
                <ns3:Speed>1.222000002861023</ns3:Speed>
              </ns3:TPX>
            </Extensions>
          </Trackpoint>
          <Trackpoint>
            <Time>2026-08-11T17:52:21.000Z</Time>
            <Position>
              <LatitudeDegrees>44.28904429078102</LatitudeDegrees>
              <LongitudeDegrees>-81.5918758045882</LongitudeDegrees>
            </Position>
            <AltitudeMeters>171.0</AltitudeMeters>
            <DistanceMeters>20.649999618530273</DistanceMeters>
            <HeartRateBpm>
              <Value>104</Value>
            </HeartRateBpm>
            <Extensions>
              <ns3:TPX>
                <ns3:Speed>1.3250000476837158</ns3:Speed>
              </ns3:TPX>
            </Extensions>
          </Trackpoint>
          <Trackpoint>
            <Time>2026-08-11T17:52:27.000Z</Time>
            <Position>
              <LatitudeDegrees>44.289029370993376</LatitudeDegrees>
              <LongitudeDegrees>-81.591986278072</LongitudeDegrees>
            </Position>
            <AltitudeMeters>170.60000610351562</AltitudeMeters>
            <DistanceMeters>29.649999618530273</DistanceMeters>
            <HeartRateBpm>
              <Value>102</Value>
            </HeartRateBpm>
            <Extensions>
              <ns3:TPX>
                <ns3:Speed>1.371999979019165</ns3:Speed>
              </ns3:TPX>
            </Extensions>
          </Trackpoint>
          <Trackpoint>
            <Time>2026-08-11T17:52:35.000Z</Time>
            <Position>
              <LatitudeDegrees>44.2890193965286</LatitudeDegrees>
              <LongitudeDegrees>-81.59215291030705</LongitudeDegrees>
            </Position>
            <AltitudeMeters>170.60000610351562</AltitudeMeters>
            <DistanceMeters>42.95000076293945</DistanceMeters>
            <HeartRateBpm>
              <Value>99</Value>
            </HeartRateBpm>
            <Extensions>
              <ns3:TPX>
                <ns3:Speed>1.5019999742507935</ns3:Speed>
              </ns3:TPX>
            </Extensions>
          </Trackpoint>
          <Trackpoint>
            <Time>2026-08-11T17:52:36.000Z</Time>
            <Position>
              <LatitudeDegrees>44.289014618843794</LatitudeDegrees>
              <LongitudeDegrees>-81.59217067994177</LongitudeDegrees>
            </Position>
            <AltitudeMeters>170.60000610351562</AltitudeMeters>
            <DistanceMeters>44.470001220703125</DistanceMeters>
            <HeartRateBpm>
              <Value>99</Value>
            </HeartRateBpm>
            <Extensions>
              <ns3:TPX>
                <ns3:Speed>1.5019999742507935</ns3:Speed>
              </ns3:TPX>
            </Extensions>
          </Trackpoint>
          <Trackpoint>
            <Time>2026-08-11T17:52:45.000Z</Time>
            <Position>
              <LatitudeDegrees>44.289000956341624</LatitudeDegrees>
              <LongitudeDegrees>-81.5924025233835</LongitudeDegrees>
            </Position>
            <AltitudeMeters>170.0</AltitudeMeters>
            <DistanceMeters>63.02000045776367</DistanceMeters>
            <HeartRateBpm>
              <Value>97</Value>
            </HeartRateBpm>
            <Extensions>
              <ns3:TPX>
                <ns3:Speed>1.968999981880188</ns3:Speed>
              </ns3:TPX>
            </Extensions>
          </Trackpoint>
          <Trackpoint>
            <Time>2026-08-11T17:52:49.000Z</Time>
            <Position>
              <LatitudeDegrees>44.288982851430774</LatitudeDegrees>
              <LongitudeDegrees>-81.59251752309501</LongitudeDegrees>
            </Position>
            <AltitudeMeters>170.0</AltitudeMeters>
            <DistanceMeters>72.44000244140625</DistanceMeters>
            <HeartRateBpm>
              <Value>96</Value>
            </HeartRateBpm>
            <Extensions>
              <ns3:TPX>
                <ns3:Speed>2.118000030517578</ns3:Speed>
              </ns3:TPX>
            </Extensions>
          </Trackpoint>
          <Trackpoint>
            <Time>2026-08-11T17:52:54.000Z</Time>
            <Position>
              <LatitudeDegrees>44.288950162008405</LatitudeDegrees>
              <LongitudeDegrees>-81.59266781061888</LongitudeDegrees>
            </Position>
            <AltitudeMeters>169.8000030517578</AltitudeMeters>
            <DistanceMeters>84.97000122070312</DistanceMeters>
            <HeartRateBpm>
              <Value>98</Value>
            </HeartRateBpm>
            <Extensions>
              <ns3:TPX>
                <ns3:Speed>2.3980000019073486</ns3:Speed>
              </ns3:TPX>
            </Extensions>
          </Trackpoint>
          <Trackpoint>
            <Time>2026-08-11T17:53:03.000Z</Time>
            <Position>
              <LatitudeDegrees>44.28890297189355</LatitudeDegrees>
              <LongitudeDegrees>-81.59292966127396</LongitudeDegrees>
            </Position>
            <AltitudeMeters>169.8000030517578</AltitudeMeters>
            <DistanceMeters>106.5</DistanceMeters>
            <HeartRateBpm>
              <Value>96</Value>
            </HeartRateBpm>
            <Extensions>
              <ns3:TPX>
                <ns3:Speed>2.434999942779541</ns3:Speed>
              </ns3:TPX>
            </Extensions>
          </Trackpoint>
          <Trackpoint>
            <Time>2026-08-11T17:53:13.000Z</Time>
            <Position>
              <LatitudeDegrees>44.28883524611592</LatitudeDegrees>
              <LongitudeDegrees>-81.5931845549494</LongitudeDegrees>
            </Position>
            <AltitudeMeters>169.8000030517578</AltitudeMeters>
            <DistanceMeters>128.13999938964844</DistanceMeters>
            <HeartRateBpm>
              <Value>97</Value>
            </HeartRateBpm>
            <Extensions>
              <ns3:TPX>
                <ns3:Speed>2.193000078201294</ns3:Speed>
              </ns3:TPX>
            </Extensions>
          </Trackpoint>
          <Trackpoint>
            <Time>2026-08-11T17:53:14.000Z</Time>
            <Position>
              <LatitudeDegrees>44.288827031850815</LatitudeDegrees>
              <LongitudeDegrees>-81.5932051744312</LongitudeDegrees>
            </Position>
            <AltitudeMeters>169.8000030517578</AltitudeMeters>
            <DistanceMeters>130.02000427246094</DistanceMeters>
            <HeartRateBpm>
              <Value>94</Value>
            </HeartRateBpm>
            <Extensions>
              <ns3:TPX>
                <ns3:Speed>2.183000087738037</ns3:Speed>
              </ns3:TPX>
            </Extensions>
          </Trackpoint>
          <Trackpoint>
            <Time>2026-08-11T17:53:25.000Z</Time>
            <Position>
              <LatitudeDegrees>44.28872091695666</LatitudeDegrees>
              <LongitudeDegrees>-81.5934800170362</LongitudeDegrees>
            </Position>
            <AltitudeMeters>169.60000610351562</AltitudeMeters>
            <DistanceMeters>154.9499969482422</DistanceMeters>
            <HeartRateBpm>
              <Value>89</Value>
            </HeartRateBpm>
            <Extensions>
              <ns3:TPX>
                <ns3:Speed>2.239000082015991</ns3:Speed>
              </ns3:TPX>
            </Extensions>
          </Trackpoint>
          <Trackpoint>
            <Time>2026-08-11T17:53:26.000Z</Time>
            <Position>
              <LatitudeDegrees>44.28870951756835</LatitudeDegrees>
              <LongitudeDegrees>-81.59350558184087</LongitudeDegrees>
            </Position>
            <AltitudeMeters>169.60000610351562</AltitudeMeters>
            <DistanceMeters>157.35000610351562</DistanceMeters>
            <HeartRateBpm>
              <Value>89</Value>
            </HeartRateBpm>
            <Extensions>
              <ns3:TPX>
                <ns3:Speed>2.2769999504089355</ns3:Speed>
              </ns3:TPX>
            </Extensions>
          </Trackpoint>
          <Trackpoint>
            <Time>2026-08-11T17:53:31.000Z</Time>
            <Position>
              <LatitudeDegrees>44.288656963035464</LatitudeDegrees>
              <LongitudeDegrees>-81.59363793209195</LongitudeDegrees>
            </Position>
            <AltitudeMeters>169.60000610351562</AltitudeMeters>
            <DistanceMeters>169.44000244140625</DistanceMeters>
            <HeartRateBpm>
              <Value>86</Value>
            </HeartRateBpm>
            <Extensions>
              <ns3:TPX>
                <ns3:Speed>2.3889999389648438</ns3:Speed>
              </ns3:TPX>
            </Extensions>
          </Trackpoint>
          <Trackpoint>
            <Time>2026-08-11T17:53:32.000Z</Time>
            <Position>
              <LatitudeDegrees>44.288645228371024</LatitudeDegrees>
              <LongitudeDegrees>-81.59366089850664</LongitudeDegrees>
            </Position>
            <AltitudeMeters>169.60000610351562</AltitudeMeters>
            <DistanceMeters>171.69000244140625</DistanceMeters>
            <HeartRateBpm>
              <Value>82</Value>
            </HeartRateBpm>
            <Extensions>
              <ns3:TPX>
                <ns3:Speed>2.3889999389648438</ns3:Speed>
              </ns3:TPX>
            </Extensions>
          </Trackpoint>
          <Trackpoint>
            <Time>2026-08-11T17:53:33.000Z</Time>
            <Position>
              <LatitudeDegrees>44.28863215260208</LatitudeDegrees>
              <LongitudeDegrees>-81.59368369728327</LongitudeDegrees>
            </Position>
            <AltitudeMeters>169.60000610351562</AltitudeMeters>
            <DistanceMeters>174.02000427246094</DistanceMeters>
            <HeartRateBpm>
              <Value>82</Value>
            </HeartRateBpm>
            <Extensions>
              <ns3:TPX>
                <ns3:Speed>2.4170000553131104</ns3:Speed>
              </ns3:TPX>
            </Extensions>
          </Trackpoint>
          <Trackpoint>
            <Time>2026-08-11T17:53:35.000Z</Time>
            <Position>
              <LatitudeDegrees>44.28860792890191</LatitudeDegrees>
              <LongitudeDegrees>-81.5937271155417</LongitudeDegrees>
            </Position>
            <AltitudeMeters>169.60000610351562</AltitudeMeters>
            <DistanceMeters>178.41000366210938</DistanceMeters>
            <HeartRateBpm>
              <Value>79</Value>
            </HeartRateBpm>
            <Extensions>
              <ns3:TPX>
                <ns3:Speed>2.3510000705718994</ns3:Speed>
              </ns3:TPX>
            </Extensions>
          </Trackpoint>
          <Trackpoint>
            <Time>2026-08-11T17:53:43.000Z</Time>
            <Position>
              <LatitudeDegrees>44.288533916696906</LatitudeDegrees>
              <LongitudeDegrees>-81.59392098896205</LongitudeDegrees>
            </Position>
            <AltitudeMeters>169.8000030517578</AltitudeMeters>
            <DistanceMeters>195.9499969482422</DistanceMeters>
            <HeartRateBpm>
              <Value>76</Value>
            </HeartRateBpm>
            <Extensions>
              <ns3:TPX>
                <ns3:Speed>2.183000087738037</ns3:Speed>
              </ns3:TPX>
            </Extensions>
          </Trackpoint>
          <Trackpoint>
            <Time>2026-08-11T17:53:45.000Z</Time>
            <Position>
              <LatitudeDegrees>44.28851891309023</LatitudeDegrees>
              <LongitudeDegrees>-81.59397815354168</LongitudeDegrees>
            </Position>
            <AltitudeMeters>170.0</AltitudeMeters>
            <DistanceMeters>200.80999755859375</DistanceMeters>
            <HeartRateBpm>
              <Value>74</Value>
            </HeartRateBpm>
            <Extensions>
              <ns3:TPX>
                <ns3:Speed>2.1549999713897705</ns3:Speed>
              </ns3:TPX>
            </Extensions>
          </Trackpoint>
          <Trackpoint>
            <Time>2026-08-11T17:53:53.000Z</Time>
            <Position>
              <LatitudeDegrees>44.288456635549664</LatitudeDegrees>
              <LongitudeDegrees>-81.59416842274368</LongitudeDegrees>
            </Position>
            <AltitudeMeters>170.0</AltitudeMeters>
            <DistanceMeters>217.5</DistanceMeters>
            <HeartRateBpm>
              <Value>71</Value>
            </HeartRateBpm>
            <Extensions>
              <ns3:TPX>
                <ns3:Speed>2.13700008392334</ns3:Speed>
              </ns3:TPX>
            </Extensions>
          </Trackpoint>
          <Trackpoint>
            <Time>2026-08-11T17:53:55.000Z</Time>
            <Position>
              <LatitudeDegrees>44.28844029083848</LatitudeDegrees>
              <LongitudeDegrees>-81.5942157804966</LongitudeDegrees>
            </Position>
            <AltitudeMeters>170.0</AltitudeMeters>
            <DistanceMeters>221.69000244140625</DistanceMeters>
            <HeartRateBpm>
              <Value>74</Value>
            </HeartRateBpm>
            <Extensions>
              <ns3:TPX>
                <ns3:Speed>2.13700008392334</ns3:Speed>
              </ns3:TPX>
            </Extensions>
          </Trackpoint>
          <Trackpoint>
            <Time>2026-08-11T17:53:57.000Z</Time>
            <Position>
              <LatitudeDegrees>44.28841933608055</LatitudeDegrees>
              <LongitudeDegrees>-81.59425919875503</LongitudeDegrees>
            </Position>
            <AltitudeMeters>170.0</AltitudeMeters>
            <DistanceMeters>225.8699951171875</DistanceMeters>
            <HeartRateBpm>
              <Value>73</Value>
            </HeartRateBpm>
            <Extensions>
              <ns3:TPX>
                <ns3:Speed>2.127000093460083</ns3:Speed>
              </ns3:TPX>
            </Extensions>
          </Trackpoint>
          <Trackpoint>
            <Time>2026-08-11T17:54:07.000Z</Time>
            <Position>
              <LatitudeDegrees>44.28828438743949</LatitudeDegrees>
              <LongitudeDegrees>-81.59444921649992</LongitudeDegrees>
            </Position>
            <AltitudeMeters>170.1999969482422</AltitudeMeters>
            <DistanceMeters>247.16000366210938</DistanceMeters>
            <HeartRateBpm>
              <Value>73</Value>
            </HeartRateBpm>
            <Extensions>
              <ns3:TPX>
                <ns3:Speed>2.1740000247955322</ns3:Speed>
              </ns3:TPX>
            </Extensions>
          </Trackpoint>
          <Trackpoint>
            <Time>2026-08-11T17:54:11.000Z</Time>
            <Position>
              <LatitudeDegrees>44.288220182061195</LatitudeDegrees>
              <LongitudeDegrees>-81.59452356398106</LongitudeDegrees>
            </Position>
            <AltitudeMeters>170.1999969482422</AltitudeMeters>
            <DistanceMeters>256.44000244140625</DistanceMeters>
            <HeartRateBpm>
              <Value>76</Value>
            </HeartRateBpm>
            <Extensions>
              <ns3:TPX>
                <ns3:Speed>2.2109999656677246</ns3:Speed>
              </ns3:TPX>
            </Extensions>
          </Trackpoint>
          <Trackpoint>
            <Time>2026-08-11T17:54:14.000Z</Time>
            <Position>
              <LatitudeDegrees>44.28817098028958</LatitudeDegrees>
              <LongitudeDegrees>-81.59457829780877</LongitudeDegrees>
            </Position>
            <AltitudeMeters>170.1999969482422</AltitudeMeters>
            <DistanceMeters>263.42999267578125</DistanceMeters>
            <HeartRateBpm>
              <Value>79</Value>
            </HeartRateBpm>
            <Extensions>
              <ns3:TPX>
                <ns3:Speed>2.2109999656677246</ns3:Speed>
              </ns3:TPX>
            </Extensions>
          </Trackpoint>
          <Trackpoint>
            <Time>2026-08-11T17:54:16.000Z</Time>
            <Position>
              <LatitudeDegrees>44.28813971579075</LatitudeDegrees>
              <LongitudeDegrees>-81.59461517818272</LongitudeDegrees>
            </Position>
            <AltitudeMeters>170.0</AltitudeMeters>
            <DistanceMeters>267.989990234375</DistanceMeters>
            <HeartRateBpm>
              <Value>80</Value>
            </HeartRateBpm>
            <Extensions>
              <ns3:TPX>
                <ns3:Speed>2.2209999561309814</ns3:Speed>
              </ns3:TPX>
            </Extensions>
          </Trackpoint>
          <Trackpoint>
            <Time>2026-08-11T17:54:27.000Z</Time>
            <Position>
              <LatitudeDegrees>44.28796880878508</LatitudeDegrees>
              <LongitudeDegrees>-81.59487099386752</LongitudeDegrees>
            </Position>
            <AltitudeMeters>169.0</AltitudeMeters>
            <DistanceMeters>296.0199890136719</DistanceMeters>
            <HeartRateBpm>
              <Value>82</Value>
            </HeartRateBpm>
            <Extensions>
              <ns3:TPX>
                <ns3:Speed>2.5940001010894775</ns3:Speed>
              </ns3:TPX>
            </Extensions>
          </Trackpoint>
          <Trackpoint>
            <Time>2026-08-11T17:54:39.000Z</Time>
            <Position>
              <LatitudeDegrees>44.287797566503286</LatitudeDegrees>
              <LongitudeDegrees>-81.5951928589493</LongitudeDegrees>
            </Position>
            <AltitudeMeters>169.39999389648438</AltitudeMeters>
            <DistanceMeters>328.0299987792969</DistanceMeters>
            <HeartRateBpm>
              <Value>82</Value>
            </HeartRateBpm>
            <Extensions>
              <ns3:TPX>
                <ns3:Speed>2.61299991607666</ns3:Speed>
              </ns3:TPX>
            </Extensions>
          </Trackpoint>
          <Trackpoint>
            <Time>2026-08-11T17:54:52.000Z</Time>
            <Position>
              <LatitudeDegrees>44.28760587237775</LatitudeDegrees>
              <LongitudeDegrees>-81.5955504309386</LongitudeDegrees>
            </Position>
            <AltitudeMeters>170.0</AltitudeMeters>
            <DistanceMeters>363.70001220703125</DistanceMeters>
            <HeartRateBpm>
              <Value>81</Value>
            </HeartRateBpm>
            <Extensions>
              <ns3:TPX>
                <ns3:Speed>2.7249999046325684</ns3:Speed>
              </ns3:TPX>
            </Extensions>
          </Trackpoint>
          <Trackpoint>
            <Time>2026-08-11T17:55:05.000Z</Time>
            <Position>
              <LatitudeDegrees>44.28743747994304</LatitudeDegrees>
              <LongitudeDegrees>-81.59591495990753</LongitudeDegrees>
            </Position>
            <AltitudeMeters>170.0</AltitudeMeters>
            <DistanceMeters>398.30999755859375</DistanceMeters>
            <HeartRateBpm>
              <Value>78</Value>
            </HeartRateBpm>
            <Extensions>
              <ns3:TPX>
                <ns3:Speed>2.5850000381469727</ns3:Speed>
              </ns3:TPX>
            </Extensions>
          </Trackpoint>
          <Trackpoint>
            <Time>2026-08-11T17:55:06.000Z</Time>
            <Position>
              <LatitudeDegrees>44.28742557764053</LatitudeDegrees>
              <LongitudeDegrees>-81.59594337455928</LongitudeDegrees>
            </Position>
            <AltitudeMeters>170.0</AltitudeMeters>
            <DistanceMeters>400.94000244140625</DistanceMeters>
            <HeartRateBpm>
              <Value>78</Value>
            </HeartRateBpm>
            <Extensions>
              <ns3:TPX>
                <ns3:Speed>2.556999921798706</ns3:Speed>
              </ns3:TPX>
            </Extensions>
          </Trackpoint>
          <Trackpoint>
            <Time>2026-08-11T17:55:19.000Z</Time>
            <Position>
              <LatitudeDegrees>44.2872994299978</LatitudeDegrees>
              <LongitudeDegrees>-81.5962930675596</LongitudeDegrees>
            </Position>
            <AltitudeMeters>170.60000610351562</AltitudeMeters>
            <DistanceMeters>432.17999267578125</DistanceMeters>
            <HeartRateBpm>
              <Value>75</Value>
            </HeartRateBpm>
            <Extensions>
              <ns3:TPX>
                <ns3:Speed>2.4170000553131104</ns3:Speed>
              </ns3:TPX>
            </Extensions>
          </Trackpoint>
          <Trackpoint>
            <Time>2026-08-11T17:55:23.000Z</Time>
            <Position>
              <LatitudeDegrees>44.287268752232194</LatitudeDegrees>
              <LongitudeDegrees>-81.59640664234757</LongitudeDegrees>
            </Position>
            <AltitudeMeters>171.0</AltitudeMeters>
            <DistanceMeters>441.8599853515625</DistanceMeters>
            <HeartRateBpm>
              <Value>74</Value>
            </HeartRateBpm>
            <Extensions>
              <ns3:TPX>
                <ns3:Speed>2.3420000076293945</ns3:Speed>
              </ns3:TPX>
            </Extensions>
          </Trackpoint>
          <Trackpoint>
            <Time>2026-08-11T17:55:33.000Z</Time>
            <Position>
              <LatitudeDegrees>44.28720463067293</LatitudeDegrees>
              <LongitudeDegrees>-81.59669271670282</LongitudeDegrees>
            </Position>
            <AltitudeMeters>171.60000610351562</AltitudeMeters>
            <DistanceMeters>465.7699890136719</DistanceMeters>
            <HeartRateBpm>
              <Value>74</Value>
            </HeartRateBpm>
            <Extensions>
              <ns3:TPX>
                <ns3:Speed>2.3610000610351562</ns3:Speed>
              </ns3:TPX>
            </Extensions>
          </Trackpoint>
          <Trackpoint>
            <Time>2026-08-11T17:55:38.000Z</Time>
            <Position>
              <LatitudeDegrees>44.28716984577477</LatitudeDegrees>
              <LongitudeDegrees>-81.59683135338128</LongitudeDegrees>
            </Position>
            <AltitudeMeters>172.0</AltitudeMeters>
            <DistanceMeters>477.510009765625</DistanceMeters>
            <HeartRateBpm>
              <Value>74</Value>
            </HeartRateBpm>
            <Extensions>
              <ns3:TPX>
                <ns3:Speed>2.3610000610351562</ns3:Speed>
              </ns3:TPX>
            </Extensions>
          </Trackpoint>
          <Trackpoint>
            <Time>2026-08-11T17:55:44.000Z</Time>
            <Position>
              <LatitudeDegrees>44.28712927736342</LatitudeDegrees>
              <LongitudeDegrees>-81.59700913354754</LongitudeDegrees>
            </Position>
            <AltitudeMeters>172.1999969482422</AltitudeMeters>
            <DistanceMeters>492.3999938964844</DistanceMeters>
            <HeartRateBpm>
              <Value>77</Value>
            </HeartRateBpm>
            <Extensions>
              <ns3:TPX>
                <ns3:Speed>2.3889999389648438</ns3:Speed>
              </ns3:TPX>
            </Extensions>
          </Trackpoint>
          <Trackpoint>
            <Time>2026-08-11T17:55:46.000Z</Time>
            <Position>
              <LatitudeDegrees>44.287112932652235</LatitudeDegrees>
              <LongitudeDegrees>-81.59706931561232</LongitudeDegrees>
            </Position>
            <AltitudeMeters>172.39999389648438</AltitudeMeters>
            <DistanceMeters>497.5299987792969</DistanceMeters>
            <HeartRateBpm>
              <Value>78</Value>
            </HeartRateBpm>
            <Extensions>
              <ns3:TPX>
                <ns3:Speed>2.4260001182556152</ns3:Speed>
              </ns3:TPX>
            </Extensions>
          </Trackpoint>
          <Trackpoint>
            <Time>2026-08-11T17:55:56.000Z</Time>
            <Position>
              <LatitudeDegrees>44.28701042197645</LatitudeDegrees>
              <LongitudeDegrees>-81.59734499640763</LongitudeDegrees>
            </Position>
            <AltitudeMeters>173.0</AltitudeMeters>
            <DistanceMeters>522.3400268554688</DistanceMeters>
            <HeartRateBpm>
              <Value>80</Value>
            </HeartRateBpm>
            <Extensions>
              <ns3:TPX>
                <ns3:Speed>2.434999942779541</ns3:Speed>
              </ns3:TPX>
            </Extensions>
          </Trackpoint>
          <Trackpoint>
            <Time>2026-08-11T17:55:57.000Z</Time>
            <Position>
              <LatitudeDegrees>44.28699994459748</LatitudeDegrees>
              <LongitudeDegrees>-81.59737190231681</LongitudeDegrees>
            </Position>
            <AltitudeMeters>173.0</AltitudeMeters>
            <DistanceMeters>524.780029296875</DistanceMeters>
            <HeartRateBpm>
              <Value>80</Value>
            </HeartRateBpm>
            <Extensions>
              <ns3:TPX>
                <ns3:Speed>2.434999942779541</ns3:Speed>
              </ns3:TPX>
            </Extensions>
          </Trackpoint>
          <Trackpoint>
            <Time>2026-08-11T17:56:07.000Z</Time>
            <Position>
              <LatitudeDegrees>44.28689609281719</LatitudeDegrees>
              <LongitudeDegrees>-81.59765831194818</LongitudeDegrees>
            </Position>
            <AltitudeMeters>173.60000610351562</AltitudeMeters>
            <DistanceMeters>550.47998046875</DistanceMeters>
            <HeartRateBpm>
              <Value>79</Value>
            </HeartRateBpm>
            <Extensions>
              <ns3:TPX>
                <ns3:Speed>2.4730000495910645</ns3:Speed>
              </ns3:TPX>
            </Extensions>
          </Trackpoint>
          <Trackpoint>
            <Time>2026-08-11T17:56:17.000Z</Time>
            <Position>
              <LatitudeDegrees>44.286739183589816</LatitudeDegrees>
              <LongitudeDegrees>-81.59787657670677</LongitudeDegrees>
            </Position>
            <AltitudeMeters>173.39999389648438</AltitudeMeters>
            <DistanceMeters>575.2100219726562</DistanceMeters>
            <HeartRateBpm>
              <Value>80</Value>
            </HeartRateBpm>
            <Extensions>
              <ns3:TPX>
                <ns3:Speed>2.509999990463257</ns3:Speed>
              </ns3:TPX>
            </Extensions>
          </Trackpoint>
          <Trackpoint>
            <Time>2026-08-11T17:56:25.000Z</Time>
            <Position>
              <LatitudeDegrees>44.2866104375571</LatitudeDegrees>
              <LongitudeDegrees>-81.59804429858923</LongitudeDegrees>
            </Position>
            <AltitudeMeters>174.0</AltitudeMeters>
            <DistanceMeters>594.780029296875</DistanceMeters>
            <HeartRateBpm>
              <Value>80</Value>
            </HeartRateBpm>
            <Extensions>
              <ns3:TPX>
                <ns3:Speed>2.556999921798706</ns3:Speed>
              </ns3:TPX>
            </Extensions>
          </Trackpoint>
          <Trackpoint>
            <Time>2026-08-11T17:56:32.000Z</Time>
            <Position>
              <LatitudeDegrees>44.28649032488465</LatitudeDegrees>
              <LongitudeDegrees>-81.59818385727704</LongitudeDegrees>
            </Position>
            <AltitudeMeters>174.0</AltitudeMeters>
            <DistanceMeters>612.1500244140625</DistanceMeters>
            <HeartRateBpm>
              <Value>81</Value>
            </HeartRateBpm>
            <Extensions>
              <ns3:TPX>
                <ns3:Speed>2.4730000495910645</ns3:Speed>
              </ns3:TPX>
            </Extensions>
          </Trackpoint>
          <Trackpoint>
            <Time>2026-08-11T17:56:37.000Z</Time>
            <Position>
              <LatitudeDegrees>44.286402398720384</LatitudeDegrees>
              <LongitudeDegrees>-81.59827949479222</LongitudeDegrees>
            </Position>
            <AltitudeMeters>174.39999389648438</AltitudeMeters>
            <DistanceMeters>624.5399780273438</DistanceMeters>
            <HeartRateBpm>
              <Value>81</Value>
            </HeartRateBpm>
            <Extensions>
              <ns3:TPX>
                <ns3:Speed>2.4539999961853027</ns3:Speed>
              </ns3:TPX>
            </Extensions>
          </Trackpoint>
          <Trackpoint>
            <Time>2026-08-11T17:56:43.000Z</Time>
            <Position>
              <LatitudeDegrees>44.286301312968135</LatitudeDegrees>
              <LongitudeDegrees>-81.5983896329999</LongitudeDegrees>
            </Position>
            <AltitudeMeters>174.8000030517578</AltitudeMeters>
            <DistanceMeters>638.7999877929688</DistanceMeters>
            <HeartRateBpm>
              <Value>78</Value>
            </HeartRateBpm>
            <Extensions>
              <ns3:TPX>
                <ns3:Speed>2.369999885559082</ns3:Speed>
              </ns3:TPX>
            </Extensions>
          </Trackpoint>
          <Trackpoint>
            <Time>2026-08-11T17:56:48.000Z</Time>
            <Position>
              <LatitudeDegrees>44.28623258136213</LatitudeDegrees>
              <LongitudeDegrees>-81.5985122602433</LongitudeDegrees>
            </Position>
            <AltitudeMeters>174.8000030517578</AltitudeMeters>
            <DistanceMeters>651.22998046875</DistanceMeters>
            <HeartRateBpm>
              <Value>76</Value>
            </HeartRateBpm>
            <Extensions>
              <ns3:TPX>
                <ns3:Speed>2.378999948501587</ns3:Speed>
              </ns3:TPX>
            </Extensions>
          </Trackpoint>
          <Trackpoint>
            <Time>2026-08-11T17:56:59.000Z</Time>
            <Position>
              <LatitudeDegrees>44.28607583977282</LatitudeDegrees>
              <LongitudeDegrees>-81.59876271151006</LongitudeDegrees>
            </Position>
            <AltitudeMeters>175.0</AltitudeMeters>
            <DistanceMeters>677.77001953125</DistanceMeters>
            <HeartRateBpm>
              <Value>77</Value>
            </HeartRateBpm>
            <Extensions>
              <ns3:TPX>
                <ns3:Speed>2.4539999961853027</ns3:Speed>
              </ns3:TPX>
            </Extensions>
          </Trackpoint>
          <Trackpoint>
            <Time>2026-08-11T17:57:11.000Z</Time>
            <Position>
              <LatitudeDegrees>44.28592479787767</LatitudeDegrees>
              <LongitudeDegrees>-81.5990836545825</LongitudeDegrees>
            </Position>
            <AltitudeMeters>174.8000030517578</AltitudeMeters>
            <DistanceMeters>708.4099731445312</DistanceMeters>
            <HeartRateBpm>
              <Value>76</Value>
            </HeartRateBpm>
            <Extensions>
              <ns3:TPX>
                <ns3:Speed>2.5190000534057617</ns3:Speed>
              </ns3:TPX>
            </Extensions>
          </Trackpoint>
          <Trackpoint>
            <Time>2026-08-11T17:57:18.000Z</Time>
            <Position>
              <LatitudeDegrees>44.28582714870572</LatitudeDegrees>
              <LongitudeDegrees>-81.59926612861454</LongitudeDegrees>
            </Position>
            <AltitudeMeters>175.0</AltitudeMeters>
            <DistanceMeters>726.5800170898438</DistanceMeters>
            <HeartRateBpm>
              <Value>79</Value>
            </HeartRateBpm>
            <Extensions>
              <ns3:TPX>
                <ns3:Speed>2.565999984741211</ns3:Speed>
              </ns3:TPX>
            </Extensions>
          </Trackpoint>
          <Trackpoint>
            <Time>2026-08-11T17:57:21.000Z</Time>
            <Position>
              <LatitudeDegrees>44.28577400743961</LatitudeDegrees>
              <LongitudeDegrees>-81.59935028292239</LongitudeDegrees>
            </Position>
            <AltitudeMeters>175.39999389648438</AltitudeMeters>
            <DistanceMeters>735.52001953125</DistanceMeters>
            <HeartRateBpm>
              <Value>78</Value>
            </HeartRateBpm>
            <Extensions>
              <ns3:TPX>
                <ns3:Speed>2.63100004196167</ns3:Speed>
              </ns3:TPX>
            </Extensions>
          </Trackpoint>
          <Trackpoint>
            <Time>2026-08-11T17:57:23.000Z</Time>
            <Position>
              <LatitudeDegrees>44.2857385519892</LatitudeDegrees>
              <LongitudeDegrees>-81.59939663484693</LongitudeDegrees>
            </Position>
            <AltitudeMeters>175.8000030517578</AltitudeMeters>
            <DistanceMeters>740.9299926757812</DistanceMeters>
            <HeartRateBpm>
              <Value>80</Value>
            </HeartRateBpm>
            <Extensions>
              <ns3:TPX>
                <ns3:Speed>2.6689999103546143</ns3:Speed>
              </ns3:TPX>
            </Extensions>
          </Trackpoint>
          <Trackpoint>
            <Time>2026-08-11T17:57:27.000Z</Time>
            <Position>
              <LatitudeDegrees>44.28567040711641</LatitudeDegrees>
              <LongitudeDegrees>-81.59948422573507</LongitudeDegrees>
            </Position>
            <AltitudeMeters>175.1999969482422</AltitudeMeters>
            <DistanceMeters>751.22998046875</DistanceMeters>
            <HeartRateBpm>
              <Value>77</Value>
            </HeartRateBpm>
            <Extensions>
              <ns3:TPX>
                <ns3:Speed>2.6689999103546143</ns3:Speed>
              </ns3:TPX>
            </Extensions>
          </Trackpoint>
          <Trackpoint>
            <Time>2026-08-11T17:57:34.000Z</Time>
            <Position>
              <LatitudeDegrees>44.28556521423161</LatitudeDegrees>
              <LongitudeDegrees>-81.59965245053172</LongitudeDegrees>
            </Position>
            <AltitudeMeters>175.1999969482422</AltitudeMeters>
            <DistanceMeters>769.0399780273438</DistanceMeters>
            <HeartRateBpm>
              <Value>80</Value>
            </HeartRateBpm>
            <Extensions>
              <ns3:TPX>
                <ns3:Speed>2.6410000324249268</ns3:Speed>
              </ns3:TPX>
            </Extensions>
          </Trackpoint>
          <Trackpoint>
            <Time>2026-08-11T17:57:36.000Z</Time>
            <Position>
              <LatitudeDegrees>44.28553336299956</LatitudeDegrees>
              <LongitudeDegrees>-81.59969662316144</LongitudeDegrees>
            </Position>
            <AltitudeMeters>175.39999389648438</AltitudeMeters>
            <DistanceMeters>774.0399780273438</DistanceMeters>
            <HeartRateBpm>
              <Value>83</Value>
            </HeartRateBpm>
            <Extensions>
              <ns3:TPX>
                <ns3:Speed>2.6410000324249268</ns3:Speed>
              </ns3:TPX>
            </Extensions>
          </Trackpoint>
          <Trackpoint>
            <Time>2026-08-11T17:57:37.000Z</Time>
            <Position>
              <LatitudeDegrees>44.28551190532744</LatitudeDegrees>
              <LongitudeDegrees>-81.5997171588242</LongitudeDegrees>
            </Position>
            <AltitudeMeters>175.39999389648438</AltitudeMeters>
            <DistanceMeters>776.9099731445312</DistanceMeters>
            <HeartRateBpm>
              <Value>86</Value>
            </HeartRateBpm>
            <Extensions>
              <ns3:TPX>
                <ns3:Speed>2.6410000324249268</ns3:Speed>
              </ns3:TPX>
            </Extensions>
          </Trackpoint>
          <Trackpoint>
            <Time>2026-08-11T17:57:46.000Z</Time>
            <Position>
              <LatitudeDegrees>44.28536840714514</LatitudeDegrees>
              <LongitudeDegrees>-81.59992503002286</LongitudeDegrees>
            </Position>
            <AltitudeMeters>175.39999389648438</AltitudeMeters>
            <DistanceMeters>799.9400024414062</DistanceMeters>
            <HeartRateBpm>
              <Value>89</Value>
            </HeartRateBpm>
            <Extensions>
              <ns3:TPX>
                <ns3:Speed>2.4820001125335693</ns3:Speed>
              </ns3:TPX>
            </Extensions>
          </Trackpoint>
          <Trackpoint>
            <Time>2026-08-11T17:57:49.000Z</Time>
            <Position>
              <LatitudeDegrees>44.285324066877365</LatitudeDegrees>
              <LongitudeDegrees>-81.59998797811568</LongitudeDegrees>
            </Position>
            <AltitudeMeters>175.60000610351562</AltitudeMeters>
            <DistanceMeters>806.969970703125</DistanceMeters>
            <HeartRateBpm>
              <Value>84</Value>
            </HeartRateBpm>
            <Extensions>
              <ns3:TPX>
                <ns3:Speed>2.500999927520752</ns3:Speed>
              </ns3:TPX>
            </Extensions>
          </Trackpoint>
          <Trackpoint>
            <Time>2026-08-11T17:57:50.000Z</Time>
            <Position>
              <LatitudeDegrees>44.285309398546815</LatitudeDegrees>
              <LongitudeDegrees>-81.60001027397811</LongitudeDegrees>
            </Position>
            <AltitudeMeters>175.60000610351562</AltitudeMeters>
            <DistanceMeters>809.3900146484375</DistanceMeters>
            <HeartRateBpm>
              <Value>84</Value>
            </HeartRateBpm>
            <Extensions>
              <ns3:TPX>
                <ns3:Speed>2.500999927520752</ns3:Speed>
              </ns3:TPX>
            </Extensions>
          </Trackpoint>
          <Trackpoint>
            <Time>2026-08-11T17:57:56.000Z</Time>
            <Position>
              <LatitudeDegrees>44.285219460725784</LatitudeDegrees>
              <LongitudeDegrees>-81.600147401914</LongitudeDegrees>
            </Position>
            <AltitudeMeters>175.60000610351562</AltitudeMeters>
            <DistanceMeters>824.219970703125</DistanceMeters>
            <HeartRateBpm>
              <Value>82</Value>
            </HeartRateBpm>
            <Extensions>
              <ns3:TPX>
                <ns3:Speed>2.509999990463257</ns3:Speed>
              </ns3:TPX>
            </Extensions>
          </Trackpoint>
          <Trackpoint>
            <Time>2026-08-11T17:58:03.000Z</Time>
            <Position>
              <LatitudeDegrees>44.28511234000325</LatitudeDegrees>
              <LongitudeDegrees>-81.6003236733377</LongitudeDegrees>
            </Position>
            <AltitudeMeters>175.60000610351562</AltitudeMeters>
            <DistanceMeters>842.6400146484375</DistanceMeters>
            <HeartRateBpm>
              <Value>76</Value>
            </HeartRateBpm>
            <Extensions>
              <ns3:TPX>
                <ns3:Speed>2.61299991607666</ns3:Speed>
              </ns3:TPX>
            </Extensions>
          </Trackpoint>
          <Trackpoint>
            <Time>2026-08-11T17:58:07.000Z</Time>
            <Position>
              <LatitudeDegrees>44.285041093826294</LatitudeDegrees>
              <LongitudeDegrees>-81.60041478462517</LongitudeDegrees>
            </Position>
            <AltitudeMeters>175.39999389648438</AltitudeMeters>
            <DistanceMeters>853.3699951171875</DistanceMeters>
            <HeartRateBpm>
              <Value>77</Value>
            </HeartRateBpm>
            <Extensions>
              <ns3:TPX>
                <ns3:Speed>2.63100004196167</ns3:Speed>
              </ns3:TPX>
            </Extensions>
          </Trackpoint>
          <Trackpoint>
            <Time>2026-08-11T17:58:16.000Z</Time>
            <Position>
              <LatitudeDegrees>44.284873036667705</LatitudeDegrees>
              <LongitudeDegrees>-81.60062240436673</LongitudeDegrees>
            </Position>
            <AltitudeMeters>175.60000610351562</AltitudeMeters>
            <DistanceMeters>878.2999877929688</DistanceMeters>
            <HeartRateBpm>
              <Value>73</Value>
            </HeartRateBpm>
            <Extensions>
              <ns3:TPX>
                <ns3:Speed>2.753000020980835</ns3:Speed>
              </ns3:TPX>
            </Extensions>
          </Trackpoint>
          <Trackpoint>
            <Time>2026-08-11T17:58:22.000Z</Time>
            <Position>
              <LatitudeDegrees>44.28477806970477</LatitudeDegrees>
              <LongitudeDegrees>-81.6007761284709</LongitudeDegrees>
            </Position>
            <AltitudeMeters>175.39999389648438</AltitudeMeters>
            <DistanceMeters>894.489990234375</DistanceMeters>
            <HeartRateBpm>
              <Value>70</Value>
            </HeartRateBpm>
            <Extensions>
              <ns3:TPX>
                <ns3:Speed>2.76200008392334</ns3:Speed>
              </ns3:TPX>
            </Extensions>
          </Trackpoint>
          <Trackpoint>
            <Time>2026-08-11T17:58:24.000Z</Time>
            <Position>
              <LatitudeDegrees>44.28474957123399</LatitudeDegrees>
              <LongitudeDegrees>-81.60082700662315</LongitudeDegrees>
            </Position>
            <AltitudeMeters>175.39999389648438</AltitudeMeters>
            <DistanceMeters>899.6300048828125</DistanceMeters>
            <HeartRateBpm>
              <Value>69</Value>
            </HeartRateBpm>
            <Extensions>
              <ns3:TPX>
                <ns3:Speed>2.753000020980835</ns3:Speed>
              </ns3:TPX>
            </Extensions>
          </Trackpoint>
          <Trackpoint>
            <Time>2026-08-11T17:58:26.000Z</Time>
            <Position>
              <LatitudeDegrees>44.28471897728741</LatitudeDegrees>
              <LongitudeDegrees>-81.60087386146188</LongitudeDegrees>
            </Position>
            <AltitudeMeters>175.39999389648438</AltitudeMeters>
            <DistanceMeters>904.6799926757812</DistanceMeters>
            <HeartRateBpm>
              <Value>66</Value>
            </HeartRateBpm>
            <Extensions>
              <ns3:TPX>
                <ns3:Speed>2.7249999046325684</ns3:Speed>
              </ns3:TPX>
            </Extensions>
          </Trackpoint>
          <Trackpoint>
            <Time>2026-08-11T17:58:34.000Z</Time>
            <Position>
              <LatitudeDegrees>44.28460691124201</LatitudeDegrees>
              <LongitudeDegrees>-81.6010726802051</LongitudeDegrees>
            </Position>
            <AltitudeMeters>175.8000030517578</AltitudeMeters>
            <DistanceMeters>924.8800048828125</DistanceMeters>
            <HeartRateBpm>
              <Value>64</Value>
            </HeartRateBpm>
            <Extensions>
              <ns3:TPX>
                <ns3:Speed>2.621999979019165</ns3:Speed>
              </ns3:TPX>
            </Extensions>
          </Trackpoint>
          <Trackpoint>
            <Time>2026-08-11T17:58:44.000Z</Time>
            <Position>
              <LatitudeDegrees>44.284482188522816</LatitudeDegrees>
              <LongitudeDegrees>-81.60132036544383</LongitudeDegrees>
            </Position>
            <AltitudeMeters>176.1999969482422</AltitudeMeters>
            <DistanceMeters>949.0499877929688</DistanceMeters>
            <HeartRateBpm>
              <Value>66</Value>
            </HeartRateBpm>
            <Extensions>
              <ns3:TPX>
                <ns3:Speed>2.444999933242798</ns3:Speed>
              </ns3:TPX>
            </Extensions>
          </Trackpoint>
          <Trackpoint>
            <Time>2026-08-11T17:58:52.000Z</Time>
            <Position>
              <LatitudeDegrees>44.2843671888113</LatitudeDegrees>
              <LongitudeDegrees>-81.60153770819306</LongitudeDegrees>
            </Position>
            <AltitudeMeters>176.1999969482422</AltitudeMeters>
            <DistanceMeters>970.5800170898438</DistanceMeters>
            <HeartRateBpm>
              <Value>69</Value>
            </HeartRateBpm>
            <Extensions>
              <ns3:TPX>
                <ns3:Speed>2.6589999198913574</ns3:Speed>
              </ns3:TPX>
            </Extensions>
          </Trackpoint>
          <Trackpoint>
            <Time>2026-08-11T17:58:57.000Z</Time>
            <Position>
              <LatitudeDegrees>44.28429535590112</LatitudeDegrees>
              <LongitudeDegrees>-81.60167131572962</LongitudeDegrees>
            </Position>
            <AltitudeMeters>176.39999389648438</AltitudeMeters>
            <DistanceMeters>983.9099731445312</DistanceMeters>
            <HeartRateBpm>
              <Value>68</Value>
            </HeartRateBpm>
            <Extensions>
              <ns3:TPX>
                <ns3:Speed>2.63100004196167</ns3:Speed>
              </ns3:TPX>
            </Extensions>
          </Trackpoint>
          <Trackpoint>
            <Time>2026-08-11T17:59:06.000Z</Time>
            <Position>
              <LatitudeDegrees>44.28415018133819</LatitudeDegrees>
              <LongitudeDegrees>-81.60189452581108</LongitudeDegrees>
            </Position>
            <AltitudeMeters>176.39999389648438</AltitudeMeters>
            <DistanceMeters>1007.9600219726562</DistanceMeters>
            <HeartRateBpm>
              <Value>67</Value>
            </HeartRateBpm>
            <Extensions>
              <ns3:TPX>
                <ns3:Speed>2.63100004196167</ns3:Speed>
              </ns3:TPX>
            </Extensions>
          </Trackpoint>
          <Trackpoint>
            <Time>2026-08-11T17:59:08.000Z</Time>
            <Position>
              <LatitudeDegrees>44.28412126377225</LatitudeDegrees>
              <LongitudeDegrees>-81.60194456577301</LongitudeDegrees>
            </Position>
            <AltitudeMeters>176.39999389648438</AltitudeMeters>
            <DistanceMeters>1013.0800170898438</DistanceMeters>
            <HeartRateBpm>
              <Value>67</Value>
            </HeartRateBpm>
            <Extensions>
              <ns3:TPX>
                <ns3:Speed>2.63100004196167</ns3:Speed>
              </ns3:TPX>
            </Extensions>
          </Trackpoint>
          <Trackpoint>
            <Time>2026-08-11T17:59:17.000Z</Time>
            <Position>
              <LatitudeDegrees>44.28399385884404</LatitudeDegrees>
              <LongitudeDegrees>-81.60217749886215</LongitudeDegrees>
            </Position>
            <AltitudeMeters>176.60000610351562</AltitudeMeters>
            <DistanceMeters>1036.510009765625</DistanceMeters>
            <HeartRateBpm>
              <Value>70</Value>
            </HeartRateBpm>
            <Extensions>
              <ns3:TPX>
                <ns3:Speed>2.556999921798706</ns3:Speed>
              </ns3:TPX>
            </Extensions>
          </Trackpoint>
          <Trackpoint>
            <Time>2026-08-11T17:59:21.000Z</Time>
            <Position>
              <LatitudeDegrees>44.28394289687276</LatitudeDegrees>
              <LongitudeDegrees>-81.60228998400271</LongitudeDegrees>
            </Position>
            <AltitudeMeters>176.60000610351562</AltitudeMeters>
            <DistanceMeters>1047.1300048828125</DistanceMeters>
            <HeartRateBpm>
              <Value>71</Value>
            </HeartRateBpm>
            <Extensions>
              <ns3:TPX>
                <ns3:Speed>2.565999984741211</ns3:Speed>
              </ns3:TPX>
            </Extensions>
          </Trackpoint>
          <Trackpoint>
            <Time>2026-08-11T17:59:22.000Z</Time>
            <Position>
              <LatitudeDegrees>44.28393107838929</LatitudeDegrees>
              <LongitudeDegrees>-81.60231806337833</LongitudeDegrees>
            </Position>
            <AltitudeMeters>176.60000610351562</AltitudeMeters>
            <DistanceMeters>1049.719970703125</DistanceMeters>
            <HeartRateBpm>
              <Value>74</Value>
            </HeartRateBpm>
            <Extensions>
              <ns3:TPX>
                <ns3:Speed>2.5940001010894775</ns3:Speed>
              </ns3:TPX>
            </Extensions>
          </Trackpoint>
          <Trackpoint>
            <Time>2026-08-11T17:59:23.000Z</Time>
            <Position>
              <LatitudeDegrees>44.28391959518194</LatitudeDegrees>
              <LongitudeDegrees>-81.60234689712524</LongitudeDegrees>
            </Position>
            <AltitudeMeters>176.8000030517578</AltitudeMeters>
            <DistanceMeters>1052.3499755859375</DistanceMeters>
            <HeartRateBpm>
              <Value>71</Value>
            </HeartRateBpm>
            <Extensions>
              <ns3:TPX>
                <ns3:Speed>2.6410000324249268</ns3:Speed>
              </ns3:TPX>
            </Extensions>
          </Trackpoint>
          <Trackpoint>
            <Time>2026-08-11T17:59:31.000Z</Time>
            <Position>
              <LatitudeDegrees>44.28381901234388</LatitudeDegrees>
              <LongitudeDegrees>-81.60258796066046</LongitudeDegrees>
            </Position>
            <AltitudeMeters>176.8000030517578</AltitudeMeters>
            <DistanceMeters>1074.6199951171875</DistanceMeters>
            <HeartRateBpm>
              <Value>74</Value>
            </HeartRateBpm>
            <Extensions>
              <ns3:TPX>
                <ns3:Speed>2.76200008392334</ns3:Speed>
              </ns3:TPX>
            </Extensions>
          </Trackpoint>
          <Trackpoint>
            <Time>2026-08-11T17:59:33.000Z</Time>
            <Position>
              <LatitudeDegrees>44.283786322921515</LatitudeDegrees>
              <LongitudeDegrees>-81.60264143720269</LongitudeDegrees>
            </Position>
            <AltitudeMeters>177.0</AltitudeMeters>
            <DistanceMeters>1080.22998046875</DistanceMeters>
            <HeartRateBpm>
              <Value>76</Value>
            </HeartRateBpm>
            <Extensions>
              <ns3:TPX>
                <ns3:Speed>2.7339999675750732</ns3:Speed>
              </ns3:TPX>
            </Extensions>
          </Trackpoint>
          <Trackpoint>
            <Time>2026-08-11T17:59:45.000Z</Time>
            <Position>
              <LatitudeDegrees>44.283598735928535</LatitudeDegrees>
              <LongitudeDegrees>-81.6029292717576</LongitudeDegrees>
            </Position>
            <AltitudeMeters>177.1999969482422</AltitudeMeters>
            <DistanceMeters>1111.239990234375</DistanceMeters>
            <HeartRateBpm>
              <Value>75</Value>
            </HeartRateBpm>
            <Extensions>
              <ns3:TPX>
                <ns3:Speed>2.575000047683716</ns3:Speed>
              </ns3:TPX>
            </Extensions>
          </Trackpoint>
          <Trackpoint>
            <Time>2026-08-11T17:59:55.000Z</Time>
            <Position>
              <LatitudeDegrees>44.283468313515186</LatitudeDegrees>
              <LongitudeDegrees>-81.6031589359045</LongitudeDegrees>
            </Position>
            <AltitudeMeters>177.39999389648438</AltitudeMeters>
            <DistanceMeters>1134.6099853515625</DistanceMeters>
            <HeartRateBpm>
              <Value>76</Value>
            </HeartRateBpm>
            <Extensions>
              <ns3:TPX>
                <ns3:Speed>2.2769999504089355</ns3:Speed>
              </ns3:TPX>
            </Extensions>
          </Trackpoint>
          <Trackpoint>
            <Time>2026-08-11T18:00:03.000Z</Time>
            <Position>
              <LatitudeDegrees>44.283354403451085</LatitudeDegrees>
              <LongitudeDegrees>-81.60337376408279</LongitudeDegrees>
            </Position>
            <AltitudeMeters>177.0</AltitudeMeters>
            <DistanceMeters>1155.9000244140625</DistanceMeters>
            <HeartRateBpm>
              <Value>79</Value>
            </HeartRateBpm>
            <Extensions>
              <ns3:TPX>
                <ns3:Speed>2.5380001068115234</ns3:Speed>
              </ns3:TPX>
            </Extensions>
          </Trackpoint>
          <Trackpoint>
            <Time>2026-08-11T18:00:06.000Z</Time>
            <Position>
              <LatitudeDegrees>44.283315846696496</LatitudeDegrees>
              <LongitudeDegrees>-81.60345138050616</LongitudeDegrees>
            </Position>
            <AltitudeMeters>177.0</AltitudeMeters>
            <DistanceMeters>1163.4300537109375</DistanceMeters>
            <HeartRateBpm>
              <Value>82</Value>
            </HeartRateBpm>
            <Extensions>
              <ns3:TPX>
                <ns3:Speed>2.575000047683716</ns3:Speed>
              </ns3:TPX>
            </Extensions>
          </Trackpoint>
          <Trackpoint>
            <Time>2026-08-11T18:00:09.000Z</Time>
            <Position>
              <LatitudeDegrees>44.283277541399</LatitudeDegrees>
              <LongitudeDegrees>-81.60352480597794</LongitudeDegrees>
            </Position>
            <AltitudeMeters>177.1999969482422</AltitudeMeters>
            <DistanceMeters>1170.6700439453125</DistanceMeters>
            <HeartRateBpm>
              <Value>83</Value>
            </HeartRateBpm>
            <Extensions>
              <ns3:TPX>
                <ns3:Speed>2.490999937057495</ns3:Speed>
              </ns3:TPX>
            </Extensions>
          </Trackpoint>
          <Trackpoint>
            <Time>2026-08-11T18:00:20.000Z</Time>
            <Position>
              <LatitudeDegrees>44.283157428726554</LatitudeDegrees>
              <LongitudeDegrees>-81.60381523892283</LongitudeDegrees>
            </Position>
            <AltitudeMeters>177.1999969482422</AltitudeMeters>
            <DistanceMeters>1197.510009765625</DistanceMeters>
            <HeartRateBpm>
              <Value>81</Value>
            </HeartRateBpm>
            <Extensions>
              <ns3:TPX>
                <ns3:Speed>2.4630000591278076</ns3:Speed>
              </ns3:TPX>
            </Extensions>
          </Trackpoint>
          <Trackpoint>
            <Time>2026-08-11T18:00:31.000Z</Time>
            <Position>
              <LatitudeDegrees>44.28302432410419</LatitudeDegrees>
              <LongitudeDegrees>-81.60411505959928</LongitudeDegrees>
            </Position>
            <AltitudeMeters>177.0</AltitudeMeters>
            <DistanceMeters>1225.699951171875</DistanceMeters>
            <HeartRateBpm>
              <Value>79</Value>
            </HeartRateBpm>
            <Extensions>
              <ns3:TPX>
                <ns3:Speed>2.6029999256134033</ns3:Speed>
              </ns3:TPX>
            </Extensions>
          </Trackpoint>
          <Trackpoint>
            <Time>2026-08-11T18:00:42.000Z</Time>
            <Position>
              <LatitudeDegrees>44.28286883980036</LatitudeDegrees>
              <LongitudeDegrees>-81.60437347367406</LongitudeDegrees>
            </Position>
            <AltitudeMeters>176.8000030517578</AltitudeMeters>
            <DistanceMeters>1252.6300048828125</DistanceMeters>
            <HeartRateBpm>
              <Value>76</Value>
            </HeartRateBpm>
            <Extensions>
              <ns3:TPX>
                <ns3:Speed>2.3889999389648438</ns3:Speed>
              </ns3:TPX>
            </Extensions>
          </Trackpoint>
          <Trackpoint>
            <Time>2026-08-11T18:00:44.000Z</Time>
            <Position>
              <LatitudeDegrees>44.28283623419702</LatitudeDegrees>
              <LongitudeDegrees>-81.60441395826638</LongitudeDegrees>
            </Position>
            <AltitudeMeters>176.8000030517578</AltitudeMeters>
            <DistanceMeters>1257.489990234375</DistanceMeters>
            <HeartRateBpm>
              <Value>77</Value>
            </HeartRateBpm>
            <Extensions>
              <ns3:TPX>
                <ns3:Speed>2.4630000591278076</ns3:Speed>
              </ns3:TPX>
            </Extensions>
          </Trackpoint>
          <Trackpoint>
            <Time>2026-08-11T18:00:54.000Z</Time>
            <Position>
              <LatitudeDegrees>44.28268460556865</LatitudeDegrees>
              <LongitudeDegrees>-81.6046513337642</LongitudeDegrees>
            </Position>
            <AltitudeMeters>176.39999389648438</AltitudeMeters>
            <DistanceMeters>1282.8900146484375</DistanceMeters>
            <HeartRateBpm>
              <Value>81</Value>
            </HeartRateBpm>
            <Extensions>
              <ns3:TPX>
                <ns3:Speed>2.61299991607666</ns3:Speed>
              </ns3:TPX>
            </Extensions>
          </Trackpoint>
          <Trackpoint>
            <Time>2026-08-11T18:00:59.000Z</Time>
            <Position>
              <LatitudeDegrees>44.28259106352925</LatitudeDegrees>
              <LongitudeDegrees>-81.6047441214323</LongitudeDegrees>
            </Position>
            <AltitudeMeters>176.39999389648438</AltitudeMeters>
            <DistanceMeters>1295.6600341796875</DistanceMeters>
            <HeartRateBpm>
              <Value>77</Value>
            </HeartRateBpm>
            <Extensions>
              <ns3:TPX>
                <ns3:Speed>2.556999921798706</ns3:Speed>
              </ns3:TPX>
            </Extensions>
          </Trackpoint>
          <Trackpoint>
            <Time>2026-08-11T18:01:01.000Z</Time>
            <Position>
              <LatitudeDegrees>44.282559379935265</LatitudeDegrees>
              <LongitudeDegrees>-81.60478552803397</LongitudeDegrees>
            </Position>
            <AltitudeMeters>176.39999389648438</AltitudeMeters>
            <DistanceMeters>1300.489990234375</DistanceMeters>
            <HeartRateBpm>
              <Value>79</Value>
            </HeartRateBpm>
            <Extensions>
              <ns3:TPX>
                <ns3:Speed>2.4070000648498535</ns3:Speed>
              </ns3:TPX>
            </Extensions>
          </Trackpoint>
          <Trackpoint>
            <Time>2026-08-11T18:01:07.000Z</Time>
            <Position>
              <LatitudeDegrees>44.282461730763316</LatitudeDegrees>
              <LongitudeDegrees>-81.6049016173929</LongitudeDegrees>
            </Position>
            <AltitudeMeters>177.0</AltitudeMeters>
            <DistanceMeters>1314.739990234375</DistanceMeters>
            <HeartRateBpm>
              <Value>82</Value>
            </HeartRateBpm>
            <Extensions>
              <ns3:TPX>
                <ns3:Speed>2.2860000133514404</ns3:Speed>
              </ns3:TPX>
            </Extensions>
          </Trackpoint>
          <Trackpoint>
            <Time>2026-08-11T18:01:10.000Z</Time>
            <Position>
              <LatitudeDegrees>44.28240079432726</LatitudeDegrees>
              <LongitudeDegrees>-81.60495450720191</LongitudeDegrees>
            </Position>
            <AltitudeMeters>177.0</AltitudeMeters>
            <DistanceMeters>1322.719970703125</DistanceMeters>
            <HeartRateBpm>
              <Value>82</Value>
            </HeartRateBpm>
            <Extensions>
              <ns3:TPX>
                <ns3:Speed>2.322999954223633</ns3:Speed>
              </ns3:TPX>
            </Extensions>
          </Trackpoint>
          <Trackpoint>
            <Time>2026-08-11T18:01:16.000Z</Time>
            <Position>
              <LatitudeDegrees>44.28228193894029</LatitudeDegrees>
              <LongitudeDegrees>-81.60504754632711</LongitudeDegrees>
            </Position>
            <AltitudeMeters>176.8000030517578</AltitudeMeters>
            <DistanceMeters>1337.8699951171875</DistanceMeters>
            <HeartRateBpm>
              <Value>85</Value>
            </HeartRateBpm>
            <Extensions>
              <ns3:TPX>
                <ns3:Speed>2.490999937057495</ns3:Speed>
              </ns3:TPX>
            </Extensions>
          </Trackpoint>
          <Trackpoint>
            <Time>2026-08-11T18:01:22.000Z</Time>
            <Position>
              <LatitudeDegrees>44.282181691378355</LatitudeDegrees>
              <LongitudeDegrees>-81.60513027571142</LongitudeDegrees>
            </Position>
            <AltitudeMeters>176.60000610351562</AltitudeMeters>
            <DistanceMeters>1350.8199462890625</DistanceMeters>
            <HeartRateBpm>
              <Value>84</Value>
            </HeartRateBpm>
            <Extensions>
              <ns3:TPX>
                <ns3:Speed>2.2950000762939453</ns3:Speed>
              </ns3:TPX>
            </Extensions>
          </Trackpoint>
          <Trackpoint>
            <Time>2026-08-11T18:01:35.000Z</Time>
            <Position>
              <LatitudeDegrees>44.2819928470999</LatitudeDegrees>
              <LongitudeDegrees>-81.60540947690606</LongitudeDegrees>
            </Position>
            <AltitudeMeters>176.60000610351562</AltitudeMeters>
            <DistanceMeters>1381.5400390625</DistanceMeters>
            <HeartRateBpm>
              <Value>84</Value>
            </HeartRateBpm>
            <Extensions>
              <ns3:TPX>
                <ns3:Speed>2.313999891281128</ns3:Speed>
              </ns3:TPX>
            </Extensions>
          </Trackpoint>
          <Trackpoint>
            <Time>2026-08-11T18:01:46.000Z</Time>
            <Position>
              <LatitudeDegrees>44.28182244300842</LatitudeDegrees>
              <LongitudeDegrees>-81.6056960541755</LongitudeDegrees>
            </Position>
            <AltitudeMeters>176.8000030517578</AltitudeMeters>
            <DistanceMeters>1411.3499755859375</DistanceMeters>
            <HeartRateBpm>
              <Value>84</Value>
            </HeartRateBpm>
            <Extensions>
              <ns3:TPX>
                <ns3:Speed>2.6500000953674316</ns3:Speed>
              </ns3:TPX>
            </Extensions>
          </Trackpoint>
          <Trackpoint>
            <Time>2026-08-11T18:01:58.000Z</Time>
            <Position>
              <LatitudeDegrees>44.28163946606219</LatitudeDegrees>
              <LongitudeDegrees>-81.60597894340754</LongitudeDegrees>
            </Position>
            <AltitudeMeters>176.8000030517578</AltitudeMeters>
            <DistanceMeters>1441.72998046875</DistanceMeters>
            <HeartRateBpm>
              <Value>87</Value>
            </HeartRateBpm>
            <Extensions>
              <ns3:TPX>
                <ns3:Speed>2.444999933242798</ns3:Speed>
              </ns3:TPX>
            </Extensions>
          </Trackpoint>
          <Trackpoint>
            <Time>2026-08-11T18:01:59.000Z</Time>
            <Position>
              <LatitudeDegrees>44.281624630093575</LatitudeDegrees>
              <LongitudeDegrees>-81.60600266419351</LongitudeDegrees>
            </Position>
            <AltitudeMeters>176.8000030517578</AltitudeMeters>
            <DistanceMeters>1444.239990234375</DistanceMeters>
            <HeartRateBpm>
              <Value>87</Value>
            </HeartRateBpm>
            <Extensions>
              <ns3:TPX>
                <ns3:Speed>2.444999933242798</ns3:Speed>
              </ns3:TPX>
            </Extensions>
          </Trackpoint>
          <Trackpoint>
            <Time>2026-08-11T18:02:08.000Z</Time>
            <Position>
              <LatitudeDegrees>44.281484903767705</LatitudeDegrees>
              <LongitudeDegrees>-81.60620223730803</LongitudeDegrees>
            </Position>
            <AltitudeMeters>177.0</AltitudeMeters>
            <DistanceMeters>1466.47998046875</DistanceMeters>
            <HeartRateBpm>
              <Value>84</Value>
            </HeartRateBpm>
            <Extensions>
              <ns3:TPX>
                <ns3:Speed>2.3980000019073486</ns3:Speed>
              </ns3:TPX>
            </Extensions>
          </Trackpoint>
          <Trackpoint>
            <Time>2026-08-11T18:02:11.000Z</Time>
            <Position>
              <LatitudeDegrees>44.28143913857639</LatitudeDegrees>
              <LongitudeDegrees>-81.60626183263958</LongitudeDegrees>
            </Position>
            <AltitudeMeters>177.0</AltitudeMeters>
            <DistanceMeters>1473.449951171875</DistanceMeters>
            <HeartRateBpm>
              <Value>85</Value>
            </HeartRateBpm>
            <Extensions>
              <ns3:TPX>
                <ns3:Speed>2.4070000648498535</ns3:Speed>
              </ns3:TPX>
            </Extensions>
          </Trackpoint>
          <Trackpoint>
            <Time>2026-08-11T18:02:19.000Z</Time>
            <Position>
              <LatitudeDegrees>44.28131005726755</LatitudeDegrees>
              <LongitudeDegrees>-81.60644321702421</LongitudeDegrees>
            </Position>
            <AltitudeMeters>177.39999389648438</AltitudeMeters>
            <DistanceMeters>1493.8800048828125</DistanceMeters>
            <HeartRateBpm>
              <Value>88</Value>
            </HeartRateBpm>
            <Extensions>
              <ns3:TPX>
                <ns3:Speed>2.490999937057495</ns3:Speed>
              </ns3:TPX>
            </Extensions>
          </Trackpoint>
          <Trackpoint>
            <Time>2026-08-11T18:02:20.000Z</Time>
            <Position>
              <LatitudeDegrees>44.28129052743316</LatitudeDegrees>
              <LongitudeDegrees>-81.60646324977279</LongitudeDegrees>
            </Position>
            <AltitudeMeters>177.39999389648438</AltitudeMeters>
            <DistanceMeters>1496.5799560546875</DistanceMeters>
            <HeartRateBpm>
              <Value>89</Value>
            </HeartRateBpm>
            <Extensions>
              <ns3:TPX>
                <ns3:Speed>2.509999990463257</ns3:Speed>
              </ns3:TPX>
            </Extensions>
          </Trackpoint>
          <Trackpoint>
            <Time>2026-08-11T18:02:23.000Z</Time>
            <Position>
              <LatitudeDegrees>44.28123998455703</LatitudeDegrees>
              <LongitudeDegrees>-81.60652217455208</LongitudeDegrees>
            </Position>
            <AltitudeMeters>177.60000610351562</AltitudeMeters>
            <DistanceMeters>1503.9100341796875</DistanceMeters>
            <HeartRateBpm>
              <Value>90</Value>
            </HeartRateBpm>
            <Extensions>
              <ns3:TPX>
                <ns3:Speed>2.546999931335449</ns3:Speed>
              </ns3:TPX>
            </Extensions>
          </Trackpoint>
          <Trackpoint>
            <Time>2026-08-11T18:02:31.000Z</Time>
            <Position>
              <LatitudeDegrees>44.281111573800445</LatitudeDegrees>
              <LongitudeDegrees>-81.60670917481184</LongitudeDegrees>
            </Position>
            <AltitudeMeters>177.8000030517578</AltitudeMeters>
            <DistanceMeters>1524.5999755859375</DistanceMeters>
            <HeartRateBpm>
              <Value>89</Value>
            </HeartRateBpm>
            <Extensions>
              <ns3:TPX>
                <ns3:Speed>2.546999931335449</ns3:Speed>
              </ns3:TPX>
            </Extensions>
          </Trackpoint>
          <Trackpoint>
            <Time>2026-08-11T18:02:42.000Z</Time>
            <Position>
              <LatitudeDegrees>44.28095256909728</LatitudeDegrees>
              <LongitudeDegrees>-81.60699499770999</LongitudeDegrees>
            </Position>
            <AltitudeMeters>177.8000030517578</AltitudeMeters>
            <DistanceMeters>1553.510009765625</DistanceMeters>
            <HeartRateBpm>
              <Value>88</Value>
            </HeartRateBpm>
            <Extensions>
              <ns3:TPX>
                <ns3:Speed>2.6689999103546143</ns3:Speed>
              </ns3:TPX>
            </Extensions>
          </Trackpoint>
          <Trackpoint>
            <Time>2026-08-11T18:02:47.000Z</Time>
            <Position>
              <LatitudeDegrees>44.28088283166289</LatitudeDegrees>
              <LongitudeDegrees>-81.60712491720915</LongitudeDegrees>
            </Position>
            <AltitudeMeters>178.0</AltitudeMeters>
            <DistanceMeters>1566.469970703125</DistanceMeters>
            <HeartRateBpm>
              <Value>85</Value>
            </HeartRateBpm>
            <Extensions>
              <ns3:TPX>
                <ns3:Speed>2.6410000324249268</ns3:Speed>
              </ns3:TPX>
            </Extensions>
          </Trackpoint>
          <Trackpoint>
            <Time>2026-08-11T18:02:50.000Z</Time>
            <Position>
              <LatitudeDegrees>44.28083916194737</LatitudeDegrees>
              <LongitudeDegrees>-81.60720462910831</LongitudeDegrees>
            </Position>
            <AltitudeMeters>177.8000030517578</AltitudeMeters>
            <DistanceMeters>1574.47998046875</DistanceMeters>
            <HeartRateBpm>
              <Value>87</Value>
            </HeartRateBpm>
            <Extensions>
              <ns3:TPX>
                <ns3:Speed>2.6689999103546143</ns3:Speed>
              </ns3:TPX>
            </Extensions>
          </Trackpoint>
          <Trackpoint>
            <Time>2026-08-11T18:03:02.000Z</Time>
            <Position>
              <LatitudeDegrees>44.280653251335025</LatitudeDegrees>
              <LongitudeDegrees>-81.60748165100813</LongitudeDegrees>
            </Position>
            <AltitudeMeters>177.39999389648438</AltitudeMeters>
            <DistanceMeters>1604.77001953125</DistanceMeters>
            <HeartRateBpm>
              <Value>85</Value>
            </HeartRateBpm>
            <Extensions>
              <ns3:TPX>
                <ns3:Speed>2.509999990463257</ns3:Speed>
              </ns3:TPX>
            </Extensions>
          </Trackpoint>
          <Trackpoint>
            <Time>2026-08-11T18:03:13.000Z</Time>
            <Position>
              <LatitudeDegrees>44.280485613271594</LatitudeDegrees>
              <LongitudeDegrees>-81.60772589966655</LongitudeDegrees>
            </Position>
            <AltitudeMeters>177.1999969482422</AltitudeMeters>
            <DistanceMeters>1631.72998046875</DistanceMeters>
            <HeartRateBpm>
              <Value>86</Value>
            </HeartRateBpm>
            <Extensions>
              <ns3:TPX>
                <ns3:Speed>2.4070000648498535</ns3:Speed>
              </ns3:TPX>
            </Extensions>
          </Trackpoint>
          <Trackpoint>
            <Time>2026-08-11T18:03:25.000Z</Time>
            <Position>
              <LatitudeDegrees>44.28032132796943</LatitudeDegrees>
              <LongitudeDegrees>-81.60802186466753</LongitudeDegrees>
            </Position>
            <AltitudeMeters>177.1999969482422</AltitudeMeters>
            <DistanceMeters>1661.5899658203125</DistanceMeters>
            <HeartRateBpm>
              <Value>88</Value>
            </HeartRateBpm>
            <Extensions>
              <ns3:TPX>
                <ns3:Speed>2.5290000438690186</ns3:Speed>
              </ns3:TPX>
            </Extensions>
          </Trackpoint>
          <Trackpoint>
            <Time>2026-08-11T18:03:36.000Z</Time>
            <Position>
              <LatitudeDegrees>44.28018453530967</LatitudeDegrees>
              <LongitudeDegrees>-81.60830567590892</LongitudeDegrees>
            </Position>
            <AltitudeMeters>177.1999969482422</AltitudeMeters>
            <DistanceMeters>1688.8800048828125</DistanceMeters>
            <HeartRateBpm>
              <Value>89</Value>
            </HeartRateBpm>
            <Extensions>
              <ns3:TPX>
                <ns3:Speed>2.4539999961853027</ns3:Speed>
              </ns3:TPX>
            </Extensions>
          </Trackpoint>
          <Trackpoint>
            <Time>2026-08-11T18:03:42.000Z</Time>
            <Position>
              <LatitudeDegrees>44.280139189213514</LatitudeDegrees>
              <LongitudeDegrees>-81.6084366850555</LongitudeDegrees>
            </Position>
            <AltitudeMeters>177.1999969482422</AltitudeMeters>
            <DistanceMeters>1700.9200439453125</DistanceMeters>
            <HeartRateBpm>
              <Value>86</Value>
            </HeartRateBpm>
            <Extensions>
              <ns3:TPX>
                <ns3:Speed>2.239000082015991</ns3:Speed>
              </ns3:TPX>
            </Extensions>
          </Trackpoint>
          <Trackpoint>
            <Time>2026-08-11T18:03:43.000Z</Time>
            <Position>
              <LatitudeDegrees>44.28014094941318</LatitudeDegrees>
              <LongitudeDegrees>-81.60845403559506</LongitudeDegrees>
            </Position>
            <AltitudeMeters>177.39999389648438</AltitudeMeters>
            <DistanceMeters>1702.31005859375</DistanceMeters>
            <HeartRateBpm>
              <Value>86</Value>
            </HeartRateBpm>
            <Extensions>
              <ns3:TPX>
                <ns3:Speed>1.5679999589920044</ns3:Speed>
              </ns3:TPX>
            </Extensions>
          </Trackpoint>
          <Trackpoint>
            <Time>2026-08-11T18:03:49.000Z</Time>
            <Position>
              <LatitudeDegrees>44.28016676567495</LatitudeDegrees>
              <LongitudeDegrees>-81.60849787294865</LongitudeDegrees>
            </Position>
            <AltitudeMeters>177.0</AltitudeMeters>
            <DistanceMeters>1707.030029296875</DistanceMeters>
            <HeartRateBpm>
              <Value>86</Value>
            </HeartRateBpm>
            <Extensions>
              <ns3:TPX>
                <ns3:Speed>0.6439999938011169</ns3:Speed>
              </ns3:TPX>
            </Extensions>
          </Trackpoint>
          <Trackpoint>
            <Time>2026-08-11T18:03:55.000Z</Time>
            <Position>
              <LatitudeDegrees>44.28020456805825</LatitudeDegrees>
              <LongitudeDegrees>-81.60846862010658</LongitudeDegrees>
            </Position>
            <AltitudeMeters>176.60000610351562</AltitudeMeters>
            <DistanceMeters>1711.81005859375</DistanceMeters>
            <HeartRateBpm>
              <Value>86</Value>
            </HeartRateBpm>
            <Extensions>
              <ns3:TPX>
                <ns3:Speed>0.8019999861717224</ns3:Speed>
              </ns3:TPX>
            </Extensions>
          </Trackpoint>
          <Trackpoint>
            <Time>2026-08-11T18:03:56.000Z</Time>
            <Position>
              <LatitudeDegrees>44.280212447047234</LatitudeDegrees>
              <LongitudeDegrees>-81.60845940001309</LongitudeDegrees>
            </Position>
            <AltitudeMeters>176.8000030517578</AltitudeMeters>
            <DistanceMeters>1712.93994140625</DistanceMeters>
            <HeartRateBpm>
              <Value>87</Value>
            </HeartRateBpm>
            <Extensions>
              <ns3:TPX>
                <ns3:Speed>0.9240000247955322</ns3:Speed>
              </ns3:TPX>
            </Extensions>
          </Trackpoint>
          <Trackpoint>
            <Time>2026-08-11T18:03:58.000Z</Time>
            <Position>
              <LatitudeDegrees>44.28023021668196</LatitudeDegrees>
              <LongitudeDegrees>-81.60843241028488</LongitudeDegrees>
            </Position>
            <AltitudeMeters>176.39999389648438</AltitudeMeters>
            <DistanceMeters>1715.8499755859375</DistanceMeters>
            <HeartRateBpm>
              <Value>89</Value>
            </HeartRateBpm>
            <Extensions>
              <ns3:TPX>
                <ns3:Speed>1.1480000019073486</ns3:Speed>
              </ns3:TPX>
            </Extensions>
          </Trackpoint>
          <Trackpoint>
            <Time>2026-08-11T18:04:01.000Z</Time>
            <Position>
              <LatitudeDegrees>44.28026030771434</LatitudeDegrees>
              <LongitudeDegrees>-81.60839544609189</LongitudeDegrees>
            </Position>
            <AltitudeMeters>176.1999969482422</AltitudeMeters>
            <DistanceMeters>1720.3699951171875</DistanceMeters>
            <HeartRateBpm>
              <Value>86</Value>
            </HeartRateBpm>
            <Extensions>
              <ns3:TPX>
                <ns3:Speed>1.1200000047683716</ns3:Speed>
              </ns3:TPX>
            </Extensions>
          </Trackpoint>
          <Trackpoint>
            <Time>2026-08-11T18:04:02.000Z</Time>
            <Position>
              <LatitudeDegrees>44.2802747245878</LatitudeDegrees>
              <LongitudeDegrees>-81.60838413052261</LongitudeDegrees>
            </Position>
            <AltitudeMeters>176.1999969482422</AltitudeMeters>
            <DistanceMeters>1722.199951171875</DistanceMeters>
            <HeartRateBpm>
              <Value>88</Value>
            </HeartRateBpm>
            <Extensions>
              <ns3:TPX>
                <ns3:Speed>1.1480000019073486</ns3:Speed>
              </ns3:TPX>
            </Extensions>
          </Trackpoint>
          <Trackpoint>
            <Time>2026-08-11T18:04:07.000Z</Time>
            <Position>
              <LatitudeDegrees>44.28034806624055</LatitudeDegrees>
              <LongitudeDegrees>-81.60831799730659</LongitudeDegrees>
            </Position>
            <AltitudeMeters>176.1999969482422</AltitudeMeters>
            <DistanceMeters>1731.9200439453125</DistanceMeters>
            <HeartRateBpm>
              <Value>90</Value>
            </HeartRateBpm>
            <Extensions>
              <ns3:TPX>
                <ns3:Speed>1.8569999933242798</ns3:Speed>
              </ns3:TPX>
            </Extensions>
          </Trackpoint>
          <Trackpoint>
            <Time>2026-08-11T18:04:14.000Z</Time>
            <Position>
              <LatitudeDegrees>44.28046298213303</LatitudeDegrees>
              <LongitudeDegrees>-81.60818690434098</LongitudeDegrees>
            </Position>
            <AltitudeMeters>176.1999969482422</AltitudeMeters>
            <DistanceMeters>1748.4000244140625</DistanceMeters>
            <HeartRateBpm>
              <Value>93</Value>
            </HeartRateBpm>
            <Extensions>
              <ns3:TPX>
                <ns3:Speed>2.2300000190734863</ns3:Speed>
              </ns3:TPX>
            </Extensions>
          </Trackpoint>
          <Trackpoint>
            <Time>2026-08-11T18:04:16.000Z</Time>
            <Position>
              <LatitudeDegrees>44.28049550391734</LatitudeDegrees>
              <LongitudeDegrees>-81.608144659549</LongitudeDegrees>
            </Position>
            <AltitudeMeters>176.1999969482422</AltitudeMeters>
            <DistanceMeters>1753.3499755859375</DistanceMeters>
            <HeartRateBpm>
              <Value>94</Value>
            </HeartRateBpm>
            <Extensions>
              <ns3:TPX>
                <ns3:Speed>2.3420000076293945</ns3:Speed>
              </ns3:TPX>
            </Extensions>
          </Trackpoint>
          <Trackpoint>
            <Time>2026-08-11T18:04:23.000Z</Time>
            <Position>
              <LatitudeDegrees>44.28062433376908</LatitudeDegrees>
              <LongitudeDegrees>-81.60799906589091</LongitudeDegrees>
            </Position>
            <AltitudeMeters>176.60000610351562</AltitudeMeters>
            <DistanceMeters>1771.8800048828125</DistanceMeters>
            <HeartRateBpm>
              <Value>97</Value>
            </HeartRateBpm>
            <Extensions>
              <ns3:TPX>
                <ns3:Speed>2.490999937057495</ns3:Speed>
              </ns3:TPX>
            </Extensions>
          </Trackpoint>
          <Trackpoint>
            <Time>2026-08-11T18:04:25.000Z</Time>
            <Position>
              <LatitudeDegrees>44.28066867403686</LatitudeDegrees>
              <LongitudeDegrees>-81.60795162431896</LongitudeDegrees>
            </Position>
            <AltitudeMeters>176.1999969482422</AltitudeMeters>
            <DistanceMeters>1778.050048828125</DistanceMeters>
            <HeartRateBpm>
              <Value>96</Value>
            </HeartRateBpm>
            <Extensions>
              <ns3:TPX>
                <ns3:Speed>2.5940001010894775</ns3:Speed>
              </ns3:TPX>
            </Extensions>
          </Trackpoint>
          <Trackpoint>
            <Time>2026-08-11T18:04:34.000Z</Time>
            <Position>
              <LatitudeDegrees>44.280783170834184</LatitudeDegrees>
              <LongitudeDegrees>-81.60777954384685</LongitudeDegrees>
            </Position>
            <AltitudeMeters>176.1999969482422</AltitudeMeters>
            <DistanceMeters>1796.68994140625</DistanceMeters>
            <HeartRateBpm>
              <Value>99</Value>
            </HeartRateBpm>
            <Extensions>
              <ns3:TPX>
                <ns3:Speed>2.2950000762939453</ns3:Speed>
              </ns3:TPX>
            </Extensions>
          </Trackpoint>
          <Trackpoint>
            <Time>2026-08-11T18:04:45.000Z</Time>
            <Position>
              <LatitudeDegrees>44.28095558658242</LatitudeDegrees>
              <LongitudeDegrees>-81.60757133737206</LongitudeDegrees>
            </Position>
            <AltitudeMeters>176.39999389648438</AltitudeMeters>
            <DistanceMeters>1822.050048828125</DistanceMeters>
            <HeartRateBpm>
              <Value>96</Value>
            </HeartRateBpm>
            <Extensions>
              <ns3:TPX>
                <ns3:Speed>2.2860000133514404</ns3:Speed>
              </ns3:TPX>
            </Extensions>
          </Trackpoint>
          <Trackpoint>
            <Time>2026-08-11T18:04:46.000Z</Time>
            <Position>
              <LatitudeDegrees>44.28097268566489</LatitudeDegrees>
              <LongitudeDegrees>-81.60755448974669</LongitudeDegrees>
            </Position>
            <AltitudeMeters>176.39999389648438</AltitudeMeters>
            <DistanceMeters>1824.3699951171875</DistanceMeters>
            <HeartRateBpm>
              <Value>97</Value>
            </HeartRateBpm>
            <Extensions>
              <ns3:TPX>
                <ns3:Speed>2.2860000133514404</ns3:Speed>
              </ns3:TPX>
            </Extensions>
          </Trackpoint>
          <Trackpoint>
            <Time>2026-08-11T18:04:47.000Z</Time>
            <Position>
              <LatitudeDegrees>44.280989449471235</LatitudeDegrees>
              <LongitudeDegrees>-81.60753596574068</LongitudeDegrees>
            </Position>
            <AltitudeMeters>176.39999389648438</AltitudeMeters>
            <DistanceMeters>1826.75</DistanceMeters>
            <HeartRateBpm>
              <Value>94</Value>
            </HeartRateBpm>
            <Extensions>
              <ns3:TPX>
                <ns3:Speed>2.2860000133514404</ns3:Speed>
              </ns3:TPX>
            </Extensions>
          </Trackpoint>
          <Trackpoint>
            <Time>2026-08-11T18:04:48.000Z</Time>
            <Position>
              <LatitudeDegrees>44.281007051467896</LatitudeDegrees>
              <LongitudeDegrees>-81.60751635208726</LongitudeDegrees>
            </Position>
            <AltitudeMeters>176.60000610351562</AltitudeMeters>
            <DistanceMeters>1829.25</DistanceMeters>
            <HeartRateBpm>
              <Value>91</Value>
            </HeartRateBpm>
            <Extensions>
              <ns3:TPX>
                <ns3:Speed>2.2860000133514404</ns3:Speed>
              </ns3:TPX>
            </Extensions>
          </Trackpoint>
          <Trackpoint>
            <Time>2026-08-11T18:04:50.000Z</Time>
            <Position>
              <LatitudeDegrees>44.281040746718645</LatitudeDegrees>
              <LongitudeDegrees>-81.60747821442783</LongitudeDegrees>
            </Position>
            <AltitudeMeters>176.60000610351562</AltitudeMeters>
            <DistanceMeters>1834.0799560546875</DistanceMeters>
            <HeartRateBpm>
              <Value>88</Value>
            </HeartRateBpm>
            <Extensions>
              <ns3:TPX>
                <ns3:Speed>2.3420000076293945</ns3:Speed>
              </ns3:TPX>
            </Extensions>
          </Trackpoint>
          <Trackpoint>
            <Time>2026-08-11T18:04:56.000Z</Time>
            <Position>
              <LatitudeDegrees>44.281138479709625</LatitudeDegrees>
              <LongitudeDegrees>-81.60735483281314</LongitudeDegrees>
            </Position>
            <AltitudeMeters>176.60000610351562</AltitudeMeters>
            <DistanceMeters>1848.739990234375</DistanceMeters>
            <HeartRateBpm>
              <Value>90</Value>
            </HeartRateBpm>
            <Extensions>
              <ns3:TPX>
                <ns3:Speed>2.3980000019073486</ns3:Speed>
              </ns3:TPX>
            </Extensions>
          </Trackpoint>
          <Trackpoint>
            <Time>2026-08-11T18:05:06.000Z</Time>
            <Position>
              <LatitudeDegrees>44.28130192682147</LatitudeDegrees>
              <LongitudeDegrees>-81.6071705147624</LongitudeDegrees>
            </Position>
            <AltitudeMeters>176.39999389648438</AltitudeMeters>
            <DistanceMeters>1872.1500244140625</DistanceMeters>
            <HeartRateBpm>
              <Value>89</Value>
            </HeartRateBpm>
            <Extensions>
              <ns3:TPX>
                <ns3:Speed>2.305000066757202</ns3:Speed>
              </ns3:TPX>
            </Extensions>
          </Trackpoint>
          <Trackpoint>
            <Time>2026-08-11T18:05:09.000Z</Time>
            <Position>
              <LatitudeDegrees>44.28134735673666</LatitudeDegrees>
              <LongitudeDegrees>-81.6071290243417</LongitudeDegrees>
            </Position>
            <AltitudeMeters>175.8000030517578</AltitudeMeters>
            <DistanceMeters>1878.199951171875</DistanceMeters>
            <HeartRateBpm>
              <Value>92</Value>
            </HeartRateBpm>
            <Extensions>
              <ns3:TPX>
                <ns3:Speed>2.239000082015991</ns3:Speed>
              </ns3:TPX>
            </Extensions>
          </Trackpoint>
          <Trackpoint>
            <Time>2026-08-11T18:05:10.000Z</Time>
            <Position>
              <LatitudeDegrees>44.28136395290494</LatitudeDegrees>
              <LongitudeDegrees>-81.60711360163987</LongitudeDegrees>
            </Position>
            <AltitudeMeters>175.8000030517578</AltitudeMeters>
            <DistanceMeters>1880.4100341796875</DistanceMeters>
            <HeartRateBpm>
              <Value>89</Value>
            </HeartRateBpm>
            <Extensions>
              <ns3:TPX>
                <ns3:Speed>2.193000078201294</ns3:Speed>
              </ns3:TPX>
            </Extensions>
          </Trackpoint>
          <Trackpoint>
            <Time>2026-08-11T18:05:14.000Z</Time>
            <Position>
              <LatitudeDegrees>44.28143058903515</LatitudeDegrees>
              <LongitudeDegrees>-81.60703397355974</LongitudeDegrees>
            </Position>
            <AltitudeMeters>176.0</AltitudeMeters>
            <DistanceMeters>1890.1700439453125</DistanceMeters>
            <HeartRateBpm>
              <Value>92</Value>
            </HeartRateBpm>
            <Extensions>
              <ns3:TPX>
                <ns3:Speed>2.249000072479248</ns3:Speed>
              </ns3:TPX>
            </Extensions>
          </Trackpoint>
          <Trackpoint>
            <Time>2026-08-11T18:05:15.000Z</Time>
            <Position>
              <LatitudeDegrees>44.281445760279894</LatitudeDegrees>
              <LongitudeDegrees>-81.60701243206859</LongitudeDegrees>
            </Position>
            <AltitudeMeters>176.1999969482422</AltitudeMeters>
            <DistanceMeters>1892.5699462890625</DistanceMeters>
            <HeartRateBpm>
              <Value>89</Value>
            </HeartRateBpm>
            <Extensions>
              <ns3:TPX>
                <ns3:Speed>2.257999897003174</ns3:Speed>
              </ns3:TPX>
            </Extensions>
          </Trackpoint>
          <Trackpoint>
            <Time>2026-08-11T18:05:16.000Z</Time>
            <Position>
              <LatitudeDegrees>44.28145891986787</LatitudeDegrees>
              <LongitudeDegrees>-81.60699022002518</LongitudeDegrees>
            </Position>
            <AltitudeMeters>176.1999969482422</AltitudeMeters>
            <DistanceMeters>1894.8699951171875</DistanceMeters>
            <HeartRateBpm>
              <Value>92</Value>
            </HeartRateBpm>
            <Extensions>
              <ns3:TPX>
                <ns3:Speed>2.257999897003174</ns3:Speed>
              </ns3:TPX>
            </Extensions>
          </Trackpoint>
          <Trackpoint>
            <Time>2026-08-11T18:05:21.000Z</Time>
            <Position>
              <LatitudeDegrees>44.28152220323682</LatitudeDegrees>
              <LongitudeDegrees>-81.60685208626091</LongitudeDegrees>
            </Position>
            <AltitudeMeters>177.1999969482422</AltitudeMeters>
            <DistanceMeters>1908.02001953125</DistanceMeters>
            <HeartRateBpm>
              <Value>97</Value>
            </HeartRateBpm>
            <Extensions>
              <ns3:TPX>
                <ns3:Speed>2.4730000495910645</ns3:Speed>
              </ns3:TPX>
            </Extensions>
          </Trackpoint>
          <Trackpoint>
            <Time>2026-08-11T18:05:22.000Z</Time>
            <Position>
              <LatitudeDegrees>44.28153058513999</LatitudeDegrees>
              <LongitudeDegrees>-81.60682518035173</LongitudeDegrees>
            </Position>
            <AltitudeMeters>177.1999969482422</AltitudeMeters>
            <DistanceMeters>1910.3599853515625</DistanceMeters>
            <HeartRateBpm>
              <Value>93</Value>
            </HeartRateBpm>
            <Extensions>
              <ns3:TPX>
                <ns3:Speed>2.4730000495910645</ns3:Speed>
              </ns3:TPX>
            </Extensions>
          </Trackpoint>
          <Trackpoint>
            <Time>2026-08-11T18:05:25.000Z</Time>
            <Position>
              <LatitudeDegrees>44.281561682000756</LatitudeDegrees>
              <LongitudeDegrees>-81.60674613900483</LongitudeDegrees>
            </Position>
            <AltitudeMeters>177.39999389648438</AltitudeMeters>
            <DistanceMeters>1917.5699462890625</DistanceMeters>
            <HeartRateBpm>
              <Value>94</Value>
            </HeartRateBpm>
            <Extensions>
              <ns3:TPX>
                <ns3:Speed>2.4070000648498535</ns3:Speed>
              </ns3:TPX>
            </Extensions>
          </Trackpoint>
          <Trackpoint>
            <Time>2026-08-11T18:05:31.000Z</Time>
            <Position>
              <LatitudeDegrees>44.28162789903581</LatitudeDegrees>
              <LongitudeDegrees>-81.60659953951836</LongitudeDegrees>
            </Position>
            <AltitudeMeters>177.60000610351562</AltitudeMeters>
            <DistanceMeters>1931.4000244140625</DistanceMeters>
            <HeartRateBpm>
              <Value>97</Value>
            </HeartRateBpm>
            <Extensions>
              <ns3:TPX>
                <ns3:Speed>2.3889999389648438</ns3:Speed>
              </ns3:TPX>
            </Extensions>
          </Trackpoint>
          <Trackpoint>
            <Time>2026-08-11T18:05:35.000Z</Time>
            <Position>
              <LatitudeDegrees>44.28168489597738</LatitudeDegrees>
              <LongitudeDegrees>-81.60651186481118</LongitudeDegrees>
            </Position>
            <AltitudeMeters>177.8000030517578</AltitudeMeters>
            <DistanceMeters>1940.8499755859375</DistanceMeters>
            <HeartRateBpm>
              <Value>98</Value>
            </HeartRateBpm>
            <Extensions>
              <ns3:TPX>
                <ns3:Speed>2.4260001182556152</ns3:Speed>
              </ns3:TPX>
            </Extensions>
          </Trackpoint>
          <Trackpoint>
            <Time>2026-08-11T18:05:44.000Z</Time>
            <Position>
              <LatitudeDegrees>44.281828477978706</LatitudeDegrees>
              <LongitudeDegrees>-81.60632486455142</LongitudeDegrees>
            </Position>
            <AltitudeMeters>178.0</AltitudeMeters>
            <DistanceMeters>1962.739990234375</DistanceMeters>
            <HeartRateBpm>
              <Value>97</Value>
            </HeartRateBpm>
            <Extensions>
              <ns3:TPX>
                <ns3:Speed>2.3420000076293945</ns3:Speed>
              </ns3:TPX>
            </Extensions>
          </Trackpoint>
          <Trackpoint>
            <Time>2026-08-11T18:05:54.000Z</Time>
            <Position>
              <LatitudeDegrees>44.28199779242277</LatitudeDegrees>
              <LongitudeDegrees>-81.60616795532405</LongitudeDegrees>
            </Position>
            <AltitudeMeters>177.39999389648438</AltitudeMeters>
            <DistanceMeters>1985.4000244140625</DistanceMeters>
            <HeartRateBpm>
              <Value>94</Value>
            </HeartRateBpm>
            <Extensions>
              <ns3:TPX>
                <ns3:Speed>2.2769999504089355</ns3:Speed>
              </ns3:TPX>
            </Extensions>
          </Trackpoint>
          <Trackpoint>
            <Time>2026-08-11T18:06:03.000Z</Time>
            <Position>
              <LatitudeDegrees>44.28215419873595</LatitudeDegrees>
              <LongitudeDegrees>-81.60601322539151</LongitudeDegrees>
            </Position>
            <AltitudeMeters>177.1999969482422</AltitudeMeters>
            <DistanceMeters>2006.800048828125</DistanceMeters>
            <HeartRateBpm>
              <Value>92</Value>
            </HeartRateBpm>
            <Extensions>
              <ns3:TPX>
                <ns3:Speed>2.322999954223633</ns3:Speed>
              </ns3:TPX>
            </Extensions>
          </Trackpoint>
          <Trackpoint>
            <Time>2026-08-11T18:06:08.000Z</Time>
            <Position>
              <LatitudeDegrees>44.28223919123411</LatitudeDegrees>
              <LongitudeDegrees>-81.60590283572674</LongitudeDegrees>
            </Position>
            <AltitudeMeters>176.1999969482422</AltitudeMeters>
            <DistanceMeters>2019.699951171875</DistanceMeters>
            <HeartRateBpm>
              <Value>92</Value>
            </HeartRateBpm>
            <Extensions>
              <ns3:TPX>
                <ns3:Speed>2.4070000648498535</ns3:Speed>
              </ns3:TPX>
            </Extensions>
          </Trackpoint>
          <Trackpoint>
            <Time>2026-08-11T18:06:13.000Z</Time>
            <Position>
              <LatitudeDegrees>44.28232560865581</LatitudeDegrees>
              <LongitudeDegrees>-81.60581239499152</LongitudeDegrees>
            </Position>
            <AltitudeMeters>175.8000030517578</AltitudeMeters>
            <DistanceMeters>2031.719970703125</DistanceMeters>
            <HeartRateBpm>
              <Value>91</Value>
            </HeartRateBpm>
            <Extensions>
              <ns3:TPX>
                <ns3:Speed>2.444999933242798</ns3:Speed>
              </ns3:TPX>
            </Extensions>
          </Trackpoint>
          <Trackpoint>
            <Time>2026-08-11T18:06:19.000Z</Time>
            <Position>
              <LatitudeDegrees>44.28241839632392</LatitudeDegrees>
              <LongitudeDegrees>-81.60571105778217</LongitudeDegrees>
            </Position>
            <AltitudeMeters>176.1999969482422</AltitudeMeters>
            <DistanceMeters>2044.800048828125</DistanceMeters>
            <HeartRateBpm>
              <Value>89</Value>
            </HeartRateBpm>
            <Extensions>
              <ns3:TPX>
                <ns3:Speed>2.249000072479248</ns3:Speed>
              </ns3:TPX>
            </Extensions>
          </Trackpoint>
          <Trackpoint>
            <Time>2026-08-11T18:06:28.000Z</Time>
            <Position>
              <LatitudeDegrees>44.28256340324879</LatitudeDegrees>
              <LongitudeDegrees>-81.60555657930672</LongitudeDegrees>
            </Position>
            <AltitudeMeters>177.1999969482422</AltitudeMeters>
            <DistanceMeters>2065.1298828125</DistanceMeters>
            <HeartRateBpm>
              <Value>91</Value>
            </HeartRateBpm>
            <Extensions>
              <ns3:TPX>
                <ns3:Speed>2.249000072479248</ns3:Speed>
              </ns3:TPX>
            </Extensions>
          </Trackpoint>
          <Trackpoint>
            <Time>2026-08-11T18:06:31.000Z</Time>
            <Position>
              <LatitudeDegrees>44.28261352702975</LatitudeDegrees>
              <LongitudeDegrees>-81.6055160947144</LongitudeDegrees>
            </Position>
            <AltitudeMeters>177.0</AltitudeMeters>
            <DistanceMeters>2071.550048828125</DistanceMeters>
            <HeartRateBpm>
              <Value>92</Value>
            </HeartRateBpm>
            <Extensions>
              <ns3:TPX>
                <ns3:Speed>2.322999954223633</ns3:Speed>
              </ns3:TPX>
            </Extensions>
          </Trackpoint>
          <Trackpoint>
            <Time>2026-08-11T18:06:37.000Z</Time>
            <Position>
              <LatitudeDegrees>44.282692736014724</LatitudeDegrees>
              <LongitudeDegrees>-81.60540050826967</LongitudeDegrees>
            </Position>
            <AltitudeMeters>177.0</AltitudeMeters>
            <DistanceMeters>2084.3701171875</DistanceMeters>
            <HeartRateBpm>
              <Value>91</Value>
            </HeartRateBpm>
            <Extensions>
              <ns3:TPX>
                <ns3:Speed>2.052999973297119</ns3:Speed>
              </ns3:TPX>
            </Extensions>
          </Trackpoint>
          <Trackpoint>
            <Time>2026-08-11T18:06:43.000Z</Time>
            <Position>
              <LatitudeDegrees>44.28274570964277</LatitudeDegrees>
              <LongitudeDegrees>-81.60524217411876</LongitudeDegrees>
            </Position>
            <AltitudeMeters>177.1999969482422</AltitudeMeters>
            <DistanceMeters>2098.300048828125</DistanceMeters>
            <HeartRateBpm>
              <Value>94</Value>
            </HeartRateBpm>
            <Extensions>
              <ns3:TPX>
                <ns3:Speed>2.1549999713897705</ns3:Speed>
              </ns3:TPX>
            </Extensions>
          </Trackpoint>
          <Trackpoint>
            <Time>2026-08-11T18:06:46.000Z</Time>
            <Position>
              <LatitudeDegrees>44.2827666644007</LatitudeDegrees>
              <LongitudeDegrees>-81.60517386160791</LongitudeDegrees>
            </Position>
            <AltitudeMeters>177.39999389648438</AltitudeMeters>
            <DistanceMeters>2104.139892578125</DistanceMeters>
            <HeartRateBpm>
              <Value>95</Value>
            </HeartRateBpm>
            <Extensions>
              <ns3:TPX>
                <ns3:Speed>2.193000078201294</ns3:Speed>
              </ns3:TPX>
            </Extensions>
          </Trackpoint>
          <Trackpoint>
            <Time>2026-08-11T18:06:56.000Z</Time>
            <Position>
              <LatitudeDegrees>44.2828665766865</LatitudeDegrees>
              <LongitudeDegrees>-81.60492232069373</LongitudeDegrees>
            </Position>
            <AltitudeMeters>177.60000610351562</AltitudeMeters>
            <DistanceMeters>2127.10009765625</DistanceMeters>
            <HeartRateBpm>
              <Value>92</Value>
            </HeartRateBpm>
            <Extensions>
              <ns3:TPX>
                <ns3:Speed>2.2669999599456787</ns3:Speed>
              </ns3:TPX>
            </Extensions>
          </Trackpoint>
          <Trackpoint>
            <Time>2026-08-11T18:06:59.000Z</Time>
            <Position>
              <LatitudeDegrees>44.28289717063308</LatitudeDegrees>
              <LongitudeDegrees>-81.60485099069774</LongitudeDegrees>
            </Position>
            <AltitudeMeters>178.1999969482422</AltitudeMeters>
            <DistanceMeters>2133.739990234375</DistanceMeters>
            <HeartRateBpm>
              <Value>95</Value>
            </HeartRateBpm>
            <Extensions>
              <ns3:TPX>
                <ns3:Speed>2.2209999561309814</ns3:Speed>
              </ns3:TPX>
            </Extensions>
          </Trackpoint>
          <Trackpoint>
            <Time>2026-08-11T18:07:00.000Z</Time>
            <Position>
              <LatitudeDegrees>44.28290999494493</LatitudeDegrees>
              <LongitudeDegrees>-81.60482936538756</LongitudeDegrees>
            </Position>
            <AltitudeMeters>178.1999969482422</AltitudeMeters>
            <DistanceMeters>2135.97998046875</DistanceMeters>
            <HeartRateBpm>
              <Value>94</Value>
            </HeartRateBpm>
            <Extensions>
              <ns3:TPX>
                <ns3:Speed>2.2209999561309814</ns3:Speed>
              </ns3:TPX>
            </Extensions>
          </Trackpoint>
          <Trackpoint>
            <Time>2026-08-11T18:07:05.000Z</Time>
            <Position>
              <LatitudeDegrees>44.28299322724342</LatitudeDegrees>
              <LongitudeDegrees>-81.60472978837788</LongitudeDegrees>
            </Position>
            <AltitudeMeters>178.1999969482422</AltitudeMeters>
            <DistanceMeters>2148.179931640625</DistanceMeters>
            <HeartRateBpm>
              <Value>94</Value>
            </HeartRateBpm>
            <Extensions>
              <ns3:TPX>
                <ns3:Speed>2.3329999446868896</ns3:Speed>
              </ns3:TPX>
            </Extensions>
          </Trackpoint>
          <Trackpoint>
            <Time>2026-08-11T18:07:16.000Z</Time>
            <Position>
              <LatitudeDegrees>44.283148711547256</LatitudeDegrees>
              <LongitudeDegrees>-81.60451076924801</LongitudeDegrees>
            </Position>
            <AltitudeMeters>178.1999969482422</AltitudeMeters>
            <DistanceMeters>2172.780029296875</DistanceMeters>
            <HeartRateBpm>
              <Value>90</Value>
            </HeartRateBpm>
            <Extensions>
              <ns3:TPX>
                <ns3:Speed>2.2669999599456787</ns3:Speed>
              </ns3:TPX>
            </Extensions>
          </Trackpoint>
          <Trackpoint>
            <Time>2026-08-11T18:07:17.000Z</Time>
            <Position>
              <LatitudeDegrees>44.28316715173423</LatitudeDegrees>
              <LongitudeDegrees>-81.60449165850878</LongitudeDegrees>
            </Position>
            <AltitudeMeters>178.1999969482422</AltitudeMeters>
            <DistanceMeters>2175.330078125</DistanceMeters>
            <HeartRateBpm>
              <Value>95</Value>
            </HeartRateBpm>
            <Extensions>
              <ns3:TPX>
                <ns3:Speed>2.2860000133514404</ns3:Speed>
              </ns3:TPX>
            </Extensions>
          </Trackpoint>
          <Trackpoint>
            <Time>2026-08-11T18:07:27.000Z</Time>
            <Position>
              <LatitudeDegrees>44.283314757049084</LatitudeDegrees>
              <LongitudeDegrees>-81.60426383838058</LongitudeDegrees>
            </Position>
            <AltitudeMeters>178.0</AltitudeMeters>
            <DistanceMeters>2199.830078125</DistanceMeters>
            <HeartRateBpm>
              <Value>93</Value>
            </HeartRateBpm>
            <Extensions>
              <ns3:TPX>
                <ns3:Speed>2.4630000591278076</ns3:Speed>
              </ns3:TPX>
            </Extensions>
          </Trackpoint>
          <Trackpoint>
            <Time>2026-08-11T18:07:28.000Z</Time>
            <Position>
              <LatitudeDegrees>44.28332682698965</LatitudeDegrees>
              <LongitudeDegrees>-81.60423617810011</LongitudeDegrees>
            </Position>
            <AltitudeMeters>178.0</AltitudeMeters>
            <DistanceMeters>2202.340087890625</DistanceMeters>
            <HeartRateBpm>
              <Value>96</Value>
            </HeartRateBpm>
            <Extensions>
              <ns3:TPX>
                <ns3:Speed>2.4630000591278076</ns3:Speed>
              </ns3:TPX>
            </Extensions>
          </Trackpoint>
          <Trackpoint>
            <Time>2026-08-11T18:07:29.000Z</Time>
            <Position>
              <LatitudeDegrees>44.283338729292154</LatitudeDegrees>
              <LongitudeDegrees>-81.60421673208475</LongitudeDegrees>
            </Position>
            <AltitudeMeters>178.0</AltitudeMeters>
            <DistanceMeters>2204.3798828125</DistanceMeters>
            <HeartRateBpm>
              <Value>93</Value>
            </HeartRateBpm>
            <Extensions>
              <ns3:TPX>
                <ns3:Speed>2.4630000591278076</ns3:Speed>
              </ns3:TPX>
            </Extensions>
          </Trackpoint>
          <Trackpoint>
            <Time>2026-08-11T18:07:33.000Z</Time>
            <Position>
              <LatitudeDegrees>44.2834104783833</LatitudeDegrees>
              <LongitudeDegrees>-81.60413417033851</LongitudeDegrees>
            </Position>
            <AltitudeMeters>178.1999969482422</AltitudeMeters>
            <DistanceMeters>2214.72998046875</DistanceMeters>
            <HeartRateBpm>
              <Value>89</Value>
            </HeartRateBpm>
            <Extensions>
              <ns3:TPX>
                <ns3:Speed>2.4630000591278076</ns3:Speed>
              </ns3:TPX>
            </Extensions>
          </Trackpoint>
          <Trackpoint>
            <Time>2026-08-11T18:07:36.000Z</Time>
            <Position>
              <LatitudeDegrees>44.2834606859833</LatitudeDegrees>
              <LongitudeDegrees>-81.60407206043601</LongitudeDegrees>
            </Position>
            <AltitudeMeters>178.1999969482422</AltitudeMeters>
            <DistanceMeters>2222.18994140625</DistanceMeters>
            <HeartRateBpm>
              <Value>88</Value>
            </HeartRateBpm>
            <Extensions>
              <ns3:TPX>
                <ns3:Speed>2.4630000591278076</ns3:Speed>
              </ns3:TPX>
            </Extensions>
          </Trackpoint>
          <Trackpoint>
            <Time>2026-08-11T18:07:38.000Z</Time>
            <Position>
              <LatitudeDegrees>44.283491699025035</LatitudeDegrees>
              <LongitudeDegrees>-81.60402813926339</LongitudeDegrees>
            </Position>
            <AltitudeMeters>178.1999969482422</AltitudeMeters>
            <DistanceMeters>2227.110107421875</DistanceMeters>
            <HeartRateBpm>
              <Value>92</Value>
            </HeartRateBpm>
            <Extensions>
              <ns3:TPX>
                <ns3:Speed>2.4820001125335693</ns3:Speed>
              </ns3:TPX>
            </Extensions>
          </Trackpoint>
          <Trackpoint>
            <Time>2026-08-11T18:07:44.000Z</Time>
            <Position>
              <LatitudeDegrees>44.283577697351575</LatitudeDegrees>
              <LongitudeDegrees>-81.60392101854086</LongitudeDegrees>
            </Position>
            <AltitudeMeters>178.1999969482422</AltitudeMeters>
            <DistanceMeters>2239.949951171875</DistanceMeters>
            <HeartRateBpm>
              <Value>96</Value>
            </HeartRateBpm>
            <Extensions>
              <ns3:TPX>
                <ns3:Speed>2.3510000705718994</ns3:Speed>
              </ns3:TPX>
            </Extensions>
          </Trackpoint>
          <Trackpoint>
            <Time>2026-08-11T18:07:46.000Z</Time>
            <Position>
              <LatitudeDegrees>44.283612901344895</LatitudeDegrees>
              <LongitudeDegrees>-81.60389746539295</LongitudeDegrees>
            </Position>
            <AltitudeMeters>178.1999969482422</AltitudeMeters>
            <DistanceMeters>2244.280029296875</DistanceMeters>
            <HeartRateBpm>
              <Value>95</Value>
            </HeartRateBpm>
            <Extensions>
              <ns3:TPX>
                <ns3:Speed>2.2860000133514404</ns3:Speed>
              </ns3:TPX>
            </Extensions>
          </Trackpoint>
          <Trackpoint>
            <Time>2026-08-11T18:07:50.000Z</Time>
            <Position>
              <LatitudeDegrees>44.28367509506643</LatitudeDegrees>
              <LongitudeDegrees>-81.60383510403335</LongitudeDegrees>
            </Position>
            <AltitudeMeters>177.8000030517578</AltitudeMeters>
            <DistanceMeters>2252.7900390625</DistanceMeters>
            <HeartRateBpm>
              <Value>98</Value>
            </HeartRateBpm>
            <Extensions>
              <ns3:TPX>
                <ns3:Speed>2.127000093460083</ns3:Speed>
              </ns3:TPX>
            </Extensions>
          </Trackpoint>
          <Trackpoint>
            <Time>2026-08-11T18:07:56.000Z</Time>
            <Position>
              <LatitudeDegrees>44.28375782445073</LatitudeDegrees>
              <LongitudeDegrees>-81.60371465608478</LongitudeDegrees>
            </Position>
            <AltitudeMeters>178.0</AltitudeMeters>
            <DistanceMeters>2266.169921875</DistanceMeters>
            <HeartRateBpm>
              <Value>100</Value>
            </HeartRateBpm>
            <Extensions>
              <ns3:TPX>
                <ns3:Speed>2.1549999713897705</ns3:Speed>
              </ns3:TPX>
            </Extensions>
          </Trackpoint>
          <Trackpoint>
            <Time>2026-08-11T18:08:07.000Z</Time>
            <Position>
              <LatitudeDegrees>44.28392051719129</LatitudeDegrees>
              <LongitudeDegrees>-81.60348113626242</LongitudeDegrees>
            </Position>
            <AltitudeMeters>178.60000610351562</AltitudeMeters>
            <DistanceMeters>2292.27001953125</DistanceMeters>
            <HeartRateBpm>
              <Value>100</Value>
            </HeartRateBpm>
            <Extensions>
              <ns3:TPX>
                <ns3:Speed>2.3980000019073486</ns3:Speed>
              </ns3:TPX>
            </Extensions>
          </Trackpoint>
          <Trackpoint>
            <Time>2026-08-11T18:08:16.000Z</Time>
            <Position>
              <LatitudeDegrees>44.284059070050716</LatitudeDegrees>
              <LongitudeDegrees>-81.60326287150383</LongitudeDegrees>
            </Position>
            <AltitudeMeters>179.1999969482422</AltitudeMeters>
            <DistanceMeters>2315.52001953125</DistanceMeters>
            <HeartRateBpm>
              <Value>101</Value>
            </HeartRateBpm>
            <Extensions>
              <ns3:TPX>
                <ns3:Speed>2.5190000534057617</ns3:Speed>
              </ns3:TPX>
            </Extensions>
          </Trackpoint>
          <Trackpoint>
            <Time>2026-08-11T18:08:21.000Z</Time>
            <Position>
              <LatitudeDegrees>44.28413006477058</LatitudeDegrees>
              <LongitudeDegrees>-81.60314686596394</LongitudeDegrees>
            </Position>
            <AltitudeMeters>179.60000610351562</AltitudeMeters>
            <DistanceMeters>2327.68994140625</DistanceMeters>
            <HeartRateBpm>
              <Value>100</Value>
            </HeartRateBpm>
            <Extensions>
              <ns3:TPX>
                <ns3:Speed>2.4730000495910645</ns3:Speed>
              </ns3:TPX>
            </Extensions>
          </Trackpoint>
          <Trackpoint>
            <Time>2026-08-11T18:08:29.000Z</Time>
            <Position>
              <LatitudeDegrees>44.284260738641024</LatitudeDegrees>
              <LongitudeDegrees>-81.60297453403473</LongitudeDegrees>
            </Position>
            <AltitudeMeters>179.0</AltitudeMeters>
            <DistanceMeters>2347.679931640625</DistanceMeters>
            <HeartRateBpm>
              <Value>97</Value>
            </HeartRateBpm>
            <Extensions>
              <ns3:TPX>
                <ns3:Speed>2.4539999961853027</ns3:Speed>
              </ns3:TPX>
            </Extensions>
          </Trackpoint>
          <Trackpoint>
            <Time>2026-08-11T18:08:33.000Z</Time>
            <Position>
              <LatitudeDegrees>44.28431463427842</LatitudeDegrees>
              <LongitudeDegrees>-81.60286732949317</LongitudeDegrees>
            </Position>
            <AltitudeMeters>178.8000030517578</AltitudeMeters>
            <DistanceMeters>2358.110107421875</DistanceMeters>
            <HeartRateBpm>
              <Value>96</Value>
            </HeartRateBpm>
            <Extensions>
              <ns3:TPX>
                <ns3:Speed>2.5290000438690186</ns3:Speed>
              </ns3:TPX>
            </Extensions>
          </Trackpoint>
          <Trackpoint>
            <Time>2026-08-11T18:08:42.000Z</Time>
            <Position>
              <LatitudeDegrees>44.28444069810212</LatitudeDegrees>
              <LongitudeDegrees>-81.60263900645077</LongitudeDegrees>
            </Position>
            <AltitudeMeters>179.39999389648438</AltitudeMeters>
            <DistanceMeters>2381.239990234375</DistanceMeters>
            <HeartRateBpm>
              <Value>96</Value>
            </HeartRateBpm>
            <Extensions>
              <ns3:TPX>
                <ns3:Speed>2.4730000495910645</ns3:Speed>
              </ns3:TPX>
            </Extensions>
          </Trackpoint>
          <Trackpoint>
            <Time>2026-08-11T18:08:46.000Z</Time>
            <Position>
              <LatitudeDegrees>44.28449710831046</LatitudeDegrees>
              <LongitudeDegrees>-81.60254680551589</LongitudeDegrees>
            </Position>
            <AltitudeMeters>179.39999389648438</AltitudeMeters>
            <DistanceMeters>2390.909912109375</DistanceMeters>
            <HeartRateBpm>
              <Value>93</Value>
            </HeartRateBpm>
            <Extensions>
              <ns3:TPX>
                <ns3:Speed>2.4539999961853027</ns3:Speed>
              </ns3:TPX>
            </Extensions>
          </Trackpoint>
          <Trackpoint>
            <Time>2026-08-11T18:08:54.000Z</Time>
            <Position>
              <LatitudeDegrees>44.284617053344846</LatitudeDegrees>
              <LongitudeDegrees>-81.60235351882875</LongitudeDegrees>
            </Position>
            <AltitudeMeters>180.0</AltitudeMeters>
            <DistanceMeters>2411.31005859375</DistanceMeters>
            <HeartRateBpm>
              <Value>92</Value>
            </HeartRateBpm>
            <Extensions>
              <ns3:TPX>
                <ns3:Speed>2.5940001010894775</ns3:Speed>
              </ns3:TPX>
            </Extensions>
          </Trackpoint>
          <Trackpoint>
            <Time>2026-08-11T18:09:04.000Z</Time>
            <Position>
              <LatitudeDegrees>44.28477639332414</LatitudeDegrees>
              <LongitudeDegrees>-81.60208839923143</LongitudeDegrees>
            </Position>
            <AltitudeMeters>180.0</AltitudeMeters>
            <DistanceMeters>2438.919921875</DistanceMeters>
            <HeartRateBpm>
              <Value>91</Value>
            </HeartRateBpm>
            <Extensions>
              <ns3:TPX>
                <ns3:Speed>2.8369998931884766</ns3:Speed>
              </ns3:TPX>
            </Extensions>
          </Trackpoint>
          <Trackpoint>
            <Time>2026-08-11T18:09:14.000Z</Time>
            <Position>
              <LatitudeDegrees>44.28493774496019</LatitudeDegrees>
              <LongitudeDegrees>-81.60181565210223</LongitudeDegrees>
            </Position>
            <AltitudeMeters>179.8000030517578</AltitudeMeters>
            <DistanceMeters>2467.169921875</DistanceMeters>
            <HeartRateBpm>
              <Value>89</Value>
            </HeartRateBpm>
            <Extensions>
              <ns3:TPX>
                <ns3:Speed>2.882999897003174</ns3:Speed>
              </ns3:TPX>
            </Extensions>
          </Trackpoint>
          <Trackpoint>
            <Time>2026-08-11T18:09:20.000Z</Time>
            <Position>
              <LatitudeDegrees>44.285026928409934</LatitudeDegrees>
              <LongitudeDegrees>-81.60167299211025</LongitudeDegrees>
            </Position>
            <AltitudeMeters>180.0</AltitudeMeters>
            <DistanceMeters>2482.25</DistanceMeters>
            <HeartRateBpm>
              <Value>86</Value>
            </HeartRateBpm>
            <Extensions>
              <ns3:TPX>
                <ns3:Speed>2.6589999198913574</ns3:Speed>
              </ns3:TPX>
            </Extensions>
          </Trackpoint>
          <Trackpoint>
            <Time>2026-08-11T18:09:22.000Z</Time>
            <Position>
              <LatitudeDegrees>44.28506028838456</LatitudeDegrees>
              <LongitudeDegrees>-81.60163418389857</LongitudeDegrees>
            </Position>
            <AltitudeMeters>180.0</AltitudeMeters>
            <DistanceMeters>2486.969970703125</DistanceMeters>
            <HeartRateBpm>
              <Value>89</Value>
            </HeartRateBpm>
            <Extensions>
              <ns3:TPX>
                <ns3:Speed>2.61299991607666</ns3:Speed>
              </ns3:TPX>
            </Extensions>
          </Trackpoint>
          <Trackpoint>
            <Time>2026-08-11T18:09:23.000Z</Time>
            <Position>
              <LatitudeDegrees>44.285076381638646</LatitudeDegrees>
              <LongitudeDegrees>-81.60161121748388</LongitudeDegrees>
            </Position>
            <AltitudeMeters>180.39999389648438</AltitudeMeters>
            <DistanceMeters>2489.530029296875</DistanceMeters>
            <HeartRateBpm>
              <Value>89</Value>
            </HeartRateBpm>
            <Extensions>
              <ns3:TPX>
                <ns3:Speed>2.61299991607666</ns3:Speed>
              </ns3:TPX>
            </Extensions>
          </Trackpoint>
          <Trackpoint>
            <Time>2026-08-11T18:09:24.000Z</Time>
            <Position>
              <LatitudeDegrees>44.28508928976953</LatitudeDegrees>
              <LongitudeDegrees>-81.60158716142178</LongitudeDegrees>
            </Position>
            <AltitudeMeters>180.60000610351562</AltitudeMeters>
            <DistanceMeters>2491.89990234375</DistanceMeters>
            <HeartRateBpm>
              <Value>89</Value>
            </HeartRateBpm>
            <Extensions>
              <ns3:TPX>
                <ns3:Speed>2.5850000381469727</ns3:Speed>
              </ns3:TPX>
            </Extensions>
          </Trackpoint>
          <Trackpoint>
            <Time>2026-08-11T18:09:35.000Z</Time>
            <Position>
              <LatitudeDegrees>44.28524066694081</LatitudeDegrees>
              <LongitudeDegrees>-81.60132438875735</LongitudeDegrees>
            </Position>
            <AltitudeMeters>180.60000610351562</AltitudeMeters>
            <DistanceMeters>2518.820068359375</DistanceMeters>
            <HeartRateBpm>
              <Value>88</Value>
            </HeartRateBpm>
            <Extensions>
              <ns3:TPX>
                <ns3:Speed>2.500999927520752</ns3:Speed>
              </ns3:TPX>
            </Extensions>
          </Trackpoint>
          <Trackpoint>
            <Time>2026-08-11T18:09:38.000Z</Time>
            <Position>
              <LatitudeDegrees>44.285285510122776</LatitudeDegrees>
              <LongitudeDegrees>-81.60125439986587</LongitudeDegrees>
            </Position>
            <AltitudeMeters>180.39999389648438</AltitudeMeters>
            <DistanceMeters>2526.300048828125</DistanceMeters>
            <HeartRateBpm>
              <Value>91</Value>
            </HeartRateBpm>
            <Extensions>
              <ns3:TPX>
                <ns3:Speed>2.444999933242798</ns3:Speed>
              </ns3:TPX>
            </Extensions>
          </Trackpoint>
          <Trackpoint>
            <Time>2026-08-11T18:09:47.000Z</Time>
            <Position>
              <LatitudeDegrees>44.2854187823832</LatitudeDegrees>
              <LongitudeDegrees>-81.60101937130094</LongitudeDegrees>
            </Position>
            <AltitudeMeters>180.1999969482422</AltitudeMeters>
            <DistanceMeters>2550.2099609375</DistanceMeters>
            <HeartRateBpm>
              <Value>91</Value>
            </HeartRateBpm>
            <Extensions>
              <ns3:TPX>
                <ns3:Speed>2.509999990463257</ns3:Speed>
              </ns3:TPX>
            </Extensions>
          </Trackpoint>
          <Trackpoint>
            <Time>2026-08-11T18:09:50.000Z</Time>
            <Position>
              <LatitudeDegrees>44.28546781651676</LatitudeDegrees>
              <LongitudeDegrees>-81.60093907266855</LongitudeDegrees>
            </Position>
            <AltitudeMeters>180.39999389648438</AltitudeMeters>
            <DistanceMeters>2558.6201171875</DistanceMeters>
            <HeartRateBpm>
              <Value>94</Value>
            </HeartRateBpm>
            <Extensions>
              <ns3:TPX>
                <ns3:Speed>2.6410000324249268</ns3:Speed>
              </ns3:TPX>
            </Extensions>
          </Trackpoint>
          <Trackpoint>
            <Time>2026-08-11T18:09:53.000Z</Time>
            <Position>
              <LatitudeDegrees>44.285513581708074</LatitudeDegrees>
              <LongitudeDegrees>-81.60085718147457</LongitudeDegrees>
            </Position>
            <AltitudeMeters>180.39999389648438</AltitudeMeters>
            <DistanceMeters>2566.889892578125</DistanceMeters>
            <HeartRateBpm>
              <Value>91</Value>
            </HeartRateBpm>
            <Extensions>
              <ns3:TPX>
                <ns3:Speed>2.6410000324249268</ns3:Speed>
              </ns3:TPX>
            </Extensions>
          </Trackpoint>
          <Trackpoint>
            <Time>2026-08-11T18:09:56.000Z</Time>
            <Position>
              <LatitudeDegrees>44.285560101270676</LatitudeDegrees>
              <LongitudeDegrees>-81.60078601911664</LongitudeDegrees>
            </Position>
            <AltitudeMeters>180.60000610351562</AltitudeMeters>
            <DistanceMeters>2574.570068359375</DistanceMeters>
            <HeartRateBpm>
              <Value>88</Value>
            </HeartRateBpm>
            <Extensions>
              <ns3:TPX>
                <ns3:Speed>2.575000047683716</ns3:Speed>
              </ns3:TPX>
            </Extensions>
          </Trackpoint>
          <Trackpoint>
            <Time>2026-08-11T18:09:58.000Z</Time>
            <Position>
              <LatitudeDegrees>44.28558583371341</LatitudeDegrees>
              <LongitudeDegrees>-81.60073421895504</LongitudeDegrees>
            </Position>
            <AltitudeMeters>180.60000610351562</AltitudeMeters>
            <DistanceMeters>2579.60009765625</DistanceMeters>
            <HeartRateBpm>
              <Value>91</Value>
            </HeartRateBpm>
            <Extensions>
              <ns3:TPX>
                <ns3:Speed>2.556999921798706</ns3:Speed>
              </ns3:TPX>
            </Extensions>
          </Trackpoint>
          <Trackpoint>
            <Time>2026-08-11T18:10:07.000Z</Time>
            <Position>
              <LatitudeDegrees>44.28569454699755</LatitudeDegrees>
              <LongitudeDegrees>-81.60052601248026</LongitudeDegrees>
            </Position>
            <AltitudeMeters>180.39999389648438</AltitudeMeters>
            <DistanceMeters>2600.169921875</DistanceMeters>
            <HeartRateBpm>
              <Value>90</Value>
            </HeartRateBpm>
            <Extensions>
              <ns3:TPX>
                <ns3:Speed>2.257999897003174</ns3:Speed>
              </ns3:TPX>
            </Extensions>
          </Trackpoint>
          <Trackpoint>
            <Time>2026-08-11T18:10:19.000Z</Time>
            <Position>
              <LatitudeDegrees>44.28587945178151</LatitudeDegrees>
              <LongitudeDegrees>-81.60028084181249</LongitudeDegrees>
            </Position>
            <AltitudeMeters>180.39999389648438</AltitudeMeters>
            <DistanceMeters>2628.7099609375</DistanceMeters>
            <HeartRateBpm>
              <Value>87</Value>
            </HeartRateBpm>
            <Extensions>
              <ns3:TPX>
                <ns3:Speed>2.4730000495910645</ns3:Speed>
              </ns3:TPX>
            </Extensions>
          </Trackpoint>
          <Trackpoint>
            <Time>2026-08-11T18:10:31.000Z</Time>
            <Position>
              <LatitudeDegrees>44.28611875511706</LatitudeDegrees>
              <LongitudeDegrees>-81.60009794868529</LongitudeDegrees>
            </Position>
            <AltitudeMeters>180.60000610351562</AltitudeMeters>
            <DistanceMeters>2659.320068359375</DistanceMeters>
            <HeartRateBpm>
              <Value>91</Value>
            </HeartRateBpm>
            <Extensions>
              <ns3:TPX>
                <ns3:Speed>2.5940001010894775</ns3:Speed>
              </ns3:TPX>
            </Extensions>
          </Trackpoint>
          <Trackpoint>
            <Time>2026-08-11T18:10:41.000Z</Time>
            <Position>
              <LatitudeDegrees>44.286317909136415</LatitudeDegrees>
              <LongitudeDegrees>-81.59996031783521</LongitudeDegrees>
            </Position>
            <AltitudeMeters>181.1999969482422</AltitudeMeters>
            <DistanceMeters>2684.0400390625</DistanceMeters>
            <HeartRateBpm>
              <Value>92</Value>
            </HeartRateBpm>
            <Extensions>
              <ns3:TPX>
                <ns3:Speed>2.378999948501587</ns3:Speed>
              </ns3:TPX>
            </Extensions>
          </Trackpoint>
          <Trackpoint>
            <Time>2026-08-11T18:10:56.000Z</Time>
            <Position>
              <LatitudeDegrees>44.28659811615944</LatitudeDegrees>
              <LongitudeDegrees>-81.59974079579115</LongitudeDegrees>
            </Position>
            <AltitudeMeters>180.60000610351562</AltitudeMeters>
            <DistanceMeters>2719.760009765625</DistanceMeters>
            <HeartRateBpm>
              <Value>90</Value>
            </HeartRateBpm>
            <Extensions>
              <ns3:TPX>
                <ns3:Speed>2.313999891281128</ns3:Speed>
              </ns3:TPX>
            </Extensions>
          </Trackpoint>
          <Trackpoint>
            <Time>2026-08-11T18:11:04.000Z</Time>
            <Position>
              <LatitudeDegrees>44.286718061193824</LatitudeDegrees>
              <LongitudeDegrees>-81.59954683855176</LongitudeDegrees>
            </Position>
            <AltitudeMeters>180.8000030517578</AltitudeMeters>
            <DistanceMeters>2740.25</DistanceMeters>
            <HeartRateBpm>
              <Value>91</Value>
            </HeartRateBpm>
            <Extensions>
              <ns3:TPX>
                <ns3:Speed>2.546999931335449</ns3:Speed>
              </ns3:TPX>
            </Extensions>
          </Trackpoint>
          <Trackpoint>
            <Time>2026-08-11T18:11:13.000Z</Time>
            <Position>
              <LatitudeDegrees>44.28681453689933</LatitudeDegrees>
              <LongitudeDegrees>-81.59930191934109</LongitudeDegrees>
            </Position>
            <AltitudeMeters>180.8000030517578</AltitudeMeters>
            <DistanceMeters>2762.60009765625</DistanceMeters>
            <HeartRateBpm>
              <Value>90</Value>
            </HeartRateBpm>
            <Extensions>
              <ns3:TPX>
                <ns3:Speed>2.4260001182556152</ns3:Speed>
              </ns3:TPX>
            </Extensions>
          </Trackpoint>
          <Trackpoint>
            <Time>2026-08-11T18:11:20.000Z</Time>
            <Position>
              <LatitudeDegrees>44.28687614388764</LatitudeDegrees>
              <LongitudeDegrees>-81.59912615083158</LongitudeDegrees>
            </Position>
            <AltitudeMeters>181.0</AltitudeMeters>
            <DistanceMeters>2778.25</DistanceMeters>
            <HeartRateBpm>
              <Value>88</Value>
            </HeartRateBpm>
            <Extensions>
              <ns3:TPX>
                <ns3:Speed>2.239000082015991</ns3:Speed>
              </ns3:TPX>
            </Extensions>
          </Trackpoint>
          <Trackpoint>
            <Time>2026-08-11T18:11:33.000Z</Time>
            <Position>
              <LatitudeDegrees>44.287047386169434</LatitudeDegrees>
              <LongitudeDegrees>-81.59879825077951</LongitudeDegrees>
            </Position>
            <AltitudeMeters>180.60000610351562</AltitudeMeters>
            <DistanceMeters>2810.7099609375</DistanceMeters>
            <HeartRateBpm>
              <Value>88</Value>
            </HeartRateBpm>
            <Extensions>
              <ns3:TPX>
                <ns3:Speed>2.4820001125335693</ns3:Speed>
              </ns3:TPX>
            </Extensions>
          </Trackpoint>
          <Trackpoint>
            <Time>2026-08-11T18:11:35.000Z</Time>
            <Position>
              <LatitudeDegrees>44.28707906976342</LatitudeDegrees>
              <LongitudeDegrees>-81.59876103512943</LongitudeDegrees>
            </Position>
            <AltitudeMeters>176.1999969482422</AltitudeMeters>
            <DistanceMeters>2815.330078125</DistanceMeters>
            <HeartRateBpm>
              <Value>87</Value>
            </HeartRateBpm>
            <Extensions>
              <ns3:TPX>
                <ns3:Speed>2.4630000591278076</ns3:Speed>
              </ns3:TPX>
            </Extensions>
          </Trackpoint>
          <Trackpoint>
            <Time>2026-08-11T18:11:36.000Z</Time>
            <Position>
              <LatitudeDegrees>44.28709122352302</LatitudeDegrees>
              <LongitudeDegrees>-81.59874452278018</LongitudeDegrees>
            </Position>
            <AltitudeMeters>174.0</AltitudeMeters>
            <DistanceMeters>2817.18994140625</DistanceMeters>
            <HeartRateBpm>
              <Value>87</Value>
            </HeartRateBpm>
            <Extensions>
              <ns3:TPX>
                <ns3:Speed>2.4170000553131104</ns3:Speed>
              </ns3:TPX>
            </Extensions>
          </Trackpoint>
          <Trackpoint>
            <Time>2026-08-11T18:11:37.000Z</Time>
            <Position>
              <LatitudeDegrees>44.28710890933871</LatitudeDegrees>
              <LongitudeDegrees>-81.59872717224061</LongitudeDegrees>
            </Position>
            <AltitudeMeters>172.8000030517578</AltitudeMeters>
            <DistanceMeters>2819.590087890625</DistanceMeters>
            <HeartRateBpm>
              <Value>86</Value>
            </HeartRateBpm>
            <Extensions>
              <ns3:TPX>
                <ns3:Speed>2.3889999389648438</ns3:Speed>
              </ns3:TPX>
            </Extensions>
          </Trackpoint>
          <Trackpoint>
            <Time>2026-08-11T18:11:40.000Z</Time>
            <Position>
              <LatitudeDegrees>44.28716456517577</LatitudeDegrees>
              <LongitudeDegrees>-81.59868702292442</LongitudeDegrees>
            </Position>
            <AltitudeMeters>171.60000610351562</AltitudeMeters>
            <DistanceMeters>2826.56005859375</DistanceMeters>
            <HeartRateBpm>
              <Value>87</Value>
            </HeartRateBpm>
            <Extensions>
              <ns3:TPX>
                <ns3:Speed>2.249000072479248</ns3:Speed>
              </ns3:TPX>
            </Extensions>
          </Trackpoint>
          <Trackpoint>
            <Time>2026-08-11T18:11:48.000Z</Time>
            <Position>
              <LatitudeDegrees>44.28731250576675</LatitudeDegrees>
              <LongitudeDegrees>-81.59859431907535</LongitudeDegrees>
            </Position>
            <AltitudeMeters>171.60000610351562</AltitudeMeters>
            <DistanceMeters>2844.580078125</DistanceMeters>
            <HeartRateBpm>
              <Value>84</Value>
            </HeartRateBpm>
            <Extensions>
              <ns3:TPX>
                <ns3:Speed>2.249000072479248</ns3:Speed>
              </ns3:TPX>
            </Extensions>
          </Trackpoint>
          <Trackpoint>
            <Time>2026-08-11T18:11:52.000Z</Time>
            <Position>
              <LatitudeDegrees>44.28739557042718</LatitudeDegrees>
              <LongitudeDegrees>-81.59853061661124</LongitudeDegrees>
            </Position>
            <AltitudeMeters>171.39999389648438</AltitudeMeters>
            <DistanceMeters>2855.1298828125</DistanceMeters>
            <HeartRateBpm>
              <Value>84</Value>
            </HeartRateBpm>
            <Extensions>
              <ns3:TPX>
                <ns3:Speed>2.3420000076293945</ns3:Speed>
              </ns3:TPX>
            </Extensions>
          </Trackpoint>
          <Trackpoint>
            <Time>2026-08-11T18:11:57.000Z</Time>
            <Position>
              <LatitudeDegrees>44.28748651407659</LatitudeDegrees>
              <LongitudeDegrees>-81.59844746813178</LongitudeDegrees>
            </Position>
            <AltitudeMeters>171.39999389648438</AltitudeMeters>
            <DistanceMeters>2867.22998046875</DistanceMeters>
            <HeartRateBpm>
              <Value>87</Value>
            </HeartRateBpm>
            <Extensions>
              <ns3:TPX>
                <ns3:Speed>2.5290000438690186</ns3:Speed>
              </ns3:TPX>
            </Extensions>
          </Trackpoint>
          <Trackpoint>
            <Time>2026-08-11T18:12:02.000Z</Time>
            <Position>
              <LatitudeDegrees>44.28757879883051</LatitudeDegrees>
              <LongitudeDegrees>-81.59834462217987</LongitudeDegrees>
            </Position>
            <AltitudeMeters>171.39999389648438</AltitudeMeters>
            <DistanceMeters>2880.2900390625</DistanceMeters>
            <HeartRateBpm>
              <Value>88</Value>
            </HeartRateBpm>
            <Extensions>
              <ns3:TPX>
                <ns3:Speed>2.621999979019165</ns3:Speed>
              </ns3:TPX>
            </Extensions>
          </Trackpoint>
          <Trackpoint>
            <Time>2026-08-11T18:12:07.000Z</Time>
            <Position>
              <LatitudeDegrees>44.28767988458276</LatitudeDegrees>
              <LongitudeDegrees>-81.59824881702662</LongitudeDegrees>
            </Position>
            <AltitudeMeters>171.60000610351562</AltitudeMeters>
            <DistanceMeters>2893.949951171875</DistanceMeters>
            <HeartRateBpm>
              <Value>85</Value>
            </HeartRateBpm>
            <Extensions>
              <ns3:TPX>
                <ns3:Speed>2.6029999256134033</ns3:Speed>
              </ns3:TPX>
            </Extensions>
          </Trackpoint>
          <Trackpoint>
            <Time>2026-08-11T18:12:10.000Z</Time>
            <Position>
              <LatitudeDegrees>44.28773042745888</LatitudeDegrees>
              <LongitudeDegrees>-81.59818519838154</LongitudeDegrees>
            </Position>
            <AltitudeMeters>171.8000030517578</AltitudeMeters>
            <DistanceMeters>2901.52001953125</DistanceMeters>
            <HeartRateBpm>
              <Value>82</Value>
            </HeartRateBpm>
            <Extensions>
              <ns3:TPX>
                <ns3:Speed>2.575000047683716</ns3:Speed>
              </ns3:TPX>
            </Extensions>
          </Trackpoint>
          <Trackpoint>
            <Time>2026-08-11T18:12:11.000Z</Time>
            <Position>
              <LatitudeDegrees>44.287747694179416</LatitudeDegrees>
              <LongitudeDegrees>-81.598165249452</LongitudeDegrees>
            </Position>
            <AltitudeMeters>171.8000030517578</AltitudeMeters>
            <DistanceMeters>2904.010009765625</DistanceMeters>
            <HeartRateBpm>
              <Value>81</Value>
            </HeartRateBpm>
            <Extensions>
              <ns3:TPX>
                <ns3:Speed>2.621999979019165</ns3:Speed>
              </ns3:TPX>
            </Extensions>
          </Trackpoint>
          <Trackpoint>
            <Time>2026-08-11T18:12:15.000Z</Time>
            <Position>
              <LatitudeDegrees>44.28780754096806</LatitudeDegrees>
              <LongitudeDegrees>-81.59805200994015</LongitudeDegrees>
            </Position>
            <AltitudeMeters>171.60000610351562</AltitudeMeters>
            <DistanceMeters>2915.280029296875</DistanceMeters>
            <HeartRateBpm>
              <Value>78</Value>
            </HeartRateBpm>
            <Extensions>
              <ns3:TPX>
                <ns3:Speed>2.4730000495910645</ns3:Speed>
              </ns3:TPX>
            </Extensions>
          </Trackpoint>
          <Trackpoint>
            <Time>2026-08-11T18:12:20.000Z</Time>
            <Position>
              <LatitudeDegrees>44.28786847740412</LatitudeDegrees>
              <LongitudeDegrees>-81.59794455394149</LongitudeDegrees>
            </Position>
            <AltitudeMeters>171.60000610351562</AltitudeMeters>
            <DistanceMeters>2926.27001953125</DistanceMeters>
            <HeartRateBpm>
              <Value>77</Value>
            </HeartRateBpm>
            <Extensions>
              <ns3:TPX>
                <ns3:Speed>2.4170000553131104</ns3:Speed>
              </ns3:TPX>
            </Extensions>
          </Trackpoint>
          <Trackpoint>
            <Time>2026-08-11T18:12:29.000Z</Time>
            <Position>
              <LatitudeDegrees>44.2880230396986</LatitudeDegrees>
              <LongitudeDegrees>-81.59782653674483</LongitudeDegrees>
            </Position>
            <AltitudeMeters>171.39999389648438</AltitudeMeters>
            <DistanceMeters>2945.780029296875</DistanceMeters>
            <HeartRateBpm>
              <Value>77</Value>
            </HeartRateBpm>
            <Extensions>
              <ns3:TPX>
                <ns3:Speed>2.0429999828338623</ns3:Speed>
              </ns3:TPX>
            </Extensions>
          </Trackpoint>
          <Trackpoint>
            <Time>2026-08-11T18:12:30.000Z</Time>
            <Position>
              <LatitudeDegrees>44.28803720511496</LatitudeDegrees>
              <LongitudeDegrees>-81.59780910238624</LongitudeDegrees>
            </Position>
            <AltitudeMeters>171.39999389648438</AltitudeMeters>
            <DistanceMeters>2947.8701171875</DistanceMeters>
            <HeartRateBpm>
              <Value>74</Value>
            </HeartRateBpm>
            <Extensions>
              <ns3:TPX>
                <ns3:Speed>2.1549999713897705</ns3:Speed>
              </ns3:TPX>
            </Extensions>
          </Trackpoint>
          <Trackpoint>
            <Time>2026-08-11T18:12:38.000Z</Time>
            <Position>
              <LatitudeDegrees>44.28818129003048</LatitudeDegrees>
              <LongitudeDegrees>-81.59766334109008</LongitudeDegrees>
            </Position>
            <AltitudeMeters>171.39999389648438</AltitudeMeters>
            <DistanceMeters>2967.669921875</DistanceMeters>
            <HeartRateBpm>
              <Value>77</Value>
            </HeartRateBpm>
            <Extensions>
              <ns3:TPX>
                <ns3:Speed>2.490999937057495</ns3:Speed>
              </ns3:TPX>
            </Extensions>
          </Trackpoint>
          <Trackpoint>
            <Time>2026-08-11T18:12:40.000Z</Time>
            <Position>
              <LatitudeDegrees>44.28821599110961</LatitudeDegrees>
              <LongitudeDegrees>-81.59762629307806</LongitudeDegrees>
            </Position>
            <AltitudeMeters>171.39999389648438</AltitudeMeters>
            <DistanceMeters>2972.530029296875</DistanceMeters>
            <HeartRateBpm>
              <Value>81</Value>
            </HeartRateBpm>
            <Extensions>
              <ns3:TPX>
                <ns3:Speed>2.5190000534057617</ns3:Speed>
              </ns3:TPX>
            </Extensions>
          </Trackpoint>
          <Trackpoint>
            <Time>2026-08-11T18:12:54.000Z</Time>
            <Position>
              <LatitudeDegrees>44.28847063332796</LatitudeDegrees>
              <LongitudeDegrees>-81.59736611880362</LongitudeDegrees>
            </Position>
            <AltitudeMeters>171.39999389648438</AltitudeMeters>
            <DistanceMeters>3007.679931640625</DistanceMeters>
            <HeartRateBpm>
              <Value>82</Value>
            </HeartRateBpm>
            <Extensions>
              <ns3:TPX>
                <ns3:Speed>2.556999921798706</ns3:Speed>
              </ns3:TPX>
            </Extensions>
          </Trackpoint>
          <Trackpoint>
            <Time>2026-08-11T18:13:01.000Z</Time>
            <Position>
              <LatitudeDegrees>44.28860851563513</LatitudeDegrees>
              <LongitudeDegrees>-81.59725765697658</LongitudeDegrees>
            </Position>
            <AltitudeMeters>171.39999389648438</AltitudeMeters>
            <DistanceMeters>3025.280029296875</DistanceMeters>
            <HeartRateBpm>
              <Value>85</Value>
            </HeartRateBpm>
            <Extensions>
              <ns3:TPX>
                <ns3:Speed>2.5190000534057617</ns3:Speed>
              </ns3:TPX>
            </Extensions>
          </Trackpoint>
          <Trackpoint>
            <Time>2026-08-11T18:13:11.000Z</Time>
            <Position>
              <LatitudeDegrees>44.28881462663412</LatitudeDegrees>
              <LongitudeDegrees>-81.59711457788944</LongitudeDegrees>
            </Position>
            <AltitudeMeters>171.39999389648438</AltitudeMeters>
            <DistanceMeters>3050.860107421875</DistanceMeters>
            <HeartRateBpm>
              <Value>87</Value>
            </HeartRateBpm>
            <Extensions>
              <ns3:TPX>
                <ns3:Speed>2.490999937057495</ns3:Speed>
              </ns3:TPX>
            </Extensions>
          </Trackpoint>
          <Trackpoint>
            <Time>2026-08-11T18:13:16.000Z</Time>
            <Position>
              <LatitudeDegrees>44.28891286253929</LatitudeDegrees>
              <LongitudeDegrees>-81.59704710356891</LongitudeDegrees>
            </Position>
            <AltitudeMeters>171.1999969482422</AltitudeMeters>
            <DistanceMeters>3063.030029296875</DistanceMeters>
            <HeartRateBpm>
              <Value>90</Value>
            </HeartRateBpm>
            <Extensions>
              <ns3:TPX>
                <ns3:Speed>2.434999942779541</ns3:Speed>
              </ns3:TPX>
            </Extensions>
          </Trackpoint>
          <Trackpoint>
            <Time>2026-08-11T18:13:25.000Z</Time>
            <Position>
              <LatitudeDegrees>44.28907739929855</LatitudeDegrees>
              <LongitudeDegrees>-81.5969064552337</LongitudeDegrees>
            </Position>
            <AltitudeMeters>171.0</AltitudeMeters>
            <DistanceMeters>3084.5</DistanceMeters>
            <HeartRateBpm>
              <Value>93</Value>
            </HeartRateBpm>
            <Extensions>
              <ns3:TPX>
                <ns3:Speed>2.3510000705718994</ns3:Speed>
              </ns3:TPX>
            </Extensions>
          </Trackpoint>
          <Trackpoint>
            <Time>2026-08-11T18:13:34.000Z</Time>
            <Position>
              <LatitudeDegrees>44.289246294647455</LatitudeDegrees>
              <LongitudeDegrees>-81.59678625874221</LongitudeDegrees>
            </Position>
            <AltitudeMeters>171.1999969482422</AltitudeMeters>
            <DistanceMeters>3105.580078125</DistanceMeters>
            <HeartRateBpm>
              <Value>91</Value>
            </HeartRateBpm>
            <Extensions>
              <ns3:TPX>
                <ns3:Speed>2.4730000495910645</ns3:Speed>
              </ns3:TPX>
            </Extensions>
          </Trackpoint>
          <Trackpoint>
            <Time>2026-08-11T18:13:36.000Z</Time>
            <Position>
              <LatitudeDegrees>44.289286863058805</LatitudeDegrees>
              <LongitudeDegrees>-81.59675918519497</LongitudeDegrees>
            </Position>
            <AltitudeMeters>171.1999969482422</AltitudeMeters>
            <DistanceMeters>3110.56005859375</DistanceMeters>
            <HeartRateBpm>
              <Value>94</Value>
            </HeartRateBpm>
            <Extensions>
              <ns3:TPX>
                <ns3:Speed>2.4820001125335693</ns3:Speed>
              </ns3:TPX>
            </Extensions>
          </Trackpoint>
          <Trackpoint>
            <Time>2026-08-11T18:13:43.000Z</Time>
            <Position>
              <LatitudeDegrees>44.289436899125576</LatitudeDegrees>
              <LongitudeDegrees>-81.5967058762908</LongitudeDegrees>
            </Position>
            <AltitudeMeters>171.1999969482422</AltitudeMeters>
            <DistanceMeters>3127.75</DistanceMeters>
            <HeartRateBpm>
              <Value>93</Value>
            </HeartRateBpm>
            <Extensions>
              <ns3:TPX>
                <ns3:Speed>2.4539999961853027</ns3:Speed>
              </ns3:TPX>
            </Extensions>
          </Trackpoint>
          <Trackpoint>
            <Time>2026-08-11T18:13:47.000Z</Time>
            <Position>
              <LatitudeDegrees>44.28952423855662</LatitudeDegrees>
              <LongitudeDegrees>-81.59665684215724</LongitudeDegrees>
            </Position>
            <AltitudeMeters>171.1999969482422</AltitudeMeters>
            <DistanceMeters>3138.159912109375</DistanceMeters>
            <HeartRateBpm>
              <Value>89</Value>
            </HeartRateBpm>
            <Extensions>
              <ns3:TPX>
                <ns3:Speed>2.3889999389648438</ns3:Speed>
              </ns3:TPX>
            </Extensions>
          </Trackpoint>
          <Trackpoint>
            <Time>2026-08-11T18:13:54.000Z</Time>
            <Position>
              <LatitudeDegrees>44.289683075621724</LatitudeDegrees>
              <LongitudeDegrees>-81.59658132120967</LongitudeDegrees>
            </Position>
            <AltitudeMeters>171.1999969482422</AltitudeMeters>
            <DistanceMeters>3156.81005859375</DistanceMeters>
            <HeartRateBpm>
              <Value>87</Value>
            </HeartRateBpm>
            <Extensions>
              <ns3:TPX>
                <ns3:Speed>2.677999973297119</ns3:Speed>
              </ns3:TPX>
            </Extensions>
          </Trackpoint>
          <Trackpoint>
            <Time>2026-08-11T18:14:05.000Z</Time>
            <Position>
              <LatitudeDegrees>44.289915673434734</LatitudeDegrees>
              <LongitudeDegrees>-81.59653387963772</LongitudeDegrees>
            </Position>
            <AltitudeMeters>171.60000610351562</AltitudeMeters>
            <DistanceMeters>3182.989990234375</DistanceMeters>
            <HeartRateBpm>
              <Value>89</Value>
            </HeartRateBpm>
            <Extensions>
              <ns3:TPX>
                <ns3:Speed>2.4070000648498535</ns3:Speed>
              </ns3:TPX>
            </Extensions>
          </Trackpoint>
          <Trackpoint>
            <Time>2026-08-11T18:14:16.000Z</Time>
            <Position>
              <LatitudeDegrees>44.29011482745409</LatitudeDegrees>
              <LongitudeDegrees>-81.59651736728847</LongitudeDegrees>
            </Position>
            <AltitudeMeters>171.1999969482422</AltitudeMeters>
            <DistanceMeters>3205.199951171875</DistanceMeters>
            <HeartRateBpm>
              <Value>88</Value>
            </HeartRateBpm>
            <Extensions>
              <ns3:TPX>
                <ns3:Speed>2.00600004196167</ns3:Speed>
              </ns3:TPX>
            </Extensions>
          </Trackpoint>
          <Trackpoint>
            <Time>2026-08-11T18:14:23.000Z</Time>
            <Position>
              <LatitudeDegrees>44.290233850479126</LatitudeDegrees>
              <LongitudeDegrees>-81.59652281552553</LongitudeDegrees>
            </Position>
            <AltitudeMeters>171.39999389648438</AltitudeMeters>
            <DistanceMeters>3218.449951171875</DistanceMeters>
            <HeartRateBpm>
              <Value>91</Value>
            </HeartRateBpm>
            <Extensions>
              <ns3:TPX>
                <ns3:Speed>1.9129999876022339</ns3:Speed>
              </ns3:TPX>
            </Extensions>
          </Trackpoint>
          <Trackpoint>
            <Time>2026-08-11T18:14:28.000Z</Time>
            <Position>
              <LatitudeDegrees>44.290313981473446</LatitudeDegrees>
              <LongitudeDegrees>-81.59653253853321</LongitudeDegrees>
            </Position>
            <AltitudeMeters>171.39999389648438</AltitudeMeters>
            <DistanceMeters>3227.3701171875</DistanceMeters>
            <HeartRateBpm>
              <Value>93</Value>
            </HeartRateBpm>
            <Extensions>
              <ns3:TPX>
                <ns3:Speed>1.8849999904632568</ns3:Speed>
              </ns3:TPX>
            </Extensions>
          </Trackpoint>
          <Trackpoint>
            <Time>2026-08-11T18:14:37.000Z</Time>
            <Position>
              <LatitudeDegrees>44.29046795703471</LatitudeDegrees>
              <LongitudeDegrees>-81.59650328569114</LongitudeDegrees>
            </Position>
            <AltitudeMeters>171.0</AltitudeMeters>
            <DistanceMeters>3244.679931640625</DistanceMeters>
            <HeartRateBpm>
              <Value>96</Value>
            </HeartRateBpm>
            <Extensions>
              <ns3:TPX>
                <ns3:Speed>1.9589999914169312</ns3:Speed>
              </ns3:TPX>
            </Extensions>
          </Trackpoint>
          <Trackpoint>
            <Time>2026-08-11T18:14:40.000Z</Time>
            <Position>
              <LatitudeDegrees>44.29053149186075</LatitudeDegrees>
              <LongitudeDegrees>-81.59649062901735</LongitudeDegrees>
            </Position>
            <AltitudeMeters>171.0</AltitudeMeters>
            <DistanceMeters>3251.800048828125</DistanceMeters>
            <HeartRateBpm>
              <Value>99</Value>
            </HeartRateBpm>
            <Extensions>
              <ns3:TPX>
                <ns3:Speed>2.249000072479248</ns3:Speed>
              </ns3:TPX>
            </Extensions>
          </Trackpoint>
          <Trackpoint>
            <Time>2026-08-11T18:14:41.000Z</Time>
            <Position>
              <LatitudeDegrees>44.29055311717093</LatitudeDegrees>
              <LongitudeDegrees>-81.59648761153221</LongitudeDegrees>
            </Position>
            <AltitudeMeters>171.0</AltitudeMeters>
            <DistanceMeters>3254.219970703125</DistanceMeters>
            <HeartRateBpm>
              <Value>96</Value>
            </HeartRateBpm>
            <Extensions>
              <ns3:TPX>
                <ns3:Speed>2.257999897003174</ns3:Speed>
              </ns3:TPX>
            </Extensions>
          </Trackpoint>
          <Trackpoint>
            <Time>2026-08-11T18:14:52.000Z</Time>
            <Position>
              <LatitudeDegrees>44.29075143299997</LatitudeDegrees>
              <LongitudeDegrees>-81.59643539227545</LongitudeDegrees>
            </Position>
            <AltitudeMeters>171.1999969482422</AltitudeMeters>
            <DistanceMeters>3276.639892578125</DistanceMeters>
            <HeartRateBpm>
              <Value>92</Value>
            </HeartRateBpm>
            <Extensions>
              <ns3:TPX>
                <ns3:Speed>2.1089999675750732</ns3:Speed>
              </ns3:TPX>
            </Extensions>
          </Trackpoint>
          <Trackpoint>
            <Time>2026-08-11T18:14:53.000Z</Time>
            <Position>
              <LatitudeDegrees>44.29076652042568</LatitudeDegrees>
              <LongitudeDegrees>-81.59643304534256</LongitudeDegrees>
            </Position>
            <AltitudeMeters>171.1999969482422</AltitudeMeters>
            <DistanceMeters>3278.330078125</DistanceMeters>
            <HeartRateBpm>
              <Value>95</Value>
            </HeartRateBpm>
            <Extensions>
              <ns3:TPX>
                <ns3:Speed>2.0429999828338623</ns3:Speed>
              </ns3:TPX>
            </Extensions>
          </Trackpoint>
          <Trackpoint>
            <Time>2026-08-11T18:14:58.000Z</Time>
            <Position>
              <LatitudeDegrees>44.29084774106741</LatitudeDegrees>
              <LongitudeDegrees>-81.59642986021936</LongitudeDegrees>
            </Position>
            <AltitudeMeters>171.1999969482422</AltitudeMeters>
            <DistanceMeters>3287.35009765625</DistanceMeters>
            <HeartRateBpm>
              <Value>93</Value>
            </HeartRateBpm>
            <Extensions>
              <ns3:TPX>
                <ns3:Speed>1.7730000019073486</ns3:Speed>
              </ns3:TPX>
            </Extensions>
          </Trackpoint>
          <Trackpoint>
            <Time>2026-08-11T18:15:13.000Z</Time>
            <Position>
              <LatitudeDegrees>44.29106625728309</LatitudeDegrees>
              <LongitudeDegrees>-81.59639867953956</LongitudeDegrees>
            </Position>
            <AltitudeMeters>171.0</AltitudeMeters>
            <DistanceMeters>3311.760009765625</DistanceMeters>
            <HeartRateBpm>
              <Value>90</Value>
            </HeartRateBpm>
            <Extensions>
              <ns3:TPX>
                <ns3:Speed>1.6979999542236328</ns3:Speed>
              </ns3:TPX>
            </Extensions>
          </Trackpoint>
          <Trackpoint>
            <Time>2026-08-11T18:15:14.000Z</Time>
            <Position>
              <LatitudeDegrees>44.29108042269945</LatitudeDegrees>
              <LongitudeDegrees>-81.59639800898731</LongitudeDegrees>
            </Position>
            <AltitudeMeters>171.0</AltitudeMeters>
            <DistanceMeters>3313.340087890625</DistanceMeters>
            <HeartRateBpm>
              <Value>91</Value>
            </HeartRateBpm>
            <Extensions>
              <ns3:TPX>
                <ns3:Speed>1.6979999542236328</ns3:Speed>
              </ns3:TPX>
            </Extensions>
          </Trackpoint>
          <Trackpoint>
            <Time>2026-08-11T18:15:19.000Z</Time>
            <Position>
              <LatitudeDegrees>44.291146053001285</LatitudeDegrees>
              <LongitudeDegrees>-81.59640748053789</LongitudeDegrees>
            </Position>
            <AltitudeMeters>171.0</AltitudeMeters>
            <DistanceMeters>3320.7099609375</DistanceMeters>
            <HeartRateBpm>
              <Value>88</Value>
            </HeartRateBpm>
            <Extensions>
              <ns3:TPX>
                <ns3:Speed>1.6979999542236328</ns3:Speed>
              </ns3:TPX>
            </Extensions>
          </Trackpoint>
          <Trackpoint>
            <Time>2026-08-11T18:15:25.000Z</Time>
            <Position>
              <LatitudeDegrees>44.29124487563968</LatitudeDegrees>
              <LongitudeDegrees>-81.59641510806978</LongitudeDegrees>
            </Position>
            <AltitudeMeters>171.0</AltitudeMeters>
            <DistanceMeters>3331.699951171875</DistanceMeters>
            <HeartRateBpm>
              <Value>85</Value>
            </HeartRateBpm>
            <Extensions>
              <ns3:TPX>
                <ns3:Speed>1.781999945640564</ns3:Speed>
              </ns3:TPX>
            </Extensions>
          </Trackpoint>
          <Trackpoint>
            <Time>2026-08-11T18:15:28.000Z</Time>
            <Position>
              <LatitudeDegrees>44.29129491560161</LatitudeDegrees>
              <LongitudeDegrees>-81.59641904756427</LongitudeDegrees>
            </Position>
            <AltitudeMeters>171.0</AltitudeMeters>
            <DistanceMeters>3337.25</DistanceMeters>
            <HeartRateBpm>
              <Value>89</Value>
            </HeartRateBpm>
            <Extensions>
              <ns3:TPX>
                <ns3:Speed>1.7910000085830688</ns3:Speed>
              </ns3:TPX>
            </Extensions>
          </Trackpoint>
          <Trackpoint>
            <Time>2026-08-11T18:15:40.000Z</Time>
            <Position>
              <LatitudeDegrees>44.29145601578057</LatitudeDegrees>
              <LongitudeDegrees>-81.59642893821001</LongitudeDegrees>
            </Position>
            <AltitudeMeters>170.60000610351562</AltitudeMeters>
            <DistanceMeters>3355.280029296875</DistanceMeters>
            <HeartRateBpm>
              <Value>86</Value>
            </HeartRateBpm>
            <Extensions>
              <ns3:TPX>
                <ns3:Speed>1.6979999542236328</ns3:Speed>
              </ns3:TPX>
            </Extensions>
          </Trackpoint>
          <Trackpoint>
            <Time>2026-08-11T18:15:44.000Z</Time>
            <Position>
              <LatitudeDegrees>44.29149809293449</LatitudeDegrees>
              <LongitudeDegrees>-81.59643329679966</LongitudeDegrees>
            </Position>
            <AltitudeMeters>170.60000610351562</AltitudeMeters>
            <DistanceMeters>3360.02001953125</DistanceMeters>
            <HeartRateBpm>
              <Value>85</Value>
            </HeartRateBpm>
            <Extensions>
              <ns3:TPX>
                <ns3:Speed>1.4179999828338623</ns3:Speed>
              </ns3:TPX>
            </Extensions>
          </Trackpoint>
          <Trackpoint>
            <Time>2026-08-11T18:15:48.000Z</Time>
            <Position>
              <LatitudeDegrees>44.291544780135155</LatitudeDegrees>
              <LongitudeDegrees>-81.59642407670617</LongitudeDegrees>
            </Position>
            <AltitudeMeters>170.60000610351562</AltitudeMeters>
            <DistanceMeters>3365.239990234375</DistanceMeters>
            <HeartRateBpm>
              <Value>84</Value>
            </HeartRateBpm>
            <Extensions>
              <ns3:TPX>
                <ns3:Speed>1.4179999828338623</ns3:Speed>
              </ns3:TPX>
            </Extensions>
          </Trackpoint>
          <Trackpoint>
            <Time>2026-08-11T18:15:51.000Z</Time>
            <Position>
              <LatitudeDegrees>44.291582917794585</LatitudeDegrees>
              <LongitudeDegrees>-81.5964138507843</LongitudeDegrees>
            </Position>
            <AltitudeMeters>170.60000610351562</AltitudeMeters>
            <DistanceMeters>3369.56005859375</DistanceMeters>
            <HeartRateBpm>
              <Value>87</Value>
            </HeartRateBpm>
            <Extensions>
              <ns3:TPX>
                <ns3:Speed>1.3250000476837158</ns3:Speed>
              </ns3:TPX>
            </Extensions>
          </Trackpoint>
          <Trackpoint>
            <Time>2026-08-11T18:15:59.000Z</Time>
            <Position>
              <LatitudeDegrees>44.291688026860356</LatitudeDegrees>
              <LongitudeDegrees>-81.59638912416995</LongitudeDegrees>
            </Position>
            <AltitudeMeters>170.39999389648438</AltitudeMeters>
            <DistanceMeters>3381.429931640625</DistanceMeters>
            <HeartRateBpm>
              <Value>85</Value>
            </HeartRateBpm>
            <Extensions>
              <ns3:TPX>
                <ns3:Speed>1.409000039100647</ns3:Speed>
              </ns3:TPX>
            </Extensions>
          </Trackpoint>
          <Trackpoint>
            <Time>2026-08-11T18:16:04.000Z</Time>
            <Position>
              <LatitudeDegrees>44.291690960526466</LatitudeDegrees>
              <LongitudeDegrees>-81.59638359211385</LongitudeDegrees>
            </Position>
            <AltitudeMeters>171.0</AltitudeMeters>
            <DistanceMeters>3382.2900390625</DistanceMeters>
            <HeartRateBpm>
              <Value>85</Value>
            </HeartRateBpm>
            <Extensions>
              <ns3:TPX>
                <ns3:Speed>0.0</ns3:Speed>
              </ns3:TPX>
            </Extensions>
          </Trackpoint>
          <Trackpoint>
            <Time>2026-08-11T18:16:12.000Z</Time>
            <Position>
              <LatitudeDegrees>44.29167939350009</LatitudeDegrees>
              <LongitudeDegrees>-81.59637244418263</LongitudeDegrees>
            </Position>
            <AltitudeMeters>171.0</AltitudeMeters>
            <DistanceMeters>3384.72998046875</DistanceMeters>
            <HeartRateBpm>
              <Value>87</Value>
            </HeartRateBpm>
            <Extensions>
              <ns3:TPX>
                <ns3:Speed>0.4950000047683716</ns3:Speed>
              </ns3:TPX>
            </Extensions>
          </Trackpoint>
          <Trackpoint>
            <Time>2026-08-11T18:16:16.000Z</Time>
            <Position>
              <LatitudeDegrees>44.291651733219624</LatitudeDegrees>
              <LongitudeDegrees>-81.59638971090317</LongitudeDegrees>
            </Position>
            <AltitudeMeters>171.0</AltitudeMeters>
            <DistanceMeters>3388.10009765625</DistanceMeters>
            <HeartRateBpm>
              <Value>86</Value>
            </HeartRateBpm>
            <Extensions>
              <ns3:TPX>
                <ns3:Speed>1.38100004196167</ns3:Speed>
              </ns3:TPX>
            </Extensions>
          </Trackpoint>
          <Trackpoint>
            <Time>2026-08-11T18:16:18.000Z</Time>
            <Position>
              <LatitudeDegrees>44.2916218098253</LatitudeDegrees>
              <LongitudeDegrees>-81.59640488214791</LongitudeDegrees>
            </Position>
            <AltitudeMeters>171.0</AltitudeMeters>
            <DistanceMeters>3391.639892578125</DistanceMeters>
            <HeartRateBpm>
              <Value>89</Value>
            </HeartRateBpm>
            <Extensions>
              <ns3:TPX>
                <ns3:Speed>2.071000099182129</ns3:Speed>
              </ns3:TPX>
            </Extensions>
          </Trackpoint>
          <Trackpoint>
            <Time>2026-08-11T18:16:19.000Z</Time>
            <Position>
              <LatitudeDegrees>44.29160311818123</LatitudeDegrees>
              <LongitudeDegrees>-81.59641661681235</LongitudeDegrees>
            </Position>
            <AltitudeMeters>171.0</AltitudeMeters>
            <DistanceMeters>3393.909912109375</DistanceMeters>
            <HeartRateBpm>
              <Value>88</Value>
            </HeartRateBpm>
            <Extensions>
              <ns3:TPX>
                <ns3:Speed>2.2019999027252197</ns3:Speed>
              </ns3:TPX>
            </Extensions>
          </Trackpoint>
          <Trackpoint>
            <Time>2026-08-11T18:16:26.000Z</Time>
            <Position>
              <LatitudeDegrees>44.291474455967546</LatitudeDegrees>
              <LongitudeDegrees>-81.59646053798497</LongitudeDegrees>
            </Position>
            <AltitudeMeters>171.0</AltitudeMeters>
            <DistanceMeters>3408.60009765625</DistanceMeters>
            <HeartRateBpm>
              <Value>88</Value>
            </HeartRateBpm>
            <Extensions>
              <ns3:TPX>
                <ns3:Speed>2.071000099182129</ns3:Speed>
              </ns3:TPX>
            </Extensions>
          </Trackpoint>
          <Trackpoint>
            <Time>2026-08-11T18:16:36.000Z</Time>
            <Position>
              <LatitudeDegrees>44.29127580486238</LatitudeDegrees>
              <LongitudeDegrees>-81.59650823101401</LongitudeDegrees>
            </Position>
            <AltitudeMeters>170.8000030517578</AltitudeMeters>
            <DistanceMeters>3431.080078125</DistanceMeters>
            <HeartRateBpm>
              <Value>88</Value>
            </HeartRateBpm>
            <Extensions>
              <ns3:TPX>
                <ns3:Speed>2.2109999656677246</ns3:Speed>
              </ns3:TPX>
            </Extensions>
          </Trackpoint>
          <Trackpoint>
            <Time>2026-08-11T18:16:40.000Z</Time>
            <Position>
              <LatitudeDegrees>44.29121285676956</LatitudeDegrees>
              <LongitudeDegrees>-81.59653061069548</LongitudeDegrees>
            </Position>
            <AltitudeMeters>170.8000030517578</AltitudeMeters>
            <DistanceMeters>3438.2900390625</DistanceMeters>
            <HeartRateBpm>
              <Value>92</Value>
            </HeartRateBpm>
            <Extensions>
              <ns3:TPX>
                <ns3:Speed>1.9589999914169312</ns3:Speed>
              </ns3:TPX>
            </Extensions>
          </Trackpoint>
          <Trackpoint>
            <Time>2026-08-11T18:16:42.000Z</Time>
            <Position>
              <LatitudeDegrees>44.29118360392749</LatitudeDegrees>
              <LongitudeDegrees>-81.59654829651117</LongitudeDegrees>
            </Position>
            <AltitudeMeters>170.8000030517578</AltitudeMeters>
            <DistanceMeters>3441.830078125</DistanceMeters>
            <HeartRateBpm>
              <Value>89</Value>
            </HeartRateBpm>
            <Extensions>
              <ns3:TPX>
                <ns3:Speed>1.930999994277954</ns3:Speed>
              </ns3:TPX>
            </Extensions>
          </Trackpoint>
          <Trackpoint>
            <Time>2026-08-11T18:16:45.000Z</Time>
            <Position>
              <LatitudeDegrees>44.29114303551614</LatitudeDegrees>
              <LongitudeDegrees>-81.59657193347812</LongitudeDegrees>
            </Position>
            <AltitudeMeters>170.8000030517578</AltitudeMeters>
            <DistanceMeters>3446.72998046875</DistanceMeters>
            <HeartRateBpm>
              <Value>85</Value>
            </HeartRateBpm>
            <Extensions>
              <ns3:TPX>
                <ns3:Speed>1.781999945640564</ns3:Speed>
              </ns3:TPX>
            </Extensions>
          </Trackpoint>
          <Trackpoint>
            <Time>2026-08-11T18:16:54.000Z</Time>
            <Position>
              <LatitudeDegrees>44.291067430749536</LatitudeDegrees>
              <LongitudeDegrees>-81.59665466286242</LongitudeDegrees>
            </Position>
            <AltitudeMeters>170.8000030517578</AltitudeMeters>
            <DistanceMeters>3457.43994140625</DistanceMeters>
            <HeartRateBpm>
              <Value>88</Value>
            </HeartRateBpm>
            <Extensions>
              <ns3:TPX>
                <ns3:Speed>1.3250000476837158</ns3:Speed>
              </ns3:TPX>
            </Extensions>
          </Trackpoint>
          <Trackpoint>
            <Time>2026-08-11T18:16:55.000Z</Time>
            <Position>
              <LatitudeDegrees>44.291059551760554</LatitudeDegrees>
              <LongitudeDegrees>-81.59666237421334</LongitudeDegrees>
            </Position>
            <AltitudeMeters>170.8000030517578</AltitudeMeters>
            <DistanceMeters>3458.5</DistanceMeters>
            <HeartRateBpm>
              <Value>86</Value>
            </HeartRateBpm>
            <Extensions>
              <ns3:TPX>
                <ns3:Speed>1.3250000476837158</ns3:Speed>
              </ns3:TPX>
            </Extensions>
          </Trackpoint>
          <Trackpoint>
            <Time>2026-08-11T18:17:06.000Z</Time>
            <Position>
              <LatitudeDegrees>44.29098637774587</LatitudeDegrees>
              <LongitudeDegrees>-81.59676387906075</LongitudeDegrees>
            </Position>
            <AltitudeMeters>170.8000030517578</AltitudeMeters>
            <DistanceMeters>3469.969970703125</DistanceMeters>
            <HeartRateBpm>
              <Value>85</Value>
            </HeartRateBpm>
            <Extensions>
              <ns3:TPX>
                <ns3:Speed>1.0360000133514404</ns3:Speed>
              </ns3:TPX>
            </Extensions>
          </Trackpoint>
          <Trackpoint>
            <Time>2026-08-11T18:17:09.000Z</Time>
            <Position>
              <LatitudeDegrees>44.29097447544336</LatitudeDegrees>
              <LongitudeDegrees>-81.59679355099797</LongitudeDegrees>
            </Position>
            <AltitudeMeters>170.60000610351562</AltitudeMeters>
            <DistanceMeters>3472.64990234375</DistanceMeters>
            <HeartRateBpm>
              <Value>82</Value>
            </HeartRateBpm>
            <Extensions>
              <ns3:TPX>
                <ns3:Speed>1.0360000133514404</ns3:Speed>
              </ns3:TPX>
            </Extensions>
          </Trackpoint>
          <Trackpoint>
            <Time>2026-08-11T18:17:16.000Z</Time>
            <Position>
              <LatitudeDegrees>44.2909571249038</LatitudeDegrees>
              <LongitudeDegrees>-81.59691374748945</LongitudeDegrees>
            </Position>
            <AltitudeMeters>170.60000610351562</AltitudeMeters>
            <DistanceMeters>3482.47998046875</DistanceMeters>
            <HeartRateBpm>
              <Value>83</Value>
            </HeartRateBpm>
            <Extensions>
              <ns3:TPX>
                <ns3:Speed>1.3530000448226929</ns3:Speed>
              </ns3:TPX>
            </Extensions>
          </Trackpoint>
          <Trackpoint>
            <Time>2026-08-11T18:17:22.000Z</Time>
            <Position>
              <LatitudeDegrees>44.29090901277959</LatitudeDegrees>
              <LongitudeDegrees>-81.59706244245172</LongitudeDegrees>
            </Position>
            <AltitudeMeters>170.39999389648438</AltitudeMeters>
            <DistanceMeters>3495.56005859375</DistanceMeters>
            <HeartRateBpm>
              <Value>79</Value>
            </HeartRateBpm>
            <Extensions>
              <ns3:TPX>
                <ns3:Speed>1.968999981880188</ns3:Speed>
              </ns3:TPX>
            </Extensions>
          </Trackpoint>
          <Trackpoint>
            <Time>2026-08-11T18:17:25.000Z</Time>
            <Position>
              <LatitudeDegrees>44.29089618846774</LatitudeDegrees>
              <LongitudeDegrees>-81.59714726731181</LongitudeDegrees>
            </Position>
            <AltitudeMeters>170.60000610351562</AltitudeMeters>
            <DistanceMeters>3502.47998046875</DistanceMeters>
            <HeartRateBpm>
              <Value>76</Value>
            </HeartRateBpm>
            <Extensions>
              <ns3:TPX>
                <ns3:Speed>2.0250000953674316</ns3:Speed>
              </ns3:TPX>
            </Extensions>
          </Trackpoint>
          <Trackpoint>
            <Time>2026-08-11T18:17:27.000Z</Time>
            <Position>
              <LatitudeDegrees>44.290890069678426</LatitudeDegrees>
              <LongitudeDegrees>-81.59719923511147</LongitudeDegrees>
            </Position>
            <AltitudeMeters>170.60000610351562</AltitudeMeters>
            <DistanceMeters>3506.679931640625</DistanceMeters>
            <HeartRateBpm>
              <Value>79</Value>
            </HeartRateBpm>
            <Extensions>
              <ns3:TPX>
                <ns3:Speed>2.052999973297119</ns3:Speed>
              </ns3:TPX>
            </Extensions>
          </Trackpoint>
          <Trackpoint>
            <Time>2026-08-11T18:17:35.000Z</Time>
            <Position>
              <LatitudeDegrees>44.2908257804811</LatitudeDegrees>
              <LongitudeDegrees>-81.59741297364235</LongitudeDegrees>
            </Position>
            <AltitudeMeters>170.60000610351562</AltitudeMeters>
            <DistanceMeters>3525.280029296875</DistanceMeters>
            <HeartRateBpm>
              <Value>75</Value>
            </HeartRateBpm>
            <Extensions>
              <ns3:TPX>
                <ns3:Speed>2.1649999618530273</ns3:Speed>
              </ns3:TPX>
            </Extensions>
          </Trackpoint>
          <Trackpoint>
            <Time>2026-08-11T18:17:36.000Z</Time>
            <Position>
              <LatitudeDegrees>44.29080951958895</LatitudeDegrees>
              <LongitudeDegrees>-81.59743937663734</LongitudeDegrees>
            </Position>
            <AltitudeMeters>170.60000610351562</AltitudeMeters>
            <DistanceMeters>3528.0400390625</DistanceMeters>
            <HeartRateBpm>
              <Value>76</Value>
            </HeartRateBpm>
            <Extensions>
              <ns3:TPX>
                <ns3:Speed>2.193000078201294</ns3:Speed>
              </ns3:TPX>
            </Extensions>
          </Trackpoint>
          <Trackpoint>
            <Time>2026-08-11T18:17:38.000Z</Time>
            <Position>
              <LatitudeDegrees>44.29077884182334</LatitudeDegrees>
              <LongitudeDegrees>-81.59748740494251</LongitudeDegrees>
            </Position>
            <AltitudeMeters>170.60000610351562</AltitudeMeters>
            <DistanceMeters>3533.179931640625</DistanceMeters>
            <HeartRateBpm>
              <Value>73</Value>
            </HeartRateBpm>
            <Extensions>
              <ns3:TPX>
                <ns3:Speed>2.3329999446868896</ns3:Speed>
              </ns3:TPX>
            </Extensions>
          </Trackpoint>
          <Trackpoint>
            <Time>2026-08-11T18:17:43.000Z</Time>
            <Position>
              <LatitudeDegrees>44.290695106610656</LatitudeDegrees>
              <LongitudeDegrees>-81.59759368747473</LongitudeDegrees>
            </Position>
            <AltitudeMeters>170.8000030517578</AltitudeMeters>
            <DistanceMeters>3545.780029296875</DistanceMeters>
            <HeartRateBpm>
              <Value>76</Value>
            </HeartRateBpm>
            <Extensions>
              <ns3:TPX>
                <ns3:Speed>2.4630000591278076</ns3:Speed>
              </ns3:TPX>
            </Extensions>
          </Trackpoint>
          <Trackpoint>
            <Time>2026-08-11T18:17:45.000Z</Time>
            <Position>
              <LatitudeDegrees>44.29065730422735</LatitudeDegrees>
              <LongitudeDegrees>-81.59763559699059</LongitudeDegrees>
            </Position>
            <AltitudeMeters>170.60000610351562</AltitudeMeters>
            <DistanceMeters>3551.1298828125</DistanceMeters>
            <HeartRateBpm>
              <Value>77</Value>
            </HeartRateBpm>
            <Extensions>
              <ns3:TPX>
                <ns3:Speed>2.556999921798706</ns3:Speed>
              </ns3:TPX>
            </Extensions>
          </Trackpoint>
          <Trackpoint>
            <Time>2026-08-11T18:17:47.000Z</Time>
            <Position>
              <LatitudeDegrees>44.29063123650849</LatitudeDegrees>
              <LongitudeDegrees>-81.59768538549542</LongitudeDegrees>
            </Position>
            <AltitudeMeters>170.60000610351562</AltitudeMeters>
            <DistanceMeters>3555.989990234375</DistanceMeters>
            <HeartRateBpm>
              <Value>74</Value>
            </HeartRateBpm>
            <Extensions>
              <ns3:TPX>
                <ns3:Speed>2.4630000591278076</ns3:Speed>
              </ns3:TPX>
            </Extensions>
          </Trackpoint>
          <Trackpoint>
            <Time>2026-08-11T18:17:48.000Z</Time>
            <Position>
              <LatitudeDegrees>44.29061816073954</LatitudeDegrees>
              <LongitudeDegrees>-81.59770994447172</LongitudeDegrees>
            </Position>
            <AltitudeMeters>170.60000610351562</AltitudeMeters>
            <DistanceMeters>3558.419921875</DistanceMeters>
            <HeartRateBpm>
              <Value>77</Value>
            </HeartRateBpm>
            <Extensions>
              <ns3:TPX>
                <ns3:Speed>2.500999927520752</ns3:Speed>
              </ns3:TPX>
            </Extensions>
          </Trackpoint>
          <Trackpoint>
            <Time>2026-08-11T18:17:54.000Z</Time>
            <Position>
              <LatitudeDegrees>44.29053224623203</LatitudeDegrees>
              <LongitudeDegrees>-81.59785671159625</LongitudeDegrees>
            </Position>
            <AltitudeMeters>170.60000610351562</AltitudeMeters>
            <DistanceMeters>3573.510009765625</DistanceMeters>
            <HeartRateBpm>
              <Value>78</Value>
            </HeartRateBpm>
            <Extensions>
              <ns3:TPX>
                <ns3:Speed>2.4539999961853027</ns3:Speed>
              </ns3:TPX>
            </Extensions>
          </Trackpoint>
          <Trackpoint>
            <Time>2026-08-11T18:17:57.000Z</Time>
            <Position>
              <LatitudeDegrees>44.290493270382285</LatitudeDegrees>
              <LongitudeDegrees>-81.5979318972677</LongitudeDegrees>
            </Position>
            <AltitudeMeters>170.60000610351562</AltitudeMeters>
            <DistanceMeters>3580.89990234375</DistanceMeters>
            <HeartRateBpm>
              <Value>81</Value>
            </HeartRateBpm>
            <Extensions>
              <ns3:TPX>
                <ns3:Speed>2.444999933242798</ns3:Speed>
              </ns3:TPX>
            </Extensions>
          </Trackpoint>
          <Trackpoint>
            <Time>2026-08-11T18:18:04.000Z</Time>
            <Position>
              <LatitudeDegrees>44.29038715548813</LatitudeDegrees>
              <LongitudeDegrees>-81.598093919456</LongitudeDegrees>
            </Position>
            <AltitudeMeters>170.60000610351562</AltitudeMeters>
            <DistanceMeters>3598.3701171875</DistanceMeters>
            <HeartRateBpm>
              <Value>83</Value>
            </HeartRateBpm>
            <Extensions>
              <ns3:TPX>
                <ns3:Speed>2.4539999961853027</ns3:Speed>
              </ns3:TPX>
            </Extensions>
          </Trackpoint>
          <Trackpoint>
            <Time>2026-08-11T18:18:15.000Z</Time>
            <Position>
              <LatitudeDegrees>44.290222954005</LatitudeDegrees>
              <LongitudeDegrees>-81.59839047119021</LongitudeDegrees>
            </Position>
            <AltitudeMeters>170.8000030517578</AltitudeMeters>
            <DistanceMeters>3628.280029296875</DistanceMeters>
            <HeartRateBpm>
              <Value>81</Value>
            </HeartRateBpm>
            <Extensions>
              <ns3:TPX>
                <ns3:Speed>2.6410000324249268</ns3:Speed>
              </ns3:TPX>
            </Extensions>
          </Trackpoint>
          <Trackpoint>
            <Time>2026-08-11T18:18:18.000Z</Time>
            <Position>
              <LatitudeDegrees>44.29018037393689</LatitudeDegrees>
              <LongitudeDegrees>-81.59846263937652</LongitudeDegrees>
            </Position>
            <AltitudeMeters>170.8000030517578</AltitudeMeters>
            <DistanceMeters>3635.72998046875</DistanceMeters>
            <HeartRateBpm>
              <Value>78</Value>
            </HeartRateBpm>
            <Extensions>
              <ns3:TPX>
                <ns3:Speed>2.509999990463257</ns3:Speed>
              </ns3:TPX>
            </Extensions>
          </Trackpoint>
          <Trackpoint>
            <Time>2026-08-11T18:18:24.000Z</Time>
            <Position>
              <LatitudeDegrees>44.29011147469282</LatitudeDegrees>
              <LongitudeDegrees>-81.59862927161157</LongitudeDegrees>
            </Position>
            <AltitudeMeters>170.8000030517578</AltitudeMeters>
            <DistanceMeters>3651.090087890625</DistanceMeters>
            <HeartRateBpm>
              <Value>75</Value>
            </HeartRateBpm>
            <Extensions>
              <ns3:TPX>
                <ns3:Speed>2.509999990463257</ns3:Speed>
              </ns3:TPX>
            </Extensions>
          </Trackpoint>
          <Trackpoint>
            <Time>2026-08-11T18:18:25.000Z</Time>
            <Position>
              <LatitudeDegrees>44.290100913494825</LatitudeDegrees>
              <LongitudeDegrees>-81.59865307621658</LongitudeDegrees>
            </Position>
            <AltitudeMeters>170.8000030517578</AltitudeMeters>
            <DistanceMeters>3653.31005859375</DistanceMeters>
            <HeartRateBpm>
              <Value>75</Value>
            </HeartRateBpm>
            <Extensions>
              <ns3:TPX>
                <ns3:Speed>2.500999927520752</ns3:Speed>
              </ns3:TPX>
            </Extensions>
          </Trackpoint>
          <Trackpoint>
            <Time>2026-08-11T18:18:35.000Z</Time>
            <Position>
              <LatitudeDegrees>44.28996621631086</LatitudeDegrees>
              <LongitudeDegrees>-81.59892230294645</LongitudeDegrees>
            </Position>
            <AltitudeMeters>170.8000030517578</AltitudeMeters>
            <DistanceMeters>3679.56005859375</DistanceMeters>
            <HeartRateBpm>
              <Value>75</Value>
            </HeartRateBpm>
            <Extensions>
              <ns3:TPX>
                <ns3:Speed>2.556999921798706</ns3:Speed>
              </ns3:TPX>
            </Extensions>
          </Trackpoint>
          <Trackpoint>
            <Time>2026-08-11T18:18:48.000Z</Time>
            <Position>
              <LatitudeDegrees>44.28982322104275</LatitudeDegrees>
              <LongitudeDegrees>-81.59924265928566</LongitudeDegrees>
            </Position>
            <AltitudeMeters>171.0</AltitudeMeters>
            <DistanceMeters>3709.68994140625</DistanceMeters>
            <HeartRateBpm>
              <Value>75</Value>
            </HeartRateBpm>
            <Extensions>
              <ns3:TPX>
                <ns3:Speed>2.2950000762939453</ns3:Speed>
              </ns3:TPX>
            </Extensions>
          </Trackpoint>
          <Trackpoint>
            <Time>2026-08-11T18:18:52.000Z</Time>
            <Position>
              <LatitudeDegrees>44.2897826526314</LatitudeDegrees>
              <LongitudeDegrees>-81.59934760071337</LongitudeDegrees>
            </Position>
            <AltitudeMeters>171.0</AltitudeMeters>
            <DistanceMeters>3719.169921875</DistanceMeters>
            <HeartRateBpm>
              <Value>72</Value>
            </HeartRateBpm>
            <Extensions>
              <ns3:TPX>
                <ns3:Speed>2.2950000762939453</ns3:Speed>
              </ns3:TPX>
            </Extensions>
          </Trackpoint>
          <Trackpoint>
            <Time>2026-08-11T18:19:00.000Z</Time>
            <Position>
              <LatitudeDegrees>44.28972783498466</LatitudeDegrees>
              <LongitudeDegrees>-81.59956343472004</LongitudeDegrees>
            </Position>
            <AltitudeMeters>171.0</AltitudeMeters>
            <DistanceMeters>3737.3798828125</DistanceMeters>
            <HeartRateBpm>
              <Value>71</Value>
            </HeartRateBpm>
            <Extensions>
              <ns3:TPX>
                <ns3:Speed>2.3610000610351562</ns3:Speed>
              </ns3:TPX>
            </Extensions>
          </Trackpoint>
          <Trackpoint>
            <Time>2026-08-11T18:19:03.000Z</Time>
            <Position>
              <LatitudeDegrees>44.28969330154359</LatitudeDegrees>
              <LongitudeDegrees>-81.59966351464391</LongitudeDegrees>
            </Position>
            <AltitudeMeters>171.0</AltitudeMeters>
            <DistanceMeters>3746.18994140625</DistanceMeters>
            <HeartRateBpm>
              <Value>68</Value>
            </HeartRateBpm>
            <Extensions>
              <ns3:TPX>
                <ns3:Speed>2.434999942779541</ns3:Speed>
              </ns3:TPX>
            </Extensions>
          </Trackpoint>
          <Trackpoint>
            <Time>2026-08-11T18:19:04.000Z</Time>
            <Position>
              <LatitudeDegrees>44.28968885913491</LatitudeDegrees>
              <LongitudeDegrees>-81.59969511441886</LongitudeDegrees>
            </Position>
            <AltitudeMeters>171.0</AltitudeMeters>
            <DistanceMeters>3748.7099609375</DistanceMeters>
            <HeartRateBpm>
              <Value>65</Value>
            </HeartRateBpm>
            <Extensions>
              <ns3:TPX>
                <ns3:Speed>2.444999933242798</ns3:Speed>
              </ns3:TPX>
            </Extensions>
          </Trackpoint>
          <Trackpoint>
            <Time>2026-08-11T18:19:09.000Z</Time>
            <Position>
              <LatitudeDegrees>44.28964904509485</LatitudeDegrees>
              <LongitudeDegrees>-81.59983048215508</LongitudeDegrees>
            </Position>
            <AltitudeMeters>171.0</AltitudeMeters>
            <DistanceMeters>3760.3701171875</DistanceMeters>
            <HeartRateBpm>
              <Value>64</Value>
            </HeartRateBpm>
            <Extensions>
              <ns3:TPX>
                <ns3:Speed>2.4539999961853027</ns3:Speed>
              </ns3:TPX>
            </Extensions>
          </Trackpoint>
          <Trackpoint>
            <Time>2026-08-11T18:19:19.000Z</Time>
            <Position>
              <LatitudeDegrees>44.28957008756697</LatitudeDegrees>
              <LongitudeDegrees>-81.60011672414839</LongitudeDegrees>
            </Position>
            <AltitudeMeters>171.1999969482422</AltitudeMeters>
            <DistanceMeters>3784.860107421875</DistanceMeters>
            <HeartRateBpm>
              <Value>61</Value>
            </HeartRateBpm>
            <Extensions>
              <ns3:TPX>
                <ns3:Speed>2.434999942779541</ns3:Speed>
              </ns3:TPX>
            </Extensions>
          </Trackpoint>
          <Trackpoint>
            <Time>2026-08-11T18:19:22.000Z</Time>
            <Position>
              <LatitudeDegrees>44.28954368457198</LatitudeDegrees>
              <LongitudeDegrees>-81.6002012975514</LongitudeDegrees>
            </Position>
            <AltitudeMeters>171.1999969482422</AltitudeMeters>
            <DistanceMeters>3792.219970703125</DistanceMeters>
            <HeartRateBpm>
              <Value>62</Value>
            </HeartRateBpm>
            <Extensions>
              <ns3:TPX>
                <ns3:Speed>2.4260001182556152</ns3:Speed>
              </ns3:TPX>
            </Extensions>
          </Trackpoint>
          <Trackpoint>
            <Time>2026-08-11T18:19:25.000Z</Time>
            <Position>
              <LatitudeDegrees>44.289509654045105</LatitudeDegrees>
              <LongitudeDegrees>-81.60028360784054</LongitudeDegrees>
            </Position>
            <AltitudeMeters>171.1999969482422</AltitudeMeters>
            <DistanceMeters>3799.800048828125</DistanceMeters>
            <HeartRateBpm>
              <Value>66</Value>
            </HeartRateBpm>
            <Extensions>
              <ns3:TPX>
                <ns3:Speed>2.4260001182556152</ns3:Speed>
              </ns3:TPX>
            </Extensions>
          </Trackpoint>
          <Trackpoint>
            <Time>2026-08-11T18:19:26.000Z</Time>
            <Position>
              <LatitudeDegrees>44.28950009867549</LatitudeDegrees>
              <LongitudeDegrees>-81.60031026229262</LongitudeDegrees>
            </Position>
            <AltitudeMeters>171.1999969482422</AltitudeMeters>
            <DistanceMeters>3802.169921875</DistanceMeters>
            <HeartRateBpm>
              <Value>62</Value>
            </HeartRateBpm>
            <Extensions>
              <ns3:TPX>
                <ns3:Speed>2.434999942779541</ns3:Speed>
              </ns3:TPX>
            </Extensions>
          </Trackpoint>
          <Trackpoint>
            <Time>2026-08-11T18:19:31.000Z</Time>
            <Position>
              <LatitudeDegrees>44.28943119943142</LatitudeDegrees>
              <LongitudeDegrees>-81.60044160671532</LongitudeDegrees>
            </Position>
            <AltitudeMeters>171.1999969482422</AltitudeMeters>
            <DistanceMeters>3815.179931640625</DistanceMeters>
            <HeartRateBpm>
              <Value>65</Value>
            </HeartRateBpm>
            <Extensions>
              <ns3:TPX>
                <ns3:Speed>2.509999990463257</ns3:Speed>
              </ns3:TPX>
            </Extensions>
          </Trackpoint>
          <Trackpoint>
            <Time>2026-08-11T18:19:33.000Z</Time>
            <Position>
              <LatitudeDegrees>44.28940094076097</LatitudeDegrees>
              <LongitudeDegrees>-81.60048879683018</LongitudeDegrees>
            </Position>
            <AltitudeMeters>171.1999969482422</AltitudeMeters>
            <DistanceMeters>3820.219970703125</DistanceMeters>
            <HeartRateBpm>
              <Value>63</Value>
            </HeartRateBpm>
            <Extensions>
              <ns3:TPX>
                <ns3:Speed>2.509999990463257</ns3:Speed>
              </ns3:TPX>
            </Extensions>
          </Trackpoint>
          <Trackpoint>
            <Time>2026-08-11T18:19:37.000Z</Time>
            <Position>
              <LatitudeDegrees>44.28933841176331</LatitudeDegrees>
              <LongitudeDegrees>-81.60057647153735</LongitudeDegrees>
            </Position>
            <AltitudeMeters>171.39999389648438</AltitudeMeters>
            <DistanceMeters>3830.080078125</DistanceMeters>
            <HeartRateBpm>
              <Value>67</Value>
            </HeartRateBpm>
            <Extensions>
              <ns3:TPX>
                <ns3:Speed>2.500999927520752</ns3:Speed>
              </ns3:TPX>
            </Extensions>
          </Trackpoint>
          <Trackpoint>
            <Time>2026-08-11T18:19:41.000Z</Time>
            <Position>
              <LatitudeDegrees>44.28927546367049</LatitudeDegrees>
              <LongitudeDegrees>-81.60064805299044</LongitudeDegrees>
            </Position>
            <AltitudeMeters>171.39999389648438</AltitudeMeters>
            <DistanceMeters>3839.1201171875</DistanceMeters>
            <HeartRateBpm>
              <Value>69</Value>
            </HeartRateBpm>
            <Extensions>
              <ns3:TPX>
                <ns3:Speed>2.3420000076293945</ns3:Speed>
              </ns3:TPX>
            </Extensions>
          </Trackpoint>
          <Trackpoint>
            <Time>2026-08-11T18:19:44.000Z</Time>
            <Position>
              <LatitudeDegrees>44.2892268486321</LatitudeDegrees>
              <LongitudeDegrees>-81.6007158625871</LongitudeDegrees>
            </Position>
            <AltitudeMeters>171.39999389648438</AltitudeMeters>
            <DistanceMeters>3846.780029296875</DistanceMeters>
            <HeartRateBpm>
              <Value>72</Value>
            </HeartRateBpm>
            <Extensions>
              <ns3:TPX>
                <ns3:Speed>2.3420000076293945</ns3:Speed>
              </ns3:TPX>
            </Extensions>
          </Trackpoint>
          <Trackpoint>
            <Time>2026-08-11T18:19:50.000Z</Time>
            <Position>
              <LatitudeDegrees>44.289126014336944</LatitudeDegrees>
              <LongitudeDegrees>-81.60084025003016</LongitudeDegrees>
            </Position>
            <AltitudeMeters>171.39999389648438</AltitudeMeters>
            <DistanceMeters>3861.77001953125</DistanceMeters>
            <HeartRateBpm>
              <Value>73</Value>
            </HeartRateBpm>
            <Extensions>
              <ns3:TPX>
                <ns3:Speed>2.4820001125335693</ns3:Speed>
              </ns3:TPX>
            </Extensions>
          </Trackpoint>
          <Trackpoint>
            <Time>2026-08-11T18:19:57.000Z</Time>
            <Position>
              <LatitudeDegrees>44.2890143673867</LatitudeDegrees>
              <LongitudeDegrees>-81.60099296830595</LongitudeDegrees>
            </Position>
            <AltitudeMeters>171.60000610351562</AltitudeMeters>
            <DistanceMeters>3879.10009765625</DistanceMeters>
            <HeartRateBpm>
              <Value>72</Value>
            </HeartRateBpm>
            <Extensions>
              <ns3:TPX>
                <ns3:Speed>2.3420000076293945</ns3:Speed>
              </ns3:TPX>
            </Extensions>
          </Trackpoint>
          <Trackpoint>
            <Time>2026-08-11T18:20:05.000Z</Time>
            <Position>
              <LatitudeDegrees>44.28889920003712</LatitudeDegrees>
              <LongitudeDegrees>-81.60118960775435</LongitudeDegrees>
            </Position>
            <AltitudeMeters>171.60000610351562</AltitudeMeters>
            <DistanceMeters>3899.35009765625</DistanceMeters>
            <HeartRateBpm>
              <Value>70</Value>
            </HeartRateBpm>
            <Extensions>
              <ns3:TPX>
                <ns3:Speed>2.4170000553131104</ns3:Speed>
              </ns3:TPX>
            </Extensions>
          </Trackpoint>
          <Trackpoint>
            <Time>2026-08-11T18:20:13.000Z</Time>
            <Position>
              <LatitudeDegrees>44.2887968569994</LatitudeDegrees>
              <LongitudeDegrees>-81.60137836821377</LongitudeDegrees>
            </Position>
            <AltitudeMeters>171.39999389648438</AltitudeMeters>
            <DistanceMeters>3918.31005859375</DistanceMeters>
            <HeartRateBpm>
              <Value>68</Value>
            </HeartRateBpm>
            <Extensions>
              <ns3:TPX>
                <ns3:Speed>2.3980000019073486</ns3:Speed>
              </ns3:TPX>
            </Extensions>
          </Trackpoint>
          <Trackpoint>
            <Time>2026-08-11T18:20:14.000Z</Time>
            <Position>
              <LatitudeDegrees>44.288787972182035</LatitudeDegrees>
              <LongitudeDegrees>-81.60140653140843</LongitudeDegrees>
            </Position>
            <AltitudeMeters>171.39999389648438</AltitudeMeters>
            <DistanceMeters>3920.77001953125</DistanceMeters>
            <HeartRateBpm>
              <Value>71</Value>
            </HeartRateBpm>
            <Extensions>
              <ns3:TPX>
                <ns3:Speed>2.3980000019073486</ns3:Speed>
              </ns3:TPX>
            </Extensions>
          </Trackpoint>
          <Trackpoint>
            <Time>2026-08-11T18:20:27.000Z</Time>
            <Position>
              <LatitudeDegrees>44.28868646733463</LatitudeDegrees>
              <LongitudeDegrees>-81.6017809510231</LongitudeDegrees>
            </Position>
            <AltitudeMeters>171.39999389648438</AltitudeMeters>
            <DistanceMeters>3952.780029296875</DistanceMeters>
            <HeartRateBpm>
              <Value>72</Value>
            </HeartRateBpm>
            <Extensions>
              <ns3:TPX>
                <ns3:Speed>2.565999984741211</ns3:Speed>
              </ns3:TPX>
            </Extensions>
          </Trackpoint>
          <Trackpoint>
            <Time>2026-08-11T18:20:37.000Z</Time>
            <Position>
              <LatitudeDegrees>44.28861119784415</LatitudeDegrees>
              <LongitudeDegrees>-81.60207222215831</LongitudeDegrees>
            </Position>
            <AltitudeMeters>171.60000610351562</AltitudeMeters>
            <DistanceMeters>3977.530029296875</DistanceMeters>
            <HeartRateBpm>
              <Value>70</Value>
            </HeartRateBpm>
            <Extensions>
              <ns3:TPX>
                <ns3:Speed>2.5290000438690186</ns3:Speed>
              </ns3:TPX>
            </Extensions>
          </Trackpoint>
          <Trackpoint>
            <Time>2026-08-11T18:20:39.000Z</Time>
            <Position>
              <LatitudeDegrees>44.28859191946685</LatitudeDegrees>
              <LongitudeDegrees>-81.60212486051023</LongitudeDegrees>
            </Position>
            <AltitudeMeters>171.60000610351562</AltitudeMeters>
            <DistanceMeters>3982.25</DistanceMeters>
            <HeartRateBpm>
              <Value>70</Value>
            </HeartRateBpm>
            <Extensions>
              <ns3:TPX>
                <ns3:Speed>2.4730000495910645</ns3:Speed>
              </ns3:TPX>
            </Extensions>
          </Trackpoint>
          <Trackpoint>
            <Time>2026-08-11T18:20:48.000Z</Time>
            <Position>
              <LatitudeDegrees>44.28851120173931</LatitudeDegrees>
              <LongitudeDegrees>-81.60235024988651</LongitudeDegrees>
            </Position>
            <AltitudeMeters>171.60000610351562</AltitudeMeters>
            <DistanceMeters>4002.56005859375</DistanceMeters>
            <HeartRateBpm>
              <Value>71</Value>
            </HeartRateBpm>
            <Extensions>
              <ns3:TPX>
                <ns3:Speed>2.118000030517578</ns3:Speed>
              </ns3:TPX>
            </Extensions>
          </Trackpoint>
          <Trackpoint>
            <Time>2026-08-11T18:20:56.000Z</Time>
            <Position>
              <LatitudeDegrees>44.28840860724449</LatitudeDegrees>
              <LongitudeDegrees>-81.60253448411822</LongitudeDegrees>
            </Position>
            <AltitudeMeters>171.39999389648438</AltitudeMeters>
            <DistanceMeters>4021.260009765625</DistanceMeters>
            <HeartRateBpm>
              <Value>70</Value>
            </HeartRateBpm>
            <Extensions>
              <ns3:TPX>
                <ns3:Speed>2.444999933242798</ns3:Speed>
              </ns3:TPX>
            </Extensions>
          </Trackpoint>
          <Trackpoint>
            <Time>2026-08-11T18:21:04.000Z</Time>
            <Position>
              <LatitudeDegrees>44.28832939825952</LatitudeDegrees>
              <LongitudeDegrees>-81.60275526344776</LongitudeDegrees>
            </Position>
            <AltitudeMeters>171.60000610351562</AltitudeMeters>
            <DistanceMeters>4040.929931640625</DistanceMeters>
            <HeartRateBpm>
              <Value>69</Value>
            </HeartRateBpm>
            <Extensions>
              <ns3:TPX>
                <ns3:Speed>2.444999933242798</ns3:Speed>
              </ns3:TPX>
            </Extensions>
          </Trackpoint>
          <Trackpoint>
            <Time>2026-08-11T18:21:09.000Z</Time>
            <Position>
              <LatitudeDegrees>44.28830408491194</LatitudeDegrees>
              <LongitudeDegrees>-81.60288409329951</LongitudeDegrees>
            </Position>
            <AltitudeMeters>171.60000610351562</AltitudeMeters>
            <DistanceMeters>4051.60009765625</DistanceMeters>
            <HeartRateBpm>
              <Value>72</Value>
            </HeartRateBpm>
            <Extensions>
              <ns3:TPX>
                <ns3:Speed>2.183000087738037</ns3:Speed>
              </ns3:TPX>
            </Extensions>
          </Trackpoint>
          <Trackpoint>
            <Time>2026-08-11T18:21:12.000Z</Time>
            <Position>
              <LatitudeDegrees>44.288290087133646</LatitudeDegrees>
              <LongitudeDegrees>-81.60296179354191</LongitudeDegrees>
            </Position>
            <AltitudeMeters>171.60000610351562</AltitudeMeters>
            <DistanceMeters>4058.0</DistanceMeters>
            <HeartRateBpm>
              <Value>69</Value>
            </HeartRateBpm>
            <Extensions>
              <ns3:TPX>
                <ns3:Speed>2.127000093460083</ns3:Speed>
              </ns3:TPX>
            </Extensions>
          </Trackpoint>
          <Trackpoint>
            <Time>2026-08-11T18:21:14.000Z</Time>
            <Position>
              <LatitudeDegrees>44.288278352469206</LatitudeDegrees>
              <LongitudeDegrees>-81.60301074385643</LongitudeDegrees>
            </Position>
            <AltitudeMeters>171.60000610351562</AltitudeMeters>
            <DistanceMeters>4062.110107421875</DistanceMeters>
            <HeartRateBpm>
              <Value>69</Value>
            </HeartRateBpm>
            <Extensions>
              <ns3:TPX>
                <ns3:Speed>2.1089999675750732</ns3:Speed>
              </ns3:TPX>
            </Extensions>
          </Trackpoint>
          <Trackpoint>
            <Time>2026-08-11T18:21:25.000Z</Time>
            <Position>
              <LatitudeDegrees>44.2882183380425</LatitudeDegrees>
              <LongitudeDegrees>-81.60329623147845</LongitudeDegrees>
            </Position>
            <AltitudeMeters>171.39999389648438</AltitudeMeters>
            <DistanceMeters>4085.8701171875</DistanceMeters>
            <HeartRateBpm>
              <Value>70</Value>
            </HeartRateBpm>
            <Extensions>
              <ns3:TPX>
                <ns3:Speed>2.1740000247955322</ns3:Speed>
              </ns3:TPX>
            </Extensions>
          </Trackpoint>
          <Trackpoint>
            <Time>2026-08-11T18:21:32.000Z</Time>
            <Position>
              <LatitudeDegrees>44.28816486150026</LatitudeDegrees>
              <LongitudeDegrees>-81.60347065888345</LongitudeDegrees>
            </Position>
            <AltitudeMeters>171.39999389648438</AltitudeMeters>
            <DistanceMeters>4101.009765625</DistanceMeters>
            <HeartRateBpm>
              <Value>73</Value>
            </HeartRateBpm>
            <Extensions>
              <ns3:TPX>
                <ns3:Speed>2.2109999656677246</ns3:Speed>
              </ns3:TPX>
            </Extensions>
          </Trackpoint>
          <Trackpoint>
            <Time>2026-08-11T18:21:33.000Z</Time>
            <Position>
              <LatitudeDegrees>44.28815723396838</LatitudeDegrees>
              <LongitudeDegrees>-81.60349764861166</LongitudeDegrees>
            </Position>
            <AltitudeMeters>171.39999389648438</AltitudeMeters>
            <DistanceMeters>4103.31982421875</DistanceMeters>
            <HeartRateBpm>
              <Value>76</Value>
            </HeartRateBpm>
            <Extensions>
              <ns3:TPX>
                <ns3:Speed>2.2109999656677246</ns3:Speed>
              </ns3:TPX>
            </Extensions>
          </Trackpoint>
          <Trackpoint>
            <Time>2026-08-11T18:21:36.000Z</Time>
            <Position>
              <LatitudeDegrees>44.288137117400765</LatitudeDegrees>
              <LongitudeDegrees>-81.6035749297589</LongitudeDegrees>
            </Position>
            <AltitudeMeters>171.60000610351562</AltitudeMeters>
            <DistanceMeters>4109.89013671875</DistanceMeters>
            <HeartRateBpm>
              <Value>79</Value>
            </HeartRateBpm>
            <Extensions>
              <ns3:TPX>
                <ns3:Speed>2.193000078201294</ns3:Speed>
              </ns3:TPX>
            </Extensions>
          </Trackpoint>
          <Trackpoint>
            <Time>2026-08-11T18:21:38.000Z</Time>
            <Position>
              <LatitudeDegrees>44.2881232034415</LatitudeDegrees>
              <LongitudeDegrees>-81.60362991504371</LongitudeDegrees>
            </Position>
            <AltitudeMeters>171.39999389648438</AltitudeMeters>
            <DistanceMeters>4114.5400390625</DistanceMeters>
            <HeartRateBpm>
              <Value>80</Value>
            </HeartRateBpm>
            <Extensions>
              <ns3:TPX>
                <ns3:Speed>2.193000078201294</ns3:Speed>
              </ns3:TPX>
            </Extensions>
          </Trackpoint>
          <Trackpoint>
            <Time>2026-08-11T18:21:42.000Z</Time>
            <Position>
              <LatitudeDegrees>44.28809612989426</LatitudeDegrees>
              <LongitudeDegrees>-81.60373091697693</LongitudeDegrees>
            </Position>
            <AltitudeMeters>171.39999389648438</AltitudeMeters>
            <DistanceMeters>4123.14013671875</DistanceMeters>
            <HeartRateBpm>
              <Value>83</Value>
            </HeartRateBpm>
            <Extensions>
              <ns3:TPX>
                <ns3:Speed>2.127000093460083</ns3:Speed>
              </ns3:TPX>
            </Extensions>
          </Trackpoint>
          <Trackpoint>
            <Time>2026-08-11T18:21:52.000Z</Time>
            <Position>
              <LatitudeDegrees>44.28801868110895</LatitudeDegrees>
              <LongitudeDegrees>-81.60396460443735</LongitudeDegrees>
            </Position>
            <AltitudeMeters>171.39999389648438</AltitudeMeters>
            <DistanceMeters>4143.72998046875</DistanceMeters>
            <HeartRateBpm>
              <Value>82</Value>
            </HeartRateBpm>
            <Extensions>
              <ns3:TPX>
                <ns3:Speed>2.127000093460083</ns3:Speed>
              </ns3:TPX>
            </Extensions>
          </Trackpoint>
          <Trackpoint>
            <Time>2026-08-11T18:22:01.000Z</Time>
            <Position>
              <LatitudeDegrees>44.28794835694134</LatitudeDegrees>
              <LongitudeDegrees>-81.6041158977896</LongitudeDegrees>
            </Position>
            <AltitudeMeters>171.39999389648438</AltitudeMeters>
            <DistanceMeters>4158.14013671875</DistanceMeters>
            <HeartRateBpm>
              <Value>83</Value>
            </HeartRateBpm>
            <Extensions>
              <ns3:TPX>
                <ns3:Speed>1.6519999504089355</ns3:Speed>
              </ns3:TPX>
            </Extensions>
          </Trackpoint>
          <Trackpoint>
            <Time>2026-08-11T18:22:06.000Z</Time>
            <Position>
              <LatitudeDegrees>44.287939639762044</LatitudeDegrees>
              <LongitudeDegrees>-81.60414095968008</LongitudeDegrees>
            </Position>
            <AltitudeMeters>171.39999389648438</AltitudeMeters>
            <DistanceMeters>4160.60986328125</DistanceMeters>
            <HeartRateBpm>
              <Value>83</Value>
            </HeartRateBpm>
            <Extensions>
              <ns3:TPX>
                <ns3:Speed>0.4569999873638153</ns3:Speed>
              </ns3:TPX>
            </Extensions>
          </Trackpoint>
          <Trackpoint>
            <Time>2026-08-11T18:22:11.000Z</Time>
            <Position>
              <LatitudeDegrees>44.28792664781213</LatitudeDegrees>
              <LongitudeDegrees>-81.60416199825704</LongitudeDegrees>
            </Position>
            <AltitudeMeters>171.39999389648438</AltitudeMeters>
            <DistanceMeters>4162.83984375</DistanceMeters>
            <HeartRateBpm>
              <Value>77</Value>
            </HeartRateBpm>
            <Extensions>
              <ns3:TPX>
                <ns3:Speed>0.48500001430511475</ns3:Speed>
              </ns3:TPX>
            </Extensions>
          </Trackpoint>
          <Trackpoint>
            <Time>2026-08-11T18:22:14.000Z</Time>
            <Position>
              <LatitudeDegrees>44.287916757166386</LatitudeDegrees>
              <LongitudeDegrees>-81.60418613813818</LongitudeDegrees>
            </Position>
            <AltitudeMeters>171.39999389648438</AltitudeMeters>
            <DistanceMeters>4165.08984375</DistanceMeters>
            <HeartRateBpm>
              <Value>80</Value>
            </HeartRateBpm>
            <Extensions>
              <ns3:TPX>
                <ns3:Speed>0.48500001430511475</ns3:Speed>
              </ns3:TPX>
            </Extensions>
          </Trackpoint>
          <Trackpoint>
            <Time>2026-08-11T18:22:16.000Z</Time>
            <Position>
              <LatitudeDegrees>44.287910303100944</LatitudeDegrees>
              <LongitudeDegrees>-81.60420566797256</LongitudeDegrees>
            </Position>
            <AltitudeMeters>171.39999389648438</AltitudeMeters>
            <DistanceMeters>4166.7998046875</DistanceMeters>
            <HeartRateBpm>
              <Value>78</Value>
            </HeartRateBpm>
            <Extensions>
              <ns3:TPX>
                <ns3:Speed>0.7179999947547913</ns3:Speed>
              </ns3:TPX>
            </Extensions>
          </Trackpoint>
          <Trackpoint>
            <Time>2026-08-11T18:22:18.000Z</Time>
            <Position>
              <LatitudeDegrees>44.28790586069226</LatitudeDegrees>
              <LongitudeDegrees>-81.6042282152921</LongitudeDegrees>
            </Position>
            <AltitudeMeters>171.39999389648438</AltitudeMeters>
            <DistanceMeters>4168.66015625</DistanceMeters>
            <HeartRateBpm>
              <Value>75</Value>
            </HeartRateBpm>
            <Extensions>
              <ns3:TPX>
                <ns3:Speed>0.7369999885559082</ns3:Speed>
              </ns3:TPX>
            </Extensions>
          </Trackpoint>
          <Trackpoint>
            <Time>2026-08-11T18:22:19.000Z</Time>
            <Position>
              <LatitudeDegrees>44.287902005016804</LatitudeDegrees>
              <LongitudeDegrees>-81.60424137488008</LongitudeDegrees>
            </Position>
            <AltitudeMeters>171.39999389648438</AltitudeMeters>
            <DistanceMeters>4169.7900390625</DistanceMeters>
            <HeartRateBpm>
              <Value>75</Value>
            </HeartRateBpm>
            <Extensions>
              <ns3:TPX>
                <ns3:Speed>0.9980000257492065</ns3:Speed>
              </ns3:TPX>
            </Extensions>
          </Trackpoint>
          <Trackpoint>
            <Time>2026-08-11T18:22:25.000Z</Time>
            <Position>
              <LatitudeDegrees>44.28788524121046</LatitudeDegrees>
              <LongitudeDegrees>-81.6042818594724</LongitudeDegrees>
            </Position>
            <AltitudeMeters>171.1999969482422</AltitudeMeters>
            <DistanceMeters>4173.5400390625</DistanceMeters>
            <HeartRateBpm>
              <Value>76</Value>
            </HeartRateBpm>
            <Extensions>
              <ns3:TPX>
                <ns3:Speed>0.0</ns3:Speed>
              </ns3:TPX>
            </Extensions>
          </Trackpoint>
          <Trackpoint>
            <Time>2026-08-11T18:22:31.000Z</Time>
            <Position>
              <LatitudeDegrees>44.287879038602114</LatitudeDegrees>
              <LongitudeDegrees>-81.60432561300695</LongitudeDegrees>
            </Position>
            <AltitudeMeters>171.1999969482422</AltitudeMeters>
            <DistanceMeters>4177.169921875</DistanceMeters>
            <HeartRateBpm>
              <Value>77</Value>
            </HeartRateBpm>
            <Extensions>
              <ns3:TPX>
                <ns3:Speed>0.0</ns3:Speed>
              </ns3:TPX>
            </Extensions>
          </Trackpoint>
          <Trackpoint>
            <Time>2026-08-11T18:22:40.000Z</Time>
            <Position>
              <LatitudeDegrees>44.28787937387824</LatitudeDegrees>
              <LongitudeDegrees>-81.60432904958725</LongitudeDegrees>
            </Position>
            <AltitudeMeters>170.60000610351562</AltitudeMeters>
            <DistanceMeters>4177.66015625</DistanceMeters>
            <HeartRateBpm>
              <Value>75</Value>
            </HeartRateBpm>
            <Extensions>
              <ns3:TPX>
                <ns3:Speed>0.0</ns3:Speed>
              </ns3:TPX>
            </Extensions>
          </Trackpoint>
          <Trackpoint>
            <Time>2026-08-11T18:22:42.000Z</Time>
            <Position>
              <LatitudeDegrees>44.28787853568792</LatitudeDegrees>
              <LongitudeDegrees>-81.60432619974017</LongitudeDegrees>
            </Position>
            <AltitudeMeters>170.8000030517578</AltitudeMeters>
            <DistanceMeters>4177.66015625</DistanceMeters>
            <HeartRateBpm>
              <Value>78</Value>
            </HeartRateBpm>
            <Extensions>
              <ns3:TPX>
                <ns3:Speed>0.0</ns3:Speed>
              </ns3:TPX>
            </Extensions>
          </Trackpoint>
          <Trackpoint>
            <Time>2026-08-11T18:22:46.000Z</Time>
            <Position>
              <LatitudeDegrees>44.28786872886121</LatitudeDegrees>
              <LongitudeDegrees>-81.60431588999927</LongitudeDegrees>
            </Position>
            <AltitudeMeters>170.8000030517578</AltitudeMeters>
            <DistanceMeters>4179.0400390625</DistanceMeters>
            <HeartRateBpm>
              <Value>76</Value>
            </HeartRateBpm>
            <Extensions>
              <ns3:TPX>
                <ns3:Speed>0.0</ns3:Speed>
              </ns3:TPX>
            </Extensions>
          </Trackpoint>
          <Trackpoint>
            <Time>2026-08-11T18:22:53.000Z</Time>
            <Position>
              <LatitudeDegrees>44.287883564829826</LatitudeDegrees>
              <LongitudeDegrees>-81.60424816422164</LongitudeDegrees>
            </Position>
            <AltitudeMeters>171.0</AltitudeMeters>
            <DistanceMeters>4184.72998046875</DistanceMeters>
            <HeartRateBpm>
              <Value>79</Value>
            </HeartRateBpm>
            <Extensions>
              <ns3:TPX>
                <ns3:Speed>1.1759999990463257</ns3:Speed>
              </ns3:TPX>
            </Extensions>
          </Trackpoint>
          <Trackpoint>
            <Time>2026-08-11T18:23:00.000Z</Time>
            <Position>
              <LatitudeDegrees>44.287883061915636</LatitudeDegrees>
              <LongitudeDegrees>-81.604114305228</LongitudeDegrees>
            </Position>
            <AltitudeMeters>171.0</AltitudeMeters>
            <DistanceMeters>4195.52001953125</DistanceMeters>
            <HeartRateBpm>
              <Value>82</Value>
            </HeartRateBpm>
            <Extensions>
              <ns3:TPX>
                <ns3:Speed>1.399999976158142</ns3:Speed>
              </ns3:TPX>
            </Extensions>
          </Trackpoint>
          <Trackpoint>
            <Time>2026-08-11T18:23:08.000Z</Time>
            <Position>
              <LatitudeDegrees>44.28790770471096</LatitudeDegrees>
              <LongitudeDegrees>-81.60394406877458</LongitudeDegrees>
            </Position>
            <AltitudeMeters>170.8000030517578</AltitudeMeters>
            <DistanceMeters>4209.5</DistanceMeters>
            <HeartRateBpm>
              <Value>85</Value>
            </HeartRateBpm>
            <Extensions>
              <ns3:TPX>
                <ns3:Speed>1.6799999475479126</ns3:Speed>
              </ns3:TPX>
            </Extensions>
          </Trackpoint>
          <Trackpoint>
            <Time>2026-08-11T18:23:18.000Z</Time>
            <Position>
              <LatitudeDegrees>44.28793268278241</LatitudeDegrees>
              <LongitudeDegrees>-81.60367450676858</LongitudeDegrees>
            </Position>
            <AltitudeMeters>170.8000030517578</AltitudeMeters>
            <DistanceMeters>4231.14990234375</DistanceMeters>
            <HeartRateBpm>
              <Value>86</Value>
            </HeartRateBpm>
            <Extensions>
              <ns3:TPX>
                <ns3:Speed>1.968999981880188</ns3:Speed>
              </ns3:TPX>
            </Extensions>
          </Trackpoint>
          <Trackpoint>
            <Time>2026-08-11T18:23:24.000Z</Time>
            <Position>
              <LatitudeDegrees>44.28792882710695</LatitudeDegrees>
              <LongitudeDegrees>-81.60351290367544</LongitudeDegrees>
            </Position>
            <AltitudeMeters>170.60000610351562</AltitudeMeters>
            <DistanceMeters>4243.93017578125</DistanceMeters>
            <HeartRateBpm>
              <Value>92</Value>
            </HeartRateBpm>
            <Extensions>
              <ns3:TPX>
                <ns3:Speed>1.9500000476837158</ns3:Speed>
              </ns3:TPX>
            </Extensions>
          </Trackpoint>
          <Trackpoint>
            <Time>2026-08-11T18:23:27.000Z</Time>
            <Position>
              <LatitudeDegrees>44.28793469443917</LatitudeDegrees>
              <LongitudeDegrees>-81.60344115458429</LongitudeDegrees>
            </Position>
            <AltitudeMeters>170.60000610351562</AltitudeMeters>
            <DistanceMeters>4249.68994140625</DistanceMeters>
            <HeartRateBpm>
              <Value>88</Value>
            </HeartRateBpm>
            <Extensions>
              <ns3:TPX>
                <ns3:Speed>1.9500000476837158</ns3:Speed>
              </ns3:TPX>
            </Extensions>
          </Trackpoint>
          <Trackpoint>
            <Time>2026-08-11T18:23:34.000Z</Time>
            <Position>
              <LatitudeDegrees>44.28794919513166</LatitudeDegrees>
              <LongitudeDegrees>-81.60329455509782</LongitudeDegrees>
            </Position>
            <AltitudeMeters>170.8000030517578</AltitudeMeters>
            <DistanceMeters>4261.5400390625</DistanceMeters>
            <HeartRateBpm>
              <Value>84</Value>
            </HeartRateBpm>
            <Extensions>
              <ns3:TPX>
                <ns3:Speed>1.7910000085830688</ns3:Speed>
              </ns3:TPX>
            </Extensions>
          </Trackpoint>
          <Trackpoint>
            <Time>2026-08-11T18:23:35.000Z</Time>
            <Position>
              <LatitudeDegrees>44.28795204497874</LatitudeDegrees>
              <LongitudeDegrees>-81.60327184014022</LongitudeDegrees>
            </Position>
            <AltitudeMeters>170.8000030517578</AltitudeMeters>
            <DistanceMeters>4263.3798828125</DistanceMeters>
            <HeartRateBpm>
              <Value>86</Value>
            </HeartRateBpm>
            <Extensions>
              <ns3:TPX>
                <ns3:Speed>1.7640000581741333</ns3:Speed>
              </ns3:TPX>
            </Extensions>
          </Trackpoint>
          <Trackpoint>
            <Time>2026-08-11T18:23:40.000Z</Time>
            <Position>
              <LatitudeDegrees>44.287952380254865</LatitudeDegrees>
              <LongitudeDegrees>-81.60316832363605</LongitudeDegrees>
            </Position>
            <AltitudeMeters>170.60000610351562</AltitudeMeters>
            <DistanceMeters>4271.68994140625</DistanceMeters>
            <HeartRateBpm>
              <Value>87</Value>
            </HeartRateBpm>
            <Extensions>
              <ns3:TPX>
                <ns3:Speed>1.5770000219345093</ns3:Speed>
              </ns3:TPX>
            </Extensions>
          </Trackpoint>
          <Trackpoint>
            <Time>2026-08-11T18:23:42.000Z</Time>
            <Position>
              <LatitudeDegrees>44.28795321844518</LatitudeDegrees>
              <LongitudeDegrees>-81.60312507301569</LongitudeDegrees>
            </Position>
            <AltitudeMeters>170.39999389648438</AltitudeMeters>
            <DistanceMeters>4275.14013671875</DistanceMeters>
            <HeartRateBpm>
              <Value>88</Value>
            </HeartRateBpm>
            <Extensions>
              <ns3:TPX>
                <ns3:Speed>1.6519999504089355</ns3:Speed>
              </ns3:TPX>
            </Extensions>
          </Trackpoint>
          <Trackpoint>
            <Time>2026-08-11T18:23:50.000Z</Time>
            <Position>
              <LatitudeDegrees>44.2879678029567</LatitudeDegrees>
              <LongitudeDegrees>-81.60294209606946</LongitudeDegrees>
            </Position>
            <AltitudeMeters>170.1999969482422</AltitudeMeters>
            <DistanceMeters>4289.8701171875</DistanceMeters>
            <HeartRateBpm>
              <Value>91</Value>
            </HeartRateBpm>
            <Extensions>
              <ns3:TPX>
                <ns3:Speed>1.6610000133514404</ns3:Speed>
              </ns3:TPX>
            </Extensions>
          </Trackpoint>
          <Trackpoint>
            <Time>2026-08-11T18:23:52.000Z</Time>
            <Position>
              <LatitudeDegrees>44.28797450847924</LatitudeDegrees>
              <LongitudeDegrees>-81.6028967499733</LongitudeDegrees>
            </Position>
            <AltitudeMeters>170.1999969482422</AltitudeMeters>
            <DistanceMeters>4293.56982421875</DistanceMeters>
            <HeartRateBpm>
              <Value>90</Value>
            </HeartRateBpm>
            <Extensions>
              <ns3:TPX>
                <ns3:Speed>1.7450000047683716</ns3:Speed>
              </ns3:TPX>
            </Extensions>
          </Trackpoint>
          <Trackpoint>
            <Time>2026-08-11T18:24:01.000Z</Time>
            <Position>
              <LatitudeDegrees>44.287998396903276</LatitudeDegrees>
              <LongitudeDegrees>-81.60266859456897</LongitudeDegrees>
            </Position>
            <AltitudeMeters>170.0</AltitudeMeters>
            <DistanceMeters>4312.02001953125</DistanceMeters>
            <HeartRateBpm>
              <Value>91</Value>
            </HeartRateBpm>
            <Extensions>
              <ns3:TPX>
                <ns3:Speed>1.996999979019165</ns3:Speed>
              </ns3:TPX>
            </Extensions>
          </Trackpoint>
          <Trackpoint>
            <Time>2026-08-11T18:24:10.000Z</Time>
            <Position>
              <LatitudeDegrees>44.28803293034434</LatitudeDegrees>
              <LongitudeDegrees>-81.6024252679199</LongitudeDegrees>
            </Position>
            <AltitudeMeters>169.60000610351562</AltitudeMeters>
            <DistanceMeters>4331.8798828125</DistanceMeters>
            <HeartRateBpm>
              <Value>90</Value>
            </HeartRateBpm>
            <Extensions>
              <ns3:TPX>
                <ns3:Speed>2.1549999713897705</ns3:Speed>
              </ns3:TPX>
            </Extensions>
          </Trackpoint>
          <Trackpoint>
            <Time>2026-08-11T18:24:11.000Z</Time>
            <Position>
              <LatitudeDegrees>44.28803804330528</LatitudeDegrees>
              <LongitudeDegrees>-81.60239995457232</LongitudeDegrees>
            </Position>
            <AltitudeMeters>169.60000610351562</AltitudeMeters>
            <DistanceMeters>4333.97021484375</DistanceMeters>
            <HeartRateBpm>
              <Value>93</Value>
            </HeartRateBpm>
            <Extensions>
              <ns3:TPX>
                <ns3:Speed>2.1549999713897705</ns3:Speed>
              </ns3:TPX>
            </Extensions>
          </Trackpoint>
          <Trackpoint>
            <Time>2026-08-11T18:24:13.000Z</Time>
            <Position>
              <LatitudeDegrees>44.28804801777005</LatitudeDegrees>
              <LongitudeDegrees>-81.60235117189586</LongitudeDegrees>
            </Position>
            <AltitudeMeters>169.60000610351562</AltitudeMeters>
            <DistanceMeters>4338.009765625</DistanceMeters>
            <HeartRateBpm>
              <Value>90</Value>
            </HeartRateBpm>
            <Extensions>
              <ns3:TPX>
                <ns3:Speed>2.127000093460083</ns3:Speed>
              </ns3:TPX>
            </Extensions>
          </Trackpoint>
          <Trackpoint>
            <Time>2026-08-11T18:24:16.000Z</Time>
            <Position>
              <LatitudeDegrees>44.28806243464351</LatitudeDegrees>
              <LongitudeDegrees>-81.60227548331022</LongitudeDegrees>
            </Position>
            <AltitudeMeters>169.39999389648438</AltitudeMeters>
            <DistanceMeters>4344.259765625</DistanceMeters>
            <HeartRateBpm>
              <Value>89</Value>
            </HeartRateBpm>
            <Extensions>
              <ns3:TPX>
                <ns3:Speed>2.127000093460083</ns3:Speed>
              </ns3:TPX>
            </Extensions>
          </Trackpoint>
          <Trackpoint>
            <Time>2026-08-11T18:24:17.000Z</Time>
            <Position>
              <LatitudeDegrees>44.28806779906154</LatitudeDegrees>
              <LongitudeDegrees>-81.60225142724812</LongitudeDegrees>
            </Position>
            <AltitudeMeters>169.39999389648438</AltitudeMeters>
            <DistanceMeters>4346.27001953125</DistanceMeters>
            <HeartRateBpm>
              <Value>86</Value>
            </HeartRateBpm>
            <Extensions>
              <ns3:TPX>
                <ns3:Speed>2.071000099182129</ns3:Speed>
              </ns3:TPX>
            </Extensions>
          </Trackpoint>
          <Trackpoint>
            <Time>2026-08-11T18:24:19.000Z</Time>
            <Position>
              <LatitudeDegrees>44.28807592950761</LatitudeDegrees>
              <LongitudeDegrees>-81.60220348276198</LongitudeDegrees>
            </Position>
            <AltitudeMeters>169.39999389648438</AltitudeMeters>
            <DistanceMeters>4350.2001953125</DistanceMeters>
            <HeartRateBpm>
              <Value>87</Value>
            </HeartRateBpm>
            <Extensions>
              <ns3:TPX>
                <ns3:Speed>2.071000099182129</ns3:Speed>
              </ns3:TPX>
            </Extensions>
          </Trackpoint>
          <Trackpoint>
            <Time>2026-08-11T18:24:24.000Z</Time>
            <Position>
              <LatitudeDegrees>44.288089256733656</LatitudeDegrees>
              <LongitudeDegrees>-81.60208554938436</LongitudeDegrees>
            </Position>
            <AltitudeMeters>169.39999389648438</AltitudeMeters>
            <DistanceMeters>4359.740234375</DistanceMeters>
            <HeartRateBpm>
              <Value>84</Value>
            </HeartRateBpm>
            <Extensions>
              <ns3:TPX>
                <ns3:Speed>1.940999984741211</ns3:Speed>
              </ns3:TPX>
            </Extensions>
          </Trackpoint>
          <Trackpoint>
            <Time>2026-08-11T18:24:33.000Z</Time>
            <Position>
              <LatitudeDegrees>44.28811909630895</LatitudeDegrees>
              <LongitudeDegrees>-81.60189494490623</LongitudeDegrees>
            </Position>
            <AltitudeMeters>169.39999389648438</AltitudeMeters>
            <DistanceMeters>4375.330078125</DistanceMeters>
            <HeartRateBpm>
              <Value>81</Value>
            </HeartRateBpm>
            <Extensions>
              <ns3:TPX>
                <ns3:Speed>1.7450000047683716</ns3:Speed>
              </ns3:TPX>
            </Extensions>
          </Trackpoint>
          <Trackpoint>
            <Time>2026-08-11T18:24:40.000Z</Time>
            <Position>
              <LatitudeDegrees>44.28813778795302</LatitudeDegrees>
              <LongitudeDegrees>-81.60173770040274</LongitudeDegrees>
            </Position>
            <AltitudeMeters>169.60000610351562</AltitudeMeters>
            <DistanceMeters>4388.080078125</DistanceMeters>
            <HeartRateBpm>
              <Value>86</Value>
            </HeartRateBpm>
            <Extensions>
              <ns3:TPX>
                <ns3:Speed>1.7259999513626099</ns3:Speed>
              </ns3:TPX>
            </Extensions>
          </Trackpoint>
          <Trackpoint>
            <Time>2026-08-11T18:24:45.000Z</Time>
            <Position>
              <LatitudeDegrees>44.28815295919776</LatitudeDegrees>
              <LongitudeDegrees>-81.60162990912795</LongitudeDegrees>
            </Position>
            <AltitudeMeters>169.60000610351562</AltitudeMeters>
            <DistanceMeters>4396.8701171875</DistanceMeters>
            <HeartRateBpm>
              <Value>87</Value>
            </HeartRateBpm>
            <Extensions>
              <ns3:TPX>
                <ns3:Speed>1.7259999513626099</ns3:Speed>
              </ns3:TPX>
            </Extensions>
          </Trackpoint>
          <Trackpoint>
            <Time>2026-08-11T18:24:48.000Z</Time>
            <Position>
              <LatitudeDegrees>44.288168884813786</LatitudeDegrees>
              <LongitudeDegrees>-81.60156176425517</LongitudeDegrees>
            </Position>
            <AltitudeMeters>169.60000610351562</AltitudeMeters>
            <DistanceMeters>4402.580078125</DistanceMeters>
            <HeartRateBpm>
              <Value>90</Value>
            </HeartRateBpm>
            <Extensions>
              <ns3:TPX>
                <ns3:Speed>1.781999945640564</ns3:Speed>
              </ns3:TPX>
            </Extensions>
          </Trackpoint>
          <Trackpoint>
            <Time>2026-08-11T18:24:56.000Z</Time>
            <Position>
              <LatitudeDegrees>44.28820341825485</LatitudeDegrees>
              <LongitudeDegrees>-81.60136386752129</LongitudeDegrees>
            </Position>
            <AltitudeMeters>169.8000030517578</AltitudeMeters>
            <DistanceMeters>4418.830078125</DistanceMeters>
            <HeartRateBpm>
              <Value>92</Value>
            </HeartRateBpm>
            <Extensions>
              <ns3:TPX>
                <ns3:Speed>2.0429999828338623</ns3:Speed>
              </ns3:TPX>
            </Extensions>
          </Trackpoint>
          <Trackpoint>
            <Time>2026-08-11T18:25:06.000Z</Time>
            <Position>
              <LatitudeDegrees>44.28825379349291</LatitudeDegrees>
              <LongitudeDegrees>-81.60109598189592</LongitudeDegrees>
            </Position>
            <AltitudeMeters>169.8000030517578</AltitudeMeters>
            <DistanceMeters>4440.9599609375</DistanceMeters>
            <HeartRateBpm>
              <Value>89</Value>
            </HeartRateBpm>
            <Extensions>
              <ns3:TPX>
                <ns3:Speed>2.257999897003174</ns3:Speed>
              </ns3:TPX>
            </Extensions>
          </Trackpoint>
          <Trackpoint>
            <Time>2026-08-11T18:25:08.000Z</Time>
            <Position>
              <LatitudeDegrees>44.28826343268156</LatitudeDegrees>
              <LongitudeDegrees>-81.6010454390198</LongitudeDegrees>
            </Position>
            <AltitudeMeters>169.8000030517578</AltitudeMeters>
            <DistanceMeters>4445.1298828125</DistanceMeters>
            <HeartRateBpm>
              <Value>91</Value>
            </HeartRateBpm>
            <Extensions>
              <ns3:TPX>
                <ns3:Speed>2.257999897003174</ns3:Speed>
              </ns3:TPX>
            </Extensions>
          </Trackpoint>
          <Trackpoint>
            <Time>2026-08-11T18:25:18.000Z</Time>
            <Position>
              <LatitudeDegrees>44.2882889136672</LatitudeDegrees>
              <LongitudeDegrees>-81.60077922977507</LongitudeDegrees>
            </Position>
            <AltitudeMeters>170.0</AltitudeMeters>
            <DistanceMeters>4466.580078125</DistanceMeters>
            <HeartRateBpm>
              <Value>89</Value>
            </HeartRateBpm>
            <Extensions>
              <ns3:TPX>
                <ns3:Speed>2.193000078201294</ns3:Speed>
              </ns3:TPX>
            </Extensions>
          </Trackpoint>
          <Trackpoint>
            <Time>2026-08-11T18:25:28.000Z</Time>
            <Position>
              <LatitudeDegrees>44.288321770727634</LatitudeDegrees>
              <LongitudeDegrees>-81.6005084104836</LongitudeDegrees>
            </Position>
            <AltitudeMeters>170.0</AltitudeMeters>
            <DistanceMeters>4488.47998046875</DistanceMeters>
            <HeartRateBpm>
              <Value>87</Value>
            </HeartRateBpm>
            <Extensions>
              <ns3:TPX>
                <ns3:Speed>2.1089999675750732</ns3:Speed>
              </ns3:TPX>
            </Extensions>
          </Trackpoint>
          <Trackpoint>
            <Time>2026-08-11T18:25:29.000Z</Time>
            <Position>
              <LatitudeDegrees>44.28832302801311</LatitudeDegrees>
              <LongitudeDegrees>-81.60048259422183</LongitudeDegrees>
            </Position>
            <AltitudeMeters>170.0</AltitudeMeters>
            <DistanceMeters>4490.5400390625</DistanceMeters>
            <HeartRateBpm>
              <Value>84</Value>
            </HeartRateBpm>
            <Extensions>
              <ns3:TPX>
                <ns3:Speed>2.1089999675750732</ns3:Speed>
              </ns3:TPX>
            </Extensions>
          </Trackpoint>
          <Trackpoint>
            <Time>2026-08-11T18:25:35.000Z</Time>
            <Position>
              <LatitudeDegrees>44.28836904466152</LatitudeDegrees>
              <LongitudeDegrees>-81.60032065585256</LongitudeDegrees>
            </Position>
            <AltitudeMeters>169.8000030517578</AltitudeMeters>
            <DistanceMeters>4504.52978515625</DistanceMeters>
            <HeartRateBpm>
              <Value>82</Value>
            </HeartRateBpm>
            <Extensions>
              <ns3:TPX>
                <ns3:Speed>2.2209999561309814</ns3:Speed>
              </ns3:TPX>
            </Extensions>
          </Trackpoint>
          <Trackpoint>
            <Time>2026-08-11T18:25:41.000Z</Time>
            <Position>
              <LatitudeDegrees>44.288365356624126</LatitudeDegrees>
              <LongitudeDegrees>-81.60019115544856</LongitudeDegrees>
            </Position>
            <AltitudeMeters>169.8000030517578</AltitudeMeters>
            <DistanceMeters>4514.759765625</DistanceMeters>
            <HeartRateBpm>
              <Value>79</Value>
            </HeartRateBpm>
            <Extensions>
              <ns3:TPX>
                <ns3:Speed>2.0429999828338623</ns3:Speed>
              </ns3:TPX>
            </Extensions>
          </Trackpoint>
          <Trackpoint>
            <Time>2026-08-11T18:25:44.000Z</Time>
            <Position>
              <LatitudeDegrees>44.28837222978473</LatitudeDegrees>
              <LongitudeDegrees>-81.60012485459447</LongitudeDegrees>
            </Position>
            <AltitudeMeters>169.8000030517578</AltitudeMeters>
            <DistanceMeters>4520.14013671875</DistanceMeters>
            <HeartRateBpm>
              <Value>79</Value>
            </HeartRateBpm>
            <Extensions>
              <ns3:TPX>
                <ns3:Speed>1.9589999914169312</ns3:Speed>
              </ns3:TPX>
            </Extensions>
          </Trackpoint>
          <Trackpoint>
            <Time>2026-08-11T18:25:55.000Z</Time>
            <Position>
              <LatitudeDegrees>44.28838840685785</LatitudeDegrees>
              <LongitudeDegrees>-81.59986451268196</LongitudeDegrees>
            </Position>
            <AltitudeMeters>170.0</AltitudeMeters>
            <DistanceMeters>4540.97021484375</DistanceMeters>
            <HeartRateBpm>
              <Value>82</Value>
            </HeartRateBpm>
            <Extensions>
              <ns3:TPX>
                <ns3:Speed>1.8289999961853027</ns3:Speed>
              </ns3:TPX>
            </Extensions>
          </Trackpoint>
          <Trackpoint>
            <Time>2026-08-11T18:25:56.000Z</Time>
            <Position>
              <LatitudeDegrees>44.28838991560042</LatitudeDegrees>
              <LongitudeDegrees>-81.599843474105</LongitudeDegrees>
            </Position>
            <AltitudeMeters>170.0</AltitudeMeters>
            <DistanceMeters>4542.66015625</DistanceMeters>
            <HeartRateBpm>
              <Value>77</Value>
            </HeartRateBpm>
            <Extensions>
              <ns3:TPX>
                <ns3:Speed>1.809999942779541</ns3:Speed>
              </ns3:TPX>
            </Extensions>
          </Trackpoint>
          <Trackpoint>
            <Time>2026-08-11T18:25:59.000Z</Time>
            <Position>
              <LatitudeDegrees>44.28839385509491</LatitudeDegrees>
              <LongitudeDegrees>-81.599774742499</LongitudeDegrees>
            </Position>
            <AltitudeMeters>170.0</AltitudeMeters>
            <DistanceMeters>4548.18017578125</DistanceMeters>
            <HeartRateBpm>
              <Value>73</Value>
            </HeartRateBpm>
            <Extensions>
              <ns3:TPX>
                <ns3:Speed>1.8289999961853027</ns3:Speed>
              </ns3:TPX>
            </Extensions>
          </Trackpoint>
          <Trackpoint>
            <Time>2026-08-11T18:26:02.000Z</Time>
            <Position>
              <LatitudeDegrees>44.28840114735067</LatitudeDegrees>
              <LongitudeDegrees>-81.59970718435943</LongitudeDegrees>
            </Position>
            <AltitudeMeters>169.8000030517578</AltitudeMeters>
            <DistanceMeters>4553.64990234375</DistanceMeters>
            <HeartRateBpm>
              <Value>70</Value>
            </HeartRateBpm>
            <Extensions>
              <ns3:TPX>
                <ns3:Speed>1.847000002861023</ns3:Speed>
              </ns3:TPX>
            </Extensions>
          </Trackpoint>
          <Trackpoint>
            <Time>2026-08-11T18:26:03.000Z</Time>
            <Position>
              <LatitudeDegrees>44.288409193977714</LatitudeDegrees>
              <LongitudeDegrees>-81.5996777638793</LongitudeDegrees>
            </Position>
            <AltitudeMeters>170.0</AltitudeMeters>
            <DistanceMeters>4556.1298828125</DistanceMeters>
            <HeartRateBpm>
              <Value>69</Value>
            </HeartRateBpm>
            <Extensions>
              <ns3:TPX>
                <ns3:Speed>1.8569999933242798</ns3:Speed>
              </ns3:TPX>
            </Extensions>
          </Trackpoint>
          <Trackpoint>
            <Time>2026-08-11T18:26:16.000Z</Time>
            <Position>
              <LatitudeDegrees>44.28845353424549</LatitudeDegrees>
              <LongitudeDegrees>-81.59937391988933</LongitudeDegrees>
            </Position>
            <AltitudeMeters>170.0</AltitudeMeters>
            <DistanceMeters>4580.89013671875</DistanceMeters>
            <HeartRateBpm>
              <Value>68</Value>
            </HeartRateBpm>
            <Extensions>
              <ns3:TPX>
                <ns3:Speed>1.930999994277954</ns3:Speed>
              </ns3:TPX>
            </Extensions>
          </Trackpoint>
          <Trackpoint>
            <Time>2026-08-11T18:26:28.000Z</Time>
            <Position>
              <LatitudeDegrees>44.28850240074098</LatitudeDegrees>
              <LongitudeDegrees>-81.599077032879</LongitudeDegrees>
            </Position>
            <AltitudeMeters>170.0</AltitudeMeters>
            <DistanceMeters>4605.22998046875</DistanceMeters>
            <HeartRateBpm>
              <Value>68</Value>
            </HeartRateBpm>
            <Extensions>
              <ns3:TPX>
                <ns3:Speed>1.9500000476837158</ns3:Speed>
              </ns3:TPX>
            </Extensions>
          </Trackpoint>
          <Trackpoint>
            <Time>2026-08-11T18:26:36.000Z</Time>
            <Position>
              <LatitudeDegrees>44.288511369377375</LatitudeDegrees>
              <LongitudeDegrees>-81.5989250689745</LongitudeDegrees>
            </Position>
            <AltitudeMeters>170.0</AltitudeMeters>
            <DistanceMeters>4617.39990234375</DistanceMeters>
            <HeartRateBpm>
              <Value>67</Value>
            </HeartRateBpm>
            <Extensions>
              <ns3:TPX>
                <ns3:Speed>1.6239999532699585</ns3:Speed>
              </ns3:TPX>
            </Extensions>
          </Trackpoint>
          <Trackpoint>
            <Time>2026-08-11T18:26:44.000Z</Time>
            <Position>
              <LatitudeDegrees>44.28852427750826</LatitudeDegrees>
              <LongitudeDegrees>-81.59877276979387</LongitudeDegrees>
            </Position>
            <AltitudeMeters>170.0</AltitudeMeters>
            <DistanceMeters>4629.580078125</DistanceMeters>
            <HeartRateBpm>
              <Value>64</Value>
            </HeartRateBpm>
            <Extensions>
              <ns3:TPX>
                <ns3:Speed>1.5399999618530273</ns3:Speed>
              </ns3:TPX>
            </Extensions>
          </Trackpoint>
          <Trackpoint>
            <Time>2026-08-11T18:26:45.000Z</Time>
            <Position>
              <LatitudeDegrees>44.28852494806051</LatitudeDegrees>
              <LongitudeDegrees>-81.59875474870205</LongitudeDegrees>
            </Position>
            <AltitudeMeters>170.0</AltitudeMeters>
            <DistanceMeters>4631.009765625</DistanceMeters>
            <HeartRateBpm>
              <Value>66</Value>
            </HeartRateBpm>
            <Extensions>
              <ns3:TPX>
                <ns3:Speed>1.5399999618530273</ns3:Speed>
              </ns3:TPX>
            </Extensions>
          </Trackpoint>
          <Trackpoint>
            <Time>2026-08-11T18:26:54.000Z</Time>
            <Position>
              <LatitudeDegrees>44.28856241516769</LatitudeDegrees>
              <LongitudeDegrees>-81.5985376574099</LongitudeDegrees>
            </Position>
            <AltitudeMeters>170.39999389648438</AltitudeMeters>
            <DistanceMeters>4648.89013671875</DistanceMeters>
            <HeartRateBpm>
              <Value>67</Value>
            </HeartRateBpm>
            <Extensions>
              <ns3:TPX>
                <ns3:Speed>1.9129999876022339</ns3:Speed>
              </ns3:TPX>
            </Extensions>
          </Trackpoint>
          <Trackpoint>
            <Time>2026-08-11T18:26:59.000Z</Time>
            <Position>
              <LatitudeDegrees>44.288572892546654</LatitudeDegrees>
              <LongitudeDegrees>-81.59841427579522</LongitudeDegrees>
            </Position>
            <AltitudeMeters>170.60000610351562</AltitudeMeters>
            <DistanceMeters>4658.81982421875</DistanceMeters>
            <HeartRateBpm>
              <Value>68</Value>
            </HeartRateBpm>
            <Extensions>
              <ns3:TPX>
                <ns3:Speed>1.9129999876022339</ns3:Speed>
              </ns3:TPX>
            </Extensions>
          </Trackpoint>
          <Trackpoint>
            <Time>2026-08-11T18:27:04.000Z</Time>
            <Position>
              <LatitudeDegrees>44.288584124296904</LatitudeDegrees>
              <LongitudeDegrees>-81.59829164855182</LongitudeDegrees>
            </Position>
            <AltitudeMeters>170.8000030517578</AltitudeMeters>
            <DistanceMeters>4668.68994140625</DistanceMeters>
            <HeartRateBpm>
              <Value>70</Value>
            </HeartRateBpm>
            <Extensions>
              <ns3:TPX>
                <ns3:Speed>1.9129999876022339</ns3:Speed>
              </ns3:TPX>
            </Extensions>
          </Trackpoint>
          <Trackpoint>
            <Time>2026-08-11T18:27:09.000Z</Time>
            <Position>
              <LatitudeDegrees>44.28858680650592</LatitudeDegrees>
              <LongitudeDegrees>-81.59820514731109</LongitudeDegrees>
            </Position>
            <AltitudeMeters>171.0</AltitudeMeters>
            <DistanceMeters>4675.6201171875</DistanceMeters>
            <HeartRateBpm>
              <Value>73</Value>
            </HeartRateBpm>
            <Extensions>
              <ns3:TPX>
                <ns3:Speed>1.7079999446868896</ns3:Speed>
              </ns3:TPX>
            </Extensions>
          </Trackpoint>
          <Trackpoint>
            <Time>2026-08-11T18:27:14.000Z</Time>
            <Position>
              <LatitudeDegrees>44.28858538158238</LatitudeDegrees>
              <LongitudeDegrees>-81.59809936769307</LongitudeDegrees>
            </Position>
            <AltitudeMeters>171.0</AltitudeMeters>
            <DistanceMeters>4684.009765625</DistanceMeters>
            <HeartRateBpm>
              <Value>76</Value>
            </HeartRateBpm>
            <Extensions>
              <ns3:TPX>
                <ns3:Speed>1.6890000104904175</ns3:Speed>
              </ns3:TPX>
            </Extensions>
          </Trackpoint>
          <Trackpoint>
            <Time>2026-08-11T18:27:21.000Z</Time>
            <Position>
              <LatitudeDegrees>44.288586135953665</LatitudeDegrees>
              <LongitudeDegrees>-81.59794690087438</LongitudeDegrees>
            </Position>
            <AltitudeMeters>171.0</AltitudeMeters>
            <DistanceMeters>4696.240234375</DistanceMeters>
            <HeartRateBpm>
              <Value>72</Value>
            </HeartRateBpm>
            <Extensions>
              <ns3:TPX>
                <ns3:Speed>1.809999942779541</ns3:Speed>
              </ns3:TPX>
            </Extensions>
          </Trackpoint>
          <Trackpoint>
            <Time>2026-08-11T18:27:24.000Z</Time>
            <Position>
              <LatitudeDegrees>44.288595942780375</LatitudeDegrees>
              <LongitudeDegrees>-81.59788420423865</LongitudeDegrees>
            </Position>
            <AltitudeMeters>171.0</AltitudeMeters>
            <DistanceMeters>4701.35986328125</DistanceMeters>
            <HeartRateBpm>
              <Value>73</Value>
            </HeartRateBpm>
            <Extensions>
              <ns3:TPX>
                <ns3:Speed>1.7730000019073486</ns3:Speed>
              </ns3:TPX>
            </Extensions>
          </Trackpoint>
          <Trackpoint>
            <Time>2026-08-11T18:27:34.000Z</Time>
            <Position>
              <LatitudeDegrees>44.2886102758348</LatitudeDegrees>
              <LongitudeDegrees>-81.59765261225402</LongitudeDegrees>
            </Position>
            <AltitudeMeters>171.1999969482422</AltitudeMeters>
            <DistanceMeters>4719.97998046875</DistanceMeters>
            <HeartRateBpm>
              <Value>72</Value>
            </HeartRateBpm>
            <Extensions>
              <ns3:TPX>
                <ns3:Speed>1.8380000591278076</ns3:Speed>
              </ns3:TPX>
            </Extensions>
          </Trackpoint>
          <Trackpoint>
            <Time>2026-08-11T18:27:46.000Z</Time>
            <Position>
              <LatitudeDegrees>44.28864078596234</LatitudeDegrees>
              <LongitudeDegrees>-81.59738975577056</LongitudeDegrees>
            </Position>
            <AltitudeMeters>171.0</AltitudeMeters>
            <DistanceMeters>4741.2099609375</DistanceMeters>
            <HeartRateBpm>
              <Value>72</Value>
            </HeartRateBpm>
            <Extensions>
              <ns3:TPX>
                <ns3:Speed>1.6979999542236328</ns3:Speed>
              </ns3:TPX>
            </Extensions>
          </Trackpoint>
          <Trackpoint>
            <Time>2026-08-11T18:27:56.000Z</Time>
            <Position>
              <LatitudeDegrees>44.288665847852826</LatitudeDegrees>
              <LongitudeDegrees>-81.59716193564236</LongitudeDegrees>
            </Position>
            <AltitudeMeters>171.0</AltitudeMeters>
            <DistanceMeters>4759.56982421875</DistanceMeters>
            <HeartRateBpm>
              <Value>70</Value>
            </HeartRateBpm>
            <Extensions>
              <ns3:TPX>
                <ns3:Speed>1.819000005722046</ns3:Speed>
              </ns3:TPX>
            </Extensions>
          </Trackpoint>
          <Trackpoint>
            <Time>2026-08-11T18:28:07.000Z</Time>
            <Position>
              <LatitudeDegrees>44.28871328942478</LatitudeDegrees>
              <LongitudeDegrees>-81.59690955653787</LongitudeDegrees>
            </Position>
            <AltitudeMeters>171.0</AltitudeMeters>
            <DistanceMeters>4780.39990234375</DistanceMeters>
            <HeartRateBpm>
              <Value>70</Value>
            </HeartRateBpm>
            <Extensions>
              <ns3:TPX>
                <ns3:Speed>1.8380000591278076</ns3:Speed>
              </ns3:TPX>
            </Extensions>
          </Trackpoint>
          <Trackpoint>
            <Time>2026-08-11T18:28:17.000Z</Time>
            <Position>
              <LatitudeDegrees>44.28875586949289</LatitudeDegrees>
              <LongitudeDegrees>-81.59666681662202</LongitudeDegrees>
            </Position>
            <AltitudeMeters>170.8000030517578</AltitudeMeters>
            <DistanceMeters>4800.35009765625</DistanceMeters>
            <HeartRateBpm>
              <Value>66</Value>
            </HeartRateBpm>
            <Extensions>
              <ns3:TPX>
                <ns3:Speed>1.9500000476837158</ns3:Speed>
              </ns3:TPX>
            </Extensions>
          </Trackpoint>
          <Trackpoint>
            <Time>2026-08-11T18:28:18.000Z</Time>
            <Position>
              <LatitudeDegrees>44.28876098245382</LatitudeDegrees>
              <LongitudeDegrees>-81.5966400783509</LongitudeDegrees>
            </Position>
            <AltitudeMeters>170.8000030517578</AltitudeMeters>
            <DistanceMeters>4802.56005859375</DistanceMeters>
            <HeartRateBpm>
              <Value>69</Value>
            </HeartRateBpm>
            <Extensions>
              <ns3:TPX>
                <ns3:Speed>1.9500000476837158</ns3:Speed>
              </ns3:TPX>
            </Extensions>
          </Trackpoint>
          <Trackpoint>
            <Time>2026-08-11T18:28:30.000Z</Time>
            <Position>
              <LatitudeDegrees>44.28881068713963</LatitudeDegrees>
              <LongitudeDegrees>-81.59633330069482</LongitudeDegrees>
            </Position>
            <AltitudeMeters>170.8000030517578</AltitudeMeters>
            <DistanceMeters>4827.72998046875</DistanceMeters>
            <HeartRateBpm>
              <Value>67</Value>
            </HeartRateBpm>
            <Extensions>
              <ns3:TPX>
                <ns3:Speed>2.052999973297119</ns3:Speed>
              </ns3:TPX>
            </Extensions>
          </Trackpoint>
          <Trackpoint>
            <Time>2026-08-11T18:28:42.000Z</Time>
            <Position>
              <LatitudeDegrees>44.2888518422842</LatitudeDegrees>
              <LongitudeDegrees>-81.59603104926646</LongitudeDegrees>
            </Position>
            <AltitudeMeters>170.8000030517578</AltitudeMeters>
            <DistanceMeters>4852.27978515625</DistanceMeters>
            <HeartRateBpm>
              <Value>66</Value>
            </HeartRateBpm>
            <Extensions>
              <ns3:TPX>
                <ns3:Speed>2.0250000953674316</ns3:Speed>
              </ns3:TPX>
            </Extensions>
          </Trackpoint>
          <Trackpoint>
            <Time>2026-08-11T18:28:46.000Z</Time>
            <Position>
              <LatitudeDegrees>44.288869109004736</LatitudeDegrees>
              <LongitudeDegrees>-81.5959220007062</LongitudeDegrees>
            </Position>
            <AltitudeMeters>170.60000610351562</AltitudeMeters>
            <DistanceMeters>4861.18017578125</DistanceMeters>
            <HeartRateBpm>
              <Value>70</Value>
            </HeartRateBpm>
            <Extensions>
              <ns3:TPX>
                <ns3:Speed>2.0250000953674316</ns3:Speed>
              </ns3:TPX>
            </Extensions>
          </Trackpoint>
          <Trackpoint>
            <Time>2026-08-11T18:28:47.000Z</Time>
            <Position>
              <LatitudeDegrees>44.288873886689544</LatitudeDegrees>
              <LongitudeDegrees>-81.59589626826346</LongitudeDegrees>
            </Position>
            <AltitudeMeters>170.8000030517578</AltitudeMeters>
            <DistanceMeters>4863.31005859375</DistanceMeters>
            <HeartRateBpm>
              <Value>67</Value>
            </HeartRateBpm>
            <Extensions>
              <ns3:TPX>
                <ns3:Speed>2.062000036239624</ns3:Speed>
              </ns3:TPX>
            </Extensions>
          </Trackpoint>
          <Trackpoint>
            <Time>2026-08-11T18:28:51.000Z</Time>
            <Position>
              <LatitudeDegrees>44.28888930939138</LatitudeDegrees>
              <LongitudeDegrees>-81.59580104984343</LongitudeDegrees>
            </Position>
            <AltitudeMeters>170.60000610351562</AltitudeMeters>
            <DistanceMeters>4871.10009765625</DistanceMeters>
            <HeartRateBpm>
              <Value>70</Value>
            </HeartRateBpm>
            <Extensions>
              <ns3:TPX>
                <ns3:Speed>2.062000036239624</ns3:Speed>
              </ns3:TPX>
            </Extensions>
          </Trackpoint>
          <Trackpoint>
            <Time>2026-08-11T18:28:56.000Z</Time>
            <Position>
              <LatitudeDegrees>44.288909593597054</LatitudeDegrees>
              <LongitudeDegrees>-81.59567800350487</LongitudeDegrees>
            </Position>
            <AltitudeMeters>170.60000610351562</AltitudeMeters>
            <DistanceMeters>4881.14013671875</DistanceMeters>
            <HeartRateBpm>
              <Value>72</Value>
            </HeartRateBpm>
            <Extensions>
              <ns3:TPX>
                <ns3:Speed>2.0429999828338623</ns3:Speed>
              </ns3:TPX>
            </Extensions>
          </Trackpoint>
          <Trackpoint>
            <Time>2026-08-11T18:29:07.000Z</Time>
            <Position>
              <LatitudeDegrees>44.28892845287919</LatitudeDegrees>
              <LongitudeDegrees>-81.59543341957033</LongitudeDegrees>
            </Position>
            <AltitudeMeters>170.39999389648438</AltitudeMeters>
            <DistanceMeters>4900.77978515625</DistanceMeters>
            <HeartRateBpm>
              <Value>72</Value>
            </HeartRateBpm>
            <Extensions>
              <ns3:TPX>
                <ns3:Speed>1.8660000562667847</ns3:Speed>
              </ns3:TPX>
            </Extensions>
          </Trackpoint>
          <Trackpoint>
            <Time>2026-08-11T18:29:16.000Z</Time>
            <Position>
              <LatitudeDegrees>44.288959885016084</LatitudeDegrees>
              <LongitudeDegrees>-81.59522680565715</LongitudeDegrees>
            </Position>
            <AltitudeMeters>170.39999389648438</AltitudeMeters>
            <DistanceMeters>4917.60986328125</DistanceMeters>
            <HeartRateBpm>
              <Value>71</Value>
            </HeartRateBpm>
            <Extensions>
              <ns3:TPX>
                <ns3:Speed>1.9129999876022339</ns3:Speed>
              </ns3:TPX>
            </Extensions>
          </Trackpoint>
          <Trackpoint>
            <Time>2026-08-11T18:29:26.000Z</Time>
            <Position>
              <LatitudeDegrees>44.28898117505014</LatitudeDegrees>
              <LongitudeDegrees>-81.59498926252127</LongitudeDegrees>
            </Position>
            <AltitudeMeters>170.0</AltitudeMeters>
            <DistanceMeters>4936.6201171875</DistanceMeters>
            <HeartRateBpm>
              <Value>69</Value>
            </HeartRateBpm>
            <Extensions>
              <ns3:TPX>
                <ns3:Speed>1.8660000562667847</ns3:Speed>
              </ns3:TPX>
            </Extensions>
          </Trackpoint>
          <Trackpoint>
            <Time>2026-08-11T18:29:29.000Z</Time>
            <Position>
              <LatitudeDegrees>44.28899047896266</LatitudeDegrees>
              <LongitudeDegrees>-81.59491734579206</LongitudeDegrees>
            </Position>
            <AltitudeMeters>170.0</AltitudeMeters>
            <DistanceMeters>4942.4501953125</DistanceMeters>
            <HeartRateBpm>
              <Value>72</Value>
            </HeartRateBpm>
            <Extensions>
              <ns3:TPX>
                <ns3:Speed>1.7730000019073486</ns3:Speed>
              </ns3:TPX>
            </Extensions>
          </Trackpoint>
          <Trackpoint>
            <Time>2026-08-11T18:29:30.000Z</Time>
            <Position>
              <LatitudeDegrees>44.28898913785815</LatitudeDegrees>
              <LongitudeDegrees>-81.59489220008254</LongitudeDegrees>
            </Position>
            <AltitudeMeters>170.0</AltitudeMeters>
            <DistanceMeters>4944.4501953125</DistanceMeters>
            <HeartRateBpm>
              <Value>70</Value>
            </HeartRateBpm>
            <Extensions>
              <ns3:TPX>
                <ns3:Speed>1.7730000019073486</ns3:Speed>
              </ns3:TPX>
            </Extensions>
          </Trackpoint>
          <Trackpoint>
            <Time>2026-08-11T18:29:33.000Z</Time>
            <Position>
              <LatitudeDegrees>44.2889882158488</LatitudeDegrees>
              <LongitudeDegrees>-81.59482472576201</LongitudeDegrees>
            </Position>
            <AltitudeMeters>169.8000030517578</AltitudeMeters>
            <DistanceMeters>4949.8701171875</DistanceMeters>
            <HeartRateBpm>
              <Value>69</Value>
            </HeartRateBpm>
            <Extensions>
              <ns3:TPX>
                <ns3:Speed>1.7730000019073486</ns3:Speed>
              </ns3:TPX>
            </Extensions>
          </Trackpoint>
          <Trackpoint>
            <Time>2026-08-11T18:29:41.000Z</Time>
            <Position>
              <LatitudeDegrees>44.28900321945548</LatitudeDegrees>
              <LongitudeDegrees>-81.59464669413865</LongitudeDegrees>
            </Position>
            <AltitudeMeters>169.8000030517578</AltitudeMeters>
            <DistanceMeters>4964.2001953125</DistanceMeters>
            <HeartRateBpm>
              <Value>69</Value>
            </HeartRateBpm>
            <Extensions>
              <ns3:TPX>
                <ns3:Speed>1.819000005722046</ns3:Speed>
              </ns3:TPX>
            </Extensions>
          </Trackpoint>
          <Trackpoint>
            <Time>2026-08-11T18:29:45.000Z</Time>
            <Position>
              <LatitudeDegrees>44.289022497832775</LatitudeDegrees>
              <LongitudeDegrees>-81.5945503860712</LongitudeDegrees>
            </Position>
            <AltitudeMeters>169.60000610351562</AltitudeMeters>
            <DistanceMeters>4972.16015625</DistanceMeters>
            <HeartRateBpm>
              <Value>70</Value>
            </HeartRateBpm>
            <Extensions>
              <ns3:TPX>
                <ns3:Speed>1.819000005722046</ns3:Speed>
              </ns3:TPX>
            </Extensions>
          </Trackpoint>
          <Trackpoint>
            <Time>2026-08-11T18:29:49.000Z</Time>
            <Position>
              <LatitudeDegrees>44.289031717926264</LatitudeDegrees>
              <LongitudeDegrees>-81.59446648322046</LongitudeDegrees>
            </Position>
            <AltitudeMeters>169.39999389648438</AltitudeMeters>
            <DistanceMeters>4978.9599609375</DistanceMeters>
            <HeartRateBpm>
              <Value>67</Value>
            </HeartRateBpm>
            <Extensions>
              <ns3:TPX>
                <ns3:Speed>1.7170000076293945</ns3:Speed>
              </ns3:TPX>
            </Extensions>
          </Trackpoint>
          <Trackpoint>
            <Time>2026-08-11T18:29:54.000Z</Time>
            <Position>
              <LatitudeDegrees>44.28904035128653</LatitudeDegrees>
              <LongitudeDegrees>-81.59436497837305</LongitudeDegrees>
            </Position>
            <AltitudeMeters>169.60000610351562</AltitudeMeters>
            <DistanceMeters>4987.1201171875</DistanceMeters>
            <HeartRateBpm>
              <Value>67</Value>
            </HeartRateBpm>
            <Extensions>
              <ns3:TPX>
                <ns3:Speed>1.6890000104904175</ns3:Speed>
              </ns3:TPX>
            </Extensions>
          </Trackpoint>
          <Trackpoint>
            <Time>2026-08-11T18:30:05.000Z</Time>
            <Position>
              <LatitudeDegrees>44.2890524212271</LatitudeDegrees>
              <LongitudeDegrees>-81.5941227413714</LongitudeDegrees>
            </Position>
            <AltitudeMeters>169.39999389648438</AltitudeMeters>
            <DistanceMeters>5006.5</DistanceMeters>
            <HeartRateBpm>
              <Value>66</Value>
            </HeartRateBpm>
            <Extensions>
              <ns3:TPX>
                <ns3:Speed>1.8009999990463257</ns3:Speed>
              </ns3:TPX>
            </Extensions>
          </Trackpoint>
          <Trackpoint>
            <Time>2026-08-11T18:30:16.000Z</Time>
            <Position>
              <LatitudeDegrees>44.28906373679638</LatitudeDegrees>
              <LongitudeDegrees>-81.59389106556773</LongitudeDegrees>
            </Position>
            <AltitudeMeters>169.1999969482422</AltitudeMeters>
            <DistanceMeters>5025.08984375</DistanceMeters>
            <HeartRateBpm>
              <Value>68</Value>
            </HeartRateBpm>
            <Extensions>
              <ns3:TPX>
                <ns3:Speed>1.7640000581741333</ns3:Speed>
              </ns3:TPX>
            </Extensions>
          </Trackpoint>
          <Trackpoint>
            <Time>2026-08-11T18:30:20.000Z</Time>
            <Position>
              <LatitudeDegrees>44.289069436490536</LatitudeDegrees>
              <LongitudeDegrees>-81.59380967728794</LongitudeDegrees>
            </Position>
            <AltitudeMeters>169.1999969482422</AltitudeMeters>
            <DistanceMeters>5031.6201171875</DistanceMeters>
            <HeartRateBpm>
              <Value>65</Value>
            </HeartRateBpm>
            <Extensions>
              <ns3:TPX>
                <ns3:Speed>1.7170000076293945</ns3:Speed>
              </ns3:TPX>
            </Extensions>
          </Trackpoint>
          <Trackpoint>
            <Time>2026-08-11T18:30:22.000Z</Time>
            <Position>
              <LatitudeDegrees>44.289070861414075</LatitudeDegrees>
              <LongitudeDegrees>-81.5937720425427</LongitudeDegrees>
            </Position>
            <AltitudeMeters>169.0</AltitudeMeters>
            <DistanceMeters>5034.6298828125</DistanceMeters>
            <HeartRateBpm>
              <Value>62</Value>
            </HeartRateBpm>
            <Extensions>
              <ns3:TPX>
                <ns3:Speed>1.7079999446868896</ns3:Speed>
              </ns3:TPX>
            </Extensions>
          </Trackpoint>
          <Trackpoint>
            <Time>2026-08-11T18:30:23.000Z</Time>
            <Position>
              <LatitudeDegrees>44.289073795080185</LatitudeDegrees>
              <LongitudeDegrees>-81.59375511109829</LongitudeDegrees>
            </Position>
            <AltitudeMeters>169.0</AltitudeMeters>
            <DistanceMeters>5035.97998046875</DistanceMeters>
            <HeartRateBpm>
              <Value>65</Value>
            </HeartRateBpm>
            <Extensions>
              <ns3:TPX>
                <ns3:Speed>1.753999948501587</ns3:Speed>
              </ns3:TPX>
            </Extensions>
          </Trackpoint>
          <Trackpoint>
            <Time>2026-08-11T18:30:31.000Z</Time>
            <Position>
              <LatitudeDegrees>44.28907949477434</LatitudeDegrees>
              <LongitudeDegrees>-81.59357531927526</LongitudeDegrees>
            </Position>
            <AltitudeMeters>169.1999969482422</AltitudeMeters>
            <DistanceMeters>5050.35009765625</DistanceMeters>
            <HeartRateBpm>
              <Value>68</Value>
            </HeartRateBpm>
            <Extensions>
              <ns3:TPX>
                <ns3:Speed>1.6799999475479126</ns3:Speed>
              </ns3:TPX>
            </Extensions>
          </Trackpoint>
          <Trackpoint>
            <Time>2026-08-11T18:30:39.000Z</Time>
            <Position>
              <LatitudeDegrees>44.289084523916245</LatitudeDegrees>
              <LongitudeDegrees>-81.59339225851</LongitudeDegrees>
            </Position>
            <AltitudeMeters>169.0</AltitudeMeters>
            <DistanceMeters>5064.97998046875</DistanceMeters>
            <HeartRateBpm>
              <Value>71</Value>
            </HeartRateBpm>
            <Extensions>
              <ns3:TPX>
                <ns3:Speed>1.753999948501587</ns3:Speed>
              </ns3:TPX>
            </Extensions>
          </Trackpoint>
          <Trackpoint>
            <Time>2026-08-11T18:30:41.000Z</Time>
            <Position>
              <LatitudeDegrees>44.289086954668164</LatitudeDegrees>
              <LongitudeDegrees>-81.59335009753704</LongitudeDegrees>
            </Position>
            <AltitudeMeters>169.0</AltitudeMeters>
            <DistanceMeters>5068.35986328125</DistanceMeters>
            <HeartRateBpm>
              <Value>74</Value>
            </HeartRateBpm>
            <Extensions>
              <ns3:TPX>
                <ns3:Speed>1.7730000019073486</ns3:Speed>
              </ns3:TPX>
            </Extensions>
          </Trackpoint>
          <Trackpoint>
            <Time>2026-08-11T18:30:43.000Z</Time>
            <Position>
              <LatitudeDegrees>44.28908963687718</LatitudeDegrees>
              <LongitudeDegrees>-81.59330802038312</LongitudeDegrees>
            </Position>
            <AltitudeMeters>169.0</AltitudeMeters>
            <DistanceMeters>5071.72998046875</DistanceMeters>
            <HeartRateBpm>
              <Value>77</Value>
            </HeartRateBpm>
            <Extensions>
              <ns3:TPX>
                <ns3:Speed>1.7259999513626099</ns3:Speed>
              </ns3:TPX>
            </Extensions>
          </Trackpoint>
          <Trackpoint>
            <Time>2026-08-11T18:30:45.000Z</Time>
            <Position>
              <LatitudeDegrees>44.28909164853394</LatitudeDegrees>
              <LongitudeDegrees>-81.59326854161918</LongitudeDegrees>
            </Position>
            <AltitudeMeters>169.0</AltitudeMeters>
            <DistanceMeters>5074.89013671875</DistanceMeters>
            <HeartRateBpm>
              <Value>79</Value>
            </HeartRateBpm>
            <Extensions>
              <ns3:TPX>
                <ns3:Speed>1.7450000047683716</ns3:Speed>
              </ns3:TPX>
            </Extensions>
          </Trackpoint>
          <Trackpoint>
            <Time>2026-08-11T18:30:50.000Z</Time>
            <Position>
              <LatitudeDegrees>44.28909801878035</LatitudeDegrees>
              <LongitudeDegrees>-81.5931536257267</LongitudeDegrees>
            </Position>
            <AltitudeMeters>168.8000030517578</AltitudeMeters>
            <DistanceMeters>5084.10009765625</DistanceMeters>
            <HeartRateBpm>
              <Value>76</Value>
            </HeartRateBpm>
            <Extensions>
              <ns3:TPX>
                <ns3:Speed>1.7450000047683716</ns3:Speed>
              </ns3:TPX>
            </Extensions>
          </Trackpoint>
          <Trackpoint>
            <Time>2026-08-11T18:30:52.000Z</Time>
            <Position>
              <LatitudeDegrees>44.289103550836444</LatitudeDegrees>
              <LongitudeDegrees>-81.59310886636376</LongitudeDegrees>
            </Position>
            <AltitudeMeters>168.8000030517578</AltitudeMeters>
            <DistanceMeters>5087.7099609375</DistanceMeters>
            <HeartRateBpm>
              <Value>73</Value>
            </HeartRateBpm>
            <Extensions>
              <ns3:TPX>
                <ns3:Speed>1.753999948501587</ns3:Speed>
              </ns3:TPX>
            </Extensions>
          </Trackpoint>
          <Trackpoint>
            <Time>2026-08-11T18:30:58.000Z</Time>
            <Position>
              <LatitudeDegrees>44.2891108430922</LatitudeDegrees>
              <LongitudeDegrees>-81.59298313781619</LongitudeDegrees>
            </Position>
            <AltitudeMeters>168.8000030517578</AltitudeMeters>
            <DistanceMeters>5097.77978515625</DistanceMeters>
            <HeartRateBpm>
              <Value>77</Value>
            </HeartRateBpm>
            <Extensions>
              <ns3:TPX>
                <ns3:Speed>1.781999945640564</ns3:Speed>
              </ns3:TPX>
            </Extensions>
          </Trackpoint>
          <Trackpoint>
            <Time>2026-08-11T18:31:01.000Z</Time>
            <Position>
              <LatitudeDegrees>44.289114363491535</LatitudeDegrees>
              <LongitudeDegrees>-81.59292069263756</LongitudeDegrees>
            </Position>
            <AltitudeMeters>168.60000610351562</AltitudeMeters>
            <DistanceMeters>5102.7900390625</DistanceMeters>
            <HeartRateBpm>
              <Value>79</Value>
            </HeartRateBpm>
            <Extensions>
              <ns3:TPX>
                <ns3:Speed>1.7170000076293945</ns3:Speed>
              </ns3:TPX>
            </Extensions>
          </Trackpoint>
          <Trackpoint>
            <Time>2026-08-11T18:31:11.000Z</Time>
            <Position>
              <LatitudeDegrees>44.28911905735731</LatitudeDegrees>
              <LongitudeDegrees>-81.59270192496479</LongitudeDegrees>
            </Position>
            <AltitudeMeters>168.60000610351562</AltitudeMeters>
            <DistanceMeters>5120.259765625</DistanceMeters>
            <HeartRateBpm>
              <Value>76</Value>
            </HeartRateBpm>
            <Extensions>
              <ns3:TPX>
                <ns3:Speed>1.7259999513626099</ns3:Speed>
              </ns3:TPX>
            </Extensions>
          </Trackpoint>
          <Trackpoint>
            <Time>2026-08-11T18:31:13.000Z</Time>
            <Position>
              <LatitudeDegrees>44.28912014700472</LatitudeDegrees>
              <LongitudeDegrees>-81.5926631167531</LongitudeDegrees>
            </Position>
            <AltitudeMeters>168.39999389648438</AltitudeMeters>
            <DistanceMeters>5123.35986328125</DistanceMeters>
            <HeartRateBpm>
              <Value>76</Value>
            </HeartRateBpm>
            <Extensions>
              <ns3:TPX>
                <ns3:Speed>1.6799999475479126</ns3:Speed>
              </ns3:TPX>
            </Extensions>
          </Trackpoint>
          <Trackpoint>
            <Time>2026-08-11T18:31:15.000Z</Time>
            <Position>
              <LatitudeDegrees>44.2891214042902</LatitudeDegrees>
              <LongitudeDegrees>-81.59261651337147</LongitudeDegrees>
            </Position>
            <AltitudeMeters>168.39999389648438</AltitudeMeters>
            <DistanceMeters>5127.080078125</DistanceMeters>
            <HeartRateBpm>
              <Value>76</Value>
            </HeartRateBpm>
            <Extensions>
              <ns3:TPX>
                <ns3:Speed>1.7259999513626099</ns3:Speed>
              </ns3:TPX>
            </Extensions>
          </Trackpoint>
          <Trackpoint>
            <Time>2026-08-11T18:31:28.000Z</Time>
            <Position>
              <LatitudeDegrees>44.289102628827095</LatitudeDegrees>
              <LongitudeDegrees>-81.59231174737215</LongitudeDegrees>
            </Position>
            <AltitudeMeters>168.0</AltitudeMeters>
            <DistanceMeters>5151.4501953125</DistanceMeters>
            <HeartRateBpm>
              <Value>78</Value>
            </HeartRateBpm>
            <Extensions>
              <ns3:TPX>
                <ns3:Speed>1.819000005722046</ns3:Speed>
              </ns3:TPX>
            </Extensions>
          </Trackpoint>
          <Trackpoint>
            <Time>2026-08-11T18:31:32.000Z</Time>
            <Position>
              <LatitudeDegrees>44.289109418168664</LatitudeDegrees>
              <LongitudeDegrees>-81.59222960472107</LongitudeDegrees>
            </Position>
            <AltitudeMeters>168.0</AltitudeMeters>
            <DistanceMeters>5158.02001953125</DistanceMeters>
            <HeartRateBpm>
              <Value>75</Value>
            </HeartRateBpm>
            <Extensions>
              <ns3:TPX>
                <ns3:Speed>1.7640000581741333</ns3:Speed>
              </ns3:TPX>
            </Extensions>
          </Trackpoint>
          <Trackpoint>
            <Time>2026-08-11T18:31:38.000Z</Time>
            <Position>
              <LatitudeDegrees>44.28909324109554</LatitudeDegrees>
              <LongitudeDegrees>-81.59210069105029</LongitudeDegrees>
            </Position>
            <AltitudeMeters>168.0</AltitudeMeters>
            <DistanceMeters>5168.43017578125</DistanceMeters>
            <HeartRateBpm>
              <Value>73</Value>
            </HeartRateBpm>
            <Extensions>
              <ns3:TPX>
                <ns3:Speed>1.6610000133514404</ns3:Speed>
              </ns3:TPX>
            </Extensions>
          </Trackpoint>
          <Trackpoint>
            <Time>2026-08-11T18:31:49.000Z</Time>
            <Position>
              <LatitudeDegrees>44.2890849430114</LatitudeDegrees>
              <LongitudeDegrees>-81.59189407713711</LongitudeDegrees>
            </Position>
            <AltitudeMeters>167.60000610351562</AltitudeMeters>
            <DistanceMeters>5184.990234375</DistanceMeters>
            <HeartRateBpm>
              <Value>73</Value>
            </HeartRateBpm>
            <Extensions>
              <ns3:TPX>
                <ns3:Speed>1.5119999647140503</ns3:Speed>
              </ns3:TPX>
            </Extensions>
          </Trackpoint>
          <Trackpoint>
            <Time>2026-08-11T18:31:59.000Z</Time>
            <Position>
              <LatitudeDegrees>44.28910438902676</LatitudeDegrees>
              <LongitudeDegrees>-81.59172325395048</LongitudeDegrees>
            </Position>
            <AltitudeMeters>167.39999389648438</AltitudeMeters>
            <DistanceMeters>5198.81005859375</DistanceMeters>
            <HeartRateBpm>
              <Value>74</Value>
            </HeartRateBpm>
            <Extensions>
              <ns3:TPX>
                <ns3:Speed>1.4179999828338623</ns3:Speed>
              </ns3:TPX>
            </Extensions>
          </Trackpoint>
          <Trackpoint>
            <Time>2026-08-11T18:32:03.000Z</Time>
            <Position>
              <LatitudeDegrees>44.28909961134195</LatitudeDegrees>
              <LongitudeDegrees>-81.5916651673615</LongitudeDegrees>
            </Position>
            <AltitudeMeters>167.39999389648438</AltitudeMeters>
            <DistanceMeters>5203.47998046875</DistanceMeters>
            <HeartRateBpm>
              <Value>76</Value>
            </HeartRateBpm>
            <Extensions>
              <ns3:TPX>
                <ns3:Speed>1.1759999990463257</ns3:Speed>
              </ns3:TPX>
            </Extensions>
          </Trackpoint>
          <Trackpoint>
            <Time>2026-08-11T18:32:05.000Z</Time>
            <Position>
              <LatitudeDegrees>44.28909659385681</LatitudeDegrees>
              <LongitudeDegrees>-81.59164178185165</LongitudeDegrees>
            </Position>
            <AltitudeMeters>167.39999389648438</AltitudeMeters>
            <DistanceMeters>5205.33984375</DistanceMeters>
            <HeartRateBpm>
              <Value>77</Value>
            </HeartRateBpm>
            <Extensions>
              <ns3:TPX>
                <ns3:Speed>1.1200000047683716</ns3:Speed>
              </ns3:TPX>
            </Extensions>
          </Trackpoint>
          <Trackpoint>
            <Time>2026-08-11T18:32:07.000Z</Time>
            <Position>
              <LatitudeDegrees>44.28910044953227</LatitudeDegrees>
              <LongitudeDegrees>-81.59162485040724</LongitudeDegrees>
            </Position>
            <AltitudeMeters>167.39999389648438</AltitudeMeters>
            <DistanceMeters>5206.75</DistanceMeters>
            <HeartRateBpm>
              <Value>80</Value>
            </HeartRateBpm>
            <Extensions>
              <ns3:TPX>
                <ns3:Speed>0.7839999794960022</ns3:Speed>
              </ns3:TPX>
            </Extensions>
          </Trackpoint>
          <Trackpoint>
            <Time>2026-08-11T18:32:12.000Z</Time>
            <Position>
              <LatitudeDegrees>44.2890939116478</LatitudeDegrees>
              <LongitudeDegrees>-81.59160699695349</LongitudeDegrees>
            </Position>
            <AltitudeMeters>168.1999969482422</AltitudeMeters>
            <DistanceMeters>5208.4501953125</DistanceMeters>
            <HeartRateBpm>
              <Value>82</Value>
            </HeartRateBpm>
            <Extensions>
              <ns3:TPX>
                <ns3:Speed>0.7739999890327454</ns3:Speed>
              </ns3:TPX>
            </Extensions>
          </Trackpoint>
        </Track>
        <Extensions>
          <ns3:LX>
            <ns3:AvgSpeed>2.1480000019073486</ns3:AvgSpeed>
          </ns3:LX>
        </Extensions>
      </Lap>
      <Creator xsi:type="Device_t">
        <Name>vívoactive 4</Name>
        <UnitId>3432774097</UnitId>
        <ProductID>3225</ProductID>
        <Version>
          <VersionMajor>8</VersionMajor>
          <VersionMinor>30</VersionMinor>
          <BuildMajor>0</BuildMajor>
          <BuildMinor>0</BuildMinor>
        </Version>
      </Creator>
    </Activity>
  </Activities>
  <Author xsi:type="Application_t">
    <Name>Connect Api</Name>
    <Build>
      <Version>
        <VersionMajor>26</VersionMajor>
        <VersionMinor>15</VersionMinor>
        <BuildMajor>0</BuildMajor>
        <BuildMinor>0</BuildMinor>
      </Version>
    </Build>
    <LangID>en</LangID>
    <PartNumber>006-D2449-00</PartNumber>
  </Author>
</TrainingCenterDatabase>
