<?xml version="1.0" encoding="UTF-8"?>
<TrainingCenterDatabase
  xsi:schemaLocation="http://www.garmin.com/xmlschemas/TrainingCenterDatabase/v2 http://www.garmin.com/xmlschemas/TrainingCenterDatabasev2.xsd"
  xmlns:ns5="http://www.garmin.com/xmlschemas/ActivityGoals/v1"
  xmlns:ns3="http://www.garmin.com/xmlschemas/ActivityExtension/v2"
  xmlns:ns2="http://www.garmin.com/xmlschemas/UserProfile/v2"
  xmlns="http://www.garmin.com/xmlschemas/TrainingCenterDatabase/v2"
  xmlns:xsi="http://www.w3.org/2001/XMLSchema-instance" xmlns:ns4="http://www.garmin.com/xmlschemas/ProfileExtension/v1">
  <Activities>
    <Activity Sport="Other">
      <Id>2026-08-03T16:01:25.000Z</Id>
      <Lap StartTime="2026-08-03T16:01:25.000Z">
        <TotalTimeSeconds>4765.39</TotalTimeSeconds>
        <DistanceMeters>8397.72</DistanceMeters>
        <MaximumSpeed>3.7230000495910645</MaximumSpeed>
        <Calories>214</Calories>
        <AverageHeartRateBpm>
          <Value>69</Value>
        </AverageHeartRateBpm>
        <MaximumHeartRateBpm>
          <Value>96</Value>
        </MaximumHeartRateBpm>
        <Intensity>Active</Intensity>
        <TriggerMethod>Manual</TriggerMethod>
        <Track>
          <Trackpoint>
            <Time>2026-08-03T16:01:25.000Z</Time>
            <Position>
              <LatitudeDegrees>44.28929331712425</LatitudeDegrees>
              <LongitudeDegrees>-81.59180941991508</LongitudeDegrees>
            </Position>
            <AltitudeMeters>176.0</AltitudeMeters>
            <DistanceMeters>0.0</DistanceMeters>
            <HeartRateBpm>
              <Value>70</Value>
            </HeartRateBpm>
            <Extensions>
              <ns3:TPX>
                <ns3:Speed>0.5509999990463257</ns3:Speed>
              </ns3:TPX>
            </Extensions>
          </Trackpoint>
          <Trackpoint>
            <Time>2026-08-03T16:01:27.000Z</Time>
            <Position>
              <LatitudeDegrees>44.28909793496132</LatitudeDegrees>
              <LongitudeDegrees>-81.59170364029706</LongitudeDegrees>
            </Position>
            <AltitudeMeters>176.0</AltitudeMeters>
            <DistanceMeters>0.0</DistanceMeters>
            <HeartRateBpm>
              <Value>71</Value>
            </HeartRateBpm>
            <Extensions>
              <ns3:TPX>
                <ns3:Speed>1.1480000019073486</ns3:Speed>
              </ns3:TPX>
            </Extensions>
          </Trackpoint>
          <Trackpoint>
            <Time>2026-08-03T16:01:31.000Z</Time>
            <Position>
              <LatitudeDegrees>44.28905879147351</LatitudeDegrees>
              <LongitudeDegrees>-81.59170372411609</LongitudeDegrees>
            </Position>
            <AltitudeMeters>176.0</AltitudeMeters>
            <DistanceMeters>2.380000114440918</DistanceMeters>
            <HeartRateBpm>
              <Value>73</Value>
            </HeartRateBpm>
            <Extensions>
              <ns3:TPX>
                <ns3:Speed>0.7089999914169312</ns3:Speed>
              </ns3:TPX>
            </Extensions>
          </Trackpoint>
          <Trackpoint>
            <Time>2026-08-03T16:01:39.000Z</Time>
            <Position>
              <LatitudeDegrees>44.28909097798169</LatitudeDegrees>
              <LongitudeDegrees>-81.5917603019625</LongitudeDegrees>
            </Position>
            <AltitudeMeters>176.0</AltitudeMeters>
            <DistanceMeters>7.610000133514404</DistanceMeters>
            <HeartRateBpm>
              <Value>76</Value>
            </HeartRateBpm>
            <Extensions>
              <ns3:TPX>
                <ns3:Speed>0.7179999947547913</ns3:Speed>
              </ns3:TPX>
            </Extensions>
          </Trackpoint>
          <Trackpoint>
            <Time>2026-08-03T16:01:40.000Z</Time>
            <Position>
              <LatitudeDegrees>44.28909307345748</LatitudeDegrees>
              <LongitudeDegrees>-81.59176365472376</LongitudeDegrees>
            </Position>
            <AltitudeMeters>176.0</AltitudeMeters>
            <DistanceMeters>7.940000057220459</DistanceMeters>
            <HeartRateBpm>
              <Value>76</Value>
            </HeartRateBpm>
            <Extensions>
              <ns3:TPX>
                <ns3:Speed>0.4390000104904175</ns3:Speed>
              </ns3:TPX>
            </Extensions>
          </Trackpoint>
          <Trackpoint>
            <Time>2026-08-03T16:01:44.000Z</Time>
            <Position>
              <LatitudeDegrees>44.2890886310488</LatitudeDegrees>
              <LongitudeDegrees>-81.59177572466433</LongitudeDegrees>
            </Position>
            <AltitudeMeters>176.0</AltitudeMeters>
            <DistanceMeters>9.569999694824219</DistanceMeters>
            <HeartRateBpm>
              <Value>77</Value>
            </HeartRateBpm>
            <Extensions>
              <ns3:TPX>
                <ns3:Speed>0.7179999947547913</ns3:Speed>
              </ns3:TPX>
            </Extensions>
          </Trackpoint>
          <Trackpoint>
            <Time>2026-08-03T16:01:50.000Z</Time>
            <Position>
              <LatitudeDegrees>44.28906809538603</LatitudeDegrees>
              <LongitudeDegrees>-81.59180078655481</LongitudeDegrees>
            </Position>
            <AltitudeMeters>176.0</AltitudeMeters>
            <DistanceMeters>12.350000381469727</DistanceMeters>
            <HeartRateBpm>
              <Value>77</Value>
            </HeartRateBpm>
            <Extensions>
              <ns3:TPX>
                <ns3:Speed>1.1759999990463257</ns3:Speed>
              </ns3:TPX>
            </Extensions>
          </Trackpoint>
          <Trackpoint>
            <Time>2026-08-03T16:01:51.000Z</Time>
            <Position>
              <LatitudeDegrees>44.28906809538603</LatitudeDegrees>
              <LongitudeDegrees>-81.59181461669505</LongitudeDegrees>
            </Position>
            <AltitudeMeters>176.0</AltitudeMeters>
            <DistanceMeters>13.4399995803833</DistanceMeters>
            <HeartRateBpm>
              <Value>77</Value>
            </HeartRateBpm>
            <Extensions>
              <ns3:TPX>
                <ns3:Speed>1.1759999990463257</ns3:Speed>
              </ns3:TPX>
            </Extensions>
          </Trackpoint>
          <Trackpoint>
            <Time>2026-08-03T16:01:58.000Z</Time>
            <Position>
              <LatitudeDegrees>44.28903649561107</LatitudeDegrees>
              <LongitudeDegrees>-81.5919468831271</LongitudeDegrees>
            </Position>
            <AltitudeMeters>176.0</AltitudeMeters>
            <DistanceMeters>24.56999969482422</DistanceMeters>
            <HeartRateBpm>
              <Value>77</Value>
            </HeartRateBpm>
            <Extensions>
              <ns3:TPX>
                <ns3:Speed>1.5119999647140503</ns3:Speed>
              </ns3:TPX>
            </Extensions>
          </Trackpoint>
          <Trackpoint>
            <Time>2026-08-03T16:02:05.000Z</Time>
            <Position>
              <LatitudeDegrees>44.28903691470623</LatitudeDegrees>
              <LongitudeDegrees>-81.59209624864161</LongitudeDegrees>
            </Position>
            <AltitudeMeters>176.0</AltitudeMeters>
            <DistanceMeters>36.52000045776367</DistanceMeters>
            <HeartRateBpm>
              <Value>74</Value>
            </HeartRateBpm>
            <Extensions>
              <ns3:TPX>
                <ns3:Speed>1.6610000133514404</ns3:Speed>
              </ns3:TPX>
            </Extensions>
          </Trackpoint>
          <Trackpoint>
            <Time>2026-08-03T16:02:10.000Z</Time>
            <Position>
              <LatitudeDegrees>44.28905879147351</LatitudeDegrees>
              <LongitudeDegrees>-81.592189790681</LongitudeDegrees>
            </Position>
            <AltitudeMeters>175.8000030517578</AltitudeMeters>
            <DistanceMeters>44.459999084472656</DistanceMeters>
            <HeartRateBpm>
              <Value>77</Value>
            </HeartRateBpm>
            <Extensions>
              <ns3:TPX>
                <ns3:Speed>1.5579999685287476</ns3:Speed>
              </ns3:TPX>
            </Extensions>
          </Trackpoint>
          <Trackpoint>
            <Time>2026-08-03T16:02:11.000Z</Time>
            <Position>
              <LatitudeDegrees>44.289058707654476</LatitudeDegrees>
              <LongitudeDegrees>-81.59220445901155</LongitudeDegrees>
            </Position>
            <AltitudeMeters>175.8000030517578</AltitudeMeters>
            <DistanceMeters>45.630001068115234</DistanceMeters>
            <HeartRateBpm>
              <Value>74</Value>
            </HeartRateBpm>
            <Extensions>
              <ns3:TPX>
                <ns3:Speed>1.5399999618530273</ns3:Speed>
              </ns3:TPX>
            </Extensions>
          </Trackpoint>
          <Trackpoint>
            <Time>2026-08-03T16:02:13.000Z</Time>
            <Position>
              <LatitudeDegrees>44.289059126749635</LatitudeDegrees>
              <LongitudeDegrees>-81.59224779345095</LongitudeDegrees>
            </Position>
            <AltitudeMeters>175.60000610351562</AltitudeMeters>
            <DistanceMeters>49.08000183105469</DistanceMeters>
            <HeartRateBpm>
              <Value>76</Value>
            </HeartRateBpm>
            <Extensions>
              <ns3:TPX>
                <ns3:Speed>1.5399999618530273</ns3:Speed>
              </ns3:TPX>
            </Extensions>
          </Trackpoint>
          <Trackpoint>
            <Time>2026-08-03T16:02:18.000Z</Time>
            <Position>
              <LatitudeDegrees>44.28907203488052</LatitudeDegrees>
              <LongitudeDegrees>-81.59233052283525</LongitudeDegrees>
            </Position>
            <AltitudeMeters>175.39999389648438</AltitudeMeters>
            <DistanceMeters>55.970001220703125</DistanceMeters>
            <HeartRateBpm>
              <Value>73</Value>
            </HeartRateBpm>
            <Extensions>
              <ns3:TPX>
                <ns3:Speed>1.4459999799728394</ns3:Speed>
              </ns3:TPX>
            </Extensions>
          </Trackpoint>
          <Trackpoint>
            <Time>2026-08-03T16:02:20.000Z</Time>
            <Position>
              <LatitudeDegrees>44.289067508652806</LatitudeDegrees>
              <LongitudeDegrees>-81.59236857667565</LongitudeDegrees>
            </Position>
            <AltitudeMeters>175.39999389648438</AltitudeMeters>
            <DistanceMeters>59.040000915527344</DistanceMeters>
            <HeartRateBpm>
              <Value>76</Value>
            </HeartRateBpm>
            <Extensions>
              <ns3:TPX>
                <ns3:Speed>1.5119999647140503</ns3:Speed>
              </ns3:TPX>
            </Extensions>
          </Trackpoint>
          <Trackpoint>
            <Time>2026-08-03T16:02:21.000Z</Time>
            <Position>
              <LatitudeDegrees>44.289067927747965</LatitudeDegrees>
              <LongitudeDegrees>-81.59239045344293</LongitudeDegrees>
            </Position>
            <AltitudeMeters>175.39999389648438</AltitudeMeters>
            <DistanceMeters>60.77000045776367</DistanceMeters>
            <HeartRateBpm>
              <Value>75</Value>
            </HeartRateBpm>
            <Extensions>
              <ns3:TPX>
                <ns3:Speed>1.5210000276565552</ns3:Speed>
              </ns3:TPX>
            </Extensions>
          </Trackpoint>
          <Trackpoint>
            <Time>2026-08-03T16:02:26.000Z</Time>
            <Position>
              <LatitudeDegrees>44.289062730968</LatitudeDegrees>
              <LongitudeDegrees>-81.59251039847732</LongitudeDegrees>
            </Position>
            <AltitudeMeters>175.39999389648438</AltitudeMeters>
            <DistanceMeters>70.3499984741211</DistanceMeters>
            <HeartRateBpm>
              <Value>78</Value>
            </HeartRateBpm>
            <Extensions>
              <ns3:TPX>
                <ns3:Speed>1.6799999475479126</ns3:Speed>
              </ns3:TPX>
            </Extensions>
          </Trackpoint>
          <Trackpoint>
            <Time>2026-08-03T16:02:32.000Z</Time>
            <Position>
              <LatitudeDegrees>44.28907161578536</LatitudeDegrees>
              <LongitudeDegrees>-81.59263201989233</LongitudeDegrees>
            </Position>
            <AltitudeMeters>175.0</AltitudeMeters>
            <DistanceMeters>80.12000274658203</DistanceMeters>
            <HeartRateBpm>
              <Value>81</Value>
            </HeartRateBpm>
            <Extensions>
              <ns3:TPX>
                <ns3:Speed>1.753999948501587</ns3:Speed>
              </ns3:TPX>
            </Extensions>
          </Trackpoint>
          <Trackpoint>
            <Time>2026-08-03T16:02:33.000Z</Time>
            <Position>
              <LatitudeDegrees>44.289073292165995</LatitudeDegrees>
              <LongitudeDegrees>-81.59265339374542</LongitudeDegrees>
            </Position>
            <AltitudeMeters>175.0</AltitudeMeters>
            <DistanceMeters>81.83999633789062</DistanceMeters>
            <HeartRateBpm>
              <Value>81</Value>
            </HeartRateBpm>
            <Extensions>
              <ns3:TPX>
                <ns3:Speed>1.753999948501587</ns3:Speed>
              </ns3:TPX>
            </Extensions>
          </Trackpoint>
          <Trackpoint>
            <Time>2026-08-03T16:02:36.000Z</Time>
            <Position>
              <LatitudeDegrees>44.28907689638436</LatitudeDegrees>
              <LongitudeDegrees>-81.59272924996912</LongitudeDegrees>
            </Position>
            <AltitudeMeters>175.0</AltitudeMeters>
            <DistanceMeters>87.9000015258789</DistanceMeters>
            <HeartRateBpm>
              <Value>78</Value>
            </HeartRateBpm>
            <Extensions>
              <ns3:TPX>
                <ns3:Speed>1.7640000581741333</ns3:Speed>
              </ns3:TPX>
            </Extensions>
          </Trackpoint>
          <Trackpoint>
            <Time>2026-08-03T16:02:42.000Z</Time>
            <Position>
              <LatitudeDegrees>44.289093324914575</LatitudeDegrees>
              <LongitudeDegrees>-81.5928737539798</LongitudeDegrees>
            </Position>
            <AltitudeMeters>174.8000030517578</AltitudeMeters>
            <DistanceMeters>99.61000061035156</DistanceMeters>
            <HeartRateBpm>
              <Value>75</Value>
            </HeartRateBpm>
            <Extensions>
              <ns3:TPX>
                <ns3:Speed>1.9220000505447388</ns3:Speed>
              </ns3:TPX>
            </Extensions>
          </Trackpoint>
          <Trackpoint>
            <Time>2026-08-03T16:02:43.000Z</Time>
            <Position>
              <LatitudeDegrees>44.28909701295197</LatitudeDegrees>
              <LongitudeDegrees>-81.59288716502488</LongitudeDegrees>
            </Position>
            <AltitudeMeters>174.8000030517578</AltitudeMeters>
            <DistanceMeters>100.75</DistanceMeters>
            <HeartRateBpm>
              <Value>75</Value>
            </HeartRateBpm>
            <Extensions>
              <ns3:TPX>
                <ns3:Speed>1.9220000505447388</ns3:Speed>
              </ns3:TPX>
            </Extensions>
          </Trackpoint>
          <Trackpoint>
            <Time>2026-08-03T16:02:49.000Z</Time>
            <Position>
              <LatitudeDegrees>44.289088882505894</LatitudeDegrees>
              <LongitudeDegrees>-81.59301624633372</LongitudeDegrees>
            </Position>
            <AltitudeMeters>174.60000610351562</AltitudeMeters>
            <DistanceMeters>111.33000183105469</DistanceMeters>
            <HeartRateBpm>
              <Value>74</Value>
            </HeartRateBpm>
            <Extensions>
              <ns3:TPX>
                <ns3:Speed>1.7640000581741333</ns3:Speed>
              </ns3:TPX>
            </Extensions>
          </Trackpoint>
          <Trackpoint>
            <Time>2026-08-03T16:02:57.000Z</Time>
            <Position>
              <LatitudeDegrees>44.289090391248465</LatitudeDegrees>
              <LongitudeDegrees>-81.59323702566326</LongitudeDegrees>
            </Position>
            <AltitudeMeters>174.39999389648438</AltitudeMeters>
            <DistanceMeters>128.9600067138672</DistanceMeters>
            <HeartRateBpm>
              <Value>74</Value>
            </HeartRateBpm>
            <Extensions>
              <ns3:TPX>
                <ns3:Speed>2.2109999656677246</ns3:Speed>
              </ns3:TPX>
            </Extensions>
          </Trackpoint>
          <Trackpoint>
            <Time>2026-08-03T16:03:06.000Z</Time>
            <Position>
              <LatitudeDegrees>44.289105981588364</LatitudeDegrees>
              <LongitudeDegrees>-81.59344481304288</LongitudeDegrees>
            </Position>
            <AltitudeMeters>174.39999389648438</AltitudeMeters>
            <DistanceMeters>145.67999267578125</DistanceMeters>
            <HeartRateBpm>
              <Value>74</Value>
            </HeartRateBpm>
            <Extensions>
              <ns3:TPX>
                <ns3:Speed>2.1549999713897705</ns3:Speed>
              </ns3:TPX>
            </Extensions>
          </Trackpoint>
          <Trackpoint>
            <Time>2026-08-03T16:03:14.000Z</Time>
            <Position>
              <LatitudeDegrees>44.28909156471491</LatitudeDegrees>
              <LongitudeDegrees>-81.59365000203252</LongitudeDegrees>
            </Position>
            <AltitudeMeters>174.1999969482422</AltitudeMeters>
            <DistanceMeters>162.22999572753906</DistanceMeters>
            <HeartRateBpm>
              <Value>74</Value>
            </HeartRateBpm>
            <Extensions>
              <ns3:TPX>
                <ns3:Speed>1.8289999961853027</ns3:Speed>
              </ns3:TPX>
            </Extensions>
          </Trackpoint>
          <Trackpoint>
            <Time>2026-08-03T16:03:21.000Z</Time>
            <Position>
              <LatitudeDegrees>44.28904655389488</LatitudeDegrees>
              <LongitudeDegrees>-81.59385971724987</LongitudeDegrees>
            </Position>
            <AltitudeMeters>174.0</AltitudeMeters>
            <DistanceMeters>179.67999267578125</DistanceMeters>
            <HeartRateBpm>
              <Value>77</Value>
            </HeartRateBpm>
            <Extensions>
              <ns3:TPX>
                <ns3:Speed>2.444999933242798</ns3:Speed>
              </ns3:TPX>
            </Extensions>
          </Trackpoint>
          <Trackpoint>
            <Time>2026-08-03T16:03:23.000Z</Time>
            <Position>
              <LatitudeDegrees>44.289035238325596</LatitudeDegrees>
              <LongitudeDegrees>-81.5939187258482</LongitudeDegrees>
            </Position>
            <AltitudeMeters>174.1999969482422</AltitudeMeters>
            <DistanceMeters>184.5399932861328</DistanceMeters>
            <HeartRateBpm>
              <Value>78</Value>
            </HeartRateBpm>
            <Extensions>
              <ns3:TPX>
                <ns3:Speed>2.444999933242798</ns3:Speed>
              </ns3:TPX>
            </Extensions>
          </Trackpoint>
          <Trackpoint>
            <Time>2026-08-03T16:03:27.000Z</Time>
            <Position>
              <LatitudeDegrees>44.288993244990706</LatitudeDegrees>
              <LongitudeDegrees>-81.59401687793434</LongitudeDegrees>
            </Position>
            <AltitudeMeters>173.8000030517578</AltitudeMeters>
            <DistanceMeters>193.6699981689453</DistanceMeters>
            <HeartRateBpm>
              <Value>78</Value>
            </HeartRateBpm>
            <Extensions>
              <ns3:TPX>
                <ns3:Speed>2.500999927520752</ns3:Speed>
              </ns3:TPX>
            </Extensions>
          </Trackpoint>
          <Trackpoint>
            <Time>2026-08-03T16:03:29.000Z</Time>
            <Position>
              <LatitudeDegrees>44.28896457888186</LatitudeDegrees>
              <LongitudeDegrees>-81.59406876191497</LongitudeDegrees>
            </Position>
            <AltitudeMeters>173.8000030517578</AltitudeMeters>
            <DistanceMeters>198.8800048828125</DistanceMeters>
            <HeartRateBpm>
              <Value>79</Value>
            </HeartRateBpm>
            <Extensions>
              <ns3:TPX>
                <ns3:Speed>2.575000047683716</ns3:Speed>
              </ns3:TPX>
            </Extensions>
          </Trackpoint>
          <Trackpoint>
            <Time>2026-08-03T16:03:32.000Z</Time>
            <Position>
              <LatitudeDegrees>44.28892660886049</LatitudeDegrees>
              <LongitudeDegrees>-81.59413984045386</LongitudeDegrees>
            </Position>
            <AltitudeMeters>173.8000030517578</AltitudeMeters>
            <DistanceMeters>205.9499969482422</DistanceMeters>
            <HeartRateBpm>
              <Value>82</Value>
            </HeartRateBpm>
            <Extensions>
              <ns3:TPX>
                <ns3:Speed>2.4170000553131104</ns3:Speed>
              </ns3:TPX>
            </Extensions>
          </Trackpoint>
          <Trackpoint>
            <Time>2026-08-03T16:03:35.000Z</Time>
            <Position>
              <LatitudeDegrees>44.28889458999038</LatitudeDegrees>
              <LongitudeDegrees>-81.59421955235302</LongitudeDegrees>
            </Position>
            <AltitudeMeters>173.8000030517578</AltitudeMeters>
            <DistanceMeters>213.24000549316406</DistanceMeters>
            <HeartRateBpm>
              <Value>85</Value>
            </HeartRateBpm>
            <Extensions>
              <ns3:TPX>
                <ns3:Speed>2.4539999961853027</ns3:Speed>
              </ns3:TPX>
            </Extensions>
          </Trackpoint>
          <Trackpoint>
            <Time>2026-08-03T16:03:38.000Z</Time>
            <Position>
              <LatitudeDegrees>44.28887715563178</LatitudeDegrees>
              <LongitudeDegrees>-81.59430471248925</LongitudeDegrees>
            </Position>
            <AltitudeMeters>173.8000030517578</AltitudeMeters>
            <DistanceMeters>220.30999755859375</DistanceMeters>
            <HeartRateBpm>
              <Value>85</Value>
            </HeartRateBpm>
            <Extensions>
              <ns3:TPX>
                <ns3:Speed>2.4539999961853027</ns3:Speed>
              </ns3:TPX>
            </Extensions>
          </Trackpoint>
          <Trackpoint>
            <Time>2026-08-03T16:03:47.000Z</Time>
            <Position>
              <LatitudeDegrees>44.28886148147285</LatitudeDegrees>
              <LongitudeDegrees>-81.5945556666702</LongitudeDegrees>
            </Position>
            <AltitudeMeters>174.0</AltitudeMeters>
            <DistanceMeters>240.4499969482422</DistanceMeters>
            <HeartRateBpm>
              <Value>84</Value>
            </HeartRateBpm>
            <Extensions>
              <ns3:TPX>
                <ns3:Speed>2.2950000762939453</ns3:Speed>
              </ns3:TPX>
            </Extensions>
          </Trackpoint>
          <Trackpoint>
            <Time>2026-08-03T16:03:55.000Z</Time>
            <Position>
              <LatitudeDegrees>44.28885846398771</LatitudeDegrees>
              <LongitudeDegrees>-81.59472959116101</LongitudeDegrees>
            </Position>
            <AltitudeMeters>174.0</AltitudeMeters>
            <DistanceMeters>254.47000122070312</DistanceMeters>
            <HeartRateBpm>
              <Value>84</Value>
            </HeartRateBpm>
            <Extensions>
              <ns3:TPX>
                <ns3:Speed>1.902999997138977</ns3:Speed>
              </ns3:TPX>
            </Extensions>
          </Trackpoint>
          <Trackpoint>
            <Time>2026-08-03T16:04:06.000Z</Time>
            <Position>
              <LatitudeDegrees>44.28879115730524</LatitudeDegrees>
              <LongitudeDegrees>-81.59502639435232</LongitudeDegrees>
            </Position>
            <AltitudeMeters>173.8000030517578</AltitudeMeters>
            <DistanceMeters>279.3699951171875</DistanceMeters>
            <HeartRateBpm>
              <Value>83</Value>
            </HeartRateBpm>
            <Extensions>
              <ns3:TPX>
                <ns3:Speed>2.378999948501587</ns3:Speed>
              </ns3:TPX>
            </Extensions>
          </Trackpoint>
          <Trackpoint>
            <Time>2026-08-03T16:04:16.000Z</Time>
            <Position>
              <LatitudeDegrees>44.288736088201404</LatitudeDegrees>
              <LongitudeDegrees>-81.59531774930656</LongitudeDegrees>
            </Position>
            <AltitudeMeters>173.8000030517578</AltitudeMeters>
            <DistanceMeters>303.8399963378906</DistanceMeters>
            <HeartRateBpm>
              <Value>83</Value>
            </HeartRateBpm>
            <Extensions>
              <ns3:TPX>
                <ns3:Speed>2.313999891281128</ns3:Speed>
              </ns3:TPX>
            </Extensions>
          </Trackpoint>
          <Trackpoint>
            <Time>2026-08-03T16:04:18.000Z</Time>
            <Position>
              <LatitudeDegrees>44.28874363191426</LatitudeDegrees>
              <LongitudeDegrees>-81.59537248313427</LongitudeDegrees>
            </Position>
            <AltitudeMeters>173.8000030517578</AltitudeMeters>
            <DistanceMeters>308.2900085449219</DistanceMeters>
            <HeartRateBpm>
              <Value>80</Value>
            </HeartRateBpm>
            <Extensions>
              <ns3:TPX>
                <ns3:Speed>2.313999891281128</ns3:Speed>
              </ns3:TPX>
            </Extensions>
          </Trackpoint>
          <Trackpoint>
            <Time>2026-08-03T16:04:24.000Z</Time>
            <Position>
              <LatitudeDegrees>44.28875486366451</LatitudeDegrees>
              <LongitudeDegrees>-81.59552092663944</LongitudeDegrees>
            </Position>
            <AltitudeMeters>173.8000030517578</AltitudeMeters>
            <DistanceMeters>320.2699890136719</DistanceMeters>
            <HeartRateBpm>
              <Value>80</Value>
            </HeartRateBpm>
            <Extensions>
              <ns3:TPX>
                <ns3:Speed>2.071000099182129</ns3:Speed>
              </ns3:TPX>
            </Extensions>
          </Trackpoint>
          <Trackpoint>
            <Time>2026-08-03T16:04:27.000Z</Time>
            <Position>
              <LatitudeDegrees>44.28876718506217</LatitudeDegrees>
              <LongitudeDegrees>-81.59560156054795</LongitudeDegrees>
            </Position>
            <AltitudeMeters>173.60000610351562</AltitudeMeters>
            <DistanceMeters>326.82000732421875</DistanceMeters>
            <HeartRateBpm>
              <Value>83</Value>
            </HeartRateBpm>
            <Extensions>
              <ns3:TPX>
                <ns3:Speed>2.00600004196167</ns3:Speed>
              </ns3:TPX>
            </Extensions>
          </Trackpoint>
          <Trackpoint>
            <Time>2026-08-03T16:04:33.000Z</Time>
            <Position>
              <LatitudeDegrees>44.288780093193054</LatitudeDegrees>
              <LongitudeDegrees>-81.5957613196224</LongitudeDegrees>
            </Position>
            <AltitudeMeters>173.60000610351562</AltitudeMeters>
            <DistanceMeters>339.6700134277344</DistanceMeters>
            <HeartRateBpm>
              <Value>84</Value>
            </HeartRateBpm>
            <Extensions>
              <ns3:TPX>
                <ns3:Speed>2.0250000953674316</ns3:Speed>
              </ns3:TPX>
            </Extensions>
          </Trackpoint>
          <Trackpoint>
            <Time>2026-08-03T16:04:44.000Z</Time>
            <Position>
              <LatitudeDegrees>44.28879308514297</LatitudeDegrees>
              <LongitudeDegrees>-81.59599500708282</LongitudeDegrees>
            </Position>
            <AltitudeMeters>173.1999969482422</AltitudeMeters>
            <DistanceMeters>358.4700012207031</DistanceMeters>
            <HeartRateBpm>
              <Value>82</Value>
            </HeartRateBpm>
            <Extensions>
              <ns3:TPX>
                <ns3:Speed>1.4459999799728394</ns3:Speed>
              </ns3:TPX>
            </Extensions>
          </Trackpoint>
          <Trackpoint>
            <Time>2026-08-03T16:04:49.000Z</Time>
            <Position>
              <LatitudeDegrees>44.28878034465015</LatitudeDegrees>
              <LongitudeDegrees>-81.59612643532455</LongitudeDegrees>
            </Position>
            <AltitudeMeters>173.0</AltitudeMeters>
            <DistanceMeters>369.1300048828125</DistanceMeters>
            <HeartRateBpm>
              <Value>79</Value>
            </HeartRateBpm>
            <Extensions>
              <ns3:TPX>
                <ns3:Speed>1.819000005722046</ns3:Speed>
              </ns3:TPX>
            </Extensions>
          </Trackpoint>
          <Trackpoint>
            <Time>2026-08-03T16:04:51.000Z</Time>
            <Position>
              <LatitudeDegrees>44.28877162747085</LatitudeDegrees>
              <LongitudeDegrees>-81.59617831930518</LongitudeDegrees>
            </Position>
            <AltitudeMeters>173.0</AltitudeMeters>
            <DistanceMeters>373.3800048828125</DistanceMeters>
            <HeartRateBpm>
              <Value>75</Value>
            </HeartRateBpm>
            <Extensions>
              <ns3:TPX>
                <ns3:Speed>1.9129999876022339</ns3:Speed>
              </ns3:TPX>
            </Extensions>
          </Trackpoint>
          <Trackpoint>
            <Time>2026-08-03T16:04:52.000Z</Time>
            <Position>
              <LatitudeDegrees>44.28877053782344</LatitudeDegrees>
              <LongitudeDegrees>-81.59620212391019</LongitudeDegrees>
            </Position>
            <AltitudeMeters>172.8000030517578</AltitudeMeters>
            <DistanceMeters>375.2799987792969</DistanceMeters>
            <HeartRateBpm>
              <Value>73</Value>
            </HeartRateBpm>
            <Extensions>
              <ns3:TPX>
                <ns3:Speed>1.9129999876022339</ns3:Speed>
              </ns3:TPX>
            </Extensions>
          </Trackpoint>
          <Trackpoint>
            <Time>2026-08-03T16:04:54.000Z</Time>
            <Position>
              <LatitudeDegrees>44.28876467049122</LatitudeDegrees>
              <LongitudeDegrees>-81.59625677391887</LongitudeDegrees>
            </Position>
            <AltitudeMeters>172.8000030517578</AltitudeMeters>
            <DistanceMeters>379.69000244140625</DistanceMeters>
            <HeartRateBpm>
              <Value>73</Value>
            </HeartRateBpm>
            <Extensions>
              <ns3:TPX>
                <ns3:Speed>2.052999973297119</ns3:Speed>
              </ns3:TPX>
            </Extensions>
          </Trackpoint>
          <Trackpoint>
            <Time>2026-08-03T16:05:01.000Z</Time>
            <Position>
              <LatitudeDegrees>44.28874908015132</LatitudeDegrees>
              <LongitudeDegrees>-81.59647034481168</LongitudeDegrees>
            </Position>
            <AltitudeMeters>172.8000030517578</AltitudeMeters>
            <DistanceMeters>396.8500061035156</DistanceMeters>
            <HeartRateBpm>
              <Value>68</Value>
            </HeartRateBpm>
            <Extensions>
              <ns3:TPX>
                <ns3:Speed>2.2300000190734863</ns3:Speed>
              </ns3:TPX>
            </Extensions>
          </Trackpoint>
          <Trackpoint>
            <Time>2026-08-03T16:05:02.000Z</Time>
            <Position>
              <LatitudeDegrees>44.28874614648521</LatitudeDegrees>
              <LongitudeDegrees>-81.59649875946343</LongitudeDegrees>
            </Position>
            <AltitudeMeters>172.8000030517578</AltitudeMeters>
            <DistanceMeters>399.1400146484375</DistanceMeters>
            <HeartRateBpm>
              <Value>69</Value>
            </HeartRateBpm>
            <Extensions>
              <ns3:TPX>
                <ns3:Speed>2.2300000190734863</ns3:Speed>
              </ns3:TPX>
            </Extensions>
          </Trackpoint>
          <Trackpoint>
            <Time>2026-08-03T16:05:05.000Z</Time>
            <Position>
              <LatitudeDegrees>44.288734747096896</LatitudeDegrees>
              <LongitudeDegrees>-81.59657905809581</LongitudeDegrees>
            </Position>
            <AltitudeMeters>172.39999389648438</AltitudeMeters>
            <DistanceMeters>405.69000244140625</DistanceMeters>
            <HeartRateBpm>
              <Value>66</Value>
            </HeartRateBpm>
            <Extensions>
              <ns3:TPX>
                <ns3:Speed>2.2019999027252197</ns3:Speed>
              </ns3:TPX>
            </Extensions>
          </Trackpoint>
          <Trackpoint>
            <Time>2026-08-03T16:05:07.000Z</Time>
            <Position>
              <LatitudeDegrees>44.288721000775695</LatitudeDegrees>
              <LongitudeDegrees>-81.59663588739932</LongitudeDegrees>
            </Position>
            <AltitudeMeters>172.39999389648438</AltitudeMeters>
            <DistanceMeters>410.4800109863281</DistanceMeters>
            <HeartRateBpm>
              <Value>71</Value>
            </HeartRateBpm>
            <Extensions>
              <ns3:TPX>
                <ns3:Speed>2.193000078201294</ns3:Speed>
              </ns3:TPX>
            </Extensions>
          </Trackpoint>
          <Trackpoint>
            <Time>2026-08-03T16:05:08.000Z</Time>
            <Position>
              <LatitudeDegrees>44.2887173127383</LatitudeDegrees>
              <LongitudeDegrees>-81.59666270948946</LongitudeDegrees>
            </Position>
            <AltitudeMeters>172.1999969482422</AltitudeMeters>
            <DistanceMeters>412.6700134277344</DistanceMeters>
            <HeartRateBpm>
              <Value>74</Value>
            </HeartRateBpm>
            <Extensions>
              <ns3:TPX>
                <ns3:Speed>2.193000078201294</ns3:Speed>
              </ns3:TPX>
            </Extensions>
          </Trackpoint>
          <Trackpoint>
            <Time>2026-08-03T16:05:10.000Z</Time>
            <Position>
              <LatitudeDegrees>44.28870599716902</LatitudeDegrees>
              <LongitudeDegrees>-81.59672087989748</LongitudeDegrees>
            </Position>
            <AltitudeMeters>172.39999389648438</AltitudeMeters>
            <DistanceMeters>417.4700012207031</DistanceMeters>
            <HeartRateBpm>
              <Value>71</Value>
            </HeartRateBpm>
            <Extensions>
              <ns3:TPX>
                <ns3:Speed>2.2019999027252197</ns3:Speed>
              </ns3:TPX>
            </Extensions>
          </Trackpoint>
          <Trackpoint>
            <Time>2026-08-03T16:05:11.000Z</Time>
            <Position>
              <LatitudeDegrees>44.28870071657002</LatitudeDegrees>
              <LongitudeDegrees>-81.59675809554756</LongitudeDegrees>
            </Position>
            <AltitudeMeters>172.39999389648438</AltitudeMeters>
            <DistanceMeters>420.5</DistanceMeters>
            <HeartRateBpm>
              <Value>70</Value>
            </HeartRateBpm>
            <Extensions>
              <ns3:TPX>
                <ns3:Speed>2.2019999027252197</ns3:Speed>
              </ns3:TPX>
            </Extensions>
          </Trackpoint>
          <Trackpoint>
            <Time>2026-08-03T16:05:18.000Z</Time>
            <Position>
              <LatitudeDegrees>44.288668697699904</LatitudeDegrees>
              <LongitudeDegrees>-81.59697133116424</LongitudeDegrees>
            </Position>
            <AltitudeMeters>172.60000610351562</AltitudeMeters>
            <DistanceMeters>437.9200134277344</DistanceMeters>
            <HeartRateBpm>
              <Value>74</Value>
            </HeartRateBpm>
            <Extensions>
              <ns3:TPX>
                <ns3:Speed>2.4730000495910645</ns3:Speed>
              </ns3:TPX>
            </Extensions>
          </Trackpoint>
          <Trackpoint>
            <Time>2026-08-03T16:05:19.000Z</Time>
            <Position>
              <LatitudeDegrees>44.28866601549089</LatitudeDegrees>
              <LongitudeDegrees>-81.59700217656791</LongitudeDegrees>
            </Position>
            <AltitudeMeters>172.60000610351562</AltitudeMeters>
            <DistanceMeters>440.3999938964844</DistanceMeters>
            <HeartRateBpm>
              <Value>71</Value>
            </HeartRateBpm>
            <Extensions>
              <ns3:TPX>
                <ns3:Speed>2.4730000495910645</ns3:Speed>
              </ns3:TPX>
            </Extensions>
          </Trackpoint>
          <Trackpoint>
            <Time>2026-08-03T16:05:20.000Z</Time>
            <Position>
              <LatitudeDegrees>44.288664842024446</LatitudeDegrees>
              <LongitudeDegrees>-81.59703302197158</LongitudeDegrees>
            </Position>
            <AltitudeMeters>172.60000610351562</AltitudeMeters>
            <DistanceMeters>442.8500061035156</DistanceMeters>
            <HeartRateBpm>
              <Value>74</Value>
            </HeartRateBpm>
            <Extensions>
              <ns3:TPX>
                <ns3:Speed>2.4730000495910645</ns3:Speed>
              </ns3:TPX>
            </Extensions>
          </Trackpoint>
          <Trackpoint>
            <Time>2026-08-03T16:05:27.000Z</Time>
            <Position>
              <LatitudeDegrees>44.28860449232161</LatitudeDegrees>
              <LongitudeDegrees>-81.59724751487374</LongitudeDegrees>
            </Position>
            <AltitudeMeters>172.60000610351562</AltitudeMeters>
            <DistanceMeters>461.3299865722656</DistanceMeters>
            <HeartRateBpm>
              <Value>75</Value>
            </HeartRateBpm>
            <Extensions>
              <ns3:TPX>
                <ns3:Speed>2.434999942779541</ns3:Speed>
              </ns3:TPX>
            </Extensions>
          </Trackpoint>
          <Trackpoint>
            <Time>2026-08-03T16:05:35.000Z</Time>
            <Position>
              <LatitudeDegrees>44.288524109870195</LatitudeDegrees>
              <LongitudeDegrees>-81.59754582680762</LongitudeDegrees>
            </Position>
            <AltitudeMeters>172.60000610351562</AltitudeMeters>
            <DistanceMeters>486.739990234375</DistanceMeters>
            <HeartRateBpm>
              <Value>74</Value>
            </HeartRateBpm>
            <Extensions>
              <ns3:TPX>
                <ns3:Speed>3.0880000591278076</ns3:Speed>
              </ns3:TPX>
            </Extensions>
          </Trackpoint>
          <Trackpoint>
            <Time>2026-08-03T16:05:37.000Z</Time>
            <Position>
              <LatitudeDegrees>44.28849712014198</LatitudeDegrees>
              <LongitudeDegrees>-81.59761757589877</LongitudeDegrees>
            </Position>
            <AltitudeMeters>172.60000610351562</AltitudeMeters>
            <DistanceMeters>493.2099914550781</DistanceMeters>
            <HeartRateBpm>
              <Value>77</Value>
            </HeartRateBpm>
            <Extensions>
              <ns3:TPX>
                <ns3:Speed>3.0880000591278076</ns3:Speed>
              </ns3:TPX>
            </Extensions>
          </Trackpoint>
          <Trackpoint>
            <Time>2026-08-03T16:05:44.000Z</Time>
            <Position>
              <LatitudeDegrees>44.288416570052505</LatitudeDegrees>
              <LongitudeDegrees>-81.59783919341862</LongitudeDegrees>
            </Position>
            <AltitudeMeters>172.60000610351562</AltitudeMeters>
            <DistanceMeters>513.0499877929688</DistanceMeters>
            <HeartRateBpm>
              <Value>78</Value>
            </HeartRateBpm>
            <Extensions>
              <ns3:TPX>
                <ns3:Speed>2.8929998874664307</ns3:Speed>
              </ns3:TPX>
            </Extensions>
          </Trackpoint>
          <Trackpoint>
            <Time>2026-08-03T16:05:51.000Z</Time>
            <Position>
              <LatitudeDegrees>44.28834146820009</LatitudeDegrees>
              <LongitudeDegrees>-81.59804798662663</LongitudeDegrees>
            </Position>
            <AltitudeMeters>172.60000610351562</AltitudeMeters>
            <DistanceMeters>531.6900024414062</DistanceMeters>
            <HeartRateBpm>
              <Value>75</Value>
            </HeartRateBpm>
            <Extensions>
              <ns3:TPX>
                <ns3:Speed>2.743000030517578</ns3:Speed>
              </ns3:TPX>
            </Extensions>
          </Trackpoint>
          <Trackpoint>
            <Time>2026-08-03T16:05:54.000Z</Time>
            <Position>
              <LatitudeDegrees>44.28831774741411</LatitudeDegrees>
              <LongitudeDegrees>-81.59813272766769</LongitudeDegrees>
            </Position>
            <AltitudeMeters>172.8000030517578</AltitudeMeters>
            <DistanceMeters>538.9400024414062</DistanceMeters>
            <HeartRateBpm>
              <Value>73</Value>
            </HeartRateBpm>
            <Extensions>
              <ns3:TPX>
                <ns3:Speed>2.61299991607666</ns3:Speed>
              </ns3:TPX>
            </Extensions>
          </Trackpoint>
          <Trackpoint>
            <Time>2026-08-03T16:06:01.000Z</Time>
            <Position>
              <LatitudeDegrees>44.28826007992029</LatitudeDegrees>
              <LongitudeDegrees>-81.59833339042962</LongitudeDegrees>
            </Position>
            <AltitudeMeters>172.60000610351562</AltitudeMeters>
            <DistanceMeters>556.25</DistanceMeters>
            <HeartRateBpm>
              <Value>70</Value>
            </HeartRateBpm>
            <Extensions>
              <ns3:TPX>
                <ns3:Speed>2.4630000591278076</ns3:Speed>
              </ns3:TPX>
            </Extensions>
          </Trackpoint>
          <Trackpoint>
            <Time>2026-08-03T16:06:04.000Z</Time>
            <Position>
              <LatitudeDegrees>44.28822345100343</LatitudeDegrees>
              <LongitudeDegrees>-81.5984118450433</LongitudeDegrees>
            </Position>
            <AltitudeMeters>172.60000610351562</AltitudeMeters>
            <DistanceMeters>563.719970703125</DistanceMeters>
            <HeartRateBpm>
              <Value>70</Value>
            </HeartRateBpm>
            <Extensions>
              <ns3:TPX>
                <ns3:Speed>2.5190000534057617</ns3:Speed>
              </ns3:TPX>
            </Extensions>
          </Trackpoint>
          <Trackpoint>
            <Time>2026-08-03T16:06:10.000Z</Time>
            <Position>
              <LatitudeDegrees>44.28815061226487</LatitudeDegrees>
              <LongitudeDegrees>-81.59855676814914</LongitudeDegrees>
            </Position>
            <AltitudeMeters>172.60000610351562</AltitudeMeters>
            <DistanceMeters>577.7899780273438</DistanceMeters>
            <HeartRateBpm>
              <Value>68</Value>
            </HeartRateBpm>
            <Extensions>
              <ns3:TPX>
                <ns3:Speed>2.305000066757202</ns3:Speed>
              </ns3:TPX>
            </Extensions>
          </Trackpoint>
          <Trackpoint>
            <Time>2026-08-03T16:06:13.000Z</Time>
            <Position>
              <LatitudeDegrees>44.28812722675502</LatitudeDegrees>
              <LongitudeDegrees>-81.59863010980189</LongitudeDegrees>
            </Position>
            <AltitudeMeters>172.8000030517578</AltitudeMeters>
            <DistanceMeters>584.1799926757812</DistanceMeters>
            <HeartRateBpm>
              <Value>65</Value>
            </HeartRateBpm>
            <Extensions>
              <ns3:TPX>
                <ns3:Speed>2.2950000762939453</ns3:Speed>
              </ns3:TPX>
            </Extensions>
          </Trackpoint>
          <Trackpoint>
            <Time>2026-08-03T16:06:18.000Z</Time>
            <Position>
              <LatitudeDegrees>44.28810660727322</LatitudeDegrees>
              <LongitudeDegrees>-81.59874184057117</LongitudeDegrees>
            </Position>
            <AltitudeMeters>172.8000030517578</AltitudeMeters>
            <DistanceMeters>593.4000244140625</DistanceMeters>
            <HeartRateBpm>
              <Value>67</Value>
            </HeartRateBpm>
            <Extensions>
              <ns3:TPX>
                <ns3:Speed>2.1740000247955322</ns3:Speed>
              </ns3:TPX>
            </Extensions>
          </Trackpoint>
          <Trackpoint>
            <Time>2026-08-03T16:06:26.000Z</Time>
            <Position>
              <LatitudeDegrees>44.28809981793165</LatitudeDegrees>
              <LongitudeDegrees>-81.5989179443568</LongitudeDegrees>
            </Position>
            <AltitudeMeters>172.8000030517578</AltitudeMeters>
            <DistanceMeters>607.5499877929688</DistanceMeters>
            <HeartRateBpm>
              <Value>64</Value>
            </HeartRateBpm>
            <Extensions>
              <ns3:TPX>
                <ns3:Speed>1.7170000076293945</ns3:Speed>
              </ns3:TPX>
            </Extensions>
          </Trackpoint>
          <Trackpoint>
            <Time>2026-08-03T16:06:35.000Z</Time>
            <Position>
              <LatitudeDegrees>44.28809956647456</LatitudeDegrees>
              <LongitudeDegrees>-81.59906865097582</LongitudeDegrees>
            </Position>
            <AltitudeMeters>172.60000610351562</AltitudeMeters>
            <DistanceMeters>619.6099853515625</DistanceMeters>
            <HeartRateBpm>
              <Value>61</Value>
            </HeartRateBpm>
            <Extensions>
              <ns3:TPX>
                <ns3:Speed>1.3530000448226929</ns3:Speed>
              </ns3:TPX>
            </Extensions>
          </Trackpoint>
          <Trackpoint>
            <Time>2026-08-03T16:06:36.000Z</Time>
            <Position>
              <LatitudeDegrees>44.288097973912954</LatitudeDegrees>
              <LongitudeDegrees>-81.59908591769636</LongitudeDegrees>
            </Position>
            <AltitudeMeters>172.60000610351562</AltitudeMeters>
            <DistanceMeters>621.0</DistanceMeters>
            <HeartRateBpm>
              <Value>61</Value>
            </HeartRateBpm>
            <Extensions>
              <ns3:TPX>
                <ns3:Speed>1.3530000448226929</ns3:Speed>
              </ns3:TPX>
            </Extensions>
          </Trackpoint>
          <Trackpoint>
            <Time>2026-08-03T16:06:46.000Z</Time>
            <Position>
              <LatitudeDegrees>44.28799948655069</LatitudeDegrees>
              <LongitudeDegrees>-81.59930066205561</LongitudeDegrees>
            </Position>
            <AltitudeMeters>172.39999389648438</AltitudeMeters>
            <DistanceMeters>641.7000122070312</DistanceMeters>
            <HeartRateBpm>
              <Value>58</Value>
            </HeartRateBpm>
            <Extensions>
              <ns3:TPX>
                <ns3:Speed>2.1089999675750732</ns3:Speed>
              </ns3:TPX>
            </Extensions>
          </Trackpoint>
          <Trackpoint>
            <Time>2026-08-03T16:06:50.000Z</Time>
            <Position>
              <LatitudeDegrees>44.28794492036104</LatitudeDegrees>
              <LongitudeDegrees>-81.59940065816045</LongitudeDegrees>
            </Position>
            <AltitudeMeters>172.39999389648438</AltitudeMeters>
            <DistanceMeters>651.760009765625</DistanceMeters>
            <HeartRateBpm>
              <Value>54</Value>
            </HeartRateBpm>
            <Extensions>
              <ns3:TPX>
                <ns3:Speed>2.444999933242798</ns3:Speed>
              </ns3:TPX>
            </Extensions>
          </Trackpoint>
          <Trackpoint>
            <Time>2026-08-03T16:06:53.000Z</Time>
            <Position>
              <LatitudeDegrees>44.287896221503615</LatitudeDegrees>
              <LongitudeDegrees>-81.59947869367898</LongitudeDegrees>
            </Position>
            <AltitudeMeters>172.39999389648438</AltitudeMeters>
            <DistanceMeters>660.030029296875</DistanceMeters>
            <HeartRateBpm>
              <Value>51</Value>
            </HeartRateBpm>
            <Extensions>
              <ns3:TPX>
                <ns3:Speed>2.5850000381469727</ns3:Speed>
              </ns3:TPX>
            </Extensions>
          </Trackpoint>
          <Trackpoint>
            <Time>2026-08-03T16:06:56.000Z</Time>
            <Position>
              <LatitudeDegrees>44.28783721290529</LatitudeDegrees>
              <LongitudeDegrees>-81.59955077804625</LongitudeDegrees>
            </Position>
            <AltitudeMeters>172.1999969482422</AltitudeMeters>
            <DistanceMeters>668.739990234375</DistanceMeters>
            <HeartRateBpm>
              <Value>50</Value>
            </HeartRateBpm>
            <Extensions>
              <ns3:TPX>
                <ns3:Speed>2.6689999103546143</ns3:Speed>
              </ns3:TPX>
            </Extensions>
          </Trackpoint>
          <Trackpoint>
            <Time>2026-08-03T16:07:05.000Z</Time>
            <Position>
              <LatitudeDegrees>44.28770327009261</LatitudeDegrees>
              <LongitudeDegrees>-81.59978337585926</LongitudeDegrees>
            </Position>
            <AltitudeMeters>172.39999389648438</AltitudeMeters>
            <DistanceMeters>692.5900268554688</DistanceMeters>
            <HeartRateBpm>
              <Value>53</Value>
            </HeartRateBpm>
            <Extensions>
              <ns3:TPX>
                <ns3:Speed>2.687000036239624</ns3:Speed>
              </ns3:TPX>
            </Extensions>
          </Trackpoint>
          <Trackpoint>
            <Time>2026-08-03T16:07:06.000Z</Time>
            <Position>
              <LatitudeDegrees>44.28769304417074</LatitudeDegrees>
              <LongitudeDegrees>-81.59981145523489</LongitudeDegrees>
            </Position>
            <AltitudeMeters>172.1999969482422</AltitudeMeters>
            <DistanceMeters>695.0999755859375</DistanceMeters>
            <HeartRateBpm>
              <Value>53</Value>
            </HeartRateBpm>
            <Extensions>
              <ns3:TPX>
                <ns3:Speed>2.687000036239624</ns3:Speed>
              </ns3:TPX>
            </Extensions>
          </Trackpoint>
          <Trackpoint>
            <Time>2026-08-03T16:07:14.000Z</Time>
            <Position>
              <LatitudeDegrees>44.287587348371744</LatitudeDegrees>
              <LongitudeDegrees>-81.60003743134439</LongitudeDegrees>
            </Position>
            <AltitudeMeters>172.0</AltitudeMeters>
            <DistanceMeters>716.6199951171875</DistanceMeters>
            <HeartRateBpm>
              <Value>56</Value>
            </HeartRateBpm>
            <Extensions>
              <ns3:TPX>
                <ns3:Speed>2.6410000324249268</ns3:Speed>
              </ns3:TPX>
            </Extensions>
          </Trackpoint>
          <Trackpoint>
            <Time>2026-08-03T16:07:15.000Z</Time>
            <Position>
              <LatitudeDegrees>44.287572260946035</LatitudeDegrees>
              <LongitudeDegrees>-81.60006517544389</LongitudeDegrees>
            </Position>
            <AltitudeMeters>172.0</AltitudeMeters>
            <DistanceMeters>719.4000244140625</DistanceMeters>
            <HeartRateBpm>
              <Value>56</Value>
            </HeartRateBpm>
            <Extensions>
              <ns3:TPX>
                <ns3:Speed>2.6689999103546143</ns3:Speed>
              </ns3:TPX>
            </Extensions>
          </Trackpoint>
          <Trackpoint>
            <Time>2026-08-03T16:07:23.000Z</Time>
            <Position>
              <LatitudeDegrees>44.28747419267893</LatitudeDegrees>
              <LongitudeDegrees>-81.60026676021516</LongitudeDegrees>
            </Position>
            <AltitudeMeters>172.0</AltitudeMeters>
            <DistanceMeters>738.8900146484375</DistanceMeters>
            <HeartRateBpm>
              <Value>57</Value>
            </HeartRateBpm>
            <Extensions>
              <ns3:TPX>
                <ns3:Speed>2.4730000495910645</ns3:Speed>
              </ns3:TPX>
            </Extensions>
          </Trackpoint>
          <Trackpoint>
            <Time>2026-08-03T16:07:32.000Z</Time>
            <Position>
              <LatitudeDegrees>44.28735265508294</LatitudeDegrees>
              <LongitudeDegrees>-81.60050421953201</LongitudeDegrees>
            </Position>
            <AltitudeMeters>171.8000030517578</AltitudeMeters>
            <DistanceMeters>762.2000122070312</DistanceMeters>
            <HeartRateBpm>
              <Value>58</Value>
            </HeartRateBpm>
            <Extensions>
              <ns3:TPX>
                <ns3:Speed>2.509999990463257</ns3:Speed>
              </ns3:TPX>
            </Extensions>
          </Trackpoint>
          <Trackpoint>
            <Time>2026-08-03T16:07:37.000Z</Time>
            <Position>
              <LatitudeDegrees>44.28726330399513</LatitudeDegrees>
              <LongitudeDegrees>-81.6006358154118</LongitudeDegrees>
            </Position>
            <AltitudeMeters>172.0</AltitudeMeters>
            <DistanceMeters>776.6400146484375</DistanceMeters>
            <HeartRateBpm>
              <Value>61</Value>
            </HeartRateBpm>
            <Extensions>
              <ns3:TPX>
                <ns3:Speed>2.882999897003174</ns3:Speed>
              </ns3:TPX>
            </Extensions>
          </Trackpoint>
          <Trackpoint>
            <Time>2026-08-03T16:07:42.000Z</Time>
            <Position>
              <LatitudeDegrees>44.28716657683253</LatitudeDegrees>
              <LongitudeDegrees>-81.60075425170362</LongitudeDegrees>
            </Position>
            <AltitudeMeters>171.8000030517578</AltitudeMeters>
            <DistanceMeters>790.9500122070312</DistanceMeters>
            <HeartRateBpm>
              <Value>59</Value>
            </HeartRateBpm>
            <Extensions>
              <ns3:TPX>
                <ns3:Speed>2.8929998874664307</ns3:Speed>
              </ns3:TPX>
            </Extensions>
          </Trackpoint>
          <Trackpoint>
            <Time>2026-08-03T16:07:48.000Z</Time>
            <Position>
              <LatitudeDegrees>44.28705409169197</LatitudeDegrees>
              <LongitudeDegrees>-81.60088827833533</LongitudeDegrees>
            </Position>
            <AltitudeMeters>171.8000030517578</AltitudeMeters>
            <DistanceMeters>807.4199829101562</DistanceMeters>
            <HeartRateBpm>
              <Value>55</Value>
            </HeartRateBpm>
            <Extensions>
              <ns3:TPX>
                <ns3:Speed>2.8369998931884766</ns3:Speed>
              </ns3:TPX>
            </Extensions>
          </Trackpoint>
          <Trackpoint>
            <Time>2026-08-03T16:07:49.000Z</Time>
            <Position>
              <LatitudeDegrees>44.287037663161755</LatitudeDegrees>
              <LongitudeDegrees>-81.60091208294034</LongitudeDegrees>
            </Position>
            <AltitudeMeters>171.8000030517578</AltitudeMeters>
            <DistanceMeters>810.0499877929688</DistanceMeters>
            <HeartRateBpm>
              <Value>58</Value>
            </HeartRateBpm>
            <Extensions>
              <ns3:TPX>
                <ns3:Speed>2.7249999046325684</ns3:Speed>
              </ns3:TPX>
            </Extensions>
          </Trackpoint>
          <Trackpoint>
            <Time>2026-08-03T16:07:53.000Z</Time>
            <Position>
              <LatitudeDegrees>44.28697345778346</LatitudeDegrees>
              <LongitudeDegrees>-81.6009968239814</LongitudeDegrees>
            </Position>
            <AltitudeMeters>172.0</AltitudeMeters>
            <DistanceMeters>819.8699951171875</DistanceMeters>
            <HeartRateBpm>
              <Value>57</Value>
            </HeartRateBpm>
            <Extensions>
              <ns3:TPX>
                <ns3:Speed>2.575000047683716</ns3:Speed>
              </ns3:TPX>
            </Extensions>
          </Trackpoint>
          <Trackpoint>
            <Time>2026-08-03T16:08:03.000Z</Time>
            <Position>
              <LatitudeDegrees>44.286806071177125</LatitudeDegrees>
              <LongitudeDegrees>-81.60123319365084</LongitudeDegrees>
            </Position>
            <AltitudeMeters>172.0</AltitudeMeters>
            <DistanceMeters>846.3400268554688</DistanceMeters>
            <HeartRateBpm>
              <Value>54</Value>
            </HeartRateBpm>
            <Extensions>
              <ns3:TPX>
                <ns3:Speed>2.6029999256134033</ns3:Speed>
              </ns3:TPX>
            </Extensions>
          </Trackpoint>
          <Trackpoint>
            <Time>2026-08-03T16:08:05.000Z</Time>
            <Position>
              <LatitudeDegrees>44.28677438758314</LatitudeDegrees>
              <LongitudeDegrees>-81.60128683783114</LongitudeDegrees>
            </Position>
            <AltitudeMeters>172.0</AltitudeMeters>
            <DistanceMeters>851.8800048828125</DistanceMeters>
            <HeartRateBpm>
              <Value>54</Value>
            </HeartRateBpm>
            <Extensions>
              <ns3:TPX>
                <ns3:Speed>2.697000026702881</ns3:Speed>
              </ns3:TPX>
            </Extensions>
          </Trackpoint>
          <Trackpoint>
            <Time>2026-08-03T16:08:09.000Z</Time>
            <Position>
              <LatitudeDegrees>44.28670314140618</LatitudeDegrees>
              <LongitudeDegrees>-81.60138758830726</LongitudeDegrees>
            </Position>
            <AltitudeMeters>172.0</AltitudeMeters>
            <DistanceMeters>863.1799926757812</DistanceMeters>
            <HeartRateBpm>
              <Value>51</Value>
            </HeartRateBpm>
            <Extensions>
              <ns3:TPX>
                <ns3:Speed>2.76200008392334</ns3:Speed>
              </ns3:TPX>
            </Extensions>
          </Trackpoint>
          <Trackpoint>
            <Time>2026-08-03T16:08:10.000Z</Time>
            <Position>
              <LatitudeDegrees>44.2866865452379</LatitudeDegrees>
              <LongitudeDegrees>-81.60141407512128</LongitudeDegrees>
            </Position>
            <AltitudeMeters>172.0</AltitudeMeters>
            <DistanceMeters>865.97998046875</DistanceMeters>
            <HeartRateBpm>
              <Value>56</Value>
            </HeartRateBpm>
            <Extensions>
              <ns3:TPX>
                <ns3:Speed>2.7899999618530273</ns3:Speed>
              </ns3:TPX>
            </Extensions>
          </Trackpoint>
          <Trackpoint>
            <Time>2026-08-03T16:08:12.000Z</Time>
            <Position>
              <LatitudeDegrees>44.2866535205394</LatitudeDegrees>
              <LongitudeDegrees>-81.60146478563547</LongitudeDegrees>
            </Position>
            <AltitudeMeters>172.0</AltitudeMeters>
            <DistanceMeters>871.4400024414062</DistanceMeters>
            <HeartRateBpm>
              <Value>53</Value>
            </HeartRateBpm>
            <Extensions>
              <ns3:TPX>
                <ns3:Speed>2.7899999618530273</ns3:Speed>
              </ns3:TPX>
            </Extensions>
          </Trackpoint>
          <Trackpoint>
            <Time>2026-08-03T16:08:15.000Z</Time>
            <Position>
              <LatitudeDegrees>44.28659996017814</LatitudeDegrees>
              <LongitudeDegrees>-81.60153619945049</LongitudeDegrees>
            </Position>
            <AltitudeMeters>172.0</AltitudeMeters>
            <DistanceMeters>879.6699829101562</DistanceMeters>
            <HeartRateBpm>
              <Value>54</Value>
            </HeartRateBpm>
            <Extensions>
              <ns3:TPX>
                <ns3:Speed>2.753000020980835</ns3:Speed>
              </ns3:TPX>
            </Extensions>
          </Trackpoint>
          <Trackpoint>
            <Time>2026-08-03T16:08:16.000Z</Time>
            <Position>
              <LatitudeDegrees>44.28658244200051</LatitudeDegrees>
              <LongitudeDegrees>-81.60155891440809</LongitudeDegrees>
            </Position>
            <AltitudeMeters>172.0</AltitudeMeters>
            <DistanceMeters>882.3300170898438</DistanceMeters>
            <HeartRateBpm>
              <Value>51</Value>
            </HeartRateBpm>
            <Extensions>
              <ns3:TPX>
                <ns3:Speed>2.7339999675750732</ns3:Speed>
              </ns3:TPX>
            </Extensions>
          </Trackpoint>
          <Trackpoint>
            <Time>2026-08-03T16:08:23.000Z</Time>
            <Position>
              <LatitudeDegrees>44.28647372871637</LatitudeDegrees>
              <LongitudeDegrees>-81.6016963776201</LongitudeDegrees>
            </Position>
            <AltitudeMeters>172.0</AltitudeMeters>
            <DistanceMeters>898.6599731445312</DistanceMeters>
            <HeartRateBpm>
              <Value>52</Value>
            </HeartRateBpm>
            <Extensions>
              <ns3:TPX>
                <ns3:Speed>2.5190000534057617</ns3:Speed>
              </ns3:TPX>
            </Extensions>
          </Trackpoint>
          <Trackpoint>
            <Time>2026-08-03T16:08:28.000Z</Time>
            <Position>
              <LatitudeDegrees>44.28639929741621</LatitudeDegrees>
              <LongitudeDegrees>-81.60180014558136</LongitudeDegrees>
            </Position>
            <AltitudeMeters>172.0</AltitudeMeters>
            <DistanceMeters>910.3599853515625</DistanceMeters>
            <HeartRateBpm>
              <Value>55</Value>
            </HeartRateBpm>
            <Extensions>
              <ns3:TPX>
                <ns3:Speed>2.2209999561309814</ns3:Speed>
              </ns3:TPX>
            </Extensions>
          </Trackpoint>
          <Trackpoint>
            <Time>2026-08-03T16:08:31.000Z</Time>
            <Position>
              <LatitudeDegrees>44.286346323788166</LatitudeDegrees>
              <LongitudeDegrees>-81.60185479559004</LongitudeDegrees>
            </Position>
            <AltitudeMeters>171.8000030517578</AltitudeMeters>
            <DistanceMeters>917.7000122070312</DistanceMeters>
            <HeartRateBpm>
              <Value>56</Value>
            </HeartRateBpm>
            <Extensions>
              <ns3:TPX>
                <ns3:Speed>2.2769999504089355</ns3:Speed>
              </ns3:TPX>
            </Extensions>
          </Trackpoint>
          <Trackpoint>
            <Time>2026-08-03T16:08:38.000Z</Time>
            <Position>
              <LatitudeDegrees>44.28622872568667</LatitudeDegrees>
              <LongitudeDegrees>-81.60196669399738</LongitudeDegrees>
            </Position>
            <AltitudeMeters>172.0</AltitudeMeters>
            <DistanceMeters>933.5499877929688</DistanceMeters>
            <HeartRateBpm>
              <Value>59</Value>
            </HeartRateBpm>
            <Extensions>
              <ns3:TPX>
                <ns3:Speed>2.2769999504089355</ns3:Speed>
              </ns3:TPX>
            </Extensions>
          </Trackpoint>
          <Trackpoint>
            <Time>2026-08-03T16:08:45.000Z</Time>
            <Position>
              <LatitudeDegrees>44.28610023111105</LatitudeDegrees>
              <LongitudeDegrees>-81.60210541449487</LongitudeDegrees>
            </Position>
            <AltitudeMeters>172.0</AltitudeMeters>
            <DistanceMeters>951.5999755859375</DistanceMeters>
            <HeartRateBpm>
              <Value>58</Value>
            </HeartRateBpm>
            <Extensions>
              <ns3:TPX>
                <ns3:Speed>2.444999933242798</ns3:Speed>
              </ns3:TPX>
            </Extensions>
          </Trackpoint>
          <Trackpoint>
            <Time>2026-08-03T16:08:56.000Z</Time>
            <Position>
              <LatitudeDegrees>44.28591490723193</LatitudeDegrees>
              <LongitudeDegrees>-81.60234656184912</LongitudeDegrees>
            </Position>
            <AltitudeMeters>171.8000030517578</AltitudeMeters>
            <DistanceMeters>979.7999877929688</DistanceMeters>
            <HeartRateBpm>
              <Value>57</Value>
            </HeartRateBpm>
            <Extensions>
              <ns3:TPX>
                <ns3:Speed>2.509999990463257</ns3:Speed>
              </ns3:TPX>
            </Extensions>
          </Trackpoint>
          <Trackpoint>
            <Time>2026-08-03T16:08:59.000Z</Time>
            <Position>
              <LatitudeDegrees>44.28586134687066</LatitudeDegrees>
              <LongitudeDegrees>-81.6024162992835</LongitudeDegrees>
            </Position>
            <AltitudeMeters>171.8000030517578</AltitudeMeters>
            <DistanceMeters>987.9500122070312</DistanceMeters>
            <HeartRateBpm>
              <Value>60</Value>
            </HeartRateBpm>
            <Extensions>
              <ns3:TPX>
                <ns3:Speed>2.546999931335449</ns3:Speed>
              </ns3:TPX>
            </Extensions>
          </Trackpoint>
          <Trackpoint>
            <Time>2026-08-03T16:09:05.000Z</Time>
            <Position>
              <LatitudeDegrees>44.28575104102492</LatitudeDegrees>
              <LongitudeDegrees>-81.60253264009953</LongitudeDegrees>
            </Position>
            <AltitudeMeters>171.8000030517578</AltitudeMeters>
            <DistanceMeters>1003.3699951171875</DistanceMeters>
            <HeartRateBpm>
              <Value>59</Value>
            </HeartRateBpm>
            <Extensions>
              <ns3:TPX>
                <ns3:Speed>2.5380001068115234</ns3:Speed>
              </ns3:TPX>
            </Extensions>
          </Trackpoint>
          <Trackpoint>
            <Time>2026-08-03T16:09:09.000Z</Time>
            <Position>
              <LatitudeDegrees>44.28569429554045</LatitudeDegrees>
              <LongitudeDegrees>-81.60262551158667</LongitudeDegrees>
            </Position>
            <AltitudeMeters>171.8000030517578</AltitudeMeters>
            <DistanceMeters>1013.1400146484375</DistanceMeters>
            <HeartRateBpm>
              <Value>56</Value>
            </HeartRateBpm>
            <Extensions>
              <ns3:TPX>
                <ns3:Speed>2.5380001068115234</ns3:Speed>
              </ns3:TPX>
            </Extensions>
          </Trackpoint>
          <Trackpoint>
            <Time>2026-08-03T16:09:12.000Z</Time>
            <Position>
              <LatitudeDegrees>44.28566034883261</LatitudeDegrees>
              <LongitudeDegrees>-81.60270639695227</LongitudeDegrees>
            </Position>
            <AltitudeMeters>171.8000030517578</AltitudeMeters>
            <DistanceMeters>1020.6099853515625</DistanceMeters>
            <HeartRateBpm>
              <Value>58</Value>
            </HeartRateBpm>
            <Extensions>
              <ns3:TPX>
                <ns3:Speed>2.490999937057495</ns3:Speed>
              </ns3:TPX>
            </Extensions>
          </Trackpoint>
          <Trackpoint>
            <Time>2026-08-03T16:09:19.000Z</Time>
            <Position>
              <LatitudeDegrees>44.285595808178186</LatitudeDegrees>
              <LongitudeDegrees>-81.60290932282805</LongitudeDegrees>
            </Position>
            <AltitudeMeters>171.8000030517578</AltitudeMeters>
            <DistanceMeters>1038.3299560546875</DistanceMeters>
            <HeartRateBpm>
              <Value>60</Value>
            </HeartRateBpm>
            <Extensions>
              <ns3:TPX>
                <ns3:Speed>2.5290000438690186</ns3:Speed>
              </ns3:TPX>
            </Extensions>
          </Trackpoint>
          <Trackpoint>
            <Time>2026-08-03T16:09:21.000Z</Time>
            <Position>
              <LatitudeDegrees>44.28557334467769</LatitudeDegrees>
              <LongitudeDegrees>-81.6029625479132</LongitudeDegrees>
            </Position>
            <AltitudeMeters>171.8000030517578</AltitudeMeters>
            <DistanceMeters>1043.260009765625</DistanceMeters>
            <HeartRateBpm>
              <Value>57</Value>
            </HeartRateBpm>
            <Extensions>
              <ns3:TPX>
                <ns3:Speed>2.490999937057495</ns3:Speed>
              </ns3:TPX>
            </Extensions>
          </Trackpoint>
          <Trackpoint>
            <Time>2026-08-03T16:09:29.000Z</Time>
            <Position>
              <LatitudeDegrees>44.28548013791442</LatitudeDegrees>
              <LongitudeDegrees>-81.60317343659699</LongitudeDegrees>
            </Position>
            <AltitudeMeters>171.8000030517578</AltitudeMeters>
            <DistanceMeters>1063.0400390625</DistanceMeters>
            <HeartRateBpm>
              <Value>58</Value>
            </HeartRateBpm>
            <Extensions>
              <ns3:TPX>
                <ns3:Speed>2.4820001125335693</ns3:Speed>
              </ns3:TPX>
            </Extensions>
          </Trackpoint>
          <Trackpoint>
            <Time>2026-08-03T16:09:41.000Z</Time>
            <Position>
              <LatitudeDegrees>44.28538684733212</LatitudeDegrees>
              <LongitudeDegrees>-81.60346034914255</LongitudeDegrees>
            </Position>
            <AltitudeMeters>171.8000030517578</AltitudeMeters>
            <DistanceMeters>1088.25</DistanceMeters>
            <HeartRateBpm>
              <Value>57</Value>
            </HeartRateBpm>
            <Extensions>
              <ns3:TPX>
                <ns3:Speed>2.062000036239624</ns3:Speed>
              </ns3:TPX>
            </Extensions>
          </Trackpoint>
          <Trackpoint>
            <Time>2026-08-03T16:09:47.000Z</Time>
            <Position>
              <LatitudeDegrees>44.28533345460892</LatitudeDegrees>
              <LongitudeDegrees>-81.60361935384572</LongitudeDegrees>
            </Position>
            <AltitudeMeters>171.8000030517578</AltitudeMeters>
            <DistanceMeters>1102.3399658203125</DistanceMeters>
            <HeartRateBpm>
              <Value>56</Value>
            </HeartRateBpm>
            <Extensions>
              <ns3:TPX>
                <ns3:Speed>2.1459999084472656</ns3:Speed>
              </ns3:TPX>
            </Extensions>
          </Trackpoint>
          <Trackpoint>
            <Time>2026-08-03T16:09:55.000Z</Time>
            <Position>
              <LatitudeDegrees>44.28523052483797</LatitudeDegrees>
              <LongitudeDegrees>-81.60381867550313</LongitudeDegrees>
            </Position>
            <AltitudeMeters>171.60000610351562</AltitudeMeters>
            <DistanceMeters>1122.030029296875</DistanceMeters>
            <HeartRateBpm>
              <Value>58</Value>
            </HeartRateBpm>
            <Extensions>
              <ns3:TPX>
                <ns3:Speed>2.3889999389648438</ns3:Speed>
              </ns3:TPX>
            </Extensions>
          </Trackpoint>
          <Trackpoint>
            <Time>2026-08-03T16:09:57.000Z</Time>
            <Position>
              <LatitudeDegrees>44.28520462475717</LatitudeDegrees>
              <LongitudeDegrees>-81.60385790280998</LongitudeDegrees>
            </Position>
            <AltitudeMeters>171.60000610351562</AltitudeMeters>
            <DistanceMeters>1126.2900390625</DistanceMeters>
            <HeartRateBpm>
              <Value>61</Value>
            </HeartRateBpm>
            <Extensions>
              <ns3:TPX>
                <ns3:Speed>2.3510000705718994</ns3:Speed>
              </ns3:TPX>
            </Extensions>
          </Trackpoint>
          <Trackpoint>
            <Time>2026-08-03T16:10:00.000Z</Time>
            <Position>
              <LatitudeDegrees>44.28516011685133</LatitudeDegrees>
              <LongitudeDegrees>-81.6039169114083</LongitudeDegrees>
            </Position>
            <AltitudeMeters>171.60000610351562</AltitudeMeters>
            <DistanceMeters>1133.1099853515625</DistanceMeters>
            <HeartRateBpm>
              <Value>64</Value>
            </HeartRateBpm>
            <Extensions>
              <ns3:TPX>
                <ns3:Speed>2.322999954223633</ns3:Speed>
              </ns3:TPX>
            </Extensions>
          </Trackpoint>
          <Trackpoint>
            <Time>2026-08-03T16:10:04.000Z</Time>
            <Position>
              <LatitudeDegrees>44.285092977806926</LatitudeDegrees>
              <LongitudeDegrees>-81.60399058833718</LongitudeDegrees>
            </Position>
            <AltitudeMeters>171.39999389648438</AltitudeMeters>
            <DistanceMeters>1142.6400146484375</DistanceMeters>
            <HeartRateBpm>
              <Value>63</Value>
            </HeartRateBpm>
            <Extensions>
              <ns3:TPX>
                <ns3:Speed>2.2769999504089355</ns3:Speed>
              </ns3:TPX>
            </Extensions>
          </Trackpoint>
          <Trackpoint>
            <Time>2026-08-03T16:10:06.000Z</Time>
            <Position>
              <LatitudeDegrees>44.28506322205067</LatitudeDegrees>
              <LongitudeDegrees>-81.60402721725404</LongitudeDegrees>
            </Position>
            <AltitudeMeters>171.39999389648438</AltitudeMeters>
            <DistanceMeters>1147.030029296875</DistanceMeters>
            <HeartRateBpm>
              <Value>66</Value>
            </HeartRateBpm>
            <Extensions>
              <ns3:TPX>
                <ns3:Speed>2.2669999599456787</ns3:Speed>
              </ns3:TPX>
            </Extensions>
          </Trackpoint>
          <Trackpoint>
            <Time>2026-08-03T16:10:12.000Z</Time>
            <Position>
              <LatitudeDegrees>44.2849631421268</LatitudeDegrees>
              <LongitudeDegrees>-81.60414146259427</LongitudeDegrees>
            </Position>
            <AltitudeMeters>171.39999389648438</AltitudeMeters>
            <DistanceMeters>1161.4100341796875</DistanceMeters>
            <HeartRateBpm>
              <Value>63</Value>
            </HeartRateBpm>
            <Extensions>
              <ns3:TPX>
                <ns3:Speed>2.3329999446868896</ns3:Speed>
              </ns3:TPX>
            </Extensions>
          </Trackpoint>
          <Trackpoint>
            <Time>2026-08-03T16:10:22.000Z</Time>
            <Position>
              <LatitudeDegrees>44.28478695452213</LatitudeDegrees>
              <LongitudeDegrees>-81.60435251891613</LongitudeDegrees>
            </Position>
            <AltitudeMeters>171.39999389648438</AltitudeMeters>
            <DistanceMeters>1187.219970703125</DistanceMeters>
            <HeartRateBpm>
              <Value>62</Value>
            </HeartRateBpm>
            <Extensions>
              <ns3:TPX>
                <ns3:Speed>2.490999937057495</ns3:Speed>
              </ns3:TPX>
            </Extensions>
          </Trackpoint>
          <Trackpoint>
            <Time>2026-08-03T16:10:28.000Z</Time>
            <Position>
              <LatitudeDegrees>44.2847091704607</LatitudeDegrees>
              <LongitudeDegrees>-81.60450221970677</LongitudeDegrees>
            </Position>
            <AltitudeMeters>171.39999389648438</AltitudeMeters>
            <DistanceMeters>1202.0</DistanceMeters>
            <HeartRateBpm>
              <Value>59</Value>
            </HeartRateBpm>
            <Extensions>
              <ns3:TPX>
                <ns3:Speed>2.509999990463257</ns3:Speed>
              </ns3:TPX>
            </Extensions>
          </Trackpoint>
          <Trackpoint>
            <Time>2026-08-03T16:10:29.000Z</Time>
            <Position>
              <LatitudeDegrees>44.28469207137823</LatitudeDegrees>
              <LongitudeDegrees>-81.60452334210277</LongitudeDegrees>
            </Position>
            <AltitudeMeters>171.39999389648438</AltitudeMeters>
            <DistanceMeters>1204.5400390625</DistanceMeters>
            <HeartRateBpm>
              <Value>63</Value>
            </HeartRateBpm>
            <Extensions>
              <ns3:TPX>
                <ns3:Speed>2.4170000553131104</ns3:Speed>
              </ns3:TPX>
            </Extensions>
          </Trackpoint>
          <Trackpoint>
            <Time>2026-08-03T16:10:35.000Z</Time>
            <Position>
              <LatitudeDegrees>44.284607665613294</LatitudeDegrees>
              <LongitudeDegrees>-81.60463909618556</LongitudeDegrees>
            </Position>
            <AltitudeMeters>171.60000610351562</AltitudeMeters>
            <DistanceMeters>1217.699951171875</DistanceMeters>
            <HeartRateBpm>
              <Value>60</Value>
            </HeartRateBpm>
            <Extensions>
              <ns3:TPX>
                <ns3:Speed>2.3420000076293945</ns3:Speed>
              </ns3:TPX>
            </Extensions>
          </Trackpoint>
          <Trackpoint>
            <Time>2026-08-03T16:10:40.000Z</Time>
            <Position>
              <LatitudeDegrees>44.284531977027655</LatitudeDegrees>
              <LongitudeDegrees>-81.6047271899879</LongitudeDegrees>
            </Position>
            <AltitudeMeters>171.60000610351562</AltitudeMeters>
            <DistanceMeters>1228.6500244140625</DistanceMeters>
            <HeartRateBpm>
              <Value>61</Value>
            </HeartRateBpm>
            <Extensions>
              <ns3:TPX>
                <ns3:Speed>2.2019999027252197</ns3:Speed>
              </ns3:TPX>
            </Extensions>
          </Trackpoint>
          <Trackpoint>
            <Time>2026-08-03T16:10:52.000Z</Time>
            <Position>
              <LatitudeDegrees>44.28435444831848</LatitudeDegrees>
              <LongitudeDegrees>-81.60493145696819</LongitudeDegrees>
            </Position>
            <AltitudeMeters>171.60000610351562</AltitudeMeters>
            <DistanceMeters>1254.2900390625</DistanceMeters>
            <HeartRateBpm>
              <Value>62</Value>
            </HeartRateBpm>
            <Extensions>
              <ns3:TPX>
                <ns3:Speed>2.0899999141693115</ns3:Speed>
              </ns3:TPX>
            </Extensions>
          </Trackpoint>
          <Trackpoint>
            <Time>2026-08-03T16:10:59.000Z</Time>
            <Position>
              <LatitudeDegrees>44.28423509001732</LatitudeDegrees>
              <LongitudeDegrees>-81.60504637286067</LongitudeDegrees>
            </Position>
            <AltitudeMeters>171.60000610351562</AltitudeMeters>
            <DistanceMeters>1270.5</DistanceMeters>
            <HeartRateBpm>
              <Value>61</Value>
            </HeartRateBpm>
            <Extensions>
              <ns3:TPX>
                <ns3:Speed>2.239000082015991</ns3:Speed>
              </ns3:TPX>
            </Extensions>
          </Trackpoint>
          <Trackpoint>
            <Time>2026-08-03T16:11:11.000Z</Time>
            <Position>
              <LatitudeDegrees>44.284022860229015</LatitudeDegrees>
              <LongitudeDegrees>-81.60522490739822</LongitudeDegrees>
            </Position>
            <AltitudeMeters>171.1999969482422</AltitudeMeters>
            <DistanceMeters>1298.1099853515625</DistanceMeters>
            <HeartRateBpm>
              <Value>63</Value>
            </HeartRateBpm>
            <Extensions>
              <ns3:TPX>
                <ns3:Speed>2.369999885559082</ns3:Speed>
              </ns3:TPX>
            </Extensions>
          </Trackpoint>
          <Trackpoint>
            <Time>2026-08-03T16:11:24.000Z</Time>
            <Position>
              <LatitudeDegrees>44.283783389255404</LatitudeDegrees>
              <LongitudeDegrees>-81.60546437837183</LongitudeDegrees>
            </Position>
            <AltitudeMeters>171.39999389648438</AltitudeMeters>
            <DistanceMeters>1330.9200439453125</DistanceMeters>
            <HeartRateBpm>
              <Value>65</Value>
            </HeartRateBpm>
            <Extensions>
              <ns3:TPX>
                <ns3:Speed>2.565999984741211</ns3:Speed>
              </ns3:TPX>
            </Extensions>
          </Trackpoint>
          <Trackpoint>
            <Time>2026-08-03T16:11:30.000Z</Time>
            <Position>
              <LatitudeDegrees>44.283691020682454</LatitudeDegrees>
              <LongitudeDegrees>-81.60559698008001</LongitudeDegrees>
            </Position>
            <AltitudeMeters>171.39999389648438</AltitudeMeters>
            <DistanceMeters>1345.6600341796875</DistanceMeters>
            <HeartRateBpm>
              <Value>62</Value>
            </HeartRateBpm>
            <Extensions>
              <ns3:TPX>
                <ns3:Speed>2.5190000534057617</ns3:Speed>
              </ns3:TPX>
            </Extensions>
          </Trackpoint>
          <Trackpoint>
            <Time>2026-08-03T16:11:32.000Z</Time>
            <Position>
              <LatitudeDegrees>44.283659840002656</LatitudeDegrees>
              <LongitudeDegrees>-81.60563620738685</LongitudeDegrees>
            </Position>
            <AltitudeMeters>171.39999389648438</AltitudeMeters>
            <DistanceMeters>1350.3199462890625</DistanceMeters>
            <HeartRateBpm>
              <Value>65</Value>
            </HeartRateBpm>
            <Extensions>
              <ns3:TPX>
                <ns3:Speed>2.4630000591278076</ns3:Speed>
              </ns3:TPX>
            </Extensions>
          </Trackpoint>
          <Trackpoint>
            <Time>2026-08-03T16:11:33.000Z</Time>
            <Position>
              <LatitudeDegrees>44.28364550694823</LatitudeDegrees>
              <LongitudeDegrees>-81.60565808415413</LongitudeDegrees>
            </Position>
            <AltitudeMeters>171.39999389648438</AltitudeMeters>
            <DistanceMeters>1352.6800537109375</DistanceMeters>
            <HeartRateBpm>
              <Value>61</Value>
            </HeartRateBpm>
            <Extensions>
              <ns3:TPX>
                <ns3:Speed>2.434999942779541</ns3:Speed>
              </ns3:TPX>
            </Extensions>
          </Trackpoint>
          <Trackpoint>
            <Time>2026-08-03T16:11:36.000Z</Time>
            <Position>
              <LatitudeDegrees>44.28360544145107</LatitudeDegrees>
              <LongitudeDegrees>-81.60572765395045</LongitudeDegrees>
            </Position>
            <AltitudeMeters>171.60000610351562</AltitudeMeters>
            <DistanceMeters>1359.81005859375</DistanceMeters>
            <HeartRateBpm>
              <Value>63</Value>
            </HeartRateBpm>
            <Extensions>
              <ns3:TPX>
                <ns3:Speed>2.4070000648498535</ns3:Speed>
              </ns3:TPX>
            </Extensions>
          </Trackpoint>
          <Trackpoint>
            <Time>2026-08-03T16:11:46.000Z</Time>
            <Position>
              <LatitudeDegrees>44.283482478931546</LatitudeDegrees>
              <LongitudeDegrees>-81.60594248212874</LongitudeDegrees>
            </Position>
            <AltitudeMeters>171.60000610351562</AltitudeMeters>
            <DistanceMeters>1381.77001953125</DistanceMeters>
            <HeartRateBpm>
              <Value>64</Value>
            </HeartRateBpm>
            <Extensions>
              <ns3:TPX>
                <ns3:Speed>2.2300000190734863</ns3:Speed>
              </ns3:TPX>
            </Extensions>
          </Trackpoint>
          <Trackpoint>
            <Time>2026-08-03T16:11:53.000Z</Time>
            <Position>
              <LatitudeDegrees>44.28339388221502</LatitudeDegrees>
              <LongitudeDegrees>-81.60609126091003</LongitudeDegrees>
            </Position>
            <AltitudeMeters>171.60000610351562</AltitudeMeters>
            <DistanceMeters>1397.18994140625</DistanceMeters>
            <HeartRateBpm>
              <Value>67</Value>
            </HeartRateBpm>
            <Extensions>
              <ns3:TPX>
                <ns3:Speed>2.257999897003174</ns3:Speed>
              </ns3:TPX>
            </Extensions>
          </Trackpoint>
          <Trackpoint>
            <Time>2026-08-03T16:11:56.000Z</Time>
            <Position>
              <LatitudeDegrees>44.28335121832788</LatitudeDegrees>
              <LongitudeDegrees>-81.60616158507764</LongitudeDegrees>
            </Position>
            <AltitudeMeters>171.60000610351562</AltitudeMeters>
            <DistanceMeters>1404.5400390625</DistanceMeters>
            <HeartRateBpm>
              <Value>70</Value>
            </HeartRateBpm>
            <Extensions>
              <ns3:TPX>
                <ns3:Speed>2.2860000133514404</ns3:Speed>
              </ns3:TPX>
            </Extensions>
          </Trackpoint>
          <Trackpoint>
            <Time>2026-08-03T16:11:58.000Z</Time>
            <Position>
              <LatitudeDegrees>44.28331785835326</LatitudeDegrees>
              <LongitudeDegrees>-81.60620206966996</LongitudeDegrees>
            </Position>
            <AltitudeMeters>171.60000610351562</AltitudeMeters>
            <DistanceMeters>1409.4000244140625</DistanceMeters>
            <HeartRateBpm>
              <Value>71</Value>
            </HeartRateBpm>
            <Extensions>
              <ns3:TPX>
                <ns3:Speed>2.2950000762939453</ns3:Speed>
              </ns3:TPX>
            </Extensions>
          </Trackpoint>
          <Trackpoint>
            <Time>2026-08-03T16:12:09.000Z</Time>
            <Position>
              <LatitudeDegrees>44.28317385725677</LatitudeDegrees>
              <LongitudeDegrees>-81.60644564777613</LongitudeDegrees>
            </Position>
            <AltitudeMeters>171.60000610351562</AltitudeMeters>
            <DistanceMeters>1434.6099853515625</DistanceMeters>
            <HeartRateBpm>
              <Value>72</Value>
            </HeartRateBpm>
            <Extensions>
              <ns3:TPX>
                <ns3:Speed>2.2669999599456787</ns3:Speed>
              </ns3:TPX>
            </Extensions>
          </Trackpoint>
          <Trackpoint>
            <Time>2026-08-03T16:12:18.000Z</Time>
            <Position>
              <LatitudeDegrees>44.28303614258766</LatitudeDegrees>
              <LongitudeDegrees>-81.60661320202053</LongitudeDegrees>
            </Position>
            <AltitudeMeters>171.39999389648438</AltitudeMeters>
            <DistanceMeters>1455.18994140625</DistanceMeters>
            <HeartRateBpm>
              <Value>71</Value>
            </HeartRateBpm>
            <Extensions>
              <ns3:TPX>
                <ns3:Speed>2.305000066757202</ns3:Speed>
              </ns3:TPX>
            </Extensions>
          </Trackpoint>
          <Trackpoint>
            <Time>2026-08-03T16:12:28.000Z</Time>
            <Position>
              <LatitudeDegrees>44.28286456502974</LatitudeDegrees>
              <LongitudeDegrees>-81.60679894499481</LongitudeDegrees>
            </Position>
            <AltitudeMeters>171.39999389648438</AltitudeMeters>
            <DistanceMeters>1479.3900146484375</DistanceMeters>
            <HeartRateBpm>
              <Value>71</Value>
            </HeartRateBpm>
            <Extensions>
              <ns3:TPX>
                <ns3:Speed>2.4730000495910645</ns3:Speed>
              </ns3:TPX>
            </Extensions>
          </Trackpoint>
          <Trackpoint>
            <Time>2026-08-03T16:12:38.000Z</Time>
            <Position>
              <LatitudeDegrees>44.28271067328751</LatitudeDegrees>
              <LongitudeDegrees>-81.60699684172869</LongitudeDegrees>
            </Position>
            <AltitudeMeters>171.60000610351562</AltitudeMeters>
            <DistanceMeters>1502.800048828125</DistanceMeters>
            <HeartRateBpm>
              <Value>73</Value>
            </HeartRateBpm>
            <Extensions>
              <ns3:TPX>
                <ns3:Speed>2.322999954223633</ns3:Speed>
              </ns3:TPX>
            </Extensions>
          </Trackpoint>
          <Trackpoint>
            <Time>2026-08-03T16:12:48.000Z</Time>
            <Position>
              <LatitudeDegrees>44.2825473099947</LatitudeDegrees>
              <LongitudeDegrees>-81.60718761384487</LongitudeDegrees>
            </Position>
            <AltitudeMeters>171.60000610351562</AltitudeMeters>
            <DistanceMeters>1526.6199951171875</DistanceMeters>
            <HeartRateBpm>
              <Value>72</Value>
            </HeartRateBpm>
            <Extensions>
              <ns3:TPX>
                <ns3:Speed>2.313999891281128</ns3:Speed>
              </ns3:TPX>
            </Extensions>
          </Trackpoint>
          <Trackpoint>
            <Time>2026-08-03T16:12:55.000Z</Time>
            <Position>
              <LatitudeDegrees>44.28247321397066</LatitudeDegrees>
              <LongitudeDegrees>-81.60730948671699</LongitudeDegrees>
            </Position>
            <AltitudeMeters>171.8000030517578</AltitudeMeters>
            <DistanceMeters>1539.739990234375</DistanceMeters>
            <HeartRateBpm>
              <Value>73</Value>
            </HeartRateBpm>
            <Extensions>
              <ns3:TPX>
                <ns3:Speed>1.4930000305175781</ns3:Speed>
              </ns3:TPX>
            </Extensions>
          </Trackpoint>
          <Trackpoint>
            <Time>2026-08-03T16:13:01.000Z</Time>
            <Position>
              <LatitudeDegrees>44.282479332759976</LatitudeDegrees>
              <LongitudeDegrees>-81.6073330398649</LongitudeDegrees>
            </Position>
            <AltitudeMeters>171.8000030517578</AltitudeMeters>
            <DistanceMeters>1542.3699951171875</DistanceMeters>
            <HeartRateBpm>
              <Value>73</Value>
            </HeartRateBpm>
            <Extensions>
              <ns3:TPX>
                <ns3:Speed>0.5040000081062317</ns3:Speed>
              </ns3:TPX>
            </Extensions>
          </Trackpoint>
          <Trackpoint>
            <Time>2026-08-03T16:13:06.000Z</Time>
            <Position>
              <LatitudeDegrees>44.28247748874128</LatitudeDegrees>
              <LongitudeDegrees>-81.60732692107558</LongitudeDegrees>
            </Position>
            <AltitudeMeters>171.8000030517578</AltitudeMeters>
            <DistanceMeters>1542.969970703125</DistanceMeters>
            <HeartRateBpm>
              <Value>74</Value>
            </HeartRateBpm>
            <Extensions>
              <ns3:TPX>
                <ns3:Speed>0.0</ns3:Speed>
              </ns3:TPX>
            </Extensions>
          </Trackpoint>
          <Trackpoint>
            <Time>2026-08-03T16:13:14.000Z</Time>
            <Position>
              <LatitudeDegrees>44.282485619187355</LatitudeDegrees>
              <LongitudeDegrees>-81.6073103249073</LongitudeDegrees>
            </Position>
            <AltitudeMeters>171.39999389648438</AltitudeMeters>
            <DistanceMeters>1544.6300048828125</DistanceMeters>
            <HeartRateBpm>
              <Value>75</Value>
            </HeartRateBpm>
            <Extensions>
              <ns3:TPX>
                <ns3:Speed>0.0</ns3:Speed>
              </ns3:TPX>
            </Extensions>
          </Trackpoint>
          <Trackpoint>
            <Time>2026-08-03T16:13:21.000Z</Time>
            <Position>
              <LatitudeDegrees>44.282516883686185</LatitudeDegrees>
              <LongitudeDegrees>-81.607232876122</LongitudeDegrees>
            </Position>
            <AltitudeMeters>171.8000030517578</AltitudeMeters>
            <DistanceMeters>1551.719970703125</DistanceMeters>
            <HeartRateBpm>
              <Value>76</Value>
            </HeartRateBpm>
            <Extensions>
              <ns3:TPX>
                <ns3:Speed>1.0449999570846558</ns3:Speed>
              </ns3:TPX>
            </Extensions>
          </Trackpoint>
          <Trackpoint>
            <Time>2026-08-03T16:13:23.000Z</Time>
            <Position>
              <LatitudeDegrees>44.282533563673496</LatitudeDegrees>
              <LongitudeDegrees>-81.60719222389162</LongitudeDegrees>
            </Position>
            <AltitudeMeters>171.8000030517578</AltitudeMeters>
            <DistanceMeters>1555.47998046875</DistanceMeters>
            <HeartRateBpm>
              <Value>75</Value>
            </HeartRateBpm>
            <Extensions>
              <ns3:TPX>
                <ns3:Speed>1.0820000171661377</ns3:Speed>
              </ns3:TPX>
            </Extensions>
          </Trackpoint>
          <Trackpoint>
            <Time>2026-08-03T16:13:29.000Z</Time>
            <Position>
              <LatitudeDegrees>44.282573629170656</LatitudeDegrees>
              <LongitudeDegrees>-81.60706942901015</LongitudeDegrees>
            </Position>
            <AltitudeMeters>172.39999389648438</AltitudeMeters>
            <DistanceMeters>1566.2900390625</DistanceMeters>
            <HeartRateBpm>
              <Value>76</Value>
            </HeartRateBpm>
            <Extensions>
              <ns3:TPX>
                <ns3:Speed>1.5119999647140503</ns3:Speed>
              </ns3:TPX>
            </Extensions>
          </Trackpoint>
          <Trackpoint>
            <Time>2026-08-03T16:13:36.000Z</Time>
            <Position>
              <LatitudeDegrees>44.28264998830855</LatitudeDegrees>
              <LongitudeDegrees>-81.60695225000381</LongitudeDegrees>
            </Position>
            <AltitudeMeters>172.60000610351562</AltitudeMeters>
            <DistanceMeters>1579.0799560546875</DistanceMeters>
            <HeartRateBpm>
              <Value>78</Value>
            </HeartRateBpm>
            <Extensions>
              <ns3:TPX>
                <ns3:Speed>1.7259999513626099</ns3:Speed>
              </ns3:TPX>
            </Extensions>
          </Trackpoint>
          <Trackpoint>
            <Time>2026-08-03T16:13:40.000Z</Time>
            <Position>
              <LatitudeDegrees>44.28269776515663</LatitudeDegrees>
              <LongitudeDegrees>-81.60687966272235</LongitudeDegrees>
            </Position>
            <AltitudeMeters>172.39999389648438</AltitudeMeters>
            <DistanceMeters>1586.949951171875</DistanceMeters>
            <HeartRateBpm>
              <Value>81</Value>
            </HeartRateBpm>
            <Extensions>
              <ns3:TPX>
                <ns3:Speed>1.781999945640564</ns3:Speed>
              </ns3:TPX>
            </Extensions>
          </Trackpoint>
          <Trackpoint>
            <Time>2026-08-03T16:13:45.000Z</Time>
            <Position>
              <LatitudeDegrees>44.28273112513125</LatitudeDegrees>
              <LongitudeDegrees>-81.60680036991835</LongitudeDegrees>
            </Position>
            <AltitudeMeters>172.60000610351562</AltitudeMeters>
            <DistanceMeters>1594.300048828125</DistanceMeters>
            <HeartRateBpm>
              <Value>84</Value>
            </HeartRateBpm>
            <Extensions>
              <ns3:TPX>
                <ns3:Speed>1.7730000019073486</ns3:Speed>
              </ns3:TPX>
            </Extensions>
          </Trackpoint>
          <Trackpoint>
            <Time>2026-08-03T16:13:46.000Z</Time>
            <Position>
              <LatitudeDegrees>44.282738668844104</LatitudeDegrees>
              <LongitudeDegrees>-81.60678620450199</LongitudeDegrees>
            </Position>
            <AltitudeMeters>172.60000610351562</AltitudeMeters>
            <DistanceMeters>1595.68994140625</DistanceMeters>
            <HeartRateBpm>
              <Value>83</Value>
            </HeartRateBpm>
            <Extensions>
              <ns3:TPX>
                <ns3:Speed>1.6699999570846558</ns3:Speed>
              </ns3:TPX>
            </Extensions>
          </Trackpoint>
          <Trackpoint>
            <Time>2026-08-03T16:13:53.000Z</Time>
            <Position>
              <LatitudeDegrees>44.28279264830053</LatitudeDegrees>
              <LongitudeDegrees>-81.6067283693701</LongitudeDegrees>
            </Position>
            <AltitudeMeters>172.39999389648438</AltitudeMeters>
            <DistanceMeters>1603.3800048828125</DistanceMeters>
            <HeartRateBpm>
              <Value>81</Value>
            </HeartRateBpm>
            <Extensions>
              <ns3:TPX>
                <ns3:Speed>1.0920000076293945</ns3:Speed>
              </ns3:TPX>
            </Extensions>
          </Trackpoint>
          <Trackpoint>
            <Time>2026-08-03T16:14:01.000Z</Time>
            <Position>
              <LatitudeDegrees>44.282887782901525</LatitudeDegrees>
              <LongitudeDegrees>-81.60662217065692</LongitudeDegrees>
            </Position>
            <AltitudeMeters>172.8000030517578</AltitudeMeters>
            <DistanceMeters>1616.8800048828125</DistanceMeters>
            <HeartRateBpm>
              <Value>82</Value>
            </HeartRateBpm>
            <Extensions>
              <ns3:TPX>
                <ns3:Speed>1.3619999885559082</ns3:Speed>
              </ns3:TPX>
            </Extensions>
          </Trackpoint>
          <Trackpoint>
            <Time>2026-08-03T16:14:04.000Z</Time>
            <Position>
              <LatitudeDegrees>44.28293438628316</LatitudeDegrees>
              <LongitudeDegrees>-81.60657313652337</LongitudeDegrees>
            </Position>
            <AltitudeMeters>172.8000030517578</AltitudeMeters>
            <DistanceMeters>1623.3499755859375</DistanceMeters>
            <HeartRateBpm>
              <Value>82</Value>
            </HeartRateBpm>
            <Extensions>
              <ns3:TPX>
                <ns3:Speed>1.809999942779541</ns3:Speed>
              </ns3:TPX>
            </Extensions>
          </Trackpoint>
          <Trackpoint>
            <Time>2026-08-03T16:14:10.000Z</Time>
            <Position>
              <LatitudeDegrees>44.283024156466126</LatitudeDegrees>
              <LongitudeDegrees>-81.60646769218147</LongitudeDegrees>
            </Position>
            <AltitudeMeters>173.0</AltitudeMeters>
            <DistanceMeters>1636.4000244140625</DistanceMeters>
            <HeartRateBpm>
              <Value>83</Value>
            </HeartRateBpm>
            <Extensions>
              <ns3:TPX>
                <ns3:Speed>2.0989999771118164</ns3:Speed>
              </ns3:TPX>
            </Extensions>
          </Trackpoint>
          <Trackpoint>
            <Time>2026-08-03T16:14:19.000Z</Time>
            <Position>
              <LatitudeDegrees>44.2831482924521</LatitudeDegrees>
              <LongitudeDegrees>-81.6062653530389</LongitudeDegrees>
            </Position>
            <AltitudeMeters>173.1999969482422</AltitudeMeters>
            <DistanceMeters>1657.68994140625</DistanceMeters>
            <HeartRateBpm>
              <Value>86</Value>
            </HeartRateBpm>
            <Extensions>
              <ns3:TPX>
                <ns3:Speed>2.3889999389648438</ns3:Speed>
              </ns3:TPX>
            </Extensions>
          </Trackpoint>
          <Trackpoint>
            <Time>2026-08-03T16:14:23.000Z</Time>
            <Position>
              <LatitudeDegrees>44.28319439291954</LatitudeDegrees>
              <LongitudeDegrees>-81.60616099834442</LongitudeDegrees>
            </Position>
            <AltitudeMeters>173.1999969482422</AltitudeMeters>
            <DistanceMeters>1667.47998046875</DistanceMeters>
            <HeartRateBpm>
              <Value>89</Value>
            </HeartRateBpm>
            <Extensions>
              <ns3:TPX>
                <ns3:Speed>2.4260001182556152</ns3:Speed>
              </ns3:TPX>
            </Extensions>
          </Trackpoint>
          <Trackpoint>
            <Time>2026-08-03T16:14:28.000Z</Time>
            <Position>
              <LatitudeDegrees>44.28324267268181</LatitudeDegrees>
              <LongitudeDegrees>-81.60604138858616</LongitudeDegrees>
            </Position>
            <AltitudeMeters>173.60000610351562</AltitudeMeters>
            <DistanceMeters>1678.43994140625</DistanceMeters>
            <HeartRateBpm>
              <Value>90</Value>
            </HeartRateBpm>
            <Extensions>
              <ns3:TPX>
                <ns3:Speed>2.313999891281128</ns3:Speed>
              </ns3:TPX>
            </Extensions>
          </Trackpoint>
          <Trackpoint>
            <Time>2026-08-03T16:14:32.000Z</Time>
            <Position>
              <LatitudeDegrees>44.28326974622905</LatitudeDegrees>
              <LongitudeDegrees>-81.60594943910837</LongitudeDegrees>
            </Position>
            <AltitudeMeters>173.8000030517578</AltitudeMeters>
            <DistanceMeters>1686.4000244140625</DistanceMeters>
            <HeartRateBpm>
              <Value>89</Value>
            </HeartRateBpm>
            <Extensions>
              <ns3:TPX>
                <ns3:Speed>2.13700008392334</ns3:Speed>
              </ns3:TPX>
            </Extensions>
          </Trackpoint>
          <Trackpoint>
            <Time>2026-08-03T16:14:35.000Z</Time>
            <Position>
              <LatitudeDegrees>44.28329346701503</LatitudeDegrees>
              <LongitudeDegrees>-81.60587852820754</LongitudeDegrees>
            </Position>
            <AltitudeMeters>173.8000030517578</AltitudeMeters>
            <DistanceMeters>1692.6400146484375</DistanceMeters>
            <HeartRateBpm>
              <Value>87</Value>
            </HeartRateBpm>
            <Extensions>
              <ns3:TPX>
                <ns3:Speed>2.1549999713897705</ns3:Speed>
              </ns3:TPX>
            </Extensions>
          </Trackpoint>
          <Trackpoint>
            <Time>2026-08-03T16:14:41.000Z</Time>
            <Position>
              <LatitudeDegrees>44.2833433393389</LatitudeDegrees>
              <LongitudeDegrees>-81.60572086460888</LongitudeDegrees>
            </Position>
            <AltitudeMeters>173.8000030517578</AltitudeMeters>
            <DistanceMeters>1706.4300537109375</DistanceMeters>
            <HeartRateBpm>
              <Value>87</Value>
            </HeartRateBpm>
            <Extensions>
              <ns3:TPX>
                <ns3:Speed>2.183000087738037</ns3:Speed>
              </ns3:TPX>
            </Extensions>
          </Trackpoint>
          <Trackpoint>
            <Time>2026-08-03T16:14:51.000Z</Time>
            <Position>
              <LatitudeDegrees>44.28344903513789</LatitudeDegrees>
              <LongitudeDegrees>-81.60547368228436</LongitudeDegrees>
            </Position>
            <AltitudeMeters>174.1999969482422</AltitudeMeters>
            <DistanceMeters>1729.4300537109375</DistanceMeters>
            <HeartRateBpm>
              <Value>90</Value>
            </HeartRateBpm>
            <Extensions>
              <ns3:TPX>
                <ns3:Speed>2.2300000190734863</ns3:Speed>
              </ns3:TPX>
            </Extensions>
          </Trackpoint>
          <Trackpoint>
            <Time>2026-08-03T16:14:54.000Z</Time>
            <Position>
              <LatitudeDegrees>44.283473175019026</LatitudeDegrees>
              <LongitudeDegrees>-81.60540570504963</LongitudeDegrees>
            </Position>
            <AltitudeMeters>174.60000610351562</AltitudeMeters>
            <DistanceMeters>1735.469970703125</DistanceMeters>
            <HeartRateBpm>
              <Value>93</Value>
            </HeartRateBpm>
            <Extensions>
              <ns3:TPX>
                <ns3:Speed>2.2300000190734863</ns3:Speed>
              </ns3:TPX>
            </Extensions>
          </Trackpoint>
          <Trackpoint>
            <Time>2026-08-03T16:15:01.000Z</Time>
            <Position>
              <LatitudeDegrees>44.28355498239398</LatitudeDegrees>
              <LongitudeDegrees>-81.60527117550373</LongitudeDegrees>
            </Position>
            <AltitudeMeters>174.39999389648438</AltitudeMeters>
            <DistanceMeters>1749.6300048828125</DistanceMeters>
            <HeartRateBpm>
              <Value>96</Value>
            </HeartRateBpm>
            <Extensions>
              <ns3:TPX>
                <ns3:Speed>2.118000030517578</ns3:Speed>
              </ns3:TPX>
            </Extensions>
          </Trackpoint>
          <Trackpoint>
            <Time>2026-08-03T16:15:09.000Z</Time>
            <Position>
              <LatitudeDegrees>44.2836781963706</LatitudeDegrees>
              <LongitudeDegrees>-81.60511292517185</LongitudeDegrees>
            </Position>
            <AltitudeMeters>174.60000610351562</AltitudeMeters>
            <DistanceMeters>1768.280029296875</DistanceMeters>
            <HeartRateBpm>
              <Value>94</Value>
            </HeartRateBpm>
            <Extensions>
              <ns3:TPX>
                <ns3:Speed>2.239000082015991</ns3:Speed>
              </ns3:TPX>
            </Extensions>
          </Trackpoint>
          <Trackpoint>
            <Time>2026-08-03T16:15:14.000Z</Time>
            <Position>
              <LatitudeDegrees>44.28373904898763</LatitudeDegrees>
              <LongitudeDegrees>-81.60501544363797</LongitudeDegrees>
            </Position>
            <AltitudeMeters>175.0</AltitudeMeters>
            <DistanceMeters>1778.5999755859375</DistanceMeters>
            <HeartRateBpm>
              <Value>93</Value>
            </HeartRateBpm>
            <Extensions>
              <ns3:TPX>
                <ns3:Speed>2.2209999561309814</ns3:Speed>
              </ns3:TPX>
            </Extensions>
          </Trackpoint>
          <Trackpoint>
            <Time>2026-08-03T16:15:20.000Z</Time>
            <Position>
              <LatitudeDegrees>44.28380903787911</LatitudeDegrees>
              <LongitudeDegrees>-81.60487580113113</LongitudeDegrees>
            </Position>
            <AltitudeMeters>175.0</AltitudeMeters>
            <DistanceMeters>1792.219970703125</DistanceMeters>
            <HeartRateBpm>
              <Value>93</Value>
            </HeartRateBpm>
            <Extensions>
              <ns3:TPX>
                <ns3:Speed>2.2860000133514404</ns3:Speed>
              </ns3:TPX>
            </Extensions>
          </Trackpoint>
          <Trackpoint>
            <Time>2026-08-03T16:15:26.000Z</Time>
            <Position>
              <LatitudeDegrees>44.28386620245874</LatitudeDegrees>
              <LongitudeDegrees>-81.60473464988172</LongitudeDegrees>
            </Position>
            <AltitudeMeters>175.1999969482422</AltitudeMeters>
            <DistanceMeters>1805.1800537109375</DistanceMeters>
            <HeartRateBpm>
              <Value>90</Value>
            </HeartRateBpm>
            <Extensions>
              <ns3:TPX>
                <ns3:Speed>2.305000066757202</ns3:Speed>
              </ns3:TPX>
            </Extensions>
          </Trackpoint>
          <Trackpoint>
            <Time>2026-08-03T16:15:28.000Z</Time>
            <Position>
              <LatitudeDegrees>44.283884139731526</LatitudeDegrees>
              <LongitudeDegrees>-81.60468326881528</LongitudeDegrees>
            </Position>
            <AltitudeMeters>175.1999969482422</AltitudeMeters>
            <DistanceMeters>1809.739990234375</DistanceMeters>
            <HeartRateBpm>
              <Value>89</Value>
            </HeartRateBpm>
            <Extensions>
              <ns3:TPX>
                <ns3:Speed>2.2209999561309814</ns3:Speed>
              </ns3:TPX>
            </Extensions>
          </Trackpoint>
          <Trackpoint>
            <Time>2026-08-03T16:15:36.000Z</Time>
            <Position>
              <LatitudeDegrees>44.28394993767142</LatitudeDegrees>
              <LongitudeDegrees>-81.6045012138784</LongitudeDegrees>
            </Position>
            <AltitudeMeters>175.39999389648438</AltitudeMeters>
            <DistanceMeters>1826.02001953125</DistanceMeters>
            <HeartRateBpm>
              <Value>89</Value>
            </HeartRateBpm>
            <Extensions>
              <ns3:TPX>
                <ns3:Speed>2.1740000247955322</ns3:Speed>
              </ns3:TPX>
            </Extensions>
          </Trackpoint>
          <Trackpoint>
            <Time>2026-08-03T16:15:46.000Z</Time>
            <Position>
              <LatitudeDegrees>44.284003246575594</LatitudeDegrees>
              <LongitudeDegrees>-81.60425176844001</LongitudeDegrees>
            </Position>
            <AltitudeMeters>175.60000610351562</AltitudeMeters>
            <DistanceMeters>1846.8399658203125</DistanceMeters>
            <HeartRateBpm>
              <Value>89</Value>
            </HeartRateBpm>
            <Extensions>
              <ns3:TPX>
                <ns3:Speed>2.1649999618530273</ns3:Speed>
              </ns3:TPX>
            </Extensions>
          </Trackpoint>
          <Trackpoint>
            <Time>2026-08-03T16:15:54.000Z</Time>
            <Position>
              <LatitudeDegrees>44.28403593599796</LatitudeDegrees>
              <LongitudeDegrees>-81.6040572244674</LongitudeDegrees>
            </Position>
            <AltitudeMeters>175.60000610351562</AltitudeMeters>
            <DistanceMeters>1862.8599853515625</DistanceMeters>
            <HeartRateBpm>
              <Value>89</Value>
            </HeartRateBpm>
            <Extensions>
              <ns3:TPX>
                <ns3:Speed>1.9869999885559082</ns3:Speed>
              </ns3:TPX>
            </Extensions>
          </Trackpoint>
          <Trackpoint>
            <Time>2026-08-03T16:16:01.000Z</Time>
            <Position>
              <LatitudeDegrees>44.28410852327943</LatitudeDegrees>
              <LongitudeDegrees>-81.60389436408877</LongitudeDegrees>
            </Position>
            <AltitudeMeters>175.60000610351562</AltitudeMeters>
            <DistanceMeters>1878.1500244140625</DistanceMeters>
            <HeartRateBpm>
              <Value>90</Value>
            </HeartRateBpm>
            <Extensions>
              <ns3:TPX>
                <ns3:Speed>2.1089999675750732</ns3:Speed>
              </ns3:TPX>
            </Extensions>
          </Trackpoint>
          <Trackpoint>
            <Time>2026-08-03T16:16:09.000Z</Time>
            <Position>
              <LatitudeDegrees>44.28420181386173</LatitudeDegrees>
              <LongitudeDegrees>-81.60370359197259</LongitudeDegrees>
            </Position>
            <AltitudeMeters>175.60000610351562</AltitudeMeters>
            <DistanceMeters>1896.5699462890625</DistanceMeters>
            <HeartRateBpm>
              <Value>92</Value>
            </HeartRateBpm>
            <Extensions>
              <ns3:TPX>
                <ns3:Speed>2.2209999561309814</ns3:Speed>
              </ns3:TPX>
            </Extensions>
          </Trackpoint>
          <Trackpoint>
            <Time>2026-08-03T16:16:18.000Z</Time>
            <Position>
              <LatitudeDegrees>44.28428093902767</LatitudeDegrees>
              <LongitudeDegrees>-81.60348046571016</LongitudeDegrees>
            </Position>
            <AltitudeMeters>176.0</AltitudeMeters>
            <DistanceMeters>1916.489990234375</DistanceMeters>
            <HeartRateBpm>
              <Value>91</Value>
            </HeartRateBpm>
            <Extensions>
              <ns3:TPX>
                <ns3:Speed>2.1649999618530273</ns3:Speed>
              </ns3:TPX>
            </Extensions>
          </Trackpoint>
          <Trackpoint>
            <Time>2026-08-03T16:16:24.000Z</Time>
            <Position>
              <LatitudeDegrees>44.28431916050613</LatitudeDegrees>
              <LongitudeDegrees>-81.60336865112185</LongitudeDegrees>
            </Position>
            <AltitudeMeters>176.0</AltitudeMeters>
            <DistanceMeters>1926.3699951171875</DistanceMeters>
            <HeartRateBpm>
              <Value>93</Value>
            </HeartRateBpm>
            <Extensions>
              <ns3:TPX>
                <ns3:Speed>1.6979999542236328</ns3:Speed>
              </ns3:TPX>
            </Extensions>
          </Trackpoint>
          <Trackpoint>
            <Time>2026-08-03T16:16:33.000Z</Time>
            <Position>
              <LatitudeDegrees>44.28437238559127</LatitudeDegrees>
              <LongitudeDegrees>-81.60317745991051</LongitudeDegrees>
            </Position>
            <AltitudeMeters>175.8000030517578</AltitudeMeters>
            <DistanceMeters>1942.75</DistanceMeters>
            <HeartRateBpm>
              <Value>90</Value>
            </HeartRateBpm>
            <Extensions>
              <ns3:TPX>
                <ns3:Speed>1.7259999513626099</ns3:Speed>
              </ns3:TPX>
            </Extensions>
          </Trackpoint>
          <Trackpoint>
            <Time>2026-08-03T16:16:35.000Z</Time>
            <Position>
              <LatitudeDegrees>44.28439401090145</LatitudeDegrees>
              <LongitudeDegrees>-81.60312599502504</LongitudeDegrees>
            </Position>
            <AltitudeMeters>176.0</AltitudeMeters>
            <DistanceMeters>1947.5</DistanceMeters>
            <HeartRateBpm>
              <Value>90</Value>
            </HeartRateBpm>
            <Extensions>
              <ns3:TPX>
                <ns3:Speed>1.7730000019073486</ns3:Speed>
              </ns3:TPX>
            </Extensions>
          </Trackpoint>
          <Trackpoint>
            <Time>2026-08-03T16:16:43.000Z</Time>
            <Position>
              <LatitudeDegrees>44.284473890438676</LatitudeDegrees>
              <LongitudeDegrees>-81.6029501426965</LongitudeDegrees>
            </Position>
            <AltitudeMeters>175.8000030517578</AltitudeMeters>
            <DistanceMeters>1964.1600341796875</DistanceMeters>
            <HeartRateBpm>
              <Value>90</Value>
            </HeartRateBpm>
            <Extensions>
              <ns3:TPX>
                <ns3:Speed>2.0810000896453857</ns3:Speed>
              </ns3:TPX>
            </Extensions>
          </Trackpoint>
          <Trackpoint>
            <Time>2026-08-03T16:16:50.000Z</Time>
            <Position>
              <LatitudeDegrees>44.28458218462765</LatitudeDegrees>
              <LongitudeDegrees>-81.60282944329083</LongitudeDegrees>
            </Position>
            <AltitudeMeters>175.8000030517578</AltitudeMeters>
            <DistanceMeters>1979.56005859375</DistanceMeters>
            <HeartRateBpm>
              <Value>91</Value>
            </HeartRateBpm>
            <Extensions>
              <ns3:TPX>
                <ns3:Speed>2.118000030517578</ns3:Speed>
              </ns3:TPX>
            </Extensions>
          </Trackpoint>
          <Trackpoint>
            <Time>2026-08-03T16:16:59.000Z</Time>
            <Position>
              <LatitudeDegrees>44.284673631191254</LatitudeDegrees>
              <LongitudeDegrees>-81.60259910859168</LongitudeDegrees>
            </Position>
            <AltitudeMeters>176.0</AltitudeMeters>
            <DistanceMeters>2000.56005859375</DistanceMeters>
            <HeartRateBpm>
              <Value>90</Value>
            </HeartRateBpm>
            <Extensions>
              <ns3:TPX>
                <ns3:Speed>2.305000066757202</ns3:Speed>
              </ns3:TPX>
            </Extensions>
          </Trackpoint>
          <Trackpoint>
            <Time>2026-08-03T16:17:09.000Z</Time>
            <Position>
              <LatitudeDegrees>44.28474445827305</LatitudeDegrees>
              <LongitudeDegrees>-81.60234480164945</LongitudeDegrees>
            </Position>
            <AltitudeMeters>176.1999969482422</AltitudeMeters>
            <DistanceMeters>2022.3699951171875</DistanceMeters>
            <HeartRateBpm>
              <Value>89</Value>
            </HeartRateBpm>
            <Extensions>
              <ns3:TPX>
                <ns3:Speed>2.183000087738037</ns3:Speed>
              </ns3:TPX>
            </Extensions>
          </Trackpoint>
          <Trackpoint>
            <Time>2026-08-03T16:17:18.000Z</Time>
            <Position>
              <LatitudeDegrees>44.28481218405068</LatitudeDegrees>
              <LongitudeDegrees>-81.60214556381106</LongitudeDegrees>
            </Position>
            <AltitudeMeters>176.1999969482422</AltitudeMeters>
            <DistanceMeters>2039.969970703125</DistanceMeters>
            <HeartRateBpm>
              <Value>87</Value>
            </HeartRateBpm>
            <Extensions>
              <ns3:TPX>
                <ns3:Speed>1.9589999914169312</ns3:Speed>
              </ns3:TPX>
            </Extensions>
          </Trackpoint>
          <Trackpoint>
            <Time>2026-08-03T16:17:27.000Z</Time>
            <Position>
              <LatitudeDegrees>44.28487873636186</LatitudeDegrees>
              <LongitudeDegrees>-81.60197775810957</LongitudeDegrees>
            </Position>
            <AltitudeMeters>176.1999969482422</AltitudeMeters>
            <DistanceMeters>2055.409912109375</DistanceMeters>
            <HeartRateBpm>
              <Value>86</Value>
            </HeartRateBpm>
            <Extensions>
              <ns3:TPX>
                <ns3:Speed>1.875</ns3:Speed>
              </ns3:TPX>
            </Extensions>
          </Trackpoint>
          <Trackpoint>
            <Time>2026-08-03T16:17:34.000Z</Time>
            <Position>
              <LatitudeDegrees>44.28497479297221</LatitudeDegrees>
              <LongitudeDegrees>-81.60189561545849</LongitudeDegrees>
            </Position>
            <AltitudeMeters>176.39999389648438</AltitudeMeters>
            <DistanceMeters>2067.949951171875</DistanceMeters>
            <HeartRateBpm>
              <Value>86</Value>
            </HeartRateBpm>
            <Extensions>
              <ns3:TPX>
                <ns3:Speed>1.5399999618530273</ns3:Speed>
              </ns3:TPX>
            </Extensions>
          </Trackpoint>
          <Trackpoint>
            <Time>2026-08-03T16:17:39.000Z</Time>
            <Position>
              <LatitudeDegrees>44.28505257703364</LatitudeDegrees>
              <LongitudeDegrees>-81.6018118802458</LongitudeDegrees>
            </Position>
            <AltitudeMeters>176.39999389648438</AltitudeMeters>
            <DistanceMeters>2078.909912109375</DistanceMeters>
            <HeartRateBpm>
              <Value>85</Value>
            </HeartRateBpm>
            <Extensions>
              <ns3:TPX>
                <ns3:Speed>1.968999981880188</ns3:Speed>
              </ns3:TPX>
            </Extensions>
          </Trackpoint>
          <Trackpoint>
            <Time>2026-08-03T16:17:47.000Z</Time>
            <Position>
              <LatitudeDegrees>44.285164726898074</LatitudeDegrees>
              <LongitudeDegrees>-81.60167818889022</LongitudeDegrees>
            </Position>
            <AltitudeMeters>176.8000030517578</AltitudeMeters>
            <DistanceMeters>2095.47998046875</DistanceMeters>
            <HeartRateBpm>
              <Value>86</Value>
            </HeartRateBpm>
            <Extensions>
              <ns3:TPX>
                <ns3:Speed>2.0429999828338623</ns3:Speed>
              </ns3:TPX>
            </Extensions>
          </Trackpoint>
          <Trackpoint>
            <Time>2026-08-03T16:17:58.000Z</Time>
            <Position>
              <LatitudeDegrees>44.28526723757386</LatitudeDegrees>
              <LongitudeDegrees>-81.60144701600075</LongitudeDegrees>
            </Position>
            <AltitudeMeters>176.8000030517578</AltitudeMeters>
            <DistanceMeters>2117.39990234375</DistanceMeters>
            <HeartRateBpm>
              <Value>85</Value>
            </HeartRateBpm>
            <Extensions>
              <ns3:TPX>
                <ns3:Speed>1.996999979019165</ns3:Speed>
              </ns3:TPX>
            </Extensions>
          </Trackpoint>
          <Trackpoint>
            <Time>2026-08-03T16:18:02.000Z</Time>
            <Position>
              <LatitudeDegrees>44.28529498167336</LatitudeDegrees>
              <LongitudeDegrees>-81.60134106874466</LongitudeDegrees>
            </Position>
            <AltitudeMeters>176.8000030517578</AltitudeMeters>
            <DistanceMeters>2126.3701171875</DistanceMeters>
            <HeartRateBpm>
              <Value>82</Value>
            </HeartRateBpm>
            <Extensions>
              <ns3:TPX>
                <ns3:Speed>2.00600004196167</ns3:Speed>
              </ns3:TPX>
            </Extensions>
          </Trackpoint>
          <Trackpoint>
            <Time>2026-08-03T16:18:11.000Z</Time>
            <Position>
              <LatitudeDegrees>44.285361198708415</LatitudeDegrees>
              <LongitudeDegrees>-81.60112079232931</LongitudeDegrees>
            </Position>
            <AltitudeMeters>177.0</AltitudeMeters>
            <DistanceMeters>2145.39990234375</DistanceMeters>
            <HeartRateBpm>
              <Value>80</Value>
            </HeartRateBpm>
            <Extensions>
              <ns3:TPX>
                <ns3:Speed>2.1089999675750732</ns3:Speed>
              </ns3:TPX>
            </Extensions>
          </Trackpoint>
          <Trackpoint>
            <Time>2026-08-03T16:18:20.000Z</Time>
            <Position>
              <LatitudeDegrees>44.2854259070009</LatitudeDegrees>
              <LongitudeDegrees>-81.60090395249426</LongitudeDegrees>
            </Position>
            <AltitudeMeters>177.0</AltitudeMeters>
            <DistanceMeters>2164.3798828125</DistanceMeters>
            <HeartRateBpm>
              <Value>79</Value>
            </HeartRateBpm>
            <Extensions>
              <ns3:TPX>
                <ns3:Speed>2.0989999771118164</ns3:Speed>
              </ns3:TPX>
            </Extensions>
          </Trackpoint>
          <Trackpoint>
            <Time>2026-08-03T16:18:27.000Z</Time>
            <Position>
              <LatitudeDegrees>44.28552548401058</LatitudeDegrees>
              <LongitudeDegrees>-81.60077948123217</LongitudeDegrees>
            </Position>
            <AltitudeMeters>177.0</AltitudeMeters>
            <DistanceMeters>2179.27001953125</DistanceMeters>
            <HeartRateBpm>
              <Value>79</Value>
            </HeartRateBpm>
            <Extensions>
              <ns3:TPX>
                <ns3:Speed>2.127000093460083</ns3:Speed>
              </ns3:TPX>
            </Extensions>
          </Trackpoint>
          <Trackpoint>
            <Time>2026-08-03T16:18:34.000Z</Time>
            <Position>
              <LatitudeDegrees>44.285605950281024</LatitudeDegrees>
              <LongitudeDegrees>-81.60066716372967</LongitudeDegrees>
            </Position>
            <AltitudeMeters>176.60000610351562</AltitudeMeters>
            <DistanceMeters>2191.9599609375</DistanceMeters>
            <HeartRateBpm>
              <Value>80</Value>
            </HeartRateBpm>
            <Extensions>
              <ns3:TPX>
                <ns3:Speed>1.9780000448226929</ns3:Speed>
              </ns3:TPX>
            </Extensions>
          </Trackpoint>
          <Trackpoint>
            <Time>2026-08-03T16:18:42.000Z</Time>
            <Position>
              <LatitudeDegrees>44.28568842820823</LatitudeDegrees>
              <LongitudeDegrees>-81.60048988647759</LongitudeDegrees>
            </Position>
            <AltitudeMeters>176.60000610351562</AltitudeMeters>
            <DistanceMeters>2208.8798828125</DistanceMeters>
            <HeartRateBpm>
              <Value>79</Value>
            </HeartRateBpm>
            <Extensions>
              <ns3:TPX>
                <ns3:Speed>1.996999979019165</ns3:Speed>
              </ns3:TPX>
            </Extensions>
          </Trackpoint>
          <Trackpoint>
            <Time>2026-08-03T16:18:45.000Z</Time>
            <Position>
              <LatitudeDegrees>44.285718938335776</LatitudeDegrees>
              <LongitudeDegrees>-81.60042635165155</LongitudeDegrees>
            </Position>
            <AltitudeMeters>176.8000030517578</AltitudeMeters>
            <DistanceMeters>2214.97998046875</DistanceMeters>
            <HeartRateBpm>
              <Value>82</Value>
            </HeartRateBpm>
            <Extensions>
              <ns3:TPX>
                <ns3:Speed>2.0339999198913574</ns3:Speed>
              </ns3:TPX>
            </Extensions>
          </Trackpoint>
          <Trackpoint>
            <Time>2026-08-03T16:18:47.000Z</Time>
            <Position>
              <LatitudeDegrees>44.285739390179515</LatitudeDegrees>
              <LongitudeDegrees>-81.60038695670664</LongitudeDegrees>
            </Position>
            <AltitudeMeters>177.0</AltitudeMeters>
            <DistanceMeters>2218.85009765625</DistanceMeters>
            <HeartRateBpm>
              <Value>79</Value>
            </HeartRateBpm>
            <Extensions>
              <ns3:TPX>
                <ns3:Speed>1.9589999914169312</ns3:Speed>
              </ns3:TPX>
            </Extensions>
          </Trackpoint>
          <Trackpoint>
            <Time>2026-08-03T16:18:50.000Z</Time>
            <Position>
              <LatitudeDegrees>44.28575858473778</LatitudeDegrees>
              <LongitudeDegrees>-81.60031897947192</LongitudeDegrees>
            </Position>
            <AltitudeMeters>177.0</AltitudeMeters>
            <DistanceMeters>2224.659912109375</DistanceMeters>
            <HeartRateBpm>
              <Value>81</Value>
            </HeartRateBpm>
            <Extensions>
              <ns3:TPX>
                <ns3:Speed>1.9220000505447388</ns3:Speed>
              </ns3:TPX>
            </Extensions>
          </Trackpoint>
          <Trackpoint>
            <Time>2026-08-03T16:18:53.000Z</Time>
            <Position>
              <LatitudeDegrees>44.285774594172835</LatitudeDegrees>
              <LongitudeDegrees>-81.60024949349463</LongitudeDegrees>
            </Position>
            <AltitudeMeters>177.0</AltitudeMeters>
            <DistanceMeters>2230.469970703125</DistanceMeters>
            <HeartRateBpm>
              <Value>79</Value>
            </HeartRateBpm>
            <Extensions>
              <ns3:TPX>
                <ns3:Speed>1.902999997138977</ns3:Speed>
              </ns3:TPX>
            </Extensions>
          </Trackpoint>
          <Trackpoint>
            <Time>2026-08-03T16:18:57.000Z</Time>
            <Position>
              <LatitudeDegrees>44.28579588420689</LatitudeDegrees>
              <LongitudeDegrees>-81.60017665475607</LongitudeDegrees>
            </Position>
            <AltitudeMeters>177.1999969482422</AltitudeMeters>
            <DistanceMeters>2236.77001953125</DistanceMeters>
            <HeartRateBpm>
              <Value>77</Value>
            </HeartRateBpm>
            <Extensions>
              <ns3:TPX>
                <ns3:Speed>1.7910000085830688</ns3:Speed>
              </ns3:TPX>
            </Extensions>
          </Trackpoint>
          <Trackpoint>
            <Time>2026-08-03T16:19:04.000Z</Time>
            <Position>
              <LatitudeDegrees>44.28587391972542</LatitudeDegrees>
              <LongitudeDegrees>-81.60009954124689</LongitudeDegrees>
            </Position>
            <AltitudeMeters>177.1999969482422</AltitudeMeters>
            <DistanceMeters>2247.2900390625</DistanceMeters>
            <HeartRateBpm>
              <Value>73</Value>
            </HeartRateBpm>
            <Extensions>
              <ns3:TPX>
                <ns3:Speed>1.5019999742507935</ns3:Speed>
              </ns3:TPX>
            </Extensions>
          </Trackpoint>
          <Trackpoint>
            <Time>2026-08-03T16:19:11.000Z</Time>
            <Position>
              <LatitudeDegrees>44.28597659803927</LatitudeDegrees>
              <LongitudeDegrees>-81.60000851377845</LongitudeDegrees>
            </Position>
            <AltitudeMeters>176.8000030517578</AltitudeMeters>
            <DistanceMeters>2260.8701171875</DistanceMeters>
            <HeartRateBpm>
              <Value>72</Value>
            </HeartRateBpm>
            <Extensions>
              <ns3:TPX>
                <ns3:Speed>1.6699999570846558</ns3:Speed>
              </ns3:TPX>
            </Extensions>
          </Trackpoint>
          <Trackpoint>
            <Time>2026-08-03T16:19:13.000Z</Time>
            <Position>
              <LatitudeDegrees>44.286011131480336</LatitudeDegrees>
              <LongitudeDegrees>-81.59998345188797</LongitudeDegrees>
            </Position>
            <AltitudeMeters>176.60000610351562</AltitudeMeters>
            <DistanceMeters>2265.18994140625</DistanceMeters>
            <HeartRateBpm>
              <Value>77</Value>
            </HeartRateBpm>
            <Extensions>
              <ns3:TPX>
                <ns3:Speed>1.8009999990463257</ns3:Speed>
              </ns3:TPX>
            </Extensions>
          </Trackpoint>
          <Trackpoint>
            <Time>2026-08-03T16:19:14.000Z</Time>
            <Position>
              <LatitudeDegrees>44.286028649657965</LatitudeDegrees>
              <LongitudeDegrees>-81.59997121430933</LongitudeDegrees>
            </Position>
            <AltitudeMeters>176.60000610351562</AltitudeMeters>
            <DistanceMeters>2267.3701171875</DistanceMeters>
            <HeartRateBpm>
              <Value>73</Value>
            </HeartRateBpm>
            <Extensions>
              <ns3:TPX>
                <ns3:Speed>1.809999942779541</ns3:Speed>
              </ns3:TPX>
            </Extensions>
          </Trackpoint>
          <Trackpoint>
            <Time>2026-08-03T16:19:18.000Z</Time>
            <Position>
              <LatitudeDegrees>44.28610811010003</LatitudeDegrees>
              <LongitudeDegrees>-81.59993458539248</LongitudeDegrees>
            </Position>
            <AltitudeMeters>176.60000610351562</AltitudeMeters>
            <DistanceMeters>2276.679931640625</DistanceMeters>
            <HeartRateBpm>
              <Value>75</Value>
            </HeartRateBpm>
            <Extensions>
              <ns3:TPX>
                <ns3:Speed>1.968999981880188</ns3:Speed>
              </ns3:TPX>
            </Extensions>
          </Trackpoint>
          <Trackpoint>
            <Time>2026-08-03T16:19:24.000Z</Time>
            <Position>
              <LatitudeDegrees>44.28621514700353</LatitudeDegrees>
              <LongitudeDegrees>-81.59986945800483</LongitudeDegrees>
            </Position>
            <AltitudeMeters>176.8000030517578</AltitudeMeters>
            <DistanceMeters>2289.669921875</DistanceMeters>
            <HeartRateBpm>
              <Value>78</Value>
            </HeartRateBpm>
            <Extensions>
              <ns3:TPX>
                <ns3:Speed>2.1459999084472656</ns3:Speed>
              </ns3:TPX>
            </Extensions>
          </Trackpoint>
          <Trackpoint>
            <Time>2026-08-03T16:19:27.000Z</Time>
            <Position>
              <LatitudeDegrees>44.286262756213546</LatitudeDegrees>
              <LongitudeDegrees>-81.59982729703188</LongitudeDegrees>
            </Position>
            <AltitudeMeters>177.0</AltitudeMeters>
            <DistanceMeters>2295.9599609375</DistanceMeters>
            <HeartRateBpm>
              <Value>78</Value>
            </HeartRateBpm>
            <Extensions>
              <ns3:TPX>
                <ns3:Speed>2.1089999675750732</ns3:Speed>
              </ns3:TPX>
            </Extensions>
          </Trackpoint>
          <Trackpoint>
            <Time>2026-08-03T16:19:37.000Z</Time>
            <Position>
              <LatitudeDegrees>44.28643777035177</LatitudeDegrees>
              <LongitudeDegrees>-81.59967550076544</LongitudeDegrees>
            </Position>
            <AltitudeMeters>177.1999969482422</AltitudeMeters>
            <DistanceMeters>2318.93994140625</DistanceMeters>
            <HeartRateBpm>
              <Value>80</Value>
            </HeartRateBpm>
            <Extensions>
              <ns3:TPX>
                <ns3:Speed>2.2109999656677246</ns3:Speed>
              </ns3:TPX>
            </Extensions>
          </Trackpoint>
          <Trackpoint>
            <Time>2026-08-03T16:19:47.000Z</Time>
            <Position>
              <LatitudeDegrees>44.28662410005927</LatitudeDegrees>
              <LongitudeDegrees>-81.5995432343334</LongitudeDegrees>
            </Position>
            <AltitudeMeters>177.39999389648438</AltitudeMeters>
            <DistanceMeters>2342.22998046875</DistanceMeters>
            <HeartRateBpm>
              <Value>76</Value>
            </HeartRateBpm>
            <Extensions>
              <ns3:TPX>
                <ns3:Speed>2.2769999504089355</ns3:Speed>
              </ns3:TPX>
            </Extensions>
          </Trackpoint>
          <Trackpoint>
            <Time>2026-08-03T16:19:50.000Z</Time>
            <Position>
              <LatitudeDegrees>44.28667992353439</LatitudeDegrees>
              <LongitudeDegrees>-81.59950316883624</LongitudeDegrees>
            </Position>
            <AltitudeMeters>177.1999969482422</AltitudeMeters>
            <DistanceMeters>2349.2099609375</DistanceMeters>
            <HeartRateBpm>
              <Value>77</Value>
            </HeartRateBpm>
            <Extensions>
              <ns3:TPX>
                <ns3:Speed>2.2769999504089355</ns3:Speed>
              </ns3:TPX>
            </Extensions>
          </Trackpoint>
          <Trackpoint>
            <Time>2026-08-03T16:19:59.000Z</Time>
            <Position>
              <LatitudeDegrees>44.28686046972871</LatitudeDegrees>
              <LongitudeDegrees>-81.59940283745527</LongitudeDegrees>
            </Position>
            <AltitudeMeters>177.39999389648438</AltitudeMeters>
            <DistanceMeters>2370.830078125</DistanceMeters>
            <HeartRateBpm>
              <Value>78</Value>
            </HeartRateBpm>
            <Extensions>
              <ns3:TPX>
                <ns3:Speed>2.378999948501587</ns3:Speed>
              </ns3:TPX>
            </Extensions>
          </Trackpoint>
          <Trackpoint>
            <Time>2026-08-03T16:20:07.000Z</Time>
            <Position>
              <LatitudeDegrees>44.28700799122453</LatitudeDegrees>
              <LongitudeDegrees>-81.5993061941117</LongitudeDegrees>
            </Position>
            <AltitudeMeters>177.39999389648438</AltitudeMeters>
            <DistanceMeters>2388.969970703125</DistanceMeters>
            <HeartRateBpm>
              <Value>80</Value>
            </HeartRateBpm>
            <Extensions>
              <ns3:TPX>
                <ns3:Speed>2.3329999446868896</ns3:Speed>
              </ns3:TPX>
            </Extensions>
          </Trackpoint>
          <Trackpoint>
            <Time>2026-08-03T16:20:17.000Z</Time>
            <Position>
              <LatitudeDegrees>44.28717956878245</LatitudeDegrees>
              <LongitudeDegrees>-81.59919689409435</LongitudeDegrees>
            </Position>
            <AltitudeMeters>177.60000610351562</AltitudeMeters>
            <DistanceMeters>2409.969970703125</DistanceMeters>
            <HeartRateBpm>
              <Value>79</Value>
            </HeartRateBpm>
            <Extensions>
              <ns3:TPX>
                <ns3:Speed>2.1649999618530273</ns3:Speed>
              </ns3:TPX>
            </Extensions>
          </Trackpoint>
          <Trackpoint>
            <Time>2026-08-03T16:20:22.000Z</Time>
            <Position>
              <LatitudeDegrees>44.28726707585156</LatitudeDegrees>
              <LongitudeDegrees>-81.5991547331214</LongitudeDegrees>
            </Position>
            <AltitudeMeters>177.60000610351562</AltitudeMeters>
            <DistanceMeters>2420.260009765625</DistanceMeters>
            <HeartRateBpm>
              <Value>76</Value>
            </HeartRateBpm>
            <Extensions>
              <ns3:TPX>
                <ns3:Speed>2.193000078201294</ns3:Speed>
              </ns3:TPX>
            </Extensions>
          </Trackpoint>
          <Trackpoint>
            <Time>2026-08-03T16:20:28.000Z</Time>
            <Position>
              <LatitudeDegrees>44.28737419657409</LatitudeDegrees>
              <LongitudeDegrees>-81.5991116501391</LongitudeDegrees>
            </Position>
            <AltitudeMeters>177.1999969482422</AltitudeMeters>
            <DistanceMeters>2432.679931640625</DistanceMeters>
            <HeartRateBpm>
              <Value>76</Value>
            </HeartRateBpm>
            <Extensions>
              <ns3:TPX>
                <ns3:Speed>2.1549999713897705</ns3:Speed>
              </ns3:TPX>
            </Extensions>
          </Trackpoint>
          <Trackpoint>
            <Time>2026-08-03T16:20:29.000Z</Time>
            <Position>
              <LatitudeDegrees>44.287394313141704</LatitudeDegrees>
              <LongitudeDegrees>-81.59910486079752</LongitudeDegrees>
            </Position>
            <AltitudeMeters>177.0</AltitudeMeters>
            <DistanceMeters>2434.97998046875</DistanceMeters>
            <HeartRateBpm>
              <Value>73</Value>
            </HeartRateBpm>
            <Extensions>
              <ns3:TPX>
                <ns3:Speed>2.2019999027252197</ns3:Speed>
              </ns3:TPX>
            </Extensions>
          </Trackpoint>
          <Trackpoint>
            <Time>2026-08-03T16:20:37.000Z</Time>
            <Position>
              <LatitudeDegrees>44.28754518739879</LatitudeDegrees>
              <LongitudeDegrees>-81.59903855994344</LongitudeDegrees>
            </Position>
            <AltitudeMeters>177.0</AltitudeMeters>
            <DistanceMeters>2452.580078125</DistanceMeters>
            <HeartRateBpm>
              <Value>70</Value>
            </HeartRateBpm>
            <Extensions>
              <ns3:TPX>
                <ns3:Speed>2.2300000190734863</ns3:Speed>
              </ns3:TPX>
            </Extensions>
          </Trackpoint>
          <Trackpoint>
            <Time>2026-08-03T16:20:39.000Z</Time>
            <Position>
              <LatitudeDegrees>44.287581061944366</LatitudeDegrees>
              <LongitudeDegrees>-81.59901936538517</LongitudeDegrees>
            </Position>
            <AltitudeMeters>177.0</AltitudeMeters>
            <DistanceMeters>2456.85009765625</DistanceMeters>
            <HeartRateBpm>
              <Value>70</Value>
            </HeartRateBpm>
            <Extensions>
              <ns3:TPX>
                <ns3:Speed>2.2019999027252197</ns3:Speed>
              </ns3:TPX>
            </Extensions>
          </Trackpoint>
          <Trackpoint>
            <Time>2026-08-03T16:20:44.000Z</Time>
            <Position>
              <LatitudeDegrees>44.28768776357174</LatitudeDegrees>
              <LongitudeDegrees>-81.59897971898317</LongitudeDegrees>
            </Position>
            <AltitudeMeters>177.0</AltitudeMeters>
            <DistanceMeters>2469.139892578125</DistanceMeters>
            <HeartRateBpm>
              <Value>67</Value>
            </HeartRateBpm>
            <Extensions>
              <ns3:TPX>
                <ns3:Speed>2.2019999027252197</ns3:Speed>
              </ns3:TPX>
            </Extensions>
          </Trackpoint>
          <Trackpoint>
            <Time>2026-08-03T16:20:48.000Z</Time>
            <Position>
              <LatitudeDegrees>44.28775959648192</LatitudeDegrees>
              <LongitudeDegrees>-81.5989509690553</LongitudeDegrees>
            </Position>
            <AltitudeMeters>177.1999969482422</AltitudeMeters>
            <DistanceMeters>2477.449951171875</DistanceMeters>
            <HeartRateBpm>
              <Value>64</Value>
            </HeartRateBpm>
            <Extensions>
              <ns3:TPX>
                <ns3:Speed>2.118000030517578</ns3:Speed>
              </ns3:TPX>
            </Extensions>
          </Trackpoint>
          <Trackpoint>
            <Time>2026-08-03T16:20:55.000Z</Time>
            <Position>
              <LatitudeDegrees>44.28789203055203</LatitudeDegrees>
              <LongitudeDegrees>-81.5989385638386</LongitudeDegrees>
            </Position>
            <AltitudeMeters>177.60000610351562</AltitudeMeters>
            <DistanceMeters>2492.239990234375</DistanceMeters>
            <HeartRateBpm>
              <Value>62</Value>
            </HeartRateBpm>
            <Extensions>
              <ns3:TPX>
                <ns3:Speed>1.996999979019165</ns3:Speed>
              </ns3:TPX>
            </Extensions>
          </Trackpoint>
          <Trackpoint>
            <Time>2026-08-03T16:21:06.000Z</Time>
            <Position>
              <LatitudeDegrees>44.28809093311429</LatitudeDegrees>
              <LongitudeDegrees>-81.59885675646365</LongitudeDegrees>
            </Position>
            <AltitudeMeters>177.0</AltitudeMeters>
            <DistanceMeters>2515.550048828125</DistanceMeters>
            <HeartRateBpm>
              <Value>63</Value>
            </HeartRateBpm>
            <Extensions>
              <ns3:TPX>
                <ns3:Speed>2.127000093460083</ns3:Speed>
              </ns3:TPX>
            </Extensions>
          </Trackpoint>
          <Trackpoint>
            <Time>2026-08-03T16:21:12.000Z</Time>
            <Position>
              <LatitudeDegrees>44.288198221474886</LatitudeDegrees>
              <LongitudeDegrees>-81.59877905622125</LongitudeDegrees>
            </Position>
            <AltitudeMeters>177.0</AltitudeMeters>
            <DistanceMeters>2528.989990234375</DistanceMeters>
            <HeartRateBpm>
              <Value>67</Value>
            </HeartRateBpm>
            <Extensions>
              <ns3:TPX>
                <ns3:Speed>2.2019999027252197</ns3:Speed>
              </ns3:TPX>
            </Extensions>
          </Trackpoint>
          <Trackpoint>
            <Time>2026-08-03T16:21:17.000Z</Time>
            <Position>
              <LatitudeDegrees>44.28829184733331</LatitudeDegrees>
              <LongitudeDegrees>-81.59871795214713</LongitudeDegrees>
            </Position>
            <AltitudeMeters>176.8000030517578</AltitudeMeters>
            <DistanceMeters>2540.47998046875</DistanceMeters>
            <HeartRateBpm>
              <Value>66</Value>
            </HeartRateBpm>
            <Extensions>
              <ns3:TPX>
                <ns3:Speed>2.127000093460083</ns3:Speed>
              </ns3:TPX>
            </Extensions>
          </Trackpoint>
          <Trackpoint>
            <Time>2026-08-03T16:21:25.000Z</Time>
            <Position>
              <LatitudeDegrees>44.288451354950666</LatitudeDegrees>
              <LongitudeDegrees>-81.59864729270339</LongitudeDegrees>
            </Position>
            <AltitudeMeters>176.8000030517578</AltitudeMeters>
            <DistanceMeters>2559.1298828125</DistanceMeters>
            <HeartRateBpm>
              <Value>65</Value>
            </HeartRateBpm>
            <Extensions>
              <ns3:TPX>
                <ns3:Speed>2.2769999504089355</ns3:Speed>
              </ns3:TPX>
            </Extensions>
          </Trackpoint>
          <Trackpoint>
            <Time>2026-08-03T16:21:39.000Z</Time>
            <Position>
              <LatitudeDegrees>44.28872988559306</LatitudeDegrees>
              <LongitudeDegrees>-81.59849063493311</LongitudeDegrees>
            </Position>
            <AltitudeMeters>176.8000030517578</AltitudeMeters>
            <DistanceMeters>2592.530029296875</DistanceMeters>
            <HeartRateBpm>
              <Value>65</Value>
            </HeartRateBpm>
            <Extensions>
              <ns3:TPX>
                <ns3:Speed>2.369999885559082</ns3:Speed>
              </ns3:TPX>
            </Extensions>
          </Trackpoint>
          <Trackpoint>
            <Time>2026-08-03T16:21:51.000Z</Time>
            <Position>
              <LatitudeDegrees>44.28896860219538</LatitudeDegrees>
              <LongitudeDegrees>-81.59834193997085</LongitudeDegrees>
            </Position>
            <AltitudeMeters>177.0</AltitudeMeters>
            <DistanceMeters>2621.590087890625</DistanceMeters>
            <HeartRateBpm>
              <Value>66</Value>
            </HeartRateBpm>
            <Extensions>
              <ns3:TPX>
                <ns3:Speed>2.4630000591278076</ns3:Speed>
              </ns3:TPX>
            </Extensions>
          </Trackpoint>
          <Trackpoint>
            <Time>2026-08-03T16:22:02.000Z</Time>
            <Position>
              <LatitudeDegrees>44.28920857608318</LatitudeDegrees>
              <LongitudeDegrees>-81.59821906127036</LongitudeDegrees>
            </Position>
            <AltitudeMeters>177.1999969482422</AltitudeMeters>
            <DistanceMeters>2650.260009765625</DistanceMeters>
            <HeartRateBpm>
              <Value>67</Value>
            </HeartRateBpm>
            <Extensions>
              <ns3:TPX>
                <ns3:Speed>2.5850000381469727</ns3:Speed>
              </ns3:TPX>
            </Extensions>
          </Trackpoint>
          <Trackpoint>
            <Time>2026-08-03T16:22:10.000Z</Time>
            <Position>
              <LatitudeDegrees>44.289359617978334</LatitudeDegrees>
              <LongitudeDegrees>-81.59816483035684</LongitudeDegrees>
            </Position>
            <AltitudeMeters>177.8000030517578</AltitudeMeters>
            <DistanceMeters>2667.64990234375</DistanceMeters>
            <HeartRateBpm>
              <Value>69</Value>
            </HeartRateBpm>
            <Extensions>
              <ns3:TPX>
                <ns3:Speed>2.2300000190734863</ns3:Speed>
              </ns3:TPX>
            </Extensions>
          </Trackpoint>
          <Trackpoint>
            <Time>2026-08-03T16:22:18.000Z</Time>
            <Position>
              <LatitudeDegrees>44.28950403816998</LatitudeDegrees>
              <LongitudeDegrees>-81.59811235964298</LongitudeDegrees>
            </Position>
            <AltitudeMeters>177.8000030517578</AltitudeMeters>
            <DistanceMeters>2684.239990234375</DistanceMeters>
            <HeartRateBpm>
              <Value>72</Value>
            </HeartRateBpm>
            <Extensions>
              <ns3:TPX>
                <ns3:Speed>2.0989999771118164</ns3:Speed>
              </ns3:TPX>
            </Extensions>
          </Trackpoint>
          <Trackpoint>
            <Time>2026-08-03T16:22:23.000Z</Time>
            <Position>
              <LatitudeDegrees>44.28957981057465</LatitudeDegrees>
              <LongitudeDegrees>-81.59806936047971</LongitudeDegrees>
            </Position>
            <AltitudeMeters>178.0</AltitudeMeters>
            <DistanceMeters>2693.35009765625</DistanceMeters>
            <HeartRateBpm>
              <Value>72</Value>
            </HeartRateBpm>
            <Extensions>
              <ns3:TPX>
                <ns3:Speed>2.0810000896453857</ns3:Speed>
              </ns3:TPX>
            </Extensions>
          </Trackpoint>
          <Trackpoint>
            <Time>2026-08-03T16:22:31.000Z</Time>
            <Position>
              <LatitudeDegrees>44.28972330875695</LatitudeDegrees>
              <LongitudeDegrees>-81.5980233438313</LongitudeDegrees>
            </Position>
            <AltitudeMeters>178.0</AltitudeMeters>
            <DistanceMeters>2709.7099609375</DistanceMeters>
            <HeartRateBpm>
              <Value>75</Value>
            </HeartRateBpm>
            <Extensions>
              <ns3:TPX>
                <ns3:Speed>1.996999979019165</ns3:Speed>
              </ns3:TPX>
            </Extensions>
          </Trackpoint>
          <Trackpoint>
            <Time>2026-08-03T16:22:35.000Z</Time>
            <Position>
              <LatitudeDegrees>44.289787681773305</LatitudeDegrees>
              <LongitudeDegrees>-81.59799920395017</LongitudeDegrees>
            </Position>
            <AltitudeMeters>178.0</AltitudeMeters>
            <DistanceMeters>2717.1298828125</DistanceMeters>
            <HeartRateBpm>
              <Value>74</Value>
            </HeartRateBpm>
            <Extensions>
              <ns3:TPX>
                <ns3:Speed>1.996999979019165</ns3:Speed>
              </ns3:TPX>
            </Extensions>
          </Trackpoint>
          <Trackpoint>
            <Time>2026-08-03T16:22:45.000Z</Time>
            <Position>
              <LatitudeDegrees>44.289949871599674</LatitudeDegrees>
              <LongitudeDegrees>-81.5978679433465</LongitudeDegrees>
            </Position>
            <AltitudeMeters>177.60000610351562</AltitudeMeters>
            <DistanceMeters>2738.110107421875</DistanceMeters>
            <HeartRateBpm>
              <Value>73</Value>
            </HeartRateBpm>
            <Extensions>
              <ns3:TPX>
                <ns3:Speed>2.2019999027252197</ns3:Speed>
              </ns3:TPX>
            </Extensions>
          </Trackpoint>
          <Trackpoint>
            <Time>2026-08-03T16:22:56.000Z</Time>
            <Position>
              <LatitudeDegrees>44.29017182439566</LatitudeDegrees>
              <LongitudeDegrees>-81.59767465665936</LongitudeDegrees>
            </Position>
            <AltitudeMeters>177.8000030517578</AltitudeMeters>
            <DistanceMeters>2767.260009765625</DistanceMeters>
            <HeartRateBpm>
              <Value>75</Value>
            </HeartRateBpm>
            <Extensions>
              <ns3:TPX>
                <ns3:Speed>2.565999984741211</ns3:Speed>
              </ns3:TPX>
            </Extensions>
          </Trackpoint>
          <Trackpoint>
            <Time>2026-08-03T16:23:03.000Z</Time>
            <Position>
              <LatitudeDegrees>44.290315825492144</LatitudeDegrees>
              <LongitudeDegrees>-81.59753669053316</LongitudeDegrees>
            </Position>
            <AltitudeMeters>177.8000030517578</AltitudeMeters>
            <DistanceMeters>2786.699951171875</DistanceMeters>
            <HeartRateBpm>
              <Value>72</Value>
            </HeartRateBpm>
            <Extensions>
              <ns3:TPX>
                <ns3:Speed>2.687000036239624</ns3:Speed>
              </ns3:TPX>
            </Extensions>
          </Trackpoint>
          <Trackpoint>
            <Time>2026-08-03T16:23:06.000Z</Time>
            <Position>
              <LatitudeDegrees>44.290384724736214</LatitudeDegrees>
              <LongitudeDegrees>-81.59748489037156</LongitudeDegrees>
            </Position>
            <AltitudeMeters>177.60000610351562</AltitudeMeters>
            <DistanceMeters>2795.3701171875</DistanceMeters>
            <HeartRateBpm>
              <Value>69</Value>
            </HeartRateBpm>
            <Extensions>
              <ns3:TPX>
                <ns3:Speed>2.818000078201294</ns3:Speed>
              </ns3:TPX>
            </Extensions>
          </Trackpoint>
          <Trackpoint>
            <Time>2026-08-03T16:23:08.000Z</Time>
            <Position>
              <LatitudeDegrees>44.29042889736593</LatitudeDegrees>
              <LongitudeDegrees>-81.59744415432215</LongitudeDegrees>
            </Position>
            <AltitudeMeters>177.8000030517578</AltitudeMeters>
            <DistanceMeters>2801.260009765625</DistanceMeters>
            <HeartRateBpm>
              <Value>68</Value>
            </HeartRateBpm>
            <Extensions>
              <ns3:TPX>
                <ns3:Speed>2.818000078201294</ns3:Speed>
              </ns3:TPX>
            </Extensions>
          </Trackpoint>
          <Trackpoint>
            <Time>2026-08-03T16:23:19.000Z</Time>
            <Position>
              <LatitudeDegrees>44.29068244993687</LatitudeDegrees>
              <LongitudeDegrees>-81.59729294478893</LongitudeDegrees>
            </Position>
            <AltitudeMeters>177.60000610351562</AltitudeMeters>
            <DistanceMeters>2832.1298828125</DistanceMeters>
            <HeartRateBpm>
              <Value>66</Value>
            </HeartRateBpm>
            <Extensions>
              <ns3:TPX>
                <ns3:Speed>2.8929998874664307</ns3:Speed>
              </ns3:TPX>
            </Extensions>
          </Trackpoint>
          <Trackpoint>
            <Time>2026-08-03T16:23:27.000Z</Time>
            <Position>
              <LatitudeDegrees>44.29084924980998</LatitudeDegrees>
              <LongitudeDegrees>-81.59724592231214</LongitudeDegrees>
            </Position>
            <AltitudeMeters>177.60000610351562</AltitudeMeters>
            <DistanceMeters>2851.050048828125</DistanceMeters>
            <HeartRateBpm>
              <Value>66</Value>
            </HeartRateBpm>
            <Extensions>
              <ns3:TPX>
                <ns3:Speed>2.3889999389648438</ns3:Speed>
              </ns3:TPX>
            </Extensions>
          </Trackpoint>
          <Trackpoint>
            <Time>2026-08-03T16:23:34.000Z</Time>
            <Position>
              <LatitudeDegrees>44.290995597839355</LatitudeDegrees>
              <LongitudeDegrees>-81.59718255512416</LongitudeDegrees>
            </Position>
            <AltitudeMeters>177.0</AltitudeMeters>
            <DistanceMeters>2868.090087890625</DistanceMeters>
            <HeartRateBpm>
              <Value>67</Value>
            </HeartRateBpm>
            <Extensions>
              <ns3:TPX>
                <ns3:Speed>2.509999990463257</ns3:Speed>
              </ns3:TPX>
            </Extensions>
          </Trackpoint>
          <Trackpoint>
            <Time>2026-08-03T16:23:47.000Z</Time>
            <Position>
              <LatitudeDegrees>44.2912679258734</LatitudeDegrees>
              <LongitudeDegrees>-81.59707015380263</LongitudeDegrees>
            </Position>
            <AltitudeMeters>177.0</AltitudeMeters>
            <DistanceMeters>2899.64990234375</DistanceMeters>
            <HeartRateBpm>
              <Value>70</Value>
            </HeartRateBpm>
            <Extensions>
              <ns3:TPX>
                <ns3:Speed>2.490999937057495</ns3:Speed>
              </ns3:TPX>
            </Extensions>
          </Trackpoint>
          <Trackpoint>
            <Time>2026-08-03T16:23:50.000Z</Time>
            <Position>
              <LatitudeDegrees>44.29132919758558</LatitudeDegrees>
              <LongitudeDegrees>-81.59703922457993</LongitudeDegrees>
            </Position>
            <AltitudeMeters>177.39999389648438</AltitudeMeters>
            <DistanceMeters>2906.89990234375</DistanceMeters>
            <HeartRateBpm>
              <Value>71</Value>
            </HeartRateBpm>
            <Extensions>
              <ns3:TPX>
                <ns3:Speed>2.2950000762939453</ns3:Speed>
              </ns3:TPX>
            </Extensions>
          </Trackpoint>
          <Trackpoint>
            <Time>2026-08-03T16:23:53.000Z</Time>
            <Position>
              <LatitudeDegrees>44.29138510487974</LatitudeDegrees>
              <LongitudeDegrees>-81.5970148332417</LongitudeDegrees>
            </Position>
            <AltitudeMeters>177.39999389648438</AltitudeMeters>
            <DistanceMeters>2913.419921875</DistanceMeters>
            <HeartRateBpm>
              <Value>74</Value>
            </HeartRateBpm>
            <Extensions>
              <ns3:TPX>
                <ns3:Speed>2.2769999504089355</ns3:Speed>
              </ns3:TPX>
            </Extensions>
          </Trackpoint>
          <Trackpoint>
            <Time>2026-08-03T16:23:57.000Z</Time>
            <Position>
              <LatitudeDegrees>44.29146624170244</LatitudeDegrees>
              <LongitudeDegrees>-81.5969749353826</LongitudeDegrees>
            </Position>
            <AltitudeMeters>177.0</AltitudeMeters>
            <DistanceMeters>2922.989990234375</DistanceMeters>
            <HeartRateBpm>
              <Value>77</Value>
            </HeartRateBpm>
            <Extensions>
              <ns3:TPX>
                <ns3:Speed>2.2950000762939453</ns3:Speed>
              </ns3:TPX>
            </Extensions>
          </Trackpoint>
          <Trackpoint>
            <Time>2026-08-03T16:23:58.000Z</Time>
            <Position>
              <LatitudeDegrees>44.29148602299392</LatitudeDegrees>
              <LongitudeDegrees>-81.59696236252785</LongitudeDegrees>
            </Position>
            <AltitudeMeters>176.8000030517578</AltitudeMeters>
            <DistanceMeters>2925.39990234375</DistanceMeters>
            <HeartRateBpm>
              <Value>77</Value>
            </HeartRateBpm>
            <Extensions>
              <ns3:TPX>
                <ns3:Speed>2.3610000610351562</ns3:Speed>
              </ns3:TPX>
            </Extensions>
          </Trackpoint>
          <Trackpoint>
            <Time>2026-08-03T16:24:07.000Z</Time>
            <Position>
              <LatitudeDegrees>44.29167101159692</LatitudeDegrees>
              <LongitudeDegrees>-81.59686245024204</LongitudeDegrees>
            </Position>
            <AltitudeMeters>176.60000610351562</AltitudeMeters>
            <DistanceMeters>2947.5</DistanceMeters>
            <HeartRateBpm>
              <Value>80</Value>
            </HeartRateBpm>
            <Extensions>
              <ns3:TPX>
                <ns3:Speed>2.4539999961853027</ns3:Speed>
              </ns3:TPX>
            </Extensions>
          </Trackpoint>
          <Trackpoint>
            <Time>2026-08-03T16:24:08.000Z</Time>
            <Position>
              <LatitudeDegrees>44.29169062525034</LatitudeDegrees>
              <LongitudeDegrees>-81.59684987738729</LongitudeDegrees>
            </Position>
            <AltitudeMeters>176.60000610351562</AltitudeMeters>
            <DistanceMeters>2949.89990234375</DistanceMeters>
            <HeartRateBpm>
              <Value>80</Value>
            </HeartRateBpm>
            <Extensions>
              <ns3:TPX>
                <ns3:Speed>2.4539999961853027</ns3:Speed>
              </ns3:TPX>
            </Extensions>
          </Trackpoint>
          <Trackpoint>
            <Time>2026-08-03T16:24:19.000Z</Time>
            <Position>
              <LatitudeDegrees>44.29192464798689</LatitudeDegrees>
              <LongitudeDegrees>-81.59668894484639</LongitudeDegrees>
            </Position>
            <AltitudeMeters>177.39999389648438</AltitudeMeters>
            <DistanceMeters>2978.929931640625</DistanceMeters>
            <HeartRateBpm>
              <Value>82</Value>
            </HeartRateBpm>
            <Extensions>
              <ns3:TPX>
                <ns3:Speed>2.509999990463257</ns3:Speed>
              </ns3:TPX>
            </Extensions>
          </Trackpoint>
          <Trackpoint>
            <Time>2026-08-03T16:24:20.000Z</Time>
            <Position>
              <LatitudeDegrees>44.291946021839976</LatitudeDegrees>
              <LongitudeDegrees>-81.5966767910868</LongitudeDegrees>
            </Position>
            <AltitudeMeters>177.39999389648438</AltitudeMeters>
            <DistanceMeters>2981.5</DistanceMeters>
            <HeartRateBpm>
              <Value>79</Value>
            </HeartRateBpm>
            <Extensions>
              <ns3:TPX>
                <ns3:Speed>2.6029999256134033</ns3:Speed>
              </ns3:TPX>
            </Extensions>
          </Trackpoint>
          <Trackpoint>
            <Time>2026-08-03T16:24:31.000Z</Time>
            <Position>
              <LatitudeDegrees>44.29218624718487</LatitudeDegrees>
              <LongitudeDegrees>-81.59651493653655</LongitudeDegrees>
            </Position>
            <AltitudeMeters>176.60000610351562</AltitudeMeters>
            <DistanceMeters>3011.18994140625</DistanceMeters>
            <HeartRateBpm>
              <Value>82</Value>
            </HeartRateBpm>
            <Extensions>
              <ns3:TPX>
                <ns3:Speed>2.5850000381469727</ns3:Speed>
              </ns3:TPX>
            </Extensions>
          </Trackpoint>
          <Trackpoint>
            <Time>2026-08-03T16:24:33.000Z</Time>
            <Position>
              <LatitudeDegrees>44.292240059003234</LatitudeDegrees>
              <LongitudeDegrees>-81.59647612832487</LongitudeDegrees>
            </Position>
            <AltitudeMeters>176.39999389648438</AltitudeMeters>
            <DistanceMeters>3017.929931640625</DistanceMeters>
            <HeartRateBpm>
              <Value>78</Value>
            </HeartRateBpm>
            <Extensions>
              <ns3:TPX>
                <ns3:Speed>3.2190001010894775</ns3:Speed>
              </ns3:TPX>
            </Extensions>
          </Trackpoint>
          <Trackpoint>
            <Time>2026-08-03T16:24:37.000Z</Time>
            <Position>
              <LatitudeDegrees>44.29235162213445</LatitudeDegrees>
              <LongitudeDegrees>-81.59640085883439</LongitudeDegrees>
            </Position>
            <AltitudeMeters>176.39999389648438</AltitudeMeters>
            <DistanceMeters>3031.699951171875</DistanceMeters>
            <HeartRateBpm>
              <Value>77</Value>
            </HeartRateBpm>
            <Extensions>
              <ns3:TPX>
                <ns3:Speed>3.0980000495910645</ns3:Speed>
              </ns3:TPX>
            </Extensions>
          </Trackpoint>
          <Trackpoint>
            <Time>2026-08-03T16:24:47.000Z</Time>
            <Position>
              <LatitudeDegrees>44.2925959546119</LatitudeDegrees>
              <LongitudeDegrees>-81.59620681777596</LongitudeDegrees>
            </Position>
            <AltitudeMeters>176.1999969482422</AltitudeMeters>
            <DistanceMeters>3063.080078125</DistanceMeters>
            <HeartRateBpm>
              <Value>79</Value>
            </HeartRateBpm>
            <Extensions>
              <ns3:TPX>
                <ns3:Speed>3.134999990463257</ns3:Speed>
              </ns3:TPX>
            </Extensions>
          </Trackpoint>
          <Trackpoint>
            <Time>2026-08-03T16:24:58.000Z</Time>
            <Position>
              <LatitudeDegrees>44.292826456949115</LatitudeDegrees>
              <LongitudeDegrees>-81.59599534235895</LongitudeDegrees>
            </Position>
            <AltitudeMeters>176.1999969482422</AltitudeMeters>
            <DistanceMeters>3093.72998046875</DistanceMeters>
            <HeartRateBpm>
              <Value>78</Value>
            </HeartRateBpm>
            <Extensions>
              <ns3:TPX>
                <ns3:Speed>2.809000015258789</ns3:Speed>
              </ns3:TPX>
            </Extensions>
          </Trackpoint>
          <Trackpoint>
            <Time>2026-08-03T16:25:04.000Z</Time>
            <Position>
              <LatitudeDegrees>44.292954448610544</LatitudeDegrees>
              <LongitudeDegrees>-81.59588570706546</LongitudeDegrees>
            </Position>
            <AltitudeMeters>176.1999969482422</AltitudeMeters>
            <DistanceMeters>3110.449951171875</DistanceMeters>
            <HeartRateBpm>
              <Value>75</Value>
            </HeartRateBpm>
            <Extensions>
              <ns3:TPX>
                <ns3:Speed>2.818000078201294</ns3:Speed>
              </ns3:TPX>
            </Extensions>
          </Trackpoint>
          <Trackpoint>
            <Time>2026-08-03T16:25:08.000Z</Time>
            <Position>
              <LatitudeDegrees>44.29303617216647</LatitudeDegrees>
              <LongitudeDegrees>-81.59584815613925</LongitudeDegrees>
            </Position>
            <AltitudeMeters>176.39999389648438</AltitudeMeters>
            <DistanceMeters>3120.0400390625</DistanceMeters>
            <HeartRateBpm>
              <Value>74</Value>
            </HeartRateBpm>
            <Extensions>
              <ns3:TPX>
                <ns3:Speed>1.9220000505447388</ns3:Speed>
              </ns3:TPX>
            </Extensions>
          </Trackpoint>
          <Trackpoint>
            <Time>2026-08-03T16:25:10.000Z</Time>
            <Position>
              <LatitudeDegrees>44.293058048933744</LatitudeDegrees>
              <LongitudeDegrees>-81.59585536457598</LongitudeDegrees>
            </Position>
            <AltitudeMeters>176.39999389648438</AltitudeMeters>
            <DistanceMeters>3122.610107421875</DistanceMeters>
            <HeartRateBpm>
              <Value>74</Value>
            </HeartRateBpm>
            <Extensions>
              <ns3:TPX>
                <ns3:Speed>1.38100004196167</ns3:Speed>
              </ns3:TPX>
            </Extensions>
          </Trackpoint>
          <Trackpoint>
            <Time>2026-08-03T16:25:13.000Z</Time>
            <Position>
              <LatitudeDegrees>44.29306802339852</LatitudeDegrees>
              <LongitudeDegrees>-81.59586005844176</LongitudeDegrees>
            </Position>
            <AltitudeMeters>176.8000030517578</AltitudeMeters>
            <DistanceMeters>3123.81005859375</DistanceMeters>
            <HeartRateBpm>
              <Value>73</Value>
            </HeartRateBpm>
            <Extensions>
              <ns3:TPX>
                <ns3:Speed>0.0</ns3:Speed>
              </ns3:TPX>
            </Extensions>
          </Trackpoint>
          <Trackpoint>
            <Time>2026-08-03T16:25:21.000Z</Time>
            <Position>
              <LatitudeDegrees>44.29304111748934</LatitudeDegrees>
              <LongitudeDegrees>-81.59589115530252</LongitudeDegrees>
            </Position>
            <AltitudeMeters>177.0</AltitudeMeters>
            <DistanceMeters>3127.8701171875</DistanceMeters>
            <HeartRateBpm>
              <Value>76</Value>
            </HeartRateBpm>
            <Extensions>
              <ns3:TPX>
                <ns3:Speed>0.597000002861023</ns3:Speed>
              </ns3:TPX>
            </Extensions>
          </Trackpoint>
          <Trackpoint>
            <Time>2026-08-03T16:25:22.000Z</Time>
            <Position>
              <LatitudeDegrees>44.29303030483425</LatitudeDegrees>
              <LongitudeDegrees>-81.59589945338666</LongitudeDegrees>
            </Position>
            <AltitudeMeters>177.0</AltitudeMeters>
            <DistanceMeters>3129.239990234375</DistanceMeters>
            <HeartRateBpm>
              <Value>76</Value>
            </HeartRateBpm>
            <Extensions>
              <ns3:TPX>
                <ns3:Speed>1.1660000085830688</ns3:Speed>
              </ns3:TPX>
            </Extensions>
          </Trackpoint>
          <Trackpoint>
            <Time>2026-08-03T16:25:27.000Z</Time>
            <Position>
              <LatitudeDegrees>44.29297976195812</LatitudeDegrees>
              <LongitudeDegrees>-81.5959513373673</LongitudeDegrees>
            </Position>
            <AltitudeMeters>177.0</AltitudeMeters>
            <DistanceMeters>3136.330078125</DistanceMeters>
            <HeartRateBpm>
              <Value>79</Value>
            </HeartRateBpm>
            <Extensions>
              <ns3:TPX>
                <ns3:Speed>1.184999942779541</ns3:Speed>
              </ns3:TPX>
            </Extensions>
          </Trackpoint>
          <Trackpoint>
            <Time>2026-08-03T16:25:30.000Z</Time>
            <Position>
              <LatitudeDegrees>44.29292586632073</LatitudeDegrees>
              <LongitudeDegrees>-81.59596499986947</LongitudeDegrees>
            </Position>
            <AltitudeMeters>177.1999969482422</AltitudeMeters>
            <DistanceMeters>3142.419921875</DistanceMeters>
            <HeartRateBpm>
              <Value>80</Value>
            </HeartRateBpm>
            <Extensions>
              <ns3:TPX>
                <ns3:Speed>1.930999994277954</ns3:Speed>
              </ns3:TPX>
            </Extensions>
          </Trackpoint>
          <Trackpoint>
            <Time>2026-08-03T16:25:38.000Z</Time>
            <Position>
              <LatitudeDegrees>44.29276216775179</LatitudeDegrees>
              <LongitudeDegrees>-81.5960049815476</LongitudeDegrees>
            </Position>
            <AltitudeMeters>177.0</AltitudeMeters>
            <DistanceMeters>3161.0400390625</DistanceMeters>
            <HeartRateBpm>
              <Value>78</Value>
            </HeartRateBpm>
            <Extensions>
              <ns3:TPX>
                <ns3:Speed>2.2769999504089355</ns3:Speed>
              </ns3:TPX>
            </Extensions>
          </Trackpoint>
          <Trackpoint>
            <Time>2026-08-03T16:25:41.000Z</Time>
            <Position>
              <LatitudeDegrees>44.292701901867986</LatitudeDegrees>
              <LongitudeDegrees>-81.5960012935102</LongitudeDegrees>
            </Position>
            <AltitudeMeters>177.0</AltitudeMeters>
            <DistanceMeters>3167.75</DistanceMeters>
            <HeartRateBpm>
              <Value>75</Value>
            </HeartRateBpm>
            <Extensions>
              <ns3:TPX>
                <ns3:Speed>2.2769999504089355</ns3:Speed>
              </ns3:TPX>
            </Extensions>
          </Trackpoint>
          <Trackpoint>
            <Time>2026-08-03T16:25:43.000Z</Time>
            <Position>
              <LatitudeDegrees>44.292657896876335</LatitudeDegrees>
              <LongitudeDegrees>-81.59600364044309</LongitudeDegrees>
            </Position>
            <AltitudeMeters>177.0</AltitudeMeters>
            <DistanceMeters>3172.639892578125</DistanceMeters>
            <HeartRateBpm>
              <Value>72</Value>
            </HeartRateBpm>
            <Extensions>
              <ns3:TPX>
                <ns3:Speed>2.305000066757202</ns3:Speed>
              </ns3:TPX>
            </Extensions>
          </Trackpoint>
          <Trackpoint>
            <Time>2026-08-03T16:25:46.000Z</Time>
            <Position>
              <LatitudeDegrees>44.2925890814513</LatitudeDegrees>
              <LongitudeDegrees>-81.59601453691721</LongitudeDegrees>
            </Position>
            <AltitudeMeters>177.0</AltitudeMeters>
            <DistanceMeters>3180.35009765625</DistanceMeters>
            <HeartRateBpm>
              <Value>69</Value>
            </HeartRateBpm>
            <Extensions>
              <ns3:TPX>
                <ns3:Speed>2.305000066757202</ns3:Speed>
              </ns3:TPX>
            </Extensions>
          </Trackpoint>
          <Trackpoint>
            <Time>2026-08-03T16:25:55.000Z</Time>
            <Position>
              <LatitudeDegrees>44.29241767153144</LatitudeDegrees>
              <LongitudeDegrees>-81.59609341062605</LongitudeDegrees>
            </Position>
            <AltitudeMeters>177.0</AltitudeMeters>
            <DistanceMeters>3200.590087890625</DistanceMeters>
            <HeartRateBpm>
              <Value>68</Value>
            </HeartRateBpm>
            <Extensions>
              <ns3:TPX>
                <ns3:Speed>2.2109999656677246</ns3:Speed>
              </ns3:TPX>
            </Extensions>
          </Trackpoint>
          <Trackpoint>
            <Time>2026-08-03T16:26:03.000Z</Time>
            <Position>
              <LatitudeDegrees>44.292285488918424</LatitudeDegrees>
              <LongitudeDegrees>-81.59623590297997</LongitudeDegrees>
            </Position>
            <AltitudeMeters>177.1999969482422</AltitudeMeters>
            <DistanceMeters>3219.239990234375</DistanceMeters>
            <HeartRateBpm>
              <Value>65</Value>
            </HeartRateBpm>
            <Extensions>
              <ns3:TPX>
                <ns3:Speed>2.1459999084472656</ns3:Speed>
              </ns3:TPX>
            </Extensions>
          </Trackpoint>
          <Trackpoint>
            <Time>2026-08-03T16:26:04.000Z</Time>
            <Position>
              <LatitudeDegrees>44.29226000793278</LatitudeDegrees>
              <LongitudeDegrees>-81.59625484608114</LongitudeDegrees>
            </Position>
            <AltitudeMeters>177.1999969482422</AltitudeMeters>
            <DistanceMeters>3222.43994140625</DistanceMeters>
            <HeartRateBpm>
              <Value>67</Value>
            </HeartRateBpm>
            <Extensions>
              <ns3:TPX>
                <ns3:Speed>2.2109999656677246</ns3:Speed>
              </ns3:TPX>
            </Extensions>
          </Trackpoint>
          <Trackpoint>
            <Time>2026-08-03T16:26:09.000Z</Time>
            <Position>
              <LatitudeDegrees>44.29212179034948</LatitudeDegrees>
              <LongitudeDegrees>-81.59637470729649</LongitudeDegrees>
            </Position>
            <AltitudeMeters>177.1999969482422</AltitudeMeters>
            <DistanceMeters>3240.530029296875</DistanceMeters>
            <HeartRateBpm>
              <Value>68</Value>
            </HeartRateBpm>
            <Extensions>
              <ns3:TPX>
                <ns3:Speed>3.7230000495910645</ns3:Speed>
              </ns3:TPX>
            </Extensions>
          </Trackpoint>
          <Trackpoint>
            <Time>2026-08-03T16:26:15.000Z</Time>
            <Position>
              <LatitudeDegrees>44.29198273457587</LatitudeDegrees>
              <LongitudeDegrees>-81.59647176973522</LongitudeDegrees>
            </Position>
            <AltitudeMeters>177.1999969482422</AltitudeMeters>
            <DistanceMeters>3257.8701171875</DistanceMeters>
            <HeartRateBpm>
              <Value>67</Value>
            </HeartRateBpm>
            <Extensions>
              <ns3:TPX>
                <ns3:Speed>2.4260001182556152</ns3:Speed>
              </ns3:TPX>
            </Extensions>
          </Trackpoint>
          <Trackpoint>
            <Time>2026-08-03T16:26:25.000Z</Time>
            <Position>
              <LatitudeDegrees>44.291822807863355</LatitudeDegrees>
              <LongitudeDegrees>-81.59654737450182</LongitudeDegrees>
            </Position>
            <AltitudeMeters>177.1999969482422</AltitudeMeters>
            <DistanceMeters>3276.699951171875</DistanceMeters>
            <HeartRateBpm>
              <Value>64</Value>
            </HeartRateBpm>
            <Extensions>
              <ns3:TPX>
                <ns3:Speed>1.930999994277954</ns3:Speed>
              </ns3:TPX>
            </Extensions>
          </Trackpoint>
          <Trackpoint>
            <Time>2026-08-03T16:26:30.000Z</Time>
            <Position>
              <LatitudeDegrees>44.291769582778215</LatitudeDegrees>
              <LongitudeDegrees>-81.59661510027945</LongitudeDegrees>
            </Position>
            <AltitudeMeters>177.1999969482422</AltitudeMeters>
            <DistanceMeters>3284.7099609375</DistanceMeters>
            <HeartRateBpm>
              <Value>61</Value>
            </HeartRateBpm>
            <Extensions>
              <ns3:TPX>
                <ns3:Speed>1.6519999504089355</ns3:Speed>
              </ns3:TPX>
            </Extensions>
          </Trackpoint>
          <Trackpoint>
            <Time>2026-08-03T16:26:33.000Z</Time>
            <Position>
              <LatitudeDegrees>44.29173739627004</LatitudeDegrees>
              <LongitudeDegrees>-81.59665583632886</LongitudeDegrees>
            </Position>
            <AltitudeMeters>177.1999969482422</AltitudeMeters>
            <DistanceMeters>3289.530029296875</DistanceMeters>
            <HeartRateBpm>
              <Value>61</Value>
            </HeartRateBpm>
            <Extensions>
              <ns3:TPX>
                <ns3:Speed>1.6050000190734863</ns3:Speed>
              </ns3:TPX>
            </Extensions>
          </Trackpoint>
          <Trackpoint>
            <Time>2026-08-03T16:26:43.000Z</Time>
            <Position>
              <LatitudeDegrees>44.2916252464056</LatitudeDegrees>
              <LongitudeDegrees>-81.59683688543737</LongitudeDegrees>
            </Position>
            <AltitudeMeters>177.0</AltitudeMeters>
            <DistanceMeters>3308.68994140625</DistanceMeters>
            <HeartRateBpm>
              <Value>60</Value>
            </HeartRateBpm>
            <Extensions>
              <ns3:TPX>
                <ns3:Speed>1.9129999876022339</ns3:Speed>
              </ns3:TPX>
            </Extensions>
          </Trackpoint>
          <Trackpoint>
            <Time>2026-08-03T16:26:47.000Z</Time>
            <Position>
              <LatitudeDegrees>44.29157176986337</LatitudeDegrees>
              <LongitudeDegrees>-81.59693118184805</LongitudeDegrees>
            </Position>
            <AltitudeMeters>177.0</AltitudeMeters>
            <DistanceMeters>3318.2900390625</DistanceMeters>
            <HeartRateBpm>
              <Value>63</Value>
            </HeartRateBpm>
            <Extensions>
              <ns3:TPX>
                <ns3:Speed>2.127000093460083</ns3:Speed>
              </ns3:TPX>
            </Extensions>
          </Trackpoint>
          <Trackpoint>
            <Time>2026-08-03T16:26:49.000Z</Time>
            <Position>
              <LatitudeDegrees>44.291545283049345</LatitudeDegrees>
              <LongitudeDegrees>-81.59697711467743</LongitudeDegrees>
            </Position>
            <AltitudeMeters>177.1999969482422</AltitudeMeters>
            <DistanceMeters>3322.989990234375</DistanceMeters>
            <HeartRateBpm>
              <Value>67</Value>
            </HeartRateBpm>
            <Extensions>
              <ns3:TPX>
                <ns3:Speed>2.183000087738037</ns3:Speed>
              </ns3:TPX>
            </Extensions>
          </Trackpoint>
          <Trackpoint>
            <Time>2026-08-03T16:26:50.000Z</Time>
            <Position>
              <LatitudeDegrees>44.29153363220394</LatitudeDegrees>
              <LongitudeDegrees>-81.59699865616858</LongitudeDegrees>
            </Position>
            <AltitudeMeters>177.1999969482422</AltitudeMeters>
            <DistanceMeters>3325.139892578125</DistanceMeters>
            <HeartRateBpm>
              <Value>64</Value>
            </HeartRateBpm>
            <Extensions>
              <ns3:TPX>
                <ns3:Speed>2.2019999027252197</ns3:Speed>
              </ns3:TPX>
            </Extensions>
          </Trackpoint>
          <Trackpoint>
            <Time>2026-08-03T16:26:53.000Z</Time>
            <Position>
              <LatitudeDegrees>44.29149675182998</LatitudeDegrees>
              <LongitudeDegrees>-81.5970600116998</LongitudeDegrees>
            </Position>
            <AltitudeMeters>177.0</AltitudeMeters>
            <DistanceMeters>3331.5400390625</DistanceMeters>
            <HeartRateBpm>
              <Value>66</Value>
            </HeartRateBpm>
            <Extensions>
              <ns3:TPX>
                <ns3:Speed>2.183000087738037</ns3:Speed>
              </ns3:TPX>
            </Extensions>
          </Trackpoint>
          <Trackpoint>
            <Time>2026-08-03T16:27:02.000Z</Time>
            <Position>
              <LatitudeDegrees>44.291361551731825</LatitudeDegrees>
              <LongitudeDegrees>-81.59722236916423</LongitudeDegrees>
            </Position>
            <AltitudeMeters>177.0</AltitudeMeters>
            <DistanceMeters>3351.47998046875</DistanceMeters>
            <HeartRateBpm>
              <Value>68</Value>
            </HeartRateBpm>
            <Extensions>
              <ns3:TPX>
                <ns3:Speed>2.13700008392334</ns3:Speed>
              </ns3:TPX>
            </Extensions>
          </Trackpoint>
          <Trackpoint>
            <Time>2026-08-03T16:27:13.000Z</Time>
            <Position>
              <LatitudeDegrees>44.291156362742186</LatitudeDegrees>
              <LongitudeDegrees>-81.5974377002567</LongitudeDegrees>
            </Position>
            <AltitudeMeters>176.60000610351562</AltitudeMeters>
            <DistanceMeters>3380.0400390625</DistanceMeters>
            <HeartRateBpm>
              <Value>65</Value>
            </HeartRateBpm>
            <Extensions>
              <ns3:TPX>
                <ns3:Speed>2.5940001010894775</ns3:Speed>
              </ns3:TPX>
            </Extensions>
          </Trackpoint>
          <Trackpoint>
            <Time>2026-08-03T16:27:14.000Z</Time>
            <Position>
              <LatitudeDegrees>44.29113783873618</LatitudeDegrees>
              <LongitudeDegrees>-81.59745681099594</LongitudeDegrees>
            </Position>
            <AltitudeMeters>176.60000610351562</AltitudeMeters>
            <DistanceMeters>3382.60009765625</DistanceMeters>
            <HeartRateBpm>
              <Value>65</Value>
            </HeartRateBpm>
            <Extensions>
              <ns3:TPX>
                <ns3:Speed>2.5940001010894775</ns3:Speed>
              </ns3:TPX>
            </Extensions>
          </Trackpoint>
          <Trackpoint>
            <Time>2026-08-03T16:27:25.000Z</Time>
            <Position>
              <LatitudeDegrees>44.29093868471682</LatitudeDegrees>
              <LongitudeDegrees>-81.59764791838825</LongitudeDegrees>
            </Position>
            <AltitudeMeters>176.60000610351562</AltitudeMeters>
            <DistanceMeters>3409.530029296875</DistanceMeters>
            <HeartRateBpm>
              <Value>65</Value>
            </HeartRateBpm>
            <Extensions>
              <ns3:TPX>
                <ns3:Speed>2.4730000495910645</ns3:Speed>
              </ns3:TPX>
            </Extensions>
          </Trackpoint>
          <Trackpoint>
            <Time>2026-08-03T16:27:36.000Z</Time>
            <Position>
              <LatitudeDegrees>44.290743973106146</LatitudeDegrees>
              <LongitudeDegrees>-81.59789401106536</LongitudeDegrees>
            </Position>
            <AltitudeMeters>176.60000610351562</AltitudeMeters>
            <DistanceMeters>3438.780029296875</DistanceMeters>
            <HeartRateBpm>
              <Value>67</Value>
            </HeartRateBpm>
            <Extensions>
              <ns3:TPX>
                <ns3:Speed>2.6589999198913574</ns3:Speed>
              </ns3:TPX>
            </Extensions>
          </Trackpoint>
          <Trackpoint>
            <Time>2026-08-03T16:27:45.000Z</Time>
            <Position>
              <LatitudeDegrees>44.290584130212665</LatitudeDegrees>
              <LongitudeDegrees>-81.59807338379323</LongitudeDegrees>
            </Position>
            <AltitudeMeters>176.60000610351562</AltitudeMeters>
            <DistanceMeters>3461.639892578125</DistanceMeters>
            <HeartRateBpm>
              <Value>69</Value>
            </HeartRateBpm>
            <Extensions>
              <ns3:TPX>
                <ns3:Speed>2.546999931335449</ns3:Speed>
              </ns3:TPX>
            </Extensions>
          </Trackpoint>
          <Trackpoint>
            <Time>2026-08-03T16:27:55.000Z</Time>
            <Position>
              <LatitudeDegrees>44.29039679467678</LatitudeDegrees>
              <LongitudeDegrees>-81.59824739210308</LongitudeDegrees>
            </Position>
            <AltitudeMeters>176.60000610351562</AltitudeMeters>
            <DistanceMeters>3486.760009765625</DistanceMeters>
            <HeartRateBpm>
              <Value>71</Value>
            </HeartRateBpm>
            <Extensions>
              <ns3:TPX>
                <ns3:Speed>2.490999937057495</ns3:Speed>
              </ns3:TPX>
            </Extensions>
          </Trackpoint>
          <Trackpoint>
            <Time>2026-08-03T16:28:00.000Z</Time>
            <Position>
              <LatitudeDegrees>44.29032211191952</LatitudeDegrees>
              <LongitudeDegrees>-81.59829575568438</LongitudeDegrees>
            </Position>
            <AltitudeMeters>177.0</AltitudeMeters>
            <DistanceMeters>3495.929931640625</DistanceMeters>
            <HeartRateBpm>
              <Value>73</Value>
            </HeartRateBpm>
            <Extensions>
              <ns3:TPX>
                <ns3:Speed>2.3610000610351562</ns3:Speed>
              </ns3:TPX>
            </Extensions>
          </Trackpoint>
          <Trackpoint>
            <Time>2026-08-03T16:28:08.000Z</Time>
            <Position>
              <LatitudeDegrees>44.29015782661736</LatitudeDegrees>
              <LongitudeDegrees>-81.59830941818655</LongitudeDegrees>
            </Position>
            <AltitudeMeters>177.0</AltitudeMeters>
            <DistanceMeters>3514.169921875</DistanceMeters>
            <HeartRateBpm>
              <Value>76</Value>
            </HeartRateBpm>
            <Extensions>
              <ns3:TPX>
                <ns3:Speed>2.2109999656677246</ns3:Speed>
              </ns3:TPX>
            </Extensions>
          </Trackpoint>
          <Trackpoint>
            <Time>2026-08-03T16:28:18.000Z</Time>
            <Position>
              <LatitudeDegrees>44.28998239338398</LatitudeDegrees>
              <LongitudeDegrees>-81.5983637329191</LongitudeDegrees>
            </Position>
            <AltitudeMeters>177.1999969482422</AltitudeMeters>
            <DistanceMeters>3534.25</DistanceMeters>
            <HeartRateBpm>
              <Value>77</Value>
            </HeartRateBpm>
            <Extensions>
              <ns3:TPX>
                <ns3:Speed>2.0810000896453857</ns3:Speed>
              </ns3:TPX>
            </Extensions>
          </Trackpoint>
          <Trackpoint>
            <Time>2026-08-03T16:28:22.000Z</Time>
            <Position>
              <LatitudeDegrees>44.28990762680769</LatitudeDegrees>
              <LongitudeDegrees>-81.59841435961425</LongitudeDegrees>
            </Position>
            <AltitudeMeters>177.1999969482422</AltitudeMeters>
            <DistanceMeters>3543.510009765625</DistanceMeters>
            <HeartRateBpm>
              <Value>74</Value>
            </HeartRateBpm>
            <Extensions>
              <ns3:TPX>
                <ns3:Speed>2.1549999713897705</ns3:Speed>
              </ns3:TPX>
            </Extensions>
          </Trackpoint>
          <Trackpoint>
            <Time>2026-08-03T16:28:27.000Z</Time>
            <Position>
              <LatitudeDegrees>44.289826238527894</LatitudeDegrees>
              <LongitudeDegrees>-81.59850614145398</LongitudeDegrees>
            </Position>
            <AltitudeMeters>177.1999969482422</AltitudeMeters>
            <DistanceMeters>3555.169921875</DistanceMeters>
            <HeartRateBpm>
              <Value>74</Value>
            </HeartRateBpm>
            <Extensions>
              <ns3:TPX>
                <ns3:Speed>2.2950000762939453</ns3:Speed>
              </ns3:TPX>
            </Extensions>
          </Trackpoint>
          <Trackpoint>
            <Time>2026-08-03T16:28:35.000Z</Time>
            <Position>
              <LatitudeDegrees>44.28970084525645</LatitudeDegrees>
              <LongitudeDegrees>-81.59866782836616</LongitudeDegrees>
            </Position>
            <AltitudeMeters>177.1999969482422</AltitudeMeters>
            <DistanceMeters>3574.169921875</DistanceMeters>
            <HeartRateBpm>
              <Value>71</Value>
            </HeartRateBpm>
            <Extensions>
              <ns3:TPX>
                <ns3:Speed>2.4170000553131104</ns3:Speed>
              </ns3:TPX>
            </Extensions>
          </Trackpoint>
          <Trackpoint>
            <Time>2026-08-03T16:28:39.000Z</Time>
            <Position>
              <LatitudeDegrees>44.28963907063007</LatitudeDegrees>
              <LongitudeDegrees>-81.59875709563494</LongitudeDegrees>
            </Position>
            <AltitudeMeters>177.1999969482422</AltitudeMeters>
            <DistanceMeters>3584.050048828125</DistanceMeters>
            <HeartRateBpm>
              <Value>71</Value>
            </HeartRateBpm>
            <Extensions>
              <ns3:TPX>
                <ns3:Speed>2.4170000553131104</ns3:Speed>
              </ns3:TPX>
            </Extensions>
          </Trackpoint>
          <Trackpoint>
            <Time>2026-08-03T16:28:50.000Z</Time>
            <Position>
              <LatitudeDegrees>44.28946254774928</LatitudeDegrees>
              <LongitudeDegrees>-81.59896186552942</LongitudeDegrees>
            </Position>
            <AltitudeMeters>177.1999969482422</AltitudeMeters>
            <DistanceMeters>3609.6298828125</DistanceMeters>
            <HeartRateBpm>
              <Value>71</Value>
            </HeartRateBpm>
            <Extensions>
              <ns3:TPX>
                <ns3:Speed>2.2669999599456787</ns3:Speed>
              </ns3:TPX>
            </Extensions>
          </Trackpoint>
          <Trackpoint>
            <Time>2026-08-03T16:28:58.000Z</Time>
            <Position>
              <LatitudeDegrees>44.28937101736665</LatitudeDegrees>
              <LongitudeDegrees>-81.59911089576781</LongitudeDegrees>
            </Position>
            <AltitudeMeters>177.1999969482422</AltitudeMeters>
            <DistanceMeters>3625.31005859375</DistanceMeters>
            <HeartRateBpm>
              <Value>70</Value>
            </HeartRateBpm>
            <Extensions>
              <ns3:TPX>
                <ns3:Speed>2.2019999027252197</ns3:Speed>
              </ns3:TPX>
            </Extensions>
          </Trackpoint>
          <Trackpoint>
            <Time>2026-08-03T16:29:06.000Z</Time>
            <Position>
              <LatitudeDegrees>44.28930035792291</LatitudeDegrees>
              <LongitudeDegrees>-81.59928448498249</LongitudeDegrees>
            </Position>
            <AltitudeMeters>177.1999969482422</AltitudeMeters>
            <DistanceMeters>3641.169921875</DistanceMeters>
            <HeartRateBpm>
              <Value>72</Value>
            </HeartRateBpm>
            <Extensions>
              <ns3:TPX>
                <ns3:Speed>2.0250000953674316</ns3:Speed>
              </ns3:TPX>
            </Extensions>
          </Trackpoint>
          <Trackpoint>
            <Time>2026-08-03T16:29:10.000Z</Time>
            <Position>
              <LatitudeDegrees>44.28926079533994</LatitudeDegrees>
              <LongitudeDegrees>-81.59937333315611</LongitudeDegrees>
            </Position>
            <AltitudeMeters>177.1999969482422</AltitudeMeters>
            <DistanceMeters>3649.510009765625</DistanceMeters>
            <HeartRateBpm>
              <Value>75</Value>
            </HeartRateBpm>
            <Extensions>
              <ns3:TPX>
                <ns3:Speed>1.9869999885559082</ns3:Speed>
              </ns3:TPX>
            </Extensions>
          </Trackpoint>
          <Trackpoint>
            <Time>2026-08-03T16:29:15.000Z</Time>
            <Position>
              <LatitudeDegrees>44.289201870560646</LatitudeDegrees>
              <LongitudeDegrees>-81.59948498010635</LongitudeDegrees>
            </Position>
            <AltitudeMeters>177.1999969482422</AltitudeMeters>
            <DistanceMeters>3660.550048828125</DistanceMeters>
            <HeartRateBpm>
              <Value>76</Value>
            </HeartRateBpm>
            <Extensions>
              <ns3:TPX>
                <ns3:Speed>2.193000078201294</ns3:Speed>
              </ns3:TPX>
            </Extensions>
          </Trackpoint>
          <Trackpoint>
            <Time>2026-08-03T16:29:23.000Z</Time>
            <Position>
              <LatitudeDegrees>44.28911763243377</LatitudeDegrees>
              <LongitudeDegrees>-81.59964373335242</LongitudeDegrees>
            </Position>
            <AltitudeMeters>177.0</AltitudeMeters>
            <DistanceMeters>3676.300048828125</DistanceMeters>
            <HeartRateBpm>
              <Value>72</Value>
            </HeartRateBpm>
            <Extensions>
              <ns3:TPX>
                <ns3:Speed>1.9220000505447388</ns3:Speed>
              </ns3:TPX>
            </Extensions>
          </Trackpoint>
          <Trackpoint>
            <Time>2026-08-03T16:29:24.000Z</Time>
            <Position>
              <LatitudeDegrees>44.2891042213887</LatitudeDegrees>
              <LongitudeDegrees>-81.59966200590134</LongitudeDegrees>
            </Position>
            <AltitudeMeters>177.0</AltitudeMeters>
            <DistanceMeters>3678.3798828125</DistanceMeters>
            <HeartRateBpm>
              <Value>69</Value>
            </HeartRateBpm>
            <Extensions>
              <ns3:TPX>
                <ns3:Speed>1.9220000505447388</ns3:Speed>
              </ns3:TPX>
            </Extensions>
          </Trackpoint>
          <Trackpoint>
            <Time>2026-08-03T16:29:26.000Z</Time>
            <Position>
              <LatitudeDegrees>44.28908376954496</LatitudeDegrees>
              <LongitudeDegrees>-81.59970064647496</LongitudeDegrees>
            </Position>
            <AltitudeMeters>177.0</AltitudeMeters>
            <DistanceMeters>3682.219970703125</DistanceMeters>
            <HeartRateBpm>
              <Value>65</Value>
            </HeartRateBpm>
            <Extensions>
              <ns3:TPX>
                <ns3:Speed>1.8940000534057617</ns3:Speed>
              </ns3:TPX>
            </Extensions>
          </Trackpoint>
          <Trackpoint>
            <Time>2026-08-03T16:29:30.000Z</Time>
            <Position>
              <LatitudeDegrees>44.28902945481241</LatitudeDegrees>
              <LongitudeDegrees>-81.5997776761651</LongitudeDegrees>
            </Position>
            <AltitudeMeters>176.8000030517578</AltitudeMeters>
            <DistanceMeters>3690.919921875</DistanceMeters>
            <HeartRateBpm>
              <Value>62</Value>
            </HeartRateBpm>
            <Extensions>
              <ns3:TPX>
                <ns3:Speed>2.0250000953674316</ns3:Speed>
              </ns3:TPX>
            </Extensions>
          </Trackpoint>
          <Trackpoint>
            <Time>2026-08-03T16:29:33.000Z</Time>
            <Position>
              <LatitudeDegrees>44.288974553346634</LatitudeDegrees>
              <LongitudeDegrees>-81.5998075157404</LongitudeDegrees>
            </Position>
            <AltitudeMeters>176.8000030517578</AltitudeMeters>
            <DistanceMeters>3697.4599609375</DistanceMeters>
            <HeartRateBpm>
              <Value>65</Value>
            </HeartRateBpm>
            <Extensions>
              <ns3:TPX>
                <ns3:Speed>2.1459999084472656</ns3:Speed>
              </ns3:TPX>
            </Extensions>
          </Trackpoint>
          <Trackpoint>
            <Time>2026-08-03T16:29:37.000Z</Time>
            <Position>
              <LatitudeDegrees>44.28890582174063</LatitudeDegrees>
              <LongitudeDegrees>-81.59985344856977</LongitudeDegrees>
            </Position>
            <AltitudeMeters>176.8000030517578</AltitudeMeters>
            <DistanceMeters>3705.929931640625</DistanceMeters>
            <HeartRateBpm>
              <Value>62</Value>
            </HeartRateBpm>
            <Extensions>
              <ns3:TPX>
                <ns3:Speed>2.1649999618530273</ns3:Speed>
              </ns3:TPX>
            </Extensions>
          </Trackpoint>
          <Trackpoint>
            <Time>2026-08-03T16:29:44.000Z</Time>
            <Position>
              <LatitudeDegrees>44.28878000937402</LatitudeDegrees>
              <LongitudeDegrees>-81.59994070418179</LongitudeDegrees>
            </Position>
            <AltitudeMeters>176.8000030517578</AltitudeMeters>
            <DistanceMeters>3721.6201171875</DistanceMeters>
            <HeartRateBpm>
              <Value>62</Value>
            </HeartRateBpm>
            <Extensions>
              <ns3:TPX>
                <ns3:Speed>2.1649999618530273</ns3:Speed>
              </ns3:TPX>
            </Extensions>
          </Trackpoint>
          <Trackpoint>
            <Time>2026-08-03T16:29:55.000Z</Time>
            <Position>
              <LatitudeDegrees>44.28859803825617</LatitudeDegrees>
              <LongitudeDegrees>-81.60009618848562</LongitudeDegrees>
            </Position>
            <AltitudeMeters>176.60000610351562</AltitudeMeters>
            <DistanceMeters>3745.3701171875</DistanceMeters>
            <HeartRateBpm>
              <Value>62</Value>
            </HeartRateBpm>
            <Extensions>
              <ns3:TPX>
                <ns3:Speed>2.1649999618530273</ns3:Speed>
              </ns3:TPX>
            </Extensions>
          </Trackpoint>
          <Trackpoint>
            <Time>2026-08-03T16:30:13.000Z</Time>
            <Position>
              <LatitudeDegrees>44.288306599482894</LatitudeDegrees>
              <LongitudeDegrees>-81.60032702609897</LongitudeDegrees>
            </Position>
            <AltitudeMeters>176.60000610351562</AltitudeMeters>
            <DistanceMeters>3782.669921875</DistanceMeters>
            <HeartRateBpm>
              <Value>63</Value>
            </HeartRateBpm>
            <Extensions>
              <ns3:TPX>
                <ns3:Speed>2.052999973297119</ns3:Speed>
              </ns3:TPX>
            </Extensions>
          </Trackpoint>
          <Trackpoint>
            <Time>2026-08-03T16:30:20.000Z</Time>
            <Position>
              <LatitudeDegrees>44.288183050230145</LatitudeDegrees>
              <LongitudeDegrees>-81.60041612572968</LongitudeDegrees>
            </Position>
            <AltitudeMeters>176.60000610351562</AltitudeMeters>
            <DistanceMeters>3798.1298828125</DistanceMeters>
            <HeartRateBpm>
              <Value>66</Value>
            </HeartRateBpm>
            <Extensions>
              <ns3:TPX>
                <ns3:Speed>2.2109999656677246</ns3:Speed>
              </ns3:TPX>
            </Extensions>
          </Trackpoint>
          <Trackpoint>
            <Time>2026-08-03T16:30:21.000Z</Time>
            <Position>
              <LatitudeDegrees>44.288165867328644</LatitudeDegrees>
              <LongitudeDegrees>-81.60042744129896</LongitudeDegrees>
            </Position>
            <AltitudeMeters>176.60000610351562</AltitudeMeters>
            <DistanceMeters>3800.239990234375</DistanceMeters>
            <HeartRateBpm>
              <Value>63</Value>
            </HeartRateBpm>
            <Extensions>
              <ns3:TPX>
                <ns3:Speed>2.2109999656677246</ns3:Speed>
              </ns3:TPX>
            </Extensions>
          </Trackpoint>
          <Trackpoint>
            <Time>2026-08-03T16:30:23.000Z</Time>
            <Position>
              <LatitudeDegrees>44.28813108243048</LatitudeDegrees>
              <LongitudeDegrees>-81.60044412128627</LongitudeDegrees>
            </Position>
            <AltitudeMeters>176.60000610351562</AltitudeMeters>
            <DistanceMeters>3804.320068359375</DistanceMeters>
            <HeartRateBpm>
              <Value>64</Value>
            </HeartRateBpm>
            <Extensions>
              <ns3:TPX>
                <ns3:Speed>2.2109999656677246</ns3:Speed>
              </ns3:TPX>
            </Extensions>
          </Trackpoint>
          <Trackpoint>
            <Time>2026-08-03T16:30:32.000Z</Time>
            <Position>
              <LatitudeDegrees>44.28796336054802</LatitudeDegrees>
              <LongitudeDegrees>-81.60049240104854</LongitudeDegrees>
            </Position>
            <AltitudeMeters>176.60000610351562</AltitudeMeters>
            <DistanceMeters>3823.3798828125</DistanceMeters>
            <HeartRateBpm>
              <Value>65</Value>
            </HeartRateBpm>
            <Extensions>
              <ns3:TPX>
                <ns3:Speed>2.118000030517578</ns3:Speed>
              </ns3:TPX>
            </Extensions>
          </Trackpoint>
          <Trackpoint>
            <Time>2026-08-03T16:30:41.000Z</Time>
            <Position>
              <LatitudeDegrees>44.287801338359714</LatitudeDegrees>
              <LongitudeDegrees>-81.60060723312199</LongitudeDegrees>
            </Position>
            <AltitudeMeters>176.60000610351562</AltitudeMeters>
            <DistanceMeters>3843.68994140625</DistanceMeters>
            <HeartRateBpm>
              <Value>65</Value>
            </HeartRateBpm>
            <Extensions>
              <ns3:TPX>
                <ns3:Speed>2.249000072479248</ns3:Speed>
              </ns3:TPX>
            </Extensions>
          </Trackpoint>
          <Trackpoint>
            <Time>2026-08-03T16:30:54.000Z</Time>
            <Position>
              <LatitudeDegrees>44.28755306638777</LatitudeDegrees>
              <LongitudeDegrees>-81.60073086619377</LongitudeDegrees>
            </Position>
            <AltitudeMeters>176.8000030517578</AltitudeMeters>
            <DistanceMeters>3873.0400390625</DistanceMeters>
            <HeartRateBpm>
              <Value>66</Value>
            </HeartRateBpm>
            <Extensions>
              <ns3:TPX>
                <ns3:Speed>2.2300000190734863</ns3:Speed>
              </ns3:TPX>
            </Extensions>
          </Trackpoint>
          <Trackpoint>
            <Time>2026-08-03T16:31:06.000Z</Time>
            <Position>
              <LatitudeDegrees>44.287346033379436</LatitudeDegrees>
              <LongitudeDegrees>-81.60087830387056</LongitudeDegrees>
            </Position>
            <AltitudeMeters>176.8000030517578</AltitudeMeters>
            <DistanceMeters>3898.8798828125</DistanceMeters>
            <HeartRateBpm>
              <Value>65</Value>
            </HeartRateBpm>
            <Extensions>
              <ns3:TPX>
                <ns3:Speed>2.071000099182129</ns3:Speed>
              </ns3:TPX>
            </Extensions>
          </Trackpoint>
          <Trackpoint>
            <Time>2026-08-03T16:31:16.000Z</Time>
            <Position>
              <LatitudeDegrees>44.28716741502285</LatitudeDegrees>
              <LongitudeDegrees>-81.60096446983516</LongitudeDegrees>
            </Position>
            <AltitudeMeters>177.0</AltitudeMeters>
            <DistanceMeters>3919.919921875</DistanceMeters>
            <HeartRateBpm>
              <Value>65</Value>
            </HeartRateBpm>
            <Extensions>
              <ns3:TPX>
                <ns3:Speed>2.0339999198913574</ns3:Speed>
              </ns3:TPX>
            </Extensions>
          </Trackpoint>
          <Trackpoint>
            <Time>2026-08-03T16:31:24.000Z</Time>
            <Position>
              <LatitudeDegrees>44.287062054499984</LatitudeDegrees>
              <LongitudeDegrees>-81.60106966271996</LongitudeDegrees>
            </Position>
            <AltitudeMeters>177.0</AltitudeMeters>
            <DistanceMeters>3934.570068359375</DistanceMeters>
            <HeartRateBpm>
              <Value>64</Value>
            </HeartRateBpm>
            <Extensions>
              <ns3:TPX>
                <ns3:Speed>1.8569999933242798</ns3:Speed>
              </ns3:TPX>
            </Extensions>
          </Trackpoint>
          <Trackpoint>
            <Time>2026-08-03T16:31:34.000Z</Time>
            <Position>
              <LatitudeDegrees>44.28693389520049</LatitudeDegrees>
              <LongitudeDegrees>-81.60121014341712</LongitudeDegrees>
            </Position>
            <AltitudeMeters>177.0</AltitudeMeters>
            <DistanceMeters>3952.719970703125</DistanceMeters>
            <HeartRateBpm>
              <Value>64</Value>
            </HeartRateBpm>
            <Extensions>
              <ns3:TPX>
                <ns3:Speed>1.7450000047683716</ns3:Speed>
              </ns3:TPX>
            </Extensions>
          </Trackpoint>
          <Trackpoint>
            <Time>2026-08-03T16:31:44.000Z</Time>
            <Position>
              <LatitudeDegrees>44.28679718635976</LatitudeDegrees>
              <LongitudeDegrees>-81.60129010677338</LongitudeDegrees>
            </Position>
            <AltitudeMeters>177.1999969482422</AltitudeMeters>
            <DistanceMeters>3969.31005859375</DistanceMeters>
            <HeartRateBpm>
              <Value>64</Value>
            </HeartRateBpm>
            <Extensions>
              <ns3:TPX>
                <ns3:Speed>1.5859999656677246</ns3:Speed>
              </ns3:TPX>
            </Extensions>
          </Trackpoint>
          <Trackpoint>
            <Time>2026-08-03T16:31:52.000Z</Time>
            <Position>
              <LatitudeDegrees>44.28673163987696</LatitudeDegrees>
              <LongitudeDegrees>-81.60136210732162</LongitudeDegrees>
            </Position>
            <AltitudeMeters>177.1999969482422</AltitudeMeters>
            <DistanceMeters>3978.8798828125</DistanceMeters>
            <HeartRateBpm>
              <Value>61</Value>
            </HeartRateBpm>
            <Extensions>
              <ns3:TPX>
                <ns3:Speed>1.2319999933242798</ns3:Speed>
              </ns3:TPX>
            </Extensions>
          </Trackpoint>
          <Trackpoint>
            <Time>2026-08-03T16:32:02.000Z</Time>
            <Position>
              <LatitudeDegrees>44.28665578365326</LatitudeDegrees>
              <LongitudeDegrees>-81.6014928650111</LongitudeDegrees>
            </Position>
            <AltitudeMeters>177.1999969482422</AltitudeMeters>
            <DistanceMeters>3992.300048828125</DistanceMeters>
            <HeartRateBpm>
              <Value>62</Value>
            </HeartRateBpm>
            <Extensions>
              <ns3:TPX>
                <ns3:Speed>1.305999994277954</ns3:Speed>
              </ns3:TPX>
            </Extensions>
          </Trackpoint>
          <Trackpoint>
            <Time>2026-08-03T16:32:10.000Z</Time>
            <Position>
              <LatitudeDegrees>44.28659962490201</LatitudeDegrees>
              <LongitudeDegrees>-81.6015430726111</LongitudeDegrees>
            </Position>
            <AltitudeMeters>177.1999969482422</AltitudeMeters>
            <DistanceMeters>3999.800048828125</DistanceMeters>
            <HeartRateBpm>
              <Value>61</Value>
            </HeartRateBpm>
            <Extensions>
              <ns3:TPX>
                <ns3:Speed>0.46700000762939453</ns3:Speed>
              </ns3:TPX>
            </Extensions>
          </Trackpoint>
          <Trackpoint>
            <Time>2026-08-03T16:32:17.000Z</Time>
            <Position>
              <LatitudeDegrees>44.286583783105016</LatitudeDegrees>
              <LongitudeDegrees>-81.6015631891787</LongitudeDegrees>
            </Position>
            <AltitudeMeters>177.1999969482422</AltitudeMeters>
            <DistanceMeters>4002.2099609375</DistanceMeters>
            <HeartRateBpm>
              <Value>61</Value>
            </HeartRateBpm>
            <Extensions>
              <ns3:TPX>
                <ns3:Speed>0.46700000762939453</ns3:Speed>
              </ns3:TPX>
            </Extensions>
          </Trackpoint>
          <Trackpoint>
            <Time>2026-08-03T16:32:22.000Z</Time>
            <Position>
              <LatitudeDegrees>44.28656199015677</LatitudeDegrees>
              <LongitudeDegrees>-81.60158850252628</LongitudeDegrees>
            </Position>
            <AltitudeMeters>177.0</AltitudeMeters>
            <DistanceMeters>4005.3701171875</DistanceMeters>
            <HeartRateBpm>
              <Value>64</Value>
            </HeartRateBpm>
            <Extensions>
              <ns3:TPX>
                <ns3:Speed>0.48500001430511475</ns3:Speed>
              </ns3:TPX>
            </Extensions>
          </Trackpoint>
          <Trackpoint>
            <Time>2026-08-03T16:32:26.000Z</Time>
            <Position>
              <LatitudeDegrees>44.28653969429433</LatitudeDegrees>
              <LongitudeDegrees>-81.60160769708455</LongitudeDegrees>
            </Position>
            <AltitudeMeters>177.0</AltitudeMeters>
            <DistanceMeters>4008.280029296875</DistanceMeters>
            <HeartRateBpm>
              <Value>66</Value>
            </HeartRateBpm>
            <Extensions>
              <ns3:TPX>
                <ns3:Speed>0.625</ns3:Speed>
              </ns3:TPX>
            </Extensions>
          </Trackpoint>
          <Trackpoint>
            <Time>2026-08-03T16:32:32.000Z</Time>
            <Position>
              <LatitudeDegrees>44.28649962879717</LatitudeDegrees>
              <LongitudeDegrees>-81.60163854248822</LongitudeDegrees>
            </Position>
            <AltitudeMeters>177.0</AltitudeMeters>
            <DistanceMeters>4013.429931640625</DistanceMeters>
            <HeartRateBpm>
              <Value>69</Value>
            </HeartRateBpm>
            <Extensions>
              <ns3:TPX>
                <ns3:Speed>0.8399999737739563</ns3:Speed>
              </ns3:TPX>
            </Extensions>
          </Trackpoint>
          <Trackpoint>
            <Time>2026-08-03T16:32:34.000Z</Time>
            <Position>
              <LatitudeDegrees>44.28648688830435</LatitudeDegrees>
              <LongitudeDegrees>-81.60164248198271</LongitudeDegrees>
            </Position>
            <AltitudeMeters>176.8000030517578</AltitudeMeters>
            <DistanceMeters>4014.860107421875</DistanceMeters>
            <HeartRateBpm>
              <Value>67</Value>
            </HeartRateBpm>
            <Extensions>
              <ns3:TPX>
                <ns3:Speed>0.8399999737739563</ns3:Speed>
              </ns3:TPX>
            </Extensions>
          </Trackpoint>
          <Trackpoint>
            <Time>2026-08-03T16:32:40.000Z</Time>
            <Position>
              <LatitudeDegrees>44.28645998239517</LatitudeDegrees>
              <LongitudeDegrees>-81.60164751112461</LongitudeDegrees>
            </Position>
            <AltitudeMeters>176.8000030517578</AltitudeMeters>
            <DistanceMeters>4017.889892578125</DistanceMeters>
            <HeartRateBpm>
              <Value>68</Value>
            </HeartRateBpm>
            <Extensions>
              <ns3:TPX>
                <ns3:Speed>0.5600000023841858</ns3:Speed>
              </ns3:TPX>
            </Extensions>
          </Trackpoint>
          <Trackpoint>
            <Time>2026-08-03T16:32:46.000Z</Time>
            <Position>
              <LatitudeDegrees>44.28644363768399</LatitudeDegrees>
              <LongitudeDegrees>-81.60165287554264</LongitudeDegrees>
            </Position>
            <AltitudeMeters>176.60000610351562</AltitudeMeters>
            <DistanceMeters>4019.77001953125</DistanceMeters>
            <HeartRateBpm>
              <Value>65</Value>
            </HeartRateBpm>
            <Extensions>
              <ns3:TPX>
                <ns3:Speed>0.0</ns3:Speed>
              </ns3:TPX>
            </Extensions>
          </Trackpoint>
          <Trackpoint>
            <Time>2026-08-03T16:32:47.000Z</Time>
            <Position>
              <LatitudeDegrees>44.28644137457013</LatitudeDegrees>
              <LongitudeDegrees>-81.60165295936167</LongitudeDegrees>
            </Position>
            <AltitudeMeters>176.60000610351562</AltitudeMeters>
            <DistanceMeters>4020.02001953125</DistanceMeters>
            <HeartRateBpm>
              <Value>65</Value>
            </HeartRateBpm>
            <Extensions>
              <ns3:TPX>
                <ns3:Speed>0.0</ns3:Speed>
              </ns3:TPX>
            </Extensions>
          </Trackpoint>
          <Trackpoint>
            <Time>2026-08-03T16:32:56.000Z</Time>
            <Position>
              <LatitudeDegrees>44.286408852785826</LatitudeDegrees>
              <LongitudeDegrees>-81.60167491994798</LongitudeDegrees>
            </Position>
            <AltitudeMeters>176.60000610351562</AltitudeMeters>
            <DistanceMeters>4024.10009765625</DistanceMeters>
            <HeartRateBpm>
              <Value>64</Value>
            </HeartRateBpm>
            <Extensions>
              <ns3:TPX>
                <ns3:Speed>0.0</ns3:Speed>
              </ns3:TPX>
            </Extensions>
          </Trackpoint>
          <Trackpoint>
            <Time>2026-08-03T16:33:08.000Z</Time>
            <Position>
              <LatitudeDegrees>44.28637591190636</LatitudeDegrees>
              <LongitudeDegrees>-81.6016810387373</LongitudeDegrees>
            </Position>
            <AltitudeMeters>176.1999969482422</AltitudeMeters>
            <DistanceMeters>4027.889892578125</DistanceMeters>
            <HeartRateBpm>
              <Value>61</Value>
            </HeartRateBpm>
            <Extensions>
              <ns3:TPX>
                <ns3:Speed>0.0</ns3:Speed>
              </ns3:TPX>
            </Extensions>
          </Trackpoint>
          <Trackpoint>
            <Time>2026-08-03T16:33:12.000Z</Time>
            <Position>
              <LatitudeDegrees>44.28636157885194</LatitudeDegrees>
              <LongitudeDegrees>-81.60168983973563</LongitudeDegrees>
            </Position>
            <AltitudeMeters>176.1999969482422</AltitudeMeters>
            <DistanceMeters>4029.669921875</DistanceMeters>
            <HeartRateBpm>
              <Value>58</Value>
            </HeartRateBpm>
            <Extensions>
              <ns3:TPX>
                <ns3:Speed>0.0</ns3:Speed>
              </ns3:TPX>
            </Extensions>
          </Trackpoint>
          <Trackpoint>
            <Time>2026-08-03T16:33:15.000Z</Time>
            <Position>
              <LatitudeDegrees>44.286361411213875</LatitudeDegrees>
              <LongitudeDegrees>-81.60170836374164</LongitudeDegrees>
            </Position>
            <AltitudeMeters>176.0</AltitudeMeters>
            <DistanceMeters>4031.300048828125</DistanceMeters>
            <HeartRateBpm>
              <Value>59</Value>
            </HeartRateBpm>
            <Extensions>
              <ns3:TPX>
                <ns3:Speed>0.47600001096725464</ns3:Speed>
              </ns3:TPX>
            </Extensions>
          </Trackpoint>
          <Trackpoint>
            <Time>2026-08-03T16:33:17.000Z</Time>
            <Position>
              <LatitudeDegrees>44.28636375814676</LatitudeDegrees>
              <LongitudeDegrees>-81.60170434042811</LongitudeDegrees>
            </Position>
            <AltitudeMeters>175.8000030517578</AltitudeMeters>
            <DistanceMeters>4031.300048828125</DistanceMeters>
            <HeartRateBpm>
              <Value>61</Value>
            </HeartRateBpm>
            <Extensions>
              <ns3:TPX>
                <ns3:Speed>0.4950000047683716</ns3:Speed>
              </ns3:TPX>
            </Extensions>
          </Trackpoint>
          <Trackpoint>
            <Time>2026-08-03T16:33:22.000Z</Time>
            <Position>
              <LatitudeDegrees>44.286362919956446</LatitudeDegrees>
              <LongitudeDegrees>-81.60168849863112</LongitudeDegrees>
            </Position>
            <AltitudeMeters>175.39999389648438</AltitudeMeters>
            <DistanceMeters>4032.5400390625</DistanceMeters>
            <HeartRateBpm>
              <Value>59</Value>
            </HeartRateBpm>
            <Extensions>
              <ns3:TPX>
                <ns3:Speed>0.5130000114440918</ns3:Speed>
              </ns3:TPX>
            </Extensions>
          </Trackpoint>
          <Trackpoint>
            <Time>2026-08-03T16:33:28.000Z</Time>
            <Position>
              <LatitudeDegrees>44.28635093383491</LatitudeDegrees>
              <LongitudeDegrees>-81.60166000016034</LongitudeDegrees>
            </Position>
            <AltitudeMeters>175.39999389648438</AltitudeMeters>
            <DistanceMeters>4035.14990234375</DistanceMeters>
            <HeartRateBpm>
              <Value>61</Value>
            </HeartRateBpm>
            <Extensions>
              <ns3:TPX>
                <ns3:Speed>0.4950000047683716</ns3:Speed>
              </ns3:TPX>
            </Extensions>
          </Trackpoint>
          <Trackpoint>
            <Time>2026-08-03T16:33:37.000Z</Time>
            <Position>
              <LatitudeDegrees>44.2863583099097</LatitudeDegrees>
              <LongitudeDegrees>-81.60158414393663</LongitudeDegrees>
            </Position>
            <AltitudeMeters>175.1999969482422</AltitudeMeters>
            <DistanceMeters>4041.47998046875</DistanceMeters>
            <HeartRateBpm>
              <Value>62</Value>
            </HeartRateBpm>
            <Extensions>
              <ns3:TPX>
                <ns3:Speed>0.8209999799728394</ns3:Speed>
              </ns3:TPX>
            </Extensions>
          </Trackpoint>
          <Trackpoint>
            <Time>2026-08-03T16:33:40.000Z</Time>
            <Position>
              <LatitudeDegrees>44.286371720954776</LatitudeDegrees>
              <LongitudeDegrees>-81.60153737291694</LongitudeDegrees>
            </Position>
            <AltitudeMeters>175.1999969482422</AltitudeMeters>
            <DistanceMeters>4045.639892578125</DistanceMeters>
            <HeartRateBpm>
              <Value>63</Value>
            </HeartRateBpm>
            <Extensions>
              <ns3:TPX>
                <ns3:Speed>1.3339999914169312</ns3:Speed>
              </ns3:TPX>
            </Extensions>
          </Trackpoint>
          <Trackpoint>
            <Time>2026-08-03T16:33:43.000Z</Time>
            <Position>
              <LatitudeDegrees>44.286387311294675</LatitudeDegrees>
              <LongitudeDegrees>-81.60149320028722</LongitudeDegrees>
            </Position>
            <AltitudeMeters>175.0</AltitudeMeters>
            <DistanceMeters>4049.5400390625</DistanceMeters>
            <HeartRateBpm>
              <Value>65</Value>
            </HeartRateBpm>
            <Extensions>
              <ns3:TPX>
                <ns3:Speed>1.2970000505447388</ns3:Speed>
              </ns3:TPX>
            </Extensions>
          </Trackpoint>
          <Trackpoint>
            <Time>2026-08-03T16:33:45.000Z</Time>
            <Position>
              <LatitudeDegrees>44.28639887832105</LatitudeDegrees>
              <LongitudeDegrees>-81.60146847367287</LongitudeDegrees>
            </Position>
            <AltitudeMeters>175.0</AltitudeMeters>
            <DistanceMeters>4051.919921875</DistanceMeters>
            <HeartRateBpm>
              <Value>65</Value>
            </HeartRateBpm>
            <Extensions>
              <ns3:TPX>
                <ns3:Speed>1.3250000476837158</ns3:Speed>
              </ns3:TPX>
            </Extensions>
          </Trackpoint>
          <Trackpoint>
            <Time>2026-08-03T16:33:50.000Z</Time>
            <Position>
              <LatitudeDegrees>44.28642771206796</LatitudeDegrees>
              <LongitudeDegrees>-81.60137417726219</LongitudeDegrees>
            </Position>
            <AltitudeMeters>175.0</AltitudeMeters>
            <DistanceMeters>4060.169921875</DistanceMeters>
            <HeartRateBpm>
              <Value>66</Value>
            </HeartRateBpm>
            <Extensions>
              <ns3:TPX>
                <ns3:Speed>1.437000036239624</ns3:Speed>
              </ns3:TPX>
            </Extensions>
          </Trackpoint>
          <Trackpoint>
            <Time>2026-08-03T16:34:00.000Z</Time>
            <Position>
              <LatitudeDegrees>44.28650390356779</LatitudeDegrees>
              <LongitudeDegrees>-81.60115012899041</LongitudeDegrees>
            </Position>
            <AltitudeMeters>175.1999969482422</AltitudeMeters>
            <DistanceMeters>4079.989990234375</DistanceMeters>
            <HeartRateBpm>
              <Value>69</Value>
            </HeartRateBpm>
            <Extensions>
              <ns3:TPX>
                <ns3:Speed>1.875</ns3:Speed>
              </ns3:TPX>
            </Extensions>
          </Trackpoint>
          <Trackpoint>
            <Time>2026-08-03T16:34:04.000Z</Time>
            <Position>
              <LatitudeDegrees>44.286535419523716</LatitudeDegrees>
              <LongitudeDegrees>-81.60106874071062</LongitudeDegrees>
            </Position>
            <AltitudeMeters>175.1999969482422</AltitudeMeters>
            <DistanceMeters>4087.429931640625</DistanceMeters>
            <HeartRateBpm>
              <Value>72</Value>
            </HeartRateBpm>
            <Extensions>
              <ns3:TPX>
                <ns3:Speed>1.940999984741211</ns3:Speed>
              </ns3:TPX>
            </Extensions>
          </Trackpoint>
          <Trackpoint>
            <Time>2026-08-03T16:34:07.000Z</Time>
            <Position>
              <LatitudeDegrees>44.28655352443457</LatitudeDegrees>
              <LongitudeDegrees>-81.60097930580378</LongitudeDegrees>
            </Position>
            <AltitudeMeters>175.1999969482422</AltitudeMeters>
            <DistanceMeters>4094.949951171875</DistanceMeters>
            <HeartRateBpm>
              <Value>73</Value>
            </HeartRateBpm>
            <Extensions>
              <ns3:TPX>
                <ns3:Speed>2.052999973297119</ns3:Speed>
              </ns3:TPX>
            </Extensions>
          </Trackpoint>
          <Trackpoint>
            <Time>2026-08-03T16:34:11.000Z</Time>
            <Position>
              <LatitudeDegrees>44.2865586373955</LatitudeDegrees>
              <LongitudeDegrees>-81.60086723975837</LongitudeDegrees>
            </Position>
            <AltitudeMeters>175.1999969482422</AltitudeMeters>
            <DistanceMeters>4103.919921875</DistanceMeters>
            <HeartRateBpm>
              <Value>76</Value>
            </HeartRateBpm>
            <Extensions>
              <ns3:TPX>
                <ns3:Speed>2.2769999504089355</ns3:Speed>
              </ns3:TPX>
            </Extensions>
          </Trackpoint>
          <Trackpoint>
            <Time>2026-08-03T16:34:14.000Z</Time>
            <Position>
              <LatitudeDegrees>44.28655972704291</LatitudeDegrees>
              <LongitudeDegrees>-81.60079775378108</LongitudeDegrees>
            </Position>
            <AltitudeMeters>175.1999969482422</AltitudeMeters>
            <DistanceMeters>4109.47021484375</DistanceMeters>
            <HeartRateBpm>
              <Value>79</Value>
            </HeartRateBpm>
            <Extensions>
              <ns3:TPX>
                <ns3:Speed>2.2769999504089355</ns3:Speed>
              </ns3:TPX>
            </Extensions>
          </Trackpoint>
          <Trackpoint>
            <Time>2026-08-03T16:34:17.000Z</Time>
            <Position>
              <LatitudeDegrees>44.28655763156712</LatitudeDegrees>
              <LongitudeDegrees>-81.60072013735771</LongitudeDegrees>
            </Position>
            <AltitudeMeters>175.1999969482422</AltitudeMeters>
            <DistanceMeters>4115.66015625</DistanceMeters>
            <HeartRateBpm>
              <Value>79</Value>
            </HeartRateBpm>
            <Extensions>
              <ns3:TPX>
                <ns3:Speed>2.0899999141693115</ns3:Speed>
              </ns3:TPX>
            </Extensions>
          </Trackpoint>
          <Trackpoint>
            <Time>2026-08-03T16:34:28.000Z</Time>
            <Position>
              <LatitudeDegrees>44.28656383417547</LatitudeDegrees>
              <LongitudeDegrees>-81.60047245211899</LongitudeDegrees>
            </Position>
            <AltitudeMeters>175.1999969482422</AltitudeMeters>
            <DistanceMeters>4135.47998046875</DistanceMeters>
            <HeartRateBpm>
              <Value>78</Value>
            </HeartRateBpm>
            <Extensions>
              <ns3:TPX>
                <ns3:Speed>1.7359999418258667</ns3:Speed>
              </ns3:TPX>
            </Extensions>
          </Trackpoint>
          <Trackpoint>
            <Time>2026-08-03T16:34:33.000Z</Time>
            <Position>
              <LatitudeDegrees>44.28657514974475</LatitudeDegrees>
              <LongitudeDegrees>-81.60036482848227</LongitudeDegrees>
            </Position>
            <AltitudeMeters>175.0</AltitudeMeters>
            <DistanceMeters>4144.14013671875</DistanceMeters>
            <HeartRateBpm>
              <Value>75</Value>
            </HeartRateBpm>
            <Extensions>
              <ns3:TPX>
                <ns3:Speed>1.7359999418258667</ns3:Speed>
              </ns3:TPX>
            </Extensions>
          </Trackpoint>
          <Trackpoint>
            <Time>2026-08-03T16:34:37.000Z</Time>
            <Position>
              <LatitudeDegrees>44.28658579476178</LatitudeDegrees>
              <LongitudeDegrees>-81.60026893950999</LongitudeDegrees>
            </Position>
            <AltitudeMeters>175.1999969482422</AltitudeMeters>
            <DistanceMeters>4151.8798828125</DistanceMeters>
            <HeartRateBpm>
              <Value>77</Value>
            </HeartRateBpm>
            <Extensions>
              <ns3:TPX>
                <ns3:Speed>1.8009999990463257</ns3:Speed>
              </ns3:TPX>
            </Extensions>
          </Trackpoint>
          <Trackpoint>
            <Time>2026-08-03T16:34:45.000Z</Time>
            <Position>
              <LatitudeDegrees>44.286612113937736</LatitudeDegrees>
              <LongitudeDegrees>-81.60008453764021</LongitudeDegrees>
            </Position>
            <AltitudeMeters>175.39999389648438</AltitudeMeters>
            <DistanceMeters>4166.93017578125</DistanceMeters>
            <HeartRateBpm>
              <Value>74</Value>
            </HeartRateBpm>
            <Extensions>
              <ns3:TPX>
                <ns3:Speed>1.819000005722046</ns3:Speed>
              </ns3:TPX>
            </Extensions>
          </Trackpoint>
          <Trackpoint>
            <Time>2026-08-03T16:34:47.000Z</Time>
            <Position>
              <LatitudeDegrees>44.286613622680306</LatitudeDegrees>
              <LongitudeDegrees>-81.6000366769731</LongitudeDegrees>
            </Position>
            <AltitudeMeters>175.39999389648438</AltitudeMeters>
            <DistanceMeters>4170.72021484375</DistanceMeters>
            <HeartRateBpm>
              <Value>72</Value>
            </HeartRateBpm>
            <Extensions>
              <ns3:TPX>
                <ns3:Speed>1.8289999961853027</ns3:Speed>
              </ns3:TPX>
            </Extensions>
          </Trackpoint>
          <Trackpoint>
            <Time>2026-08-03T16:34:50.000Z</Time>
            <Position>
              <LatitudeDegrees>44.28661865182221</LatitudeDegrees>
              <LongitudeDegrees>-81.59996476024389</LongitudeDegrees>
            </Position>
            <AltitudeMeters>175.39999389648438</AltitudeMeters>
            <DistanceMeters>4176.5</DistanceMeters>
            <HeartRateBpm>
              <Value>69</Value>
            </HeartRateBpm>
            <Extensions>
              <ns3:TPX>
                <ns3:Speed>1.902999997138977</ns3:Speed>
              </ns3:TPX>
            </Extensions>
          </Trackpoint>
          <Trackpoint>
            <Time>2026-08-03T16:34:55.000Z</Time>
            <Position>
              <LatitudeDegrees>44.286619406193495</LatitudeDegrees>
              <LongitudeDegrees>-81.59986300393939</LongitudeDegrees>
            </Position>
            <AltitudeMeters>175.39999389648438</AltitudeMeters>
            <DistanceMeters>4184.64990234375</DistanceMeters>
            <HeartRateBpm>
              <Value>67</Value>
            </HeartRateBpm>
            <Extensions>
              <ns3:TPX>
                <ns3:Speed>1.7359999418258667</ns3:Speed>
              </ns3:TPX>
            </Extensions>
          </Trackpoint>
          <Trackpoint>
            <Time>2026-08-03T16:34:58.000Z</Time>
            <Position>
              <LatitudeDegrees>44.286622339859605</LatitudeDegrees>
              <LongitudeDegrees>-81.599793266505</LongitudeDegrees>
            </Position>
            <AltitudeMeters>175.39999389648438</AltitudeMeters>
            <DistanceMeters>4190.22021484375</DistanceMeters>
            <HeartRateBpm>
              <Value>64</Value>
            </HeartRateBpm>
            <Extensions>
              <ns3:TPX>
                <ns3:Speed>1.7259999513626099</ns3:Speed>
              </ns3:TPX>
            </Extensions>
          </Trackpoint>
          <Trackpoint>
            <Time>2026-08-03T16:35:00.000Z</Time>
            <Position>
              <LatitudeDegrees>44.28662460297346</LatitudeDegrees>
              <LongitudeDegrees>-81.59974532201886</LongitudeDegrees>
            </Position>
            <AltitudeMeters>175.39999389648438</AltitudeMeters>
            <DistanceMeters>4194.0498046875</DistanceMeters>
            <HeartRateBpm>
              <Value>61</Value>
            </HeartRateBpm>
            <Extensions>
              <ns3:TPX>
                <ns3:Speed>1.7640000581741333</ns3:Speed>
              </ns3:TPX>
            </Extensions>
          </Trackpoint>
          <Trackpoint>
            <Time>2026-08-03T16:35:10.000Z</Time>
            <Position>
              <LatitudeDegrees>44.28664203733206</LatitudeDegrees>
              <LongitudeDegrees>-81.59952286630869</LongitudeDegrees>
            </Position>
            <AltitudeMeters>175.39999389648438</AltitudeMeters>
            <DistanceMeters>4211.91015625</DistanceMeters>
            <HeartRateBpm>
              <Value>64</Value>
            </HeartRateBpm>
            <Extensions>
              <ns3:TPX>
                <ns3:Speed>1.819000005722046</ns3:Speed>
              </ns3:TPX>
            </Extensions>
          </Trackpoint>
          <Trackpoint>
            <Time>2026-08-03T16:35:18.000Z</Time>
            <Position>
              <LatitudeDegrees>44.28666424937546</LatitudeDegrees>
              <LongitudeDegrees>-81.59933678805828</LongitudeDegrees>
            </Position>
            <AltitudeMeters>175.60000610351562</AltitudeMeters>
            <DistanceMeters>4226.9599609375</DistanceMeters>
            <HeartRateBpm>
              <Value>62</Value>
            </HeartRateBpm>
            <Extensions>
              <ns3:TPX>
                <ns3:Speed>1.819000005722046</ns3:Speed>
              </ns3:TPX>
            </Extensions>
          </Trackpoint>
          <Trackpoint>
            <Time>2026-08-03T16:35:29.000Z</Time>
            <Position>
              <LatitudeDegrees>44.28671948611736</LatitudeDegrees>
              <LongitudeDegrees>-81.59908055327833</LongitudeDegrees>
            </Position>
            <AltitudeMeters>176.0</AltitudeMeters>
            <DistanceMeters>4248.2099609375</DistanceMeters>
            <HeartRateBpm>
              <Value>62</Value>
            </HeartRateBpm>
            <Extensions>
              <ns3:TPX>
                <ns3:Speed>1.9869999885559082</ns3:Speed>
              </ns3:TPX>
            </Extensions>
          </Trackpoint>
          <Trackpoint>
            <Time>2026-08-03T16:35:35.000Z</Time>
            <Position>
              <LatitudeDegrees>44.286752846091986</LatitudeDegrees>
              <LongitudeDegrees>-81.59893303178251</LongitudeDegrees>
            </Position>
            <AltitudeMeters>175.60000610351562</AltitudeMeters>
            <DistanceMeters>4260.56982421875</DistanceMeters>
            <HeartRateBpm>
              <Value>59</Value>
            </HeartRateBpm>
            <Extensions>
              <ns3:TPX>
                <ns3:Speed>1.9869999885559082</ns3:Speed>
              </ns3:TPX>
            </Extensions>
          </Trackpoint>
          <Trackpoint>
            <Time>2026-08-03T16:35:38.000Z</Time>
            <Position>
              <LatitudeDegrees>44.2867642454803</LatitudeDegrees>
              <LongitudeDegrees>-81.59885885193944</LongitudeDegrees>
            </Position>
            <AltitudeMeters>175.60000610351562</AltitudeMeters>
            <DistanceMeters>4266.6201171875</DistanceMeters>
            <HeartRateBpm>
              <Value>58</Value>
            </HeartRateBpm>
            <Extensions>
              <ns3:TPX>
                <ns3:Speed>1.9869999885559082</ns3:Speed>
              </ns3:TPX>
            </Extensions>
          </Trackpoint>
          <Trackpoint>
            <Time>2026-08-03T16:35:49.000Z</Time>
            <Position>
              <LatitudeDegrees>44.28678033873439</LatitudeDegrees>
              <LongitudeDegrees>-81.59859239123762</LongitudeDegrees>
            </Position>
            <AltitudeMeters>175.8000030517578</AltitudeMeters>
            <DistanceMeters>4287.9599609375</DistanceMeters>
            <HeartRateBpm>
              <Value>59</Value>
            </HeartRateBpm>
            <Extensions>
              <ns3:TPX>
                <ns3:Speed>1.8380000591278076</ns3:Speed>
              </ns3:TPX>
            </Extensions>
          </Trackpoint>
          <Trackpoint>
            <Time>2026-08-03T16:35:57.000Z</Time>
            <Position>
              <LatitudeDegrees>44.28677589632571</LatitudeDegrees>
              <LongitudeDegrees>-81.59841829910874</LongitudeDegrees>
            </Position>
            <AltitudeMeters>175.8000030517578</AltitudeMeters>
            <DistanceMeters>4302.009765625</DistanceMeters>
            <HeartRateBpm>
              <Value>61</Value>
            </HeartRateBpm>
            <Extensions>
              <ns3:TPX>
                <ns3:Speed>1.809999942779541</ns3:Speed>
              </ns3:TPX>
            </Extensions>
          </Trackpoint>
          <Trackpoint>
            <Time>2026-08-03T16:36:07.000Z</Time>
            <Position>
              <LatitudeDegrees>44.2868178896606</LatitudeDegrees>
              <LongitudeDegrees>-81.5982321370393</LongitudeDegrees>
            </Position>
            <AltitudeMeters>176.0</AltitudeMeters>
            <DistanceMeters>4317.68017578125</DistanceMeters>
            <HeartRateBpm>
              <Value>62</Value>
            </HeartRateBpm>
            <Extensions>
              <ns3:TPX>
                <ns3:Speed>1.5959999561309814</ns3:Speed>
              </ns3:TPX>
            </Extensions>
          </Trackpoint>
          <Trackpoint>
            <Time>2026-08-03T16:36:18.000Z</Time>
            <Position>
              <LatitudeDegrees>44.28689634427428</LatitudeDegrees>
              <LongitudeDegrees>-81.59803776070476</LongitudeDegrees>
            </Position>
            <AltitudeMeters>176.0</AltitudeMeters>
            <DistanceMeters>4335.43017578125</DistanceMeters>
            <HeartRateBpm>
              <Value>65</Value>
            </HeartRateBpm>
            <Extensions>
              <ns3:TPX>
                <ns3:Speed>1.6139999628067017</ns3:Speed>
              </ns3:TPX>
            </Extensions>
          </Trackpoint>
          <Trackpoint>
            <Time>2026-08-03T16:36:22.000Z</Time>
            <Position>
              <LatitudeDegrees>44.28693431429565</LatitudeDegrees>
              <LongitudeDegrees>-81.59795989282429</LongitudeDegrees>
            </Position>
            <AltitudeMeters>176.1999969482422</AltitudeMeters>
            <DistanceMeters>4342.990234375</DistanceMeters>
            <HeartRateBpm>
              <Value>68</Value>
            </HeartRateBpm>
            <Extensions>
              <ns3:TPX>
                <ns3:Speed>1.6699999570846558</ns3:Speed>
              </ns3:TPX>
            </Extensions>
          </Trackpoint>
          <Trackpoint>
            <Time>2026-08-03T16:36:26.000Z</Time>
            <Position>
              <LatitudeDegrees>44.28696943446994</LatitudeDegrees>
              <LongitudeDegrees>-81.5978732239455</LongitudeDegrees>
            </Position>
            <AltitudeMeters>176.1999969482422</AltitudeMeters>
            <DistanceMeters>4350.93017578125</DistanceMeters>
            <HeartRateBpm>
              <Value>68</Value>
            </HeartRateBpm>
            <Extensions>
              <ns3:TPX>
                <ns3:Speed>1.819000005722046</ns3:Speed>
              </ns3:TPX>
            </Extensions>
          </Trackpoint>
          <Trackpoint>
            <Time>2026-08-03T16:36:38.000Z</Time>
            <Position>
              <LatitudeDegrees>44.287038668990135</LatitudeDegrees>
              <LongitudeDegrees>-81.59764112904668</LongitudeDegrees>
            </Position>
            <AltitudeMeters>176.39999389648438</AltitudeMeters>
            <DistanceMeters>4371.0498046875</DistanceMeters>
            <HeartRateBpm>
              <Value>66</Value>
            </HeartRateBpm>
            <Extensions>
              <ns3:TPX>
                <ns3:Speed>1.7359999418258667</ns3:Speed>
              </ns3:TPX>
            </Extensions>
          </Trackpoint>
          <Trackpoint>
            <Time>2026-08-03T16:36:41.000Z</Time>
            <Position>
              <LatitudeDegrees>44.28705752827227</LatitudeDegrees>
              <LongitudeDegrees>-81.59758907742798</LongitudeDegrees>
            </Position>
            <AltitudeMeters>176.60000610351562</AltitudeMeters>
            <DistanceMeters>4375.72021484375</DistanceMeters>
            <HeartRateBpm>
              <Value>62</Value>
            </HeartRateBpm>
            <Extensions>
              <ns3:TPX>
                <ns3:Speed>1.6979999542236328</ns3:Speed>
              </ns3:TPX>
            </Extensions>
          </Trackpoint>
          <Trackpoint>
            <Time>2026-08-03T16:36:44.000Z</Time>
            <Position>
              <LatitudeDegrees>44.28707856684923</LatitudeDegrees>
              <LongitudeDegrees>-81.59752629697323</LongitudeDegrees>
            </Position>
            <AltitudeMeters>176.60000610351562</AltitudeMeters>
            <DistanceMeters>4381.25</DistanceMeters>
            <HeartRateBpm>
              <Value>59</Value>
            </HeartRateBpm>
            <Extensions>
              <ns3:TPX>
                <ns3:Speed>1.7170000076293945</ns3:Speed>
              </ns3:TPX>
            </Extensions>
          </Trackpoint>
          <Trackpoint>
            <Time>2026-08-03T16:36:45.000Z</Time>
            <Position>
              <LatitudeDegrees>44.287084601819515</LatitudeDegrees>
              <LongitudeDegrees>-81.59750827588141</LongitudeDegrees>
            </Position>
            <AltitudeMeters>176.60000610351562</AltitudeMeters>
            <DistanceMeters>4382.830078125</DistanceMeters>
            <HeartRateBpm>
              <Value>58</Value>
            </HeartRateBpm>
            <Extensions>
              <ns3:TPX>
                <ns3:Speed>1.6799999475479126</ns3:Speed>
              </ns3:TPX>
            </Extensions>
          </Trackpoint>
          <Trackpoint>
            <Time>2026-08-03T16:36:49.000Z</Time>
            <Position>
              <LatitudeDegrees>44.28710832260549</LatitudeDegrees>
              <LongitudeDegrees>-81.59742973744869</LongitudeDegrees>
            </Position>
            <AltitudeMeters>176.60000610351562</AltitudeMeters>
            <DistanceMeters>4389.64013671875</DistanceMeters>
            <HeartRateBpm>
              <Value>55</Value>
            </HeartRateBpm>
            <Extensions>
              <ns3:TPX>
                <ns3:Speed>1.6050000190734863</ns3:Speed>
              </ns3:TPX>
            </Extensions>
          </Trackpoint>
          <Trackpoint>
            <Time>2026-08-03T16:36:54.000Z</Time>
            <Position>
              <LatitudeDegrees>44.2871424369514</LatitudeDegrees>
              <LongitudeDegrees>-81.59733376465738</LongitudeDegrees>
            </Position>
            <AltitudeMeters>176.60000610351562</AltitudeMeters>
            <DistanceMeters>4398.16015625</DistanceMeters>
            <HeartRateBpm>
              <Value>53</Value>
            </HeartRateBpm>
            <Extensions>
              <ns3:TPX>
                <ns3:Speed>1.6330000162124634</ns3:Speed>
              </ns3:TPX>
            </Extensions>
          </Trackpoint>
          <Trackpoint>
            <Time>2026-08-03T16:37:03.000Z</Time>
            <Position>
              <LatitudeDegrees>44.28718267008662</LatitudeDegrees>
              <LongitudeDegrees>-81.59717953763902</LongitudeDegrees>
            </Position>
            <AltitudeMeters>176.8000030517578</AltitudeMeters>
            <DistanceMeters>4411.2998046875</DistanceMeters>
            <HeartRateBpm>
              <Value>55</Value>
            </HeartRateBpm>
            <Extensions>
              <ns3:TPX>
                <ns3:Speed>1.5299999713897705</ns3:Speed>
              </ns3:TPX>
            </Extensions>
          </Trackpoint>
          <Trackpoint>
            <Time>2026-08-03T16:37:07.000Z</Time>
            <Position>
              <LatitudeDegrees>44.287203792482615</LatitudeDegrees>
              <LongitudeDegrees>-81.59710217267275</LongitudeDegrees>
            </Position>
            <AltitudeMeters>176.8000030517578</AltitudeMeters>
            <DistanceMeters>4417.8798828125</DistanceMeters>
            <HeartRateBpm>
              <Value>58</Value>
            </HeartRateBpm>
            <Extensions>
              <ns3:TPX>
                <ns3:Speed>1.5299999713897705</ns3:Speed>
              </ns3:TPX>
            </Extensions>
          </Trackpoint>
          <Trackpoint>
            <Time>2026-08-03T16:37:11.000Z</Time>
            <Position>
              <LatitudeDegrees>44.28721544332802</LatitudeDegrees>
              <LongitudeDegrees>-81.59703637473285</LongitudeDegrees>
            </Position>
            <AltitudeMeters>177.0</AltitudeMeters>
            <DistanceMeters>4423.2900390625</DistanceMeters>
            <HeartRateBpm>
              <Value>60</Value>
            </HeartRateBpm>
            <Extensions>
              <ns3:TPX>
                <ns3:Speed>1.4179999828338623</ns3:Speed>
              </ns3:TPX>
            </Extensions>
          </Trackpoint>
          <Trackpoint>
            <Time>2026-08-03T16:37:12.000Z</Time>
            <Position>
              <LatitudeDegrees>44.287218963727355</LatitudeDegrees>
              <LongitudeDegrees>-81.59702271223068</LongitudeDegrees>
            </Position>
            <AltitudeMeters>177.0</AltitudeMeters>
            <DistanceMeters>4424.4501953125</DistanceMeters>
            <HeartRateBpm>
              <Value>60</Value>
            </HeartRateBpm>
            <Extensions>
              <ns3:TPX>
                <ns3:Speed>1.4179999828338623</ns3:Speed>
              </ns3:TPX>
            </Extensions>
          </Trackpoint>
          <Trackpoint>
            <Time>2026-08-03T16:37:19.000Z</Time>
            <Position>
              <LatitudeDegrees>44.28725014440715</LatitudeDegrees>
              <LongitudeDegrees>-81.59691927954555</LongitudeDegrees>
            </Position>
            <AltitudeMeters>177.0</AltitudeMeters>
            <DistanceMeters>4433.4501953125</DistanceMeters>
            <HeartRateBpm>
              <Value>63</Value>
            </HeartRateBpm>
            <Extensions>
              <ns3:TPX>
                <ns3:Speed>1.38100004196167</ns3:Speed>
              </ns3:TPX>
            </Extensions>
          </Trackpoint>
          <Trackpoint>
            <Time>2026-08-03T16:37:22.000Z</Time>
            <Position>
              <LatitudeDegrees>44.287268333137035</LatitudeDegrees>
              <LongitudeDegrees>-81.59687929786742</LongitudeDegrees>
            </Position>
            <AltitudeMeters>177.0</AltitudeMeters>
            <DistanceMeters>4437.240234375</DistanceMeters>
            <HeartRateBpm>
              <Value>66</Value>
            </HeartRateBpm>
            <Extensions>
              <ns3:TPX>
                <ns3:Speed>1.38100004196167</ns3:Speed>
              </ns3:TPX>
            </Extensions>
          </Trackpoint>
          <Trackpoint>
            <Time>2026-08-03T16:37:31.000Z</Time>
            <Position>
              <LatitudeDegrees>44.28734494373202</LatitudeDegrees>
              <LongitudeDegrees>-81.59676857292652</LongitudeDegrees>
            </Position>
            <AltitudeMeters>177.1999969482422</AltitudeMeters>
            <DistanceMeters>4449.5400390625</DistanceMeters>
            <HeartRateBpm>
              <Value>66</Value>
            </HeartRateBpm>
            <Extensions>
              <ns3:TPX>
                <ns3:Speed>1.437000036239624</ns3:Speed>
              </ns3:TPX>
            </Extensions>
          </Trackpoint>
          <Trackpoint>
            <Time>2026-08-03T16:37:39.000Z</Time>
            <Position>
              <LatitudeDegrees>44.287420716136694</LatitudeDegrees>
              <LongitudeDegrees>-81.59659054130316</LongitudeDegrees>
            </Position>
            <AltitudeMeters>177.1999969482422</AltitudeMeters>
            <DistanceMeters>4466.08984375</DistanceMeters>
            <HeartRateBpm>
              <Value>69</Value>
            </HeartRateBpm>
            <Extensions>
              <ns3:TPX>
                <ns3:Speed>1.940999984741211</ns3:Speed>
              </ns3:TPX>
            </Extensions>
          </Trackpoint>
          <Trackpoint>
            <Time>2026-08-03T16:37:41.000Z</Time>
            <Position>
              <LatitudeDegrees>44.28744385018945</LatitudeDegrees>
              <LongitudeDegrees>-81.59654234535992</LongitudeDegrees>
            </Position>
            <AltitudeMeters>177.1999969482422</AltitudeMeters>
            <DistanceMeters>4470.72021484375</DistanceMeters>
            <HeartRateBpm>
              <Value>69</Value>
            </HeartRateBpm>
            <Extensions>
              <ns3:TPX>
                <ns3:Speed>2.0339999198913574</ns3:Speed>
              </ns3:TPX>
            </Extensions>
          </Trackpoint>
          <Trackpoint>
            <Time>2026-08-03T16:37:49.000Z</Time>
            <Position>
              <LatitudeDegrees>44.28753571584821</LatitudeDegrees>
              <LongitudeDegrees>-81.59633832983673</LongitudeDegrees>
            </Position>
            <AltitudeMeters>177.1999969482422</AltitudeMeters>
            <DistanceMeters>4489.919921875</DistanceMeters>
            <HeartRateBpm>
              <Value>67</Value>
            </HeartRateBpm>
            <Extensions>
              <ns3:TPX>
                <ns3:Speed>2.3889999389648438</ns3:Speed>
              </ns3:TPX>
            </Extensions>
          </Trackpoint>
          <Trackpoint>
            <Time>2026-08-03T16:37:55.000Z</Time>
            <Position>
              <LatitudeDegrees>44.28758919239044</LatitudeDegrees>
              <LongitudeDegrees>-81.59617261961102</LongitudeDegrees>
            </Position>
            <AltitudeMeters>177.1999969482422</AltitudeMeters>
            <DistanceMeters>4504.43994140625</DistanceMeters>
            <HeartRateBpm>
              <Value>64</Value>
            </HeartRateBpm>
            <Extensions>
              <ns3:TPX>
                <ns3:Speed>2.3420000076293945</ns3:Speed>
              </ns3:TPX>
            </Extensions>
          </Trackpoint>
          <Trackpoint>
            <Time>2026-08-03T16:37:58.000Z</Time>
            <Position>
              <LatitudeDegrees>44.28761173970997</LatitudeDegrees>
              <LongitudeDegrees>-81.59608419053257</LongitudeDegrees>
            </Position>
            <AltitudeMeters>177.1999969482422</AltitudeMeters>
            <DistanceMeters>4511.93017578125</DistanceMeters>
            <HeartRateBpm>
              <Value>63</Value>
            </HeartRateBpm>
            <Extensions>
              <ns3:TPX>
                <ns3:Speed>2.4820001125335693</ns3:Speed>
              </ns3:TPX>
            </Extensions>
          </Trackpoint>
          <Trackpoint>
            <Time>2026-08-03T16:38:09.000Z</Time>
            <Position>
              <LatitudeDegrees>44.28770796395838</LatitudeDegrees>
              <LongitudeDegrees>-81.59580004401505</LongitudeDegrees>
            </Position>
            <AltitudeMeters>177.1999969482422</AltitudeMeters>
            <DistanceMeters>4537.06005859375</DistanceMeters>
            <HeartRateBpm>
              <Value>63</Value>
            </HeartRateBpm>
            <Extensions>
              <ns3:TPX>
                <ns3:Speed>2.2860000133514404</ns3:Speed>
              </ns3:TPX>
            </Extensions>
          </Trackpoint>
          <Trackpoint>
            <Time>2026-08-03T16:38:19.000Z</Time>
            <Position>
              <LatitudeDegrees>44.28781567141414</LatitudeDegrees>
              <LongitudeDegrees>-81.5955506823957</LongitudeDegrees>
            </Position>
            <AltitudeMeters>177.1999969482422</AltitudeMeters>
            <DistanceMeters>4560.2998046875</DistanceMeters>
            <HeartRateBpm>
              <Value>64</Value>
            </HeartRateBpm>
            <Extensions>
              <ns3:TPX>
                <ns3:Speed>2.3420000076293945</ns3:Speed>
              </ns3:TPX>
            </Extensions>
          </Trackpoint>
          <Trackpoint>
            <Time>2026-08-03T16:38:24.000Z</Time>
            <Position>
              <LatitudeDegrees>44.2878692317754</LatitudeDegrees>
              <LongitudeDegrees>-81.59542637877166</LongitudeDegrees>
            </Position>
            <AltitudeMeters>177.1999969482422</AltitudeMeters>
            <DistanceMeters>4571.8701171875</DistanceMeters>
            <HeartRateBpm>
              <Value>67</Value>
            </HeartRateBpm>
            <Extensions>
              <ns3:TPX>
                <ns3:Speed>2.322999954223633</ns3:Speed>
              </ns3:TPX>
            </Extensions>
          </Trackpoint>
          <Trackpoint>
            <Time>2026-08-03T16:38:29.000Z</Time>
            <Position>
              <LatitudeDegrees>44.28791793063283</LatitudeDegrees>
              <LongitudeDegrees>-81.59529469907284</LongitudeDegrees>
            </Position>
            <AltitudeMeters>177.1999969482422</AltitudeMeters>
            <DistanceMeters>4583.68994140625</DistanceMeters>
            <HeartRateBpm>
              <Value>68</Value>
            </HeartRateBpm>
            <Extensions>
              <ns3:TPX>
                <ns3:Speed>2.3510000705718994</ns3:Speed>
              </ns3:TPX>
            </Extensions>
          </Trackpoint>
          <Trackpoint>
            <Time>2026-08-03T16:38:35.000Z</Time>
            <Position>
              <LatitudeDegrees>44.287969563156366</LatitudeDegrees>
              <LongitudeDegrees>-81.59514650702477</LongitudeDegrees>
            </Position>
            <AltitudeMeters>177.39999389648438</AltitudeMeters>
            <DistanceMeters>4596.83984375</DistanceMeters>
            <HeartRateBpm>
              <Value>71</Value>
            </HeartRateBpm>
            <Extensions>
              <ns3:TPX>
                <ns3:Speed>2.249000072479248</ns3:Speed>
              </ns3:TPX>
            </Extensions>
          </Trackpoint>
          <Trackpoint>
            <Time>2026-08-03T16:38:42.000Z</Time>
            <Position>
              <LatitudeDegrees>44.28802052512765</LatitudeDegrees>
              <LongitudeDegrees>-81.59498817287385</LongitudeDegrees>
            </Position>
            <AltitudeMeters>177.60000610351562</AltitudeMeters>
            <DistanceMeters>4610.72021484375</DistanceMeters>
            <HeartRateBpm>
              <Value>72</Value>
            </HeartRateBpm>
            <Extensions>
              <ns3:TPX>
                <ns3:Speed>2.193000078201294</ns3:Speed>
              </ns3:TPX>
            </Extensions>
          </Trackpoint>
          <Trackpoint>
            <Time>2026-08-03T16:38:45.000Z</Time>
            <Position>
              <LatitudeDegrees>44.28803619928658</LatitudeDegrees>
              <LongitudeDegrees>-81.59492120146751</LongitudeDegrees>
            </Position>
            <AltitudeMeters>177.39999389648438</AltitudeMeters>
            <DistanceMeters>4616.31005859375</DistanceMeters>
            <HeartRateBpm>
              <Value>69</Value>
            </HeartRateBpm>
            <Extensions>
              <ns3:TPX>
                <ns3:Speed>2.0810000896453857</ns3:Speed>
              </ns3:TPX>
            </Extensions>
          </Trackpoint>
          <Trackpoint>
            <Time>2026-08-03T16:38:50.000Z</Time>
            <Position>
              <LatitudeDegrees>44.2880764324218</LatitudeDegrees>
              <LongitudeDegrees>-81.59480678848922</LongitudeDegrees>
            </Position>
            <AltitudeMeters>177.39999389648438</AltitudeMeters>
            <DistanceMeters>4626.47998046875</DistanceMeters>
            <HeartRateBpm>
              <Value>69</Value>
            </HeartRateBpm>
            <Extensions>
              <ns3:TPX>
                <ns3:Speed>2.1459999084472656</ns3:Speed>
              </ns3:TPX>
            </Extensions>
          </Trackpoint>
          <Trackpoint>
            <Time>2026-08-03T16:39:02.000Z</Time>
            <Position>
              <LatitudeDegrees>44.288203585892916</LatitudeDegrees>
              <LongitudeDegrees>-81.59452431835234</LongitudeDegrees>
            </Position>
            <AltitudeMeters>177.60000610351562</AltitudeMeters>
            <DistanceMeters>4653.080078125</DistanceMeters>
            <HeartRateBpm>
              <Value>72</Value>
            </HeartRateBpm>
            <Extensions>
              <ns3:TPX>
                <ns3:Speed>2.2769999504089355</ns3:Speed>
              </ns3:TPX>
            </Extensions>
          </Trackpoint>
          <Trackpoint>
            <Time>2026-08-03T16:39:03.000Z</Time>
            <Position>
              <LatitudeDegrees>44.28821347653866</LatitudeDegrees>
              <LongitudeDegrees>-81.59449791535735</LongitudeDegrees>
            </Position>
            <AltitudeMeters>177.60000610351562</AltitudeMeters>
            <DistanceMeters>4655.4501953125</DistanceMeters>
            <HeartRateBpm>
              <Value>71</Value>
            </HeartRateBpm>
            <Extensions>
              <ns3:TPX>
                <ns3:Speed>2.2860000133514404</ns3:Speed>
              </ns3:TPX>
            </Extensions>
          </Trackpoint>
          <Trackpoint>
            <Time>2026-08-03T16:39:16.000Z</Time>
            <Position>
              <LatitudeDegrees>44.28832562640309</LatitudeDegrees>
              <LongitudeDegrees>-81.59418099559844</LongitudeDegrees>
            </Position>
            <AltitudeMeters>177.39999389648438</AltitudeMeters>
            <DistanceMeters>4683.68994140625</DistanceMeters>
            <HeartRateBpm>
              <Value>72</Value>
            </HeartRateBpm>
            <Extensions>
              <ns3:TPX>
                <ns3:Speed>2.193000078201294</ns3:Speed>
              </ns3:TPX>
            </Extensions>
          </Trackpoint>
          <Trackpoint>
            <Time>2026-08-03T16:39:23.000Z</Time>
            <Position>
              <LatitudeDegrees>44.28837742656469</LatitudeDegrees>
              <LongitudeDegrees>-81.59402081742883</LongitudeDegrees>
            </Position>
            <AltitudeMeters>177.8000030517578</AltitudeMeters>
            <DistanceMeters>4697.72998046875</DistanceMeters>
            <HeartRateBpm>
              <Value>69</Value>
            </HeartRateBpm>
            <Extensions>
              <ns3:TPX>
                <ns3:Speed>2.00600004196167</ns3:Speed>
              </ns3:TPX>
            </Extensions>
          </Trackpoint>
          <Trackpoint>
            <Time>2026-08-03T16:39:28.000Z</Time>
            <Position>
              <LatitudeDegrees>44.28841472603381</LatitudeDegrees>
              <LongitudeDegrees>-81.59390514716506</LongitudeDegrees>
            </Position>
            <AltitudeMeters>177.8000030517578</AltitudeMeters>
            <DistanceMeters>4707.85986328125</DistanceMeters>
            <HeartRateBpm>
              <Value>67</Value>
            </HeartRateBpm>
            <Extensions>
              <ns3:TPX>
                <ns3:Speed>1.9589999914169312</ns3:Speed>
              </ns3:TPX>
            </Extensions>
          </Trackpoint>
          <Trackpoint>
            <Time>2026-08-03T16:39:35.000Z</Time>
            <Position>
              <LatitudeDegrees>44.288467364385724</LatitudeDegrees>
              <LongitudeDegrees>-81.59374597482383</LongitudeDegrees>
            </Position>
            <AltitudeMeters>177.60000610351562</AltitudeMeters>
            <DistanceMeters>4721.830078125</DistanceMeters>
            <HeartRateBpm>
              <Value>64</Value>
            </HeartRateBpm>
            <Extensions>
              <ns3:TPX>
                <ns3:Speed>2.015000104904175</ns3:Speed>
              </ns3:TPX>
            </Extensions>
          </Trackpoint>
          <Trackpoint>
            <Time>2026-08-03T16:39:40.000Z</Time>
            <Position>
              <LatitudeDegrees>44.2885119561106</LatitudeDegrees>
              <LongitudeDegrees>-81.59361463040113</LongitudeDegrees>
            </Position>
            <AltitudeMeters>177.39999389648438</AltitudeMeters>
            <DistanceMeters>4733.419921875</DistanceMeters>
            <HeartRateBpm>
              <Value>63</Value>
            </HeartRateBpm>
            <Extensions>
              <ns3:TPX>
                <ns3:Speed>2.193000078201294</ns3:Speed>
              </ns3:TPX>
            </Extensions>
          </Trackpoint>
          <Trackpoint>
            <Time>2026-08-03T16:39:55.000Z</Time>
            <Position>
              <LatitudeDegrees>44.28864053450525</LatitudeDegrees>
              <LongitudeDegrees>-81.59321347251534</LongitudeDegrees>
            </Position>
            <AltitudeMeters>177.60000610351562</AltitudeMeters>
            <DistanceMeters>4768.5</DistanceMeters>
            <HeartRateBpm>
              <Value>62</Value>
            </HeartRateBpm>
            <Extensions>
              <ns3:TPX>
                <ns3:Speed>2.2300000190734863</ns3:Speed>
              </ns3:TPX>
            </Extensions>
          </Trackpoint>
          <Trackpoint>
            <Time>2026-08-03T16:39:58.000Z</Time>
            <Position>
              <LatitudeDegrees>44.288664842024446</LatitudeDegrees>
              <LongitudeDegrees>-81.59313585609198</LongitudeDegrees>
            </Position>
            <AltitudeMeters>177.60000610351562</AltitudeMeters>
            <DistanceMeters>4775.259765625</DistanceMeters>
            <HeartRateBpm>
              <Value>65</Value>
            </HeartRateBpm>
            <Extensions>
              <ns3:TPX>
                <ns3:Speed>2.2019999027252197</ns3:Speed>
              </ns3:TPX>
            </Extensions>
          </Trackpoint>
          <Trackpoint>
            <Time>2026-08-03T16:40:00.000Z</Time>
            <Position>
              <LatitudeDegrees>44.288685796782374</LatitudeDegrees>
              <LongitudeDegrees>-81.5930843912065</LongitudeDegrees>
            </Position>
            <AltitudeMeters>177.60000610351562</AltitudeMeters>
            <DistanceMeters>4779.97021484375</DistanceMeters>
            <HeartRateBpm>
              <Value>68</Value>
            </HeartRateBpm>
            <Extensions>
              <ns3:TPX>
                <ns3:Speed>2.193000078201294</ns3:Speed>
              </ns3:TPX>
            </Extensions>
          </Trackpoint>
          <Trackpoint>
            <Time>2026-08-03T16:40:05.000Z</Time>
            <Position>
              <LatitudeDegrees>44.28872996941209</LatitudeDegrees>
              <LongitudeDegrees>-81.59294835291803</LongitudeDegrees>
            </Position>
            <AltitudeMeters>177.8000030517578</AltitudeMeters>
            <DistanceMeters>4791.89013671875</DistanceMeters>
            <HeartRateBpm>
              <Value>72</Value>
            </HeartRateBpm>
            <Extensions>
              <ns3:TPX>
                <ns3:Speed>2.257999897003174</ns3:Speed>
              </ns3:TPX>
            </Extensions>
          </Trackpoint>
          <Trackpoint>
            <Time>2026-08-03T16:40:09.000Z</Time>
            <Position>
              <LatitudeDegrees>44.28875561803579</LatitudeDegrees>
              <LongitudeDegrees>-81.59284173510969</LongitudeDegrees>
            </Position>
            <AltitudeMeters>177.60000610351562</AltitudeMeters>
            <DistanceMeters>4800.8701171875</DistanceMeters>
            <HeartRateBpm>
              <Value>70</Value>
            </HeartRateBpm>
            <Extensions>
              <ns3:TPX>
                <ns3:Speed>2.3980000019073486</ns3:Speed>
              </ns3:TPX>
            </Extensions>
          </Trackpoint>
          <Trackpoint>
            <Time>2026-08-03T16:40:18.000Z</Time>
            <Position>
              <LatitudeDegrees>44.288818314671516</LatitudeDegrees>
              <LongitudeDegrees>-81.59261860884726</LongitudeDegrees>
            </Position>
            <AltitudeMeters>177.60000610351562</AltitudeMeters>
            <DistanceMeters>4820.0</DistanceMeters>
            <HeartRateBpm>
              <Value>70</Value>
            </HeartRateBpm>
            <Extensions>
              <ns3:TPX>
                <ns3:Speed>2.1740000247955322</ns3:Speed>
              </ns3:TPX>
            </Extensions>
          </Trackpoint>
          <Trackpoint>
            <Time>2026-08-03T16:40:28.000Z</Time>
            <Position>
              <LatitudeDegrees>44.288895511999726</LatitudeDegrees>
              <LongitudeDegrees>-81.59237394109368</LongitudeDegrees>
            </Position>
            <AltitudeMeters>177.60000610351562</AltitudeMeters>
            <DistanceMeters>4841.35009765625</DistanceMeters>
            <HeartRateBpm>
              <Value>67</Value>
            </HeartRateBpm>
            <Extensions>
              <ns3:TPX>
                <ns3:Speed>2.118000030517578</ns3:Speed>
              </ns3:TPX>
            </Extensions>
          </Trackpoint>
          <Trackpoint>
            <Time>2026-08-03T16:40:29.000Z</Time>
            <Position>
              <LatitudeDegrees>44.288901295512915</LatitudeDegrees>
              <LongitudeDegrees>-81.59234695136547</LongitudeDegrees>
            </Position>
            <AltitudeMeters>177.60000610351562</AltitudeMeters>
            <DistanceMeters>4843.60009765625</DistanceMeters>
            <HeartRateBpm>
              <Value>66</Value>
            </HeartRateBpm>
            <Extensions>
              <ns3:TPX>
                <ns3:Speed>2.1649999618530273</ns3:Speed>
              </ns3:TPX>
            </Extensions>
          </Trackpoint>
          <Trackpoint>
            <Time>2026-08-03T16:40:40.000Z</Time>
            <Position>
              <LatitudeDegrees>44.288955023512244</LatitudeDegrees>
              <LongitudeDegrees>-81.5920729469508</LongitudeDegrees>
            </Position>
            <AltitudeMeters>177.60000610351562</AltitudeMeters>
            <DistanceMeters>4866.31005859375</DistanceMeters>
            <HeartRateBpm>
              <Value>67</Value>
            </HeartRateBpm>
            <Extensions>
              <ns3:TPX>
                <ns3:Speed>2.052999973297119</ns3:Speed>
              </ns3:TPX>
            </Extensions>
          </Trackpoint>
          <Trackpoint>
            <Time>2026-08-03T16:40:41.000Z</Time>
            <Position>
              <LatitudeDegrees>44.288958543911576</LatitudeDegrees>
              <LongitudeDegrees>-81.59204746596515</LongitudeDegrees>
            </Position>
            <AltitudeMeters>177.60000610351562</AltitudeMeters>
            <DistanceMeters>4868.3798828125</DistanceMeters>
            <HeartRateBpm>
              <Value>64</Value>
            </HeartRateBpm>
            <Extensions>
              <ns3:TPX>
                <ns3:Speed>1.996999979019165</ns3:Speed>
              </ns3:TPX>
            </Extensions>
          </Trackpoint>
          <Trackpoint>
            <Time>2026-08-03T16:40:52.000Z</Time>
            <Position>
              <LatitudeDegrees>44.28900497965515</LatitudeDegrees>
              <LongitudeDegrees>-81.59180916845798</LongitudeDegrees>
            </Position>
            <AltitudeMeters>177.8000030517578</AltitudeMeters>
            <DistanceMeters>4888.18994140625</DistanceMeters>
            <HeartRateBpm>
              <Value>63</Value>
            </HeartRateBpm>
            <Extensions>
              <ns3:TPX>
                <ns3:Speed>1.8289999961853027</ns3:Speed>
              </ns3:TPX>
            </Extensions>
          </Trackpoint>
          <Trackpoint>
            <Time>2026-08-03T16:40:59.000Z</Time>
            <Position>
              <LatitudeDegrees>44.289025431498885</LatitudeDegrees>
              <LongitudeDegrees>-81.59173322841525</LongitudeDegrees>
            </Position>
            <AltitudeMeters>178.0</AltitudeMeters>
            <DistanceMeters>4894.68994140625</DistanceMeters>
            <HeartRateBpm>
              <Value>65</Value>
            </HeartRateBpm>
            <Extensions>
              <ns3:TPX>
                <ns3:Speed>0.0</ns3:Speed>
              </ns3:TPX>
            </Extensions>
          </Trackpoint>
          <Trackpoint>
            <Time>2026-08-03T16:41:02.000Z</Time>
            <Position>
              <LatitudeDegrees>44.28903490304947</LatitudeDegrees>
              <LongitudeDegrees>-81.59169886261225</LongitudeDegrees>
            </Position>
            <AltitudeMeters>178.1999969482422</AltitudeMeters>
            <DistanceMeters>4897.60009765625</DistanceMeters>
            <HeartRateBpm>
              <Value>66</Value>
            </HeartRateBpm>
            <Extensions>
              <ns3:TPX>
                <ns3:Speed>1.0729999542236328</ns3:Speed>
              </ns3:TPX>
            </Extensions>
          </Trackpoint>
          <Trackpoint>
            <Time>2026-08-03T16:41:05.000Z</Time>
            <Position>
              <LatitudeDegrees>44.28904538042843</LatitudeDegrees>
              <LongitudeDegrees>-81.59167313016951</LongitudeDegrees>
            </Position>
            <AltitudeMeters>178.0</AltitudeMeters>
            <DistanceMeters>4899.9599609375</DistanceMeters>
            <HeartRateBpm>
              <Value>63</Value>
            </HeartRateBpm>
            <Extensions>
              <ns3:TPX>
                <ns3:Speed>0.7839999794960022</ns3:Speed>
              </ns3:TPX>
            </Extensions>
          </Trackpoint>
          <Trackpoint>
            <Time>2026-08-03T16:41:06.000Z</Time>
            <Position>
              <LatitudeDegrees>44.28904328495264</LatitudeDegrees>
              <LongitudeDegrees>-81.59167748875916</LongitudeDegrees>
            </Position>
            <AltitudeMeters>178.0</AltitudeMeters>
            <DistanceMeters>4900.35009765625</DistanceMeters>
            <HeartRateBpm>
              <Value>67</Value>
            </HeartRateBpm>
            <Extensions>
              <ns3:TPX>
                <ns3:Speed>0.8399999737739563</ns3:Speed>
              </ns3:TPX>
            </Extensions>
          </Trackpoint>
          <Trackpoint>
            <Time>2026-08-03T16:41:08.000Z</Time>
            <Position>
              <LatitudeDegrees>44.28905108012259</LatitudeDegrees>
              <LongitudeDegrees>-81.59168771468103</LongitudeDegrees>
            </Position>
            <AltitudeMeters>177.8000030517578</AltitudeMeters>
            <DistanceMeters>4901.52001953125</DistanceMeters>
            <HeartRateBpm>
              <Value>66</Value>
            </HeartRateBpm>
            <Extensions>
              <ns3:TPX>
                <ns3:Speed>0.9610000252723694</ns3:Speed>
              </ns3:TPX>
            </Extensions>
          </Trackpoint>
          <Trackpoint>
            <Time>2026-08-03T16:41:09.000Z</Time>
            <Position>
              <LatitudeDegrees>44.28905887529254</LatitudeDegrees>
              <LongitudeDegrees>-81.59168176352978</LongitudeDegrees>
            </Position>
            <AltitudeMeters>177.8000030517578</AltitudeMeters>
            <DistanceMeters>4902.47998046875</DistanceMeters>
            <HeartRateBpm>
              <Value>66</Value>
            </HeartRateBpm>
            <Extensions>
              <ns3:TPX>
                <ns3:Speed>1.0920000076293945</ns3:Speed>
              </ns3:TPX>
            </Extensions>
          </Trackpoint>
          <Trackpoint>
            <Time>2026-08-03T16:41:11.000Z</Time>
            <Position>
              <LatitudeDegrees>44.28907513618469</LatitudeDegrees>
              <LongitudeDegrees>-81.5916548576206</LongitudeDegrees>
            </Position>
            <AltitudeMeters>177.8000030517578</AltitudeMeters>
            <DistanceMeters>4905.2900390625</DistanceMeters>
            <HeartRateBpm>
              <Value>68</Value>
            </HeartRateBpm>
            <Extensions>
              <ns3:TPX>
                <ns3:Speed>1.4279999732971191</ns3:Speed>
              </ns3:TPX>
            </Extensions>
          </Trackpoint>
          <Trackpoint>
            <Time>2026-08-03T16:41:12.000Z</Time>
            <Position>
              <LatitudeDegrees>44.28908251225948</LatitudeDegrees>
              <LongitudeDegrees>-81.59164370968938</LongitudeDegrees>
            </Position>
            <AltitudeMeters>177.8000030517578</AltitudeMeters>
            <DistanceMeters>4906.5</DistanceMeters>
            <HeartRateBpm>
              <Value>68</Value>
            </HeartRateBpm>
            <Extensions>
              <ns3:TPX>
                <ns3:Speed>1.0360000133514404</ns3:Speed>
              </ns3:TPX>
            </Extensions>
          </Trackpoint>
          <Trackpoint>
            <Time>2026-08-03T16:41:13.000Z</Time>
            <Position>
              <LatitudeDegrees>44.28908200934529</LatitudeDegrees>
              <LongitudeDegrees>-81.59163624979556</LongitudeDegrees>
            </Position>
            <AltitudeMeters>177.8000030517578</AltitudeMeters>
            <DistanceMeters>4907.080078125</DistanceMeters>
            <HeartRateBpm>
              <Value>69</Value>
            </HeartRateBpm>
            <Extensions>
              <ns3:TPX>
                <ns3:Speed>1.0360000133514404</ns3:Speed>
              </ns3:TPX>
            </Extensions>
          </Trackpoint>
          <Trackpoint>
            <Time>2026-08-03T16:41:15.000Z</Time>
            <Position>
              <LatitudeDegrees>44.28907739929855</LatitudeDegrees>
              <LongitudeDegrees>-81.59162904135883</LongitudeDegrees>
            </Position>
            <AltitudeMeters>178.1999969482422</AltitudeMeters>
            <DistanceMeters>4907.58984375</DistanceMeters>
            <HeartRateBpm>
              <Value>72</Value>
            </HeartRateBpm>
            <Extensions>
              <ns3:TPX>
                <ns3:Speed>0.5600000023841858</ns3:Speed>
              </ns3:TPX>
            </Extensions>
          </Trackpoint>
          <Trackpoint>
            <Time>2026-08-03T16:41:16.000Z</Time>
            <Position>
              <LatitudeDegrees>44.28907362744212</LatitudeDegrees>
              <LongitudeDegrees>-81.59162124618888</LongitudeDegrees>
            </Position>
            <AltitudeMeters>178.39999389648438</AltitudeMeters>
            <DistanceMeters>4908.330078125</DistanceMeters>
            <HeartRateBpm>
              <Value>73</Value>
            </HeartRateBpm>
            <Extensions>
              <ns3:TPX>
                <ns3:Speed>0.9610000252723694</ns3:Speed>
              </ns3:TPX>
            </Extensions>
          </Trackpoint>
          <Trackpoint>
            <Time>2026-08-03T16:41:21.000Z</Time>
            <Position>
              <LatitudeDegrees>44.28904948756099</LatitudeDegrees>
              <LongitudeDegrees>-81.59160389564931</LongitudeDegrees>
            </Position>
            <AltitudeMeters>179.0</AltitudeMeters>
            <DistanceMeters>4911.64990234375</DistanceMeters>
            <HeartRateBpm>
              <Value>77</Value>
            </HeartRateBpm>
            <Extensions>
              <ns3:TPX>
                <ns3:Speed>0.0</ns3:Speed>
              </ns3:TPX>
            </Extensions>
          </Trackpoint>
          <Trackpoint>
            <Time>2026-08-03T16:41:22.000Z</Time>
            <Position>
              <LatitudeDegrees>44.289050828665495</LatitudeDegrees>
              <LongitudeDegrees>-81.59160708077252</LongitudeDegrees>
            </Position>
            <AltitudeMeters>179.1999969482422</AltitudeMeters>
            <DistanceMeters>4911.93994140625</DistanceMeters>
            <HeartRateBpm>
              <Value>79</Value>
            </HeartRateBpm>
            <Extensions>
              <ns3:TPX>
                <ns3:Speed>0.4480000138282776</ns3:Speed>
              </ns3:TPX>
            </Extensions>
          </Trackpoint>
          <Trackpoint>
            <Time>2026-08-03T16:41:26.000Z</Time>
            <Position>
              <LatitudeDegrees>44.28905937820673</LatitudeDegrees>
              <LongitudeDegrees>-81.59162493422627</LongitudeDegrees>
            </Position>
            <AltitudeMeters>179.1999969482422</AltitudeMeters>
            <DistanceMeters>4913.7099609375</DistanceMeters>
            <HeartRateBpm>
              <Value>82</Value>
            </HeartRateBpm>
            <Extensions>
              <ns3:TPX>
                <ns3:Speed>0.4390000104904175</ns3:Speed>
              </ns3:TPX>
            </Extensions>
          </Trackpoint>
          <Trackpoint>
            <Time>2026-08-03T16:41:31.000Z</Time>
            <Position>
              <LatitudeDegrees>44.289059126749635</LatitudeDegrees>
              <LongitudeDegrees>-81.59162384457886</LongitudeDegrees>
            </Position>
            <AltitudeMeters>178.8000030517578</AltitudeMeters>
            <DistanceMeters>4913.93994140625</DistanceMeters>
            <HeartRateBpm>
              <Value>81</Value>
            </HeartRateBpm>
            <Extensions>
              <ns3:TPX>
                <ns3:Speed>0.0</ns3:Speed>
              </ns3:TPX>
            </Extensions>
          </Trackpoint>
          <Trackpoint>
            <Time>2026-08-03T16:41:34.000Z</Time>
            <Position>
              <LatitudeDegrees>44.289066921919584</LatitudeDegrees>
              <LongitudeDegrees>-81.59162468276918</LongitudeDegrees>
            </Position>
            <AltitudeMeters>178.8000030517578</AltitudeMeters>
            <DistanceMeters>4915.10009765625</DistanceMeters>
            <HeartRateBpm>
              <Value>84</Value>
            </HeartRateBpm>
            <Extensions>
              <ns3:TPX>
                <ns3:Speed>0.0</ns3:Speed>
              </ns3:TPX>
            </Extensions>
          </Trackpoint>
          <Trackpoint>
            <Time>2026-08-03T16:41:37.000Z</Time>
            <Position>
              <LatitudeDegrees>44.28907438181341</LatitudeDegrees>
              <LongitudeDegrees>-81.59163071773946</LongitudeDegrees>
            </Position>
            <AltitudeMeters>179.39999389648438</AltitudeMeters>
            <DistanceMeters>4916.0</DistanceMeters>
            <HeartRateBpm>
              <Value>85</Value>
            </HeartRateBpm>
            <Extensions>
              <ns3:TPX>
                <ns3:Speed>0.6809999942779541</ns3:Speed>
              </ns3:TPX>
            </Extensions>
          </Trackpoint>
          <Trackpoint>
            <Time>2026-08-03T16:41:39.000Z</Time>
            <Position>
              <LatitudeDegrees>44.28908133879304</LatitudeDegrees>
              <LongitudeDegrees>-81.59162937663496</LongitudeDegrees>
            </Position>
            <AltitudeMeters>179.60000610351562</AltitudeMeters>
            <DistanceMeters>4916.85986328125</DistanceMeters>
            <HeartRateBpm>
              <Value>82</Value>
            </HeartRateBpm>
            <Extensions>
              <ns3:TPX>
                <ns3:Speed>0.0</ns3:Speed>
              </ns3:TPX>
            </Extensions>
          </Trackpoint>
          <Trackpoint>
            <Time>2026-08-03T16:41:44.000Z</Time>
            <Position>
              <LatitudeDegrees>44.289077734574676</LatitudeDegrees>
              <LongitudeDegrees>-81.59161328338087</LongitudeDegrees>
            </Position>
            <AltitudeMeters>179.1999969482422</AltitudeMeters>
            <DistanceMeters>4918.990234375</DistanceMeters>
            <HeartRateBpm>
              <Value>79</Value>
            </HeartRateBpm>
            <Extensions>
              <ns3:TPX>
                <ns3:Speed>0.6159999966621399</ns3:Speed>
              </ns3:TPX>
            </Extensions>
          </Trackpoint>
          <Trackpoint>
            <Time>2026-08-03T16:41:45.000Z</Time>
            <Position>
              <LatitudeDegrees>44.28907245397568</LatitudeDegrees>
              <LongitudeDegrees>-81.59160431474447</LongitudeDegrees>
            </Position>
            <AltitudeMeters>179.1999969482422</AltitudeMeters>
            <DistanceMeters>4919.91015625</DistanceMeters>
            <HeartRateBpm>
              <Value>81</Value>
            </HeartRateBpm>
            <Extensions>
              <ns3:TPX>
                <ns3:Speed>1.0729999542236328</ns3:Speed>
              </ns3:TPX>
            </Extensions>
          </Trackpoint>
          <Trackpoint>
            <Time>2026-08-03T16:41:51.000Z</Time>
            <Position>
              <LatitudeDegrees>44.28905216977</LatitudeDegrees>
              <LongitudeDegrees>-81.5915391035378</LongitudeDegrees>
            </Position>
            <AltitudeMeters>179.0</AltitudeMeters>
            <DistanceMeters>4925.47998046875</DistanceMeters>
            <HeartRateBpm>
              <Value>85</Value>
            </HeartRateBpm>
            <Extensions>
              <ns3:TPX>
                <ns3:Speed>1.0540000200271606</ns3:Speed>
              </ns3:TPX>
            </Extensions>
          </Trackpoint>
          <Trackpoint>
            <Time>2026-08-03T16:41:54.000Z</Time>
            <Position>
              <LatitudeDegrees>44.2890452966094</LatitudeDegrees>
              <LongitudeDegrees>-81.59149182960391</LongitudeDegrees>
            </Position>
            <AltitudeMeters>179.1999969482422</AltitudeMeters>
            <DistanceMeters>4929.3701171875</DistanceMeters>
            <HeartRateBpm>
              <Value>84</Value>
            </HeartRateBpm>
            <Extensions>
              <ns3:TPX>
                <ns3:Speed>1.0920000076293945</ns3:Speed>
              </ns3:TPX>
            </Extensions>
          </Trackpoint>
          <Trackpoint>
            <Time>2026-08-03T16:41:58.000Z</Time>
            <Position>
              <LatitudeDegrees>44.289039596915245</LatitudeDegrees>
              <LongitudeDegrees>-81.59144170582294</LongitudeDegrees>
            </Position>
            <AltitudeMeters>179.60000610351562</AltitudeMeters>
            <DistanceMeters>4933.41015625</DistanceMeters>
            <HeartRateBpm>
              <Value>86</Value>
            </HeartRateBpm>
            <Extensions>
              <ns3:TPX>
                <ns3:Speed>1.0449999570846558</ns3:Speed>
              </ns3:TPX>
            </Extensions>
          </Trackpoint>
          <Trackpoint>
            <Time>2026-08-03T16:42:02.000Z</Time>
            <Position>
              <LatitudeDegrees>44.28903389722109</LatitudeDegrees>
              <LongitudeDegrees>-81.59140155650675</LongitudeDegrees>
            </Position>
            <AltitudeMeters>180.0</AltitudeMeters>
            <DistanceMeters>4936.8701171875</DistanceMeters>
            <HeartRateBpm>
              <Value>83</Value>
            </HeartRateBpm>
            <Extensions>
              <ns3:TPX>
                <ns3:Speed>0.7179999947547913</ns3:Speed>
              </ns3:TPX>
            </Extensions>
          </Trackpoint>
          <Trackpoint>
            <Time>2026-08-03T16:42:05.000Z</Time>
            <Position>
              <LatitudeDegrees>44.289029790088534</LatitudeDegrees>
              <LongitudeDegrees>-81.59137607552111</LongitudeDegrees>
            </Position>
            <AltitudeMeters>180.39999389648438</AltitudeMeters>
            <DistanceMeters>4938.97021484375</DistanceMeters>
            <HeartRateBpm>
              <Value>83</Value>
            </HeartRateBpm>
            <Extensions>
              <ns3:TPX>
                <ns3:Speed>0.7369999885559082</ns3:Speed>
              </ns3:TPX>
            </Extensions>
          </Trackpoint>
          <Trackpoint>
            <Time>2026-08-03T16:42:09.000Z</Time>
            <Position>
              <LatitudeDegrees>44.28902165964246</LatitudeDegrees>
              <LongitudeDegrees>-81.59133282490075</LongitudeDegrees>
            </Position>
            <AltitudeMeters>180.8000030517578</AltitudeMeters>
            <DistanceMeters>4942.3701171875</DistanceMeters>
            <HeartRateBpm>
              <Value>86</Value>
            </HeartRateBpm>
            <Extensions>
              <ns3:TPX>
                <ns3:Speed>0.8859999775886536</ns3:Speed>
              </ns3:TPX>
            </Extensions>
          </Trackpoint>
          <Trackpoint>
            <Time>2026-08-03T16:42:11.000Z</Time>
            <Position>
              <LatitudeDegrees>44.289009338244796</LatitudeDegrees>
              <LongitudeDegrees>-81.59130851738155</LongitudeDegrees>
            </Position>
            <AltitudeMeters>181.0</AltitudeMeters>
            <DistanceMeters>4944.740234375</DistanceMeters>
            <HeartRateBpm>
              <Value>86</Value>
            </HeartRateBpm>
            <Extensions>
              <ns3:TPX>
                <ns3:Speed>1.1480000019073486</ns3:Speed>
              </ns3:TPX>
            </Extensions>
          </Trackpoint>
          <Trackpoint>
            <Time>2026-08-03T16:42:13.000Z</Time>
            <Position>
              <LatitudeDegrees>44.288999028503895</LatitudeDegrees>
              <LongitudeDegrees>-81.59127381630242</LongitudeDegrees>
            </Position>
            <AltitudeMeters>181.0</AltitudeMeters>
            <DistanceMeters>4947.64013671875</DistanceMeters>
            <HeartRateBpm>
              <Value>86</Value>
            </HeartRateBpm>
            <Extensions>
              <ns3:TPX>
                <ns3:Speed>1.1480000019073486</ns3:Speed>
              </ns3:TPX>
            </Extensions>
          </Trackpoint>
          <Trackpoint>
            <Time>2026-08-03T16:42:14.000Z</Time>
            <Position>
              <LatitudeDegrees>44.28899768739939</LatitudeDegrees>
              <LongitudeDegrees>-81.59126115962863</LongitudeDegrees>
            </Position>
            <AltitudeMeters>181.39999389648438</AltitudeMeters>
            <DistanceMeters>4948.64990234375</DistanceMeters>
            <HeartRateBpm>
              <Value>86</Value>
            </HeartRateBpm>
            <Extensions>
              <ns3:TPX>
                <ns3:Speed>1.1480000019073486</ns3:Speed>
              </ns3:TPX>
            </Extensions>
          </Trackpoint>
          <Trackpoint>
            <Time>2026-08-03T16:42:17.000Z</Time>
            <Position>
              <LatitudeDegrees>44.288998525589705</LatitudeDegrees>
              <LongitudeDegrees>-81.59124380908906</LongitudeDegrees>
            </Position>
            <AltitudeMeters>182.0</AltitudeMeters>
            <DistanceMeters>4950.0400390625</DistanceMeters>
            <HeartRateBpm>
              <Value>85</Value>
            </HeartRateBpm>
            <Extensions>
              <ns3:TPX>
                <ns3:Speed>0.0</ns3:Speed>
              </ns3:TPX>
            </Extensions>
          </Trackpoint>
          <Trackpoint>
            <Time>2026-08-03T16:42:18.000Z</Time>
            <Position>
              <LatitudeDegrees>44.288998525589705</LatitudeDegrees>
              <LongitudeDegrees>-81.59124028868973</LongitudeDegrees>
            </Position>
            <AltitudeMeters>182.0</AltitudeMeters>
            <DistanceMeters>4950.31982421875</DistanceMeters>
            <HeartRateBpm>
              <Value>88</Value>
            </HeartRateBpm>
            <Extensions>
              <ns3:TPX>
                <ns3:Speed>0.0</ns3:Speed>
              </ns3:TPX>
            </Extensions>
          </Trackpoint>
          <Trackpoint>
            <Time>2026-08-03T16:42:22.000Z</Time>
            <Position>
              <LatitudeDegrees>44.28898226469755</LatitudeDegrees>
              <LongitudeDegrees>-81.59124858677387</LongitudeDegrees>
            </Position>
            <AltitudeMeters>181.8000030517578</AltitudeMeters>
            <DistanceMeters>4952.97998046875</DistanceMeters>
            <HeartRateBpm>
              <Value>85</Value>
            </HeartRateBpm>
            <Extensions>
              <ns3:TPX>
                <ns3:Speed>0.7839999794960022</ns3:Speed>
              </ns3:TPX>
            </Extensions>
          </Trackpoint>
          <Trackpoint>
            <Time>2026-08-03T16:42:24.000Z</Time>
            <Position>
              <LatitudeDegrees>44.2889712844044</LatitudeDegrees>
              <LongitudeDegrees>-81.59123525954783</LongitudeDegrees>
            </Position>
            <AltitudeMeters>181.8000030517578</AltitudeMeters>
            <DistanceMeters>4954.64990234375</DistanceMeters>
            <HeartRateBpm>
              <Value>84</Value>
            </HeartRateBpm>
            <Extensions>
              <ns3:TPX>
                <ns3:Speed>1.0080000162124634</ns3:Speed>
              </ns3:TPX>
            </Extensions>
          </Trackpoint>
          <Trackpoint>
            <Time>2026-08-03T16:42:26.000Z</Time>
            <Position>
              <LatitudeDegrees>44.28895317949355</LatitudeDegrees>
              <LongitudeDegrees>-81.5912296436727</LongitudeDegrees>
            </Position>
            <AltitudeMeters>182.0</AltitudeMeters>
            <DistanceMeters>4956.68994140625</DistanceMeters>
            <HeartRateBpm>
              <Value>82</Value>
            </HeartRateBpm>
            <Extensions>
              <ns3:TPX>
                <ns3:Speed>1.399999976158142</ns3:Speed>
              </ns3:TPX>
            </Extensions>
          </Trackpoint>
          <Trackpoint>
            <Time>2026-08-03T16:42:27.000Z</Time>
            <Position>
              <LatitudeDegrees>44.288947312161326</LatitudeDegrees>
              <LongitudeDegrees>-81.5912248659879</LongitudeDegrees>
            </Position>
            <AltitudeMeters>182.0</AltitudeMeters>
            <DistanceMeters>4957.4501953125</DistanceMeters>
            <HeartRateBpm>
              <Value>81</Value>
            </HeartRateBpm>
            <Extensions>
              <ns3:TPX>
                <ns3:Speed>2.9860000610351562</ns3:Speed>
              </ns3:TPX>
            </Extensions>
          </Trackpoint>
          <Trackpoint>
            <Time>2026-08-03T16:42:31.000Z</Time>
            <Position>
              <LatitudeDegrees>44.28892350755632</LatitudeDegrees>
              <LongitudeDegrees>-81.59115387126803</LongitudeDegrees>
            </Position>
            <AltitudeMeters>181.8000030517578</AltitudeMeters>
            <DistanceMeters>4963.72021484375</DistanceMeters>
            <HeartRateBpm>
              <Value>80</Value>
            </HeartRateBpm>
            <Extensions>
              <ns3:TPX>
                <ns3:Speed>1.5490000247955322</ns3:Speed>
              </ns3:TPX>
            </Extensions>
          </Trackpoint>
          <Trackpoint>
            <Time>2026-08-03T16:42:38.000Z</Time>
            <Position>
              <LatitudeDegrees>44.288914538919926</LatitudeDegrees>
              <LongitudeDegrees>-81.59108757041395</LongitudeDegrees>
            </Position>
            <AltitudeMeters>181.8000030517578</AltitudeMeters>
            <DistanceMeters>4970.509765625</DistanceMeters>
            <HeartRateBpm>
              <Value>81</Value>
            </HeartRateBpm>
            <Extensions>
              <ns3:TPX>
                <ns3:Speed>0.0</ns3:Speed>
              </ns3:TPX>
            </Extensions>
          </Trackpoint>
          <Trackpoint>
            <Time>2026-08-03T16:42:46.000Z</Time>
            <Position>
              <LatitudeDegrees>44.28891126997769</LatitudeDegrees>
              <LongitudeDegrees>-81.59109109081328</LongitudeDegrees>
            </Position>
            <AltitudeMeters>181.60000610351562</AltitudeMeters>
            <DistanceMeters>4971.52001953125</DistanceMeters>
            <HeartRateBpm>
              <Value>85</Value>
            </HeartRateBpm>
            <Extensions>
              <ns3:TPX>
                <ns3:Speed>0.0</ns3:Speed>
              </ns3:TPX>
            </Extensions>
          </Trackpoint>
          <Trackpoint>
            <Time>2026-08-03T16:42:47.000Z</Time>
            <Position>
              <LatitudeDegrees>44.28890590555966</LatitudeDegrees>
              <LongitudeDegrees>-81.59108899533749</LongitudeDegrees>
            </Position>
            <AltitudeMeters>181.60000610351562</AltitudeMeters>
            <DistanceMeters>4972.1298828125</DistanceMeters>
            <HeartRateBpm>
              <Value>83</Value>
            </HeartRateBpm>
            <Extensions>
              <ns3:TPX>
                <ns3:Speed>0.0</ns3:Speed>
              </ns3:TPX>
            </Extensions>
          </Trackpoint>
          <Trackpoint>
            <Time>2026-08-03T16:42:53.000Z</Time>
            <Position>
              <LatitudeDegrees>44.288897439837456</LatitudeDegrees>
              <LongitudeDegrees>-81.59108153544366</LongitudeDegrees>
            </Position>
            <AltitudeMeters>181.60000610351562</AltitudeMeters>
            <DistanceMeters>4973.64990234375</DistanceMeters>
            <HeartRateBpm>
              <Value>83</Value>
            </HeartRateBpm>
            <Extensions>
              <ns3:TPX>
                <ns3:Speed>0.5600000023841858</ns3:Speed>
              </ns3:TPX>
            </Extensions>
          </Trackpoint>
          <Trackpoint>
            <Time>2026-08-03T16:42:57.000Z</Time>
            <Position>
              <LatitudeDegrees>44.28888394497335</LatitudeDegrees>
              <LongitudeDegrees>-81.59108027815819</LongitudeDegrees>
            </Position>
            <AltitudeMeters>181.60000610351562</AltitudeMeters>
            <DistanceMeters>4975.16015625</DistanceMeters>
            <HeartRateBpm>
              <Value>82</Value>
            </HeartRateBpm>
            <Extensions>
              <ns3:TPX>
                <ns3:Speed>1.128999948501587</ns3:Speed>
              </ns3:TPX>
            </Extensions>
          </Trackpoint>
          <Trackpoint>
            <Time>2026-08-03T16:42:59.000Z</Time>
            <Position>
              <LatitudeDegrees>44.28888000547886</LatitudeDegrees>
              <LongitudeDegrees>-81.59109955653548</LongitudeDegrees>
            </Position>
            <AltitudeMeters>181.8000030517578</AltitudeMeters>
            <DistanceMeters>4977.14013671875</DistanceMeters>
            <HeartRateBpm>
              <Value>81</Value>
            </HeartRateBpm>
            <Extensions>
              <ns3:TPX>
                <ns3:Speed>1.184999942779541</ns3:Speed>
              </ns3:TPX>
            </Extensions>
          </Trackpoint>
          <Trackpoint>
            <Time>2026-08-03T16:43:01.000Z</Time>
            <Position>
              <LatitudeDegrees>44.288865169510245</LatitudeDegrees>
              <LongitudeDegrees>-81.59113903529942</LongitudeDegrees>
            </Position>
            <AltitudeMeters>181.8000030517578</AltitudeMeters>
            <DistanceMeters>4980.68994140625</DistanceMeters>
            <HeartRateBpm>
              <Value>80</Value>
            </HeartRateBpm>
            <Extensions>
              <ns3:TPX>
                <ns3:Speed>1.5579999685287476</ns3:Speed>
              </ns3:TPX>
            </Extensions>
          </Trackpoint>
          <Trackpoint>
            <Time>2026-08-03T16:43:11.000Z</Time>
            <Position>
              <LatitudeDegrees>44.28886005654931</LatitudeDegrees>
              <LongitudeDegrees>-81.59119611606002</LongitudeDegrees>
            </Position>
            <AltitudeMeters>181.8000030517578</AltitudeMeters>
            <DistanceMeters>4986.490234375</DistanceMeters>
            <HeartRateBpm>
              <Value>80</Value>
            </HeartRateBpm>
            <Extensions>
              <ns3:TPX>
                <ns3:Speed>1.5019999742507935</ns3:Speed>
              </ns3:TPX>
            </Extensions>
          </Trackpoint>
          <Trackpoint>
            <Time>2026-08-03T16:43:12.000Z</Time>
            <Position>
              <LatitudeDegrees>44.28890213370323</LatitudeDegrees>
              <LongitudeDegrees>-81.5911849681288</LongitudeDegrees>
            </Position>
            <AltitudeMeters>181.8000030517578</AltitudeMeters>
            <DistanceMeters>4991.25</DistanceMeters>
            <HeartRateBpm>
              <Value>80</Value>
            </HeartRateBpm>
            <Extensions>
              <ns3:TPX>
                <ns3:Speed>1.5019999742507935</ns3:Speed>
              </ns3:TPX>
            </Extensions>
          </Trackpoint>
          <Trackpoint>
            <Time>2026-08-03T16:43:14.000Z</Time>
            <Position>
              <LatitudeDegrees>44.288912024348974</LatitudeDegrees>
              <LongitudeDegrees>-81.59121857956052</LongitudeDegrees>
            </Position>
            <AltitudeMeters>181.60000610351562</AltitudeMeters>
            <DistanceMeters>4994.41015625</DistanceMeters>
            <HeartRateBpm>
              <Value>78</Value>
            </HeartRateBpm>
            <Extensions>
              <ns3:TPX>
                <ns3:Speed>1.128999948501587</ns3:Speed>
              </ns3:TPX>
            </Extensions>
          </Trackpoint>
          <Trackpoint>
            <Time>2026-08-03T16:43:18.000Z</Time>
            <Position>
              <LatitudeDegrees>44.288896853104234</LatitudeDegrees>
              <LongitudeDegrees>-81.59125537611544</LongitudeDegrees>
            </Position>
            <AltitudeMeters>181.39999389648438</AltitudeMeters>
            <DistanceMeters>4997.64990234375</DistanceMeters>
            <HeartRateBpm>
              <Value>80</Value>
            </HeartRateBpm>
            <Extensions>
              <ns3:TPX>
                <ns3:Speed>0.0</ns3:Speed>
              </ns3:TPX>
            </Extensions>
          </Trackpoint>
          <Trackpoint>
            <Time>2026-08-03T16:43:24.000Z</Time>
            <Position>
              <LatitudeDegrees>44.28892543539405</LatitudeDegrees>
              <LongitudeDegrees>-81.59123425371945</LongitudeDegrees>
            </Position>
            <AltitudeMeters>181.0</AltitudeMeters>
            <DistanceMeters>5002.25</DistanceMeters>
            <HeartRateBpm>
              <Value>81</Value>
            </HeartRateBpm>
            <Extensions>
              <ns3:TPX>
                <ns3:Speed>0.0</ns3:Speed>
              </ns3:TPX>
            </Extensions>
          </Trackpoint>
          <Trackpoint>
            <Time>2026-08-03T16:43:29.000Z</Time>
            <Position>
              <LatitudeDegrees>44.28893566131592</LatitudeDegrees>
              <LongitudeDegrees>-81.59124196507037</LongitudeDegrees>
            </Position>
            <AltitudeMeters>181.1999969482422</AltitudeMeters>
            <DistanceMeters>5004.22998046875</DistanceMeters>
            <HeartRateBpm>
              <Value>81</Value>
            </HeartRateBpm>
            <Extensions>
              <ns3:TPX>
                <ns3:Speed>0.4390000104904175</ns3:Speed>
              </ns3:TPX>
            </Extensions>
          </Trackpoint>
          <Trackpoint>
            <Time>2026-08-03T16:43:33.000Z</Time>
            <Position>
              <LatitudeDegrees>44.288937924429774</LatitudeDegrees>
              <LongitudeDegrees>-81.59124699421227</LongitudeDegrees>
            </Position>
            <AltitudeMeters>181.0</AltitudeMeters>
            <DistanceMeters>5006.77978515625</DistanceMeters>
            <HeartRateBpm>
              <Value>80</Value>
            </HeartRateBpm>
            <Extensions>
              <ns3:TPX>
                <ns3:Speed>1.6699999570846558</ns3:Speed>
              </ns3:TPX>
            </Extensions>
          </Trackpoint>
          <Trackpoint>
            <Time>2026-08-03T16:43:34.000Z</Time>
            <Position>
              <LatitudeDegrees>44.288932560011744</LatitudeDegrees>
              <LongitudeDegrees>-81.59124774858356</LongitudeDegrees>
            </Position>
            <AltitudeMeters>181.0</AltitudeMeters>
            <DistanceMeters>5007.3701171875</DistanceMeters>
            <HeartRateBpm>
              <Value>80</Value>
            </HeartRateBpm>
            <Extensions>
              <ns3:TPX>
                <ns3:Speed>0.5410000085830688</ns3:Speed>
              </ns3:TPX>
            </Extensions>
          </Trackpoint>
          <Trackpoint>
            <Time>2026-08-03T16:43:39.000Z</Time>
            <Position>
              <LatitudeDegrees>44.28894488140941</LatitudeDegrees>
              <LongitudeDegrees>-81.59121765755117</LongitudeDegrees>
            </Position>
            <AltitudeMeters>180.8000030517578</AltitudeMeters>
            <DistanceMeters>5010.43017578125</DistanceMeters>
            <HeartRateBpm>
              <Value>80</Value>
            </HeartRateBpm>
            <Extensions>
              <ns3:TPX>
                <ns3:Speed>0.0</ns3:Speed>
              </ns3:TPX>
            </Extensions>
          </Trackpoint>
          <Trackpoint>
            <Time>2026-08-03T16:43:45.000Z</Time>
            <Position>
              <LatitudeDegrees>44.28894898854196</LatitudeDegrees>
              <LongitudeDegrees>-81.591209275648</LongitudeDegrees>
            </Position>
            <AltitudeMeters>180.60000610351562</AltitudeMeters>
            <DistanceMeters>5013.41015625</DistanceMeters>
            <HeartRateBpm>
              <Value>78</Value>
            </HeartRateBpm>
            <Extensions>
              <ns3:TPX>
                <ns3:Speed>0.5410000085830688</ns3:Speed>
              </ns3:TPX>
            </Extensions>
          </Trackpoint>
          <Trackpoint>
            <Time>2026-08-03T16:43:53.000Z</Time>
            <Position>
              <LatitudeDegrees>44.288940941914916</LatitudeDegrees>
              <LongitudeDegrees>-81.59121304750443</LongitudeDegrees>
            </Position>
            <AltitudeMeters>180.8000030517578</AltitudeMeters>
            <DistanceMeters>5014.77978515625</DistanceMeters>
            <HeartRateBpm>
              <Value>80</Value>
            </HeartRateBpm>
            <Extensions>
              <ns3:TPX>
                <ns3:Speed>0.0</ns3:Speed>
              </ns3:TPX>
            </Extensions>
          </Trackpoint>
          <Trackpoint>
            <Time>2026-08-03T16:43:57.000Z</Time>
            <Position>
              <LatitudeDegrees>44.288942869752645</LatitudeDegrees>
              <LongitudeDegrees>-81.59121765755117</LongitudeDegrees>
            </Position>
            <AltitudeMeters>180.8000030517578</AltitudeMeters>
            <DistanceMeters>5015.2998046875</DistanceMeters>
            <HeartRateBpm>
              <Value>76</Value>
            </HeartRateBpm>
            <Extensions>
              <ns3:TPX>
                <ns3:Speed>0.0</ns3:Speed>
              </ns3:TPX>
            </Extensions>
          </Trackpoint>
          <Trackpoint>
            <Time>2026-08-03T16:43:58.000Z</Time>
            <Position>
              <LatitudeDegrees>44.288943875581026</LatitudeDegrees>
              <LongitudeDegrees>-81.59121832810342</LongitudeDegrees>
            </Position>
            <AltitudeMeters>180.60000610351562</AltitudeMeters>
            <DistanceMeters>5015.2998046875</DistanceMeters>
            <HeartRateBpm>
              <Value>79</Value>
            </HeartRateBpm>
            <Extensions>
              <ns3:TPX>
                <ns3:Speed>0.0</ns3:Speed>
              </ns3:TPX>
            </Extensions>
          </Trackpoint>
          <Trackpoint>
            <Time>2026-08-03T16:44:01.000Z</Time>
            <Position>
              <LatitudeDegrees>44.288943875581026</LatitudeDegrees>
              <LongitudeDegrees>-81.59121832810342</LongitudeDegrees>
            </Position>
            <AltitudeMeters>180.60000610351562</AltitudeMeters>
            <DistanceMeters>5015.2998046875</DistanceMeters>
            <HeartRateBpm>
              <Value>79</Value>
            </HeartRateBpm>
            <Extensions>
              <ns3:TPX>
                <ns3:Speed>0.0</ns3:Speed>
              </ns3:TPX>
            </Extensions>
          </Trackpoint>
          <Trackpoint>
            <Time>2026-08-03T16:44:09.000Z</Time>
            <Position>
              <LatitudeDegrees>44.288943875581026</LatitudeDegrees>
              <LongitudeDegrees>-81.59121832810342</LongitudeDegrees>
            </Position>
            <AltitudeMeters>180.39999389648438</AltitudeMeters>
            <DistanceMeters>5015.2998046875</DistanceMeters>
            <HeartRateBpm>
              <Value>76</Value>
            </HeartRateBpm>
            <Extensions>
              <ns3:TPX>
                <ns3:Speed>0.0</ns3:Speed>
              </ns3:TPX>
            </Extensions>
          </Trackpoint>
          <Trackpoint>
            <Time>2026-08-03T16:44:22.000Z</Time>
            <Position>
              <LatitudeDegrees>44.288949156180024</LatitudeDegrees>
              <LongitudeDegrees>-81.59123031422496</LongitudeDegrees>
            </Position>
            <AltitudeMeters>180.0</AltitudeMeters>
            <DistanceMeters>5015.9501953125</DistanceMeters>
            <HeartRateBpm>
              <Value>73</Value>
            </HeartRateBpm>
            <Extensions>
              <ns3:TPX>
                <ns3:Speed>0.0</ns3:Speed>
              </ns3:TPX>
            </Extensions>
          </Trackpoint>
          <Trackpoint>
            <Time>2026-08-03T16:44:32.000Z</Time>
            <Position>
              <LatitudeDegrees>44.28896700963378</LatitudeDegrees>
              <LongitudeDegrees>-81.59123618155718</LongitudeDegrees>
            </Position>
            <AltitudeMeters>180.1999969482422</AltitudeMeters>
            <DistanceMeters>5016.14990234375</DistanceMeters>
            <HeartRateBpm>
              <Value>76</Value>
            </HeartRateBpm>
            <Extensions>
              <ns3:TPX>
                <ns3:Speed>0.0</ns3:Speed>
              </ns3:TPX>
            </Extensions>
          </Trackpoint>
          <Trackpoint>
            <Time>2026-08-03T16:44:41.000Z</Time>
            <Position>
              <LatitudeDegrees>44.28898251615465</LatitudeDegrees>
              <LongitudeDegrees>-81.59126920625567</LongitudeDegrees>
            </Position>
            <AltitudeMeters>179.8000030517578</AltitudeMeters>
            <DistanceMeters>5018.7001953125</DistanceMeters>
            <HeartRateBpm>
              <Value>76</Value>
            </HeartRateBpm>
            <Extensions>
              <ns3:TPX>
                <ns3:Speed>0.9520000219345093</ns3:Speed>
              </ns3:TPX>
            </Extensions>
          </Trackpoint>
          <Trackpoint>
            <Time>2026-08-03T16:44:43.000Z</Time>
            <Position>
              <LatitudeDegrees>44.28898251615465</LatitudeDegrees>
              <LongitudeDegrees>-81.59131455235183</LongitudeDegrees>
            </Position>
            <AltitudeMeters>179.60000610351562</AltitudeMeters>
            <DistanceMeters>5022.2998046875</DistanceMeters>
            <HeartRateBpm>
              <Value>75</Value>
            </HeartRateBpm>
            <Extensions>
              <ns3:TPX>
                <ns3:Speed>1.2039999961853027</ns3:Speed>
              </ns3:TPX>
            </Extensions>
          </Trackpoint>
          <Trackpoint>
            <Time>2026-08-03T16:44:44.000Z</Time>
            <Position>
              <LatitudeDegrees>44.28898519836366</LatitudeDegrees>
              <LongitudeDegrees>-81.59133818931878</LongitudeDegrees>
            </Position>
            <AltitudeMeters>179.60000610351562</AltitudeMeters>
            <DistanceMeters>5024.2099609375</DistanceMeters>
            <HeartRateBpm>
              <Value>77</Value>
            </HeartRateBpm>
            <Extensions>
              <ns3:TPX>
                <ns3:Speed>1.3619999885559082</ns3:Speed>
              </ns3:TPX>
            </Extensions>
          </Trackpoint>
          <Trackpoint>
            <Time>2026-08-03T16:44:49.000Z</Time>
            <Position>
              <LatitudeDegrees>44.28902551531792</LatitudeDegrees>
              <LongitudeDegrees>-81.59142821095884</LongitudeDegrees>
            </Position>
            <AltitudeMeters>179.0</AltitudeMeters>
            <DistanceMeters>5032.8798828125</DistanceMeters>
            <HeartRateBpm>
              <Value>80</Value>
            </HeartRateBpm>
            <Extensions>
              <ns3:TPX>
                <ns3:Speed>1.3619999885559082</ns3:Speed>
              </ns3:TPX>
            </Extensions>
          </Trackpoint>
          <Trackpoint>
            <Time>2026-08-03T16:44:51.000Z</Time>
            <Position>
              <LatitudeDegrees>44.28904035128653</LatitudeDegrees>
              <LongitudeDegrees>-81.59145620651543</LongitudeDegrees>
            </Position>
            <AltitudeMeters>178.8000030517578</AltitudeMeters>
            <DistanceMeters>5035.66015625</DistanceMeters>
            <HeartRateBpm>
              <Value>85</Value>
            </HeartRateBpm>
            <Extensions>
              <ns3:TPX>
                <ns3:Speed>1.3619999885559082</ns3:Speed>
              </ns3:TPX>
            </Extensions>
          </Trackpoint>
          <Trackpoint>
            <Time>2026-08-03T16:44:53.000Z</Time>
            <Position>
              <LatitudeDegrees>44.28905418142676</LatitudeDegrees>
              <LongitudeDegrees>-81.59150146879256</LongitudeDegrees>
            </Position>
            <AltitudeMeters>178.39999389648438</AltitudeMeters>
            <DistanceMeters>5039.580078125</DistanceMeters>
            <HeartRateBpm>
              <Value>81</Value>
            </HeartRateBpm>
            <Extensions>
              <ns3:TPX>
                <ns3:Speed>1.399999976158142</ns3:Speed>
              </ns3:TPX>
            </Extensions>
          </Trackpoint>
          <Trackpoint>
            <Time>2026-08-03T16:44:58.000Z</Time>
            <Position>
              <LatitudeDegrees>44.28908670321107</LatitudeDegrees>
              <LongitudeDegrees>-81.59158738330007</LongitudeDegrees>
            </Position>
            <AltitudeMeters>178.0</AltitudeMeters>
            <DistanceMeters>5047.35009765625</DistanceMeters>
            <HeartRateBpm>
              <Value>79</Value>
            </HeartRateBpm>
            <Extensions>
              <ns3:TPX>
                <ns3:Speed>1.5119999647140503</ns3:Speed>
              </ns3:TPX>
            </Extensions>
          </Trackpoint>
          <Trackpoint>
            <Time>2026-08-03T16:44:59.000Z</Time>
            <Position>
              <LatitudeDegrees>44.289098689332604</LatitudeDegrees>
              <LongitudeDegrees>-81.59159744158387</LongitudeDegrees>
            </Position>
            <AltitudeMeters>178.0</AltitudeMeters>
            <DistanceMeters>5048.85986328125</DistanceMeters>
            <HeartRateBpm>
              <Value>81</Value>
            </HeartRateBpm>
            <Extensions>
              <ns3:TPX>
                <ns3:Speed>1.5210000276565552</ns3:Speed>
              </ns3:TPX>
            </Extensions>
          </Trackpoint>
          <Trackpoint>
            <Time>2026-08-03T16:45:00.000Z</Time>
            <Position>
              <LatitudeDegrees>44.28911075927317</LatitudeDegrees>
              <LongitudeDegrees>-81.59160012379289</LongitudeDegrees>
            </Position>
            <AltitudeMeters>178.0</AltitudeMeters>
            <DistanceMeters>5050.22021484375</DistanceMeters>
            <HeartRateBpm>
              <Value>80</Value>
            </HeartRateBpm>
            <Extensions>
              <ns3:TPX>
                <ns3:Speed>1.5210000276565552</ns3:Speed>
              </ns3:TPX>
            </Extensions>
          </Trackpoint>
          <Trackpoint>
            <Time>2026-08-03T16:45:03.000Z</Time>
            <Position>
              <LatitudeDegrees>44.28913104347885</LatitudeDegrees>
              <LongitudeDegrees>-81.5916059911251</LongitudeDegrees>
            </Position>
            <AltitudeMeters>177.39999389648438</AltitudeMeters>
            <DistanceMeters>5052.58984375</DistanceMeters>
            <HeartRateBpm>
              <Value>79</Value>
            </HeartRateBpm>
            <Extensions>
              <ns3:TPX>
                <ns3:Speed>0.8489999771118164</ns3:Speed>
              </ns3:TPX>
            </Extensions>
          </Trackpoint>
          <Trackpoint>
            <Time>2026-08-03T16:45:06.000Z</Time>
            <Position>
              <LatitudeDegrees>44.289117800071836</LatitudeDegrees>
              <LongitudeDegrees>-81.59161378629506</LongitudeDegrees>
            </Position>
            <AltitudeMeters>177.39999389648438</AltitudeMeters>
            <DistanceMeters>5054.16015625</DistanceMeters>
            <HeartRateBpm>
              <Value>78</Value>
            </HeartRateBpm>
            <Extensions>
              <ns3:TPX>
                <ns3:Speed>1.1759999990463257</ns3:Speed>
              </ns3:TPX>
            </Extensions>
          </Trackpoint>
          <Trackpoint>
            <Time>2026-08-03T16:45:07.000Z</Time>
            <Position>
              <LatitudeDegrees>44.28910472430289</LatitudeDegrees>
              <LongitudeDegrees>-81.59162334166467</LongitudeDegrees>
            </Position>
            <AltitudeMeters>177.39999389648438</AltitudeMeters>
            <DistanceMeters>5055.77978515625</DistanceMeters>
            <HeartRateBpm>
              <Value>77</Value>
            </HeartRateBpm>
            <Extensions>
              <ns3:TPX>
                <ns3:Speed>1.1759999990463257</ns3:Speed>
              </ns3:TPX>
            </Extensions>
          </Trackpoint>
          <Trackpoint>
            <Time>2026-08-03T16:45:15.000Z</Time>
            <Position>
              <LatitudeDegrees>44.28906809538603</LatitudeDegrees>
              <LongitudeDegrees>-81.59165100194514</LongitudeDegrees>
            </Position>
            <AltitudeMeters>177.1999969482422</AltitudeMeters>
            <DistanceMeters>5060.64013671875</DistanceMeters>
            <HeartRateBpm>
              <Value>78</Value>
            </HeartRateBpm>
            <Extensions>
              <ns3:TPX>
                <ns3:Speed>0.0</ns3:Speed>
              </ns3:TPX>
            </Extensions>
          </Trackpoint>
          <Trackpoint>
            <Time>2026-08-03T16:45:17.000Z</Time>
            <Position>
              <LatitudeDegrees>44.28907203488052</LatitudeDegrees>
              <LongitudeDegrees>-81.59165427088737</LongitudeDegrees>
            </Position>
            <AltitudeMeters>177.0</AltitudeMeters>
            <DistanceMeters>5061.31005859375</DistanceMeters>
            <HeartRateBpm>
              <Value>79</Value>
            </HeartRateBpm>
            <Extensions>
              <ns3:TPX>
                <ns3:Speed>0.7649999856948853</ns3:Speed>
              </ns3:TPX>
            </Extensions>
          </Trackpoint>
          <Trackpoint>
            <Time>2026-08-03T16:45:20.000Z</Time>
            <Position>
              <LatitudeDegrees>44.289074717089534</LatitudeDegrees>
              <LongitudeDegrees>-81.59163549542427</LongitudeDegrees>
            </Position>
            <AltitudeMeters>176.60000610351562</AltitudeMeters>
            <DistanceMeters>5063.02001953125</DistanceMeters>
            <HeartRateBpm>
              <Value>79</Value>
            </HeartRateBpm>
            <Extensions>
              <ns3:TPX>
                <ns3:Speed>0.9700000286102295</ns3:Speed>
              </ns3:TPX>
            </Extensions>
          </Trackpoint>
          <Trackpoint>
            <Time>2026-08-03T16:45:26.000Z</Time>
            <Position>
              <LatitudeDegrees>44.289055271074176</LatitudeDegrees>
              <LongitudeDegrees>-81.59155134111643</LongitudeDegrees>
            </Position>
            <AltitudeMeters>176.8000030517578</AltitudeMeters>
            <DistanceMeters>5070.02978515625</DistanceMeters>
            <HeartRateBpm>
              <Value>81</Value>
            </HeartRateBpm>
            <Extensions>
              <ns3:TPX>
                <ns3:Speed>1.0820000171661377</ns3:Speed>
              </ns3:TPX>
            </Extensions>
          </Trackpoint>
          <Trackpoint>
            <Time>2026-08-03T16:45:30.000Z</Time>
            <Position>
              <LatitudeDegrees>44.289046386256814</LatitudeDegrees>
              <LongitudeDegrees>-81.59149291925132</LongitudeDegrees>
            </Position>
            <AltitudeMeters>177.1999969482422</AltitudeMeters>
            <DistanceMeters>5074.759765625</DistanceMeters>
            <HeartRateBpm>
              <Value>81</Value>
            </HeartRateBpm>
            <Extensions>
              <ns3:TPX>
                <ns3:Speed>1.2879999876022339</ns3:Speed>
              </ns3:TPX>
            </Extensions>
          </Trackpoint>
          <Trackpoint>
            <Time>2026-08-03T16:45:32.000Z</Time>
            <Position>
              <LatitudeDegrees>44.28904814645648</LatitudeDegrees>
              <LongitudeDegrees>-81.59149149432778</LongitudeDegrees>
            </Position>
            <AltitudeMeters>177.39999389648438</AltitudeMeters>
            <DistanceMeters>5074.9599609375</DistanceMeters>
            <HeartRateBpm>
              <Value>81</Value>
            </HeartRateBpm>
            <Extensions>
              <ns3:TPX>
                <ns3:Speed>0.0</ns3:Speed>
              </ns3:TPX>
            </Extensions>
          </Trackpoint>
          <Trackpoint>
            <Time>2026-08-03T16:45:37.000Z</Time>
            <Position>
              <LatitudeDegrees>44.28905501961708</LatitudeDegrees>
              <LongitudeDegrees>-81.59149635583162</LongitudeDegrees>
            </Position>
            <AltitudeMeters>177.8000030517578</AltitudeMeters>
            <DistanceMeters>5075.990234375</DistanceMeters>
            <HeartRateBpm>
              <Value>84</Value>
            </HeartRateBpm>
            <Extensions>
              <ns3:TPX>
                <ns3:Speed>0.0</ns3:Speed>
              </ns3:TPX>
            </Extensions>
          </Trackpoint>
          <Trackpoint>
            <Time>2026-08-03T16:45:39.000Z</Time>
            <Position>
              <LatitudeDegrees>44.28905661217868</LatitudeDegrees>
              <LongitudeDegrees>-81.59149685874581</LongitudeDegrees>
            </Position>
            <AltitudeMeters>177.8000030517578</AltitudeMeters>
            <DistanceMeters>5076.14990234375</DistanceMeters>
            <HeartRateBpm>
              <Value>83</Value>
            </HeartRateBpm>
            <Extensions>
              <ns3:TPX>
                <ns3:Speed>0.0</ns3:Speed>
              </ns3:TPX>
            </Extensions>
          </Trackpoint>
          <Trackpoint>
            <Time>2026-08-03T16:45:52.000Z</Time>
            <Position>
              <LatitudeDegrees>44.28905066102743</LatitudeDegrees>
              <LongitudeDegrees>-81.59149928949773</LongitudeDegrees>
            </Position>
            <AltitudeMeters>177.60000610351562</AltitudeMeters>
            <DistanceMeters>5077.14013671875</DistanceMeters>
            <HeartRateBpm>
              <Value>83</Value>
            </HeartRateBpm>
            <Extensions>
              <ns3:TPX>
                <ns3:Speed>0.0</ns3:Speed>
              </ns3:TPX>
            </Extensions>
          </Trackpoint>
          <Trackpoint>
            <Time>2026-08-03T16:45:57.000Z</Time>
            <Position>
              <LatitudeDegrees>44.28905066102743</LatitudeDegrees>
              <LongitudeDegrees>-81.59149928949773</LongitudeDegrees>
            </Position>
            <AltitudeMeters>177.39999389648438</AltitudeMeters>
            <DistanceMeters>5077.14013671875</DistanceMeters>
            <HeartRateBpm>
              <Value>80</Value>
            </HeartRateBpm>
            <Extensions>
              <ns3:TPX>
                <ns3:Speed>0.0</ns3:Speed>
              </ns3:TPX>
            </Extensions>
          </Trackpoint>
          <Trackpoint>
            <Time>2026-08-03T16:46:02.000Z</Time>
            <Position>
              <LatitudeDegrees>44.28905158303678</LatitudeDegrees>
              <LongitudeDegrees>-81.59149928949773</LongitudeDegrees>
            </Position>
            <AltitudeMeters>177.39999389648438</AltitudeMeters>
            <DistanceMeters>5077.14013671875</DistanceMeters>
            <HeartRateBpm>
              <Value>77</Value>
            </HeartRateBpm>
            <Extensions>
              <ns3:TPX>
                <ns3:Speed>0.0</ns3:Speed>
              </ns3:TPX>
            </Extensions>
          </Trackpoint>
          <Trackpoint>
            <Time>2026-08-03T16:46:10.000Z</Time>
            <Position>
              <LatitudeDegrees>44.28905191831291</LatitudeDegrees>
              <LongitudeDegrees>-81.59149736166</LongitudeDegrees>
            </Position>
            <AltitudeMeters>177.39999389648438</AltitudeMeters>
            <DistanceMeters>5077.14013671875</DistanceMeters>
            <HeartRateBpm>
              <Value>81</Value>
            </HeartRateBpm>
            <Extensions>
              <ns3:TPX>
                <ns3:Speed>0.0</ns3:Speed>
              </ns3:TPX>
            </Extensions>
          </Trackpoint>
          <Trackpoint>
            <Time>2026-08-03T16:46:11.000Z</Time>
            <Position>
              <LatitudeDegrees>44.28905200213194</LatitudeDegrees>
              <LongitudeDegrees>-81.59149736166</LongitudeDegrees>
            </Position>
            <AltitudeMeters>177.39999389648438</AltitudeMeters>
            <DistanceMeters>5077.14013671875</DistanceMeters>
            <HeartRateBpm>
              <Value>78</Value>
            </HeartRateBpm>
            <Extensions>
              <ns3:TPX>
                <ns3:Speed>0.0</ns3:Speed>
              </ns3:TPX>
            </Extensions>
          </Trackpoint>
          <Trackpoint>
            <Time>2026-08-03T16:46:16.000Z</Time>
            <Position>
              <LatitudeDegrees>44.28905200213194</LatitudeDegrees>
              <LongitudeDegrees>-81.59149610437453</LongitudeDegrees>
            </Position>
            <AltitudeMeters>177.39999389648438</AltitudeMeters>
            <DistanceMeters>5077.14013671875</DistanceMeters>
            <HeartRateBpm>
              <Value>75</Value>
            </HeartRateBpm>
            <Extensions>
              <ns3:TPX>
                <ns3:Speed>0.0</ns3:Speed>
              </ns3:TPX>
            </Extensions>
          </Trackpoint>
          <Trackpoint>
            <Time>2026-08-03T16:46:17.000Z</Time>
            <Position>
              <LatitudeDegrees>44.28905367851257</LatitudeDegrees>
              <LongitudeDegrees>-81.59149878658354</LongitudeDegrees>
            </Position>
            <AltitudeMeters>177.39999389648438</AltitudeMeters>
            <DistanceMeters>5077.39990234375</DistanceMeters>
            <HeartRateBpm>
              <Value>77</Value>
            </HeartRateBpm>
            <Extensions>
              <ns3:TPX>
                <ns3:Speed>1.277999997138977</ns3:Speed>
              </ns3:TPX>
            </Extensions>
          </Trackpoint>
          <Trackpoint>
            <Time>2026-08-03T16:46:20.000Z</Time>
            <Position>
              <LatitudeDegrees>44.289073292165995</LatitudeDegrees>
              <LongitudeDegrees>-81.59157766029239</LongitudeDegrees>
            </Position>
            <AltitudeMeters>177.60000610351562</AltitudeMeters>
            <DistanceMeters>5084.10009765625</DistanceMeters>
            <HeartRateBpm>
              <Value>77</Value>
            </HeartRateBpm>
            <Extensions>
              <ns3:TPX>
                <ns3:Speed>1.930999994277954</ns3:Speed>
              </ns3:TPX>
            </Extensions>
          </Trackpoint>
          <Trackpoint>
            <Time>2026-08-03T16:46:24.000Z</Time>
            <Position>
              <LatitudeDegrees>44.289092402905226</LatitudeDegrees>
              <LongitudeDegrees>-81.59164387732744</LongitudeDegrees>
            </Position>
            <AltitudeMeters>177.60000610351562</AltitudeMeters>
            <DistanceMeters>5089.7998046875</DistanceMeters>
            <HeartRateBpm>
              <Value>76</Value>
            </HeartRateBpm>
            <Extensions>
              <ns3:TPX>
                <ns3:Speed>1.277999997138977</ns3:Speed>
              </ns3:TPX>
            </Extensions>
          </Trackpoint>
          <Trackpoint>
            <Time>2026-08-03T16:46:26.000Z</Time>
            <Position>
              <LatitudeDegrees>44.289103131741285</LatitudeDegrees>
              <LongitudeDegrees>-81.5916564501822</LongitudeDegrees>
            </Position>
            <AltitudeMeters>177.60000610351562</AltitudeMeters>
            <DistanceMeters>5091.35009765625</DistanceMeters>
            <HeartRateBpm>
              <Value>76</Value>
            </HeartRateBpm>
            <Extensions>
              <ns3:TPX>
                <ns3:Speed>1.277999997138977</ns3:Speed>
              </ns3:TPX>
            </Extensions>
          </Trackpoint>
          <Trackpoint>
            <Time>2026-08-03T16:46:27.000Z</Time>
            <Position>
              <LatitudeDegrees>44.28910665214062</LatitudeDegrees>
              <LongitudeDegrees>-81.59166474826634</LongitudeDegrees>
            </Position>
            <AltitudeMeters>177.8000030517578</AltitudeMeters>
            <DistanceMeters>5092.0</DistanceMeters>
            <HeartRateBpm>
              <Value>79</Value>
            </HeartRateBpm>
            <Extensions>
              <ns3:TPX>
                <ns3:Speed>0.9240000247955322</ns3:Speed>
              </ns3:TPX>
            </Extensions>
          </Trackpoint>
          <Trackpoint>
            <Time>2026-08-03T16:46:31.000Z</Time>
            <Position>
              <LatitudeDegrees>44.289079243317246</LatitudeDegrees>
              <LongitudeDegrees>-81.59170531667769</LongitudeDegrees>
            </Position>
            <AltitudeMeters>177.8000030517578</AltitudeMeters>
            <DistanceMeters>5096.35986328125</DistanceMeters>
            <HeartRateBpm>
              <Value>78</Value>
            </HeartRateBpm>
            <Extensions>
              <ns3:TPX>
                <ns3:Speed>0.6899999976158142</ns3:Speed>
              </ns3:TPX>
            </Extensions>
          </Trackpoint>
          <Trackpoint>
            <Time>2026-08-03T16:46:38.000Z</Time>
            <Position>
              <LatitudeDegrees>44.28907362744212</LatitudeDegrees>
              <LongitudeDegrees>-81.59171411767602</LongitudeDegrees>
            </Position>
            <AltitudeMeters>176.8000030517578</AltitudeMeters>
            <DistanceMeters>5097.3798828125</DistanceMeters>
            <HeartRateBpm>
              <Value>82</Value>
            </HeartRateBpm>
            <Extensions>
              <ns3:TPX>
                <ns3:Speed>0.0</ns3:Speed>
              </ns3:TPX>
            </Extensions>
          </Trackpoint>
          <Trackpoint>
            <Time>2026-08-03T16:46:39.000Z</Time>
            <Position>
              <LatitudeDegrees>44.28907404653728</LatitudeDegrees>
              <LongitudeDegrees>-81.59171545878053</LongitudeDegrees>
            </Position>
            <AltitudeMeters>176.8000030517578</AltitudeMeters>
            <DistanceMeters>5097.3798828125</DistanceMeters>
            <HeartRateBpm>
              <Value>79</Value>
            </HeartRateBpm>
            <Extensions>
              <ns3:TPX>
                <ns3:Speed>0.0</ns3:Speed>
              </ns3:TPX>
            </Extensions>
          </Trackpoint>
          <Trackpoint>
            <Time>2026-08-03T16:46:46.000Z</Time>
            <Position>
              <LatitudeDegrees>44.28908536210656</LatitudeDegrees>
              <LongitudeDegrees>-81.59174504689872</LongitudeDegrees>
            </Position>
            <AltitudeMeters>177.8000030517578</AltitudeMeters>
            <DistanceMeters>5100.27978515625</DistanceMeters>
            <HeartRateBpm>
              <Value>79</Value>
            </HeartRateBpm>
            <Extensions>
              <ns3:TPX>
                <ns3:Speed>0.0</ns3:Speed>
              </ns3:TPX>
            </Extensions>
          </Trackpoint>
          <Trackpoint>
            <Time>2026-08-03T16:46:52.000Z</Time>
            <Position>
              <LatitudeDegrees>44.28908527828753</LatitudeDegrees>
              <LongitudeDegrees>-81.59177346155047</LongitudeDegrees>
            </Position>
            <AltitudeMeters>177.8000030517578</AltitudeMeters>
            <DistanceMeters>5102.77978515625</DistanceMeters>
            <HeartRateBpm>
              <Value>82</Value>
            </HeartRateBpm>
            <Extensions>
              <ns3:TPX>
                <ns3:Speed>0.5230000019073486</ns3:Speed>
              </ns3:TPX>
            </Extensions>
          </Trackpoint>
          <Trackpoint>
            <Time>2026-08-03T16:46:55.000Z</Time>
            <Position>
              <LatitudeDegrees>44.28908712230623</LatitudeDegrees>
              <LongitudeDegrees>-81.59178636968136</LongitudeDegrees>
            </Position>
            <AltitudeMeters>177.8000030517578</AltitudeMeters>
            <DistanceMeters>5103.83984375</DistanceMeters>
            <HeartRateBpm>
              <Value>83</Value>
            </HeartRateBpm>
            <Extensions>
              <ns3:TPX>
                <ns3:Speed>0.5230000019073486</ns3:Speed>
              </ns3:TPX>
            </Extensions>
          </Trackpoint>
          <Trackpoint>
            <Time>2026-08-03T16:47:00.000Z</Time>
            <Position>
              <LatitudeDegrees>44.28908921778202</LatitudeDegrees>
              <LongitudeDegrees>-81.5918168798089</LongitudeDegrees>
            </Position>
            <AltitudeMeters>177.8000030517578</AltitudeMeters>
            <DistanceMeters>5106.2998046875</DistanceMeters>
            <HeartRateBpm>
              <Value>86</Value>
            </HeartRateBpm>
            <Extensions>
              <ns3:TPX>
                <ns3:Speed>0.5230000019073486</ns3:Speed>
              </ns3:TPX>
            </Extensions>
          </Trackpoint>
          <Trackpoint>
            <Time>2026-08-03T16:47:03.000Z</Time>
            <Position>
              <LatitudeDegrees>44.289088882505894</LatitudeDegrees>
              <LongitudeDegrees>-81.5918499045074</LongitudeDegrees>
            </Position>
            <AltitudeMeters>177.8000030517578</AltitudeMeters>
            <DistanceMeters>5108.97998046875</DistanceMeters>
            <HeartRateBpm>
              <Value>87</Value>
            </HeartRateBpm>
            <Extensions>
              <ns3:TPX>
                <ns3:Speed>1.1759999990463257</ns3:Speed>
              </ns3:TPX>
            </Extensions>
          </Trackpoint>
          <Trackpoint>
            <Time>2026-08-03T16:47:05.000Z</Time>
            <Position>
              <LatitudeDegrees>44.28908226080239</LatitudeDegrees>
              <LongitudeDegrees>-81.59187672659755</LongitudeDegrees>
            </Position>
            <AltitudeMeters>177.8000030517578</AltitudeMeters>
            <DistanceMeters>5111.22021484375</DistanceMeters>
            <HeartRateBpm>
              <Value>88</Value>
            </HeartRateBpm>
            <Extensions>
              <ns3:TPX>
                <ns3:Speed>0.9240000247955322</ns3:Speed>
              </ns3:TPX>
            </Extensions>
          </Trackpoint>
          <Trackpoint>
            <Time>2026-08-03T16:47:10.000Z</Time>
            <Position>
              <LatitudeDegrees>44.289070358499885</LatitudeDegrees>
              <LongitudeDegrees>-81.59189726226032</LongitudeDegrees>
            </Position>
            <AltitudeMeters>177.60000610351562</AltitudeMeters>
            <DistanceMeters>5113.8798828125</DistanceMeters>
            <HeartRateBpm>
              <Value>89</Value>
            </HeartRateBpm>
            <Extensions>
              <ns3:TPX>
                <ns3:Speed>0.7179999947547913</ns3:Speed>
              </ns3:TPX>
            </Extensions>
          </Trackpoint>
          <Trackpoint>
            <Time>2026-08-03T16:47:21.000Z</Time>
            <Position>
              <LatitudeDegrees>44.28903020918369</LatitudeDegrees>
              <LongitudeDegrees>-81.59196917898953</LongitudeDegrees>
            </Position>
            <AltitudeMeters>177.60000610351562</AltitudeMeters>
            <DistanceMeters>5121.240234375</DistanceMeters>
            <HeartRateBpm>
              <Value>86</Value>
            </HeartRateBpm>
            <Extensions>
              <ns3:TPX>
                <ns3:Speed>0.6620000004768372</ns3:Speed>
              </ns3:TPX>
            </Extensions>
          </Trackpoint>
          <Trackpoint>
            <Time>2026-08-03T16:47:22.000Z</Time>
            <Position>
              <LatitudeDegrees>44.28902895189822</LatitudeDegrees>
              <LongitudeDegrees>-81.59198183566332</LongitudeDegrees>
            </Position>
            <AltitudeMeters>177.60000610351562</AltitudeMeters>
            <DistanceMeters>5122.259765625</DistanceMeters>
            <HeartRateBpm>
              <Value>85</Value>
            </HeartRateBpm>
            <Extensions>
              <ns3:TPX>
                <ns3:Speed>0.699999988079071</ns3:Speed>
              </ns3:TPX>
            </Extensions>
          </Trackpoint>
          <Trackpoint>
            <Time>2026-08-03T16:47:23.000Z</Time>
            <Position>
              <LatitudeDegrees>44.28902677260339</LatitudeDegrees>
              <LongitudeDegrees>-81.59199424088001</LongitudeDegrees>
            </Position>
            <AltitudeMeters>177.60000610351562</AltitudeMeters>
            <DistanceMeters>5123.27001953125</DistanceMeters>
            <HeartRateBpm>
              <Value>84</Value>
            </HeartRateBpm>
            <Extensions>
              <ns3:TPX>
                <ns3:Speed>0.9800000190734863</ns3:Speed>
              </ns3:TPX>
            </Extensions>
          </Trackpoint>
          <Trackpoint>
            <Time>2026-08-03T16:47:29.000Z</Time>
            <Position>
              <LatitudeDegrees>44.289020486176014</LatitudeDegrees>
              <LongitudeDegrees>-81.59206230193377</LongitudeDegrees>
            </Position>
            <AltitudeMeters>177.39999389648438</AltitudeMeters>
            <DistanceMeters>5128.740234375</DistanceMeters>
            <HeartRateBpm>
              <Value>84</Value>
            </HeartRateBpm>
            <Extensions>
              <ns3:TPX>
                <ns3:Speed>0.9520000219345093</ns3:Speed>
              </ns3:TPX>
            </Extensions>
          </Trackpoint>
          <Trackpoint>
            <Time>2026-08-03T16:47:31.000Z</Time>
            <Position>
              <LatitudeDegrees>44.28901696577668</LatitudeDegrees>
              <LongitudeDegrees>-81.5920935664326</LongitudeDegrees>
            </Position>
            <AltitudeMeters>177.1999969482422</AltitudeMeters>
            <DistanceMeters>5131.27978515625</DistanceMeters>
            <HeartRateBpm>
              <Value>84</Value>
            </HeartRateBpm>
            <Extensions>
              <ns3:TPX>
                <ns3:Speed>1.0080000162124634</ns3:Speed>
              </ns3:TPX>
            </Extensions>
          </Trackpoint>
          <Trackpoint>
            <Time>2026-08-03T16:47:34.000Z</Time>
            <Position>
              <LatitudeDegrees>44.28901671431959</LatitudeDegrees>
              <LongitudeDegrees>-81.59214159473777</LongitudeDegrees>
            </Position>
            <AltitudeMeters>177.1999969482422</AltitudeMeters>
            <DistanceMeters>5135.0498046875</DistanceMeters>
            <HeartRateBpm>
              <Value>80</Value>
            </HeartRateBpm>
            <Extensions>
              <ns3:TPX>
                <ns3:Speed>1.4179999828338623</ns3:Speed>
              </ns3:TPX>
            </Extensions>
          </Trackpoint>
          <Trackpoint>
            <Time>2026-08-03T16:47:35.000Z</Time>
            <Position>
              <LatitudeDegrees>44.28902023471892</LatitudeDegrees>
              <LongitudeDegrees>-81.59215869382024</LongitudeDegrees>
            </Position>
            <AltitudeMeters>177.1999969482422</AltitudeMeters>
            <DistanceMeters>5136.4501953125</DistanceMeters>
            <HeartRateBpm>
              <Value>83</Value>
            </HeartRateBpm>
            <Extensions>
              <ns3:TPX>
                <ns3:Speed>1.0920000076293945</ns3:Speed>
              </ns3:TPX>
            </Extensions>
          </Trackpoint>
          <Trackpoint>
            <Time>2026-08-03T16:47:38.000Z</Time>
            <Position>
              <LatitudeDegrees>44.28902409039438</LatitudeDegrees>
              <LongitudeDegrees>-81.59218652173877</LongitudeDegrees>
            </Position>
            <AltitudeMeters>177.1999969482422</AltitudeMeters>
            <DistanceMeters>5138.580078125</DistanceMeters>
            <HeartRateBpm>
              <Value>80</Value>
            </HeartRateBpm>
            <Extensions>
              <ns3:TPX>
                <ns3:Speed>0.4950000047683716</ns3:Speed>
              </ns3:TPX>
            </Extensions>
          </Trackpoint>
          <Trackpoint>
            <Time>2026-08-03T16:47:40.000Z</Time>
            <Position>
              <LatitudeDegrees>44.28901487030089</LatitudeDegrees>
              <LongitudeDegrees>-81.59220278263092</LongitudeDegrees>
            </Position>
            <AltitudeMeters>177.1999969482422</AltitudeMeters>
            <DistanceMeters>5140.02978515625</DistanceMeters>
            <HeartRateBpm>
              <Value>80</Value>
            </HeartRateBpm>
            <Extensions>
              <ns3:TPX>
                <ns3:Speed>1.1009999513626099</ns3:Speed>
              </ns3:TPX>
            </Extensions>
          </Trackpoint>
          <Trackpoint>
            <Time>2026-08-03T16:47:47.000Z</Time>
            <Position>
              <LatitudeDegrees>44.28899290971458</LatitudeDegrees>
              <LongitudeDegrees>-81.59229481592774</LongitudeDegrees>
            </Position>
            <AltitudeMeters>176.8000030517578</AltitudeMeters>
            <DistanceMeters>5147.75</DistanceMeters>
            <HeartRateBpm>
              <Value>83</Value>
            </HeartRateBpm>
            <Extensions>
              <ns3:TPX>
                <ns3:Speed>0.625</ns3:Speed>
              </ns3:TPX>
            </Extensions>
          </Trackpoint>
          <Trackpoint>
            <Time>2026-08-03T16:47:50.000Z</Time>
            <Position>
              <LatitudeDegrees>44.28898670710623</LatitudeDegrees>
              <LongitudeDegrees>-81.59231971018016</LongitudeDegrees>
            </Position>
            <AltitudeMeters>176.8000030517578</AltitudeMeters>
            <DistanceMeters>5149.91015625</DistanceMeters>
            <HeartRateBpm>
              <Value>81</Value>
            </HeartRateBpm>
            <Extensions>
              <ns3:TPX>
                <ns3:Speed>1.0820000171661377</ns3:Speed>
              </ns3:TPX>
            </Extensions>
          </Trackpoint>
          <Trackpoint>
            <Time>2026-08-03T16:47:51.000Z</Time>
            <Position>
              <LatitudeDegrees>44.28898452781141</LatitudeDegrees>
              <LongitudeDegrees>-81.5923316963017</LongitudeDegrees>
            </Position>
            <AltitudeMeters>176.8000030517578</AltitudeMeters>
            <DistanceMeters>5150.89990234375</DistanceMeters>
            <HeartRateBpm>
              <Value>80</Value>
            </HeartRateBpm>
            <Extensions>
              <ns3:TPX>
                <ns3:Speed>1.194000005722046</ns3:Speed>
              </ns3:TPX>
            </Extensions>
          </Trackpoint>
          <Trackpoint>
            <Time>2026-08-03T16:47:58.000Z</Time>
            <Position>
              <LatitudeDegrees>44.28894295357168</LatitudeDegrees>
              <LongitudeDegrees>-81.59247544594109</LongitudeDegrees>
            </Position>
            <AltitudeMeters>176.60000610351562</AltitudeMeters>
            <DistanceMeters>5163.31982421875</DistanceMeters>
            <HeartRateBpm>
              <Value>81</Value>
            </HeartRateBpm>
            <Extensions>
              <ns3:TPX>
                <ns3:Speed>1.3899999856948853</ns3:Speed>
              </ns3:TPX>
            </Extensions>
          </Trackpoint>
          <Trackpoint>
            <Time>2026-08-03T16:48:06.000Z</Time>
            <Position>
              <LatitudeDegrees>44.28886433131993</LatitudeDegrees>
              <LongitudeDegrees>-81.5926855802536</LongitudeDegrees>
            </Position>
            <AltitudeMeters>176.39999389648438</AltitudeMeters>
            <DistanceMeters>5182.259765625</DistanceMeters>
            <HeartRateBpm>
              <Value>82</Value>
            </HeartRateBpm>
            <Extensions>
              <ns3:TPX>
                <ns3:Speed>2.2769999504089355</ns3:Speed>
              </ns3:TPX>
            </Extensions>
          </Trackpoint>
          <Trackpoint>
            <Time>2026-08-03T16:48:10.000Z</Time>
            <Position>
              <LatitudeDegrees>44.288823679089546</LatitudeDegrees>
              <LongitudeDegrees>-81.59280125051737</LongitudeDegrees>
            </Position>
            <AltitudeMeters>176.39999389648438</AltitudeMeters>
            <DistanceMeters>5192.5</DistanceMeters>
            <HeartRateBpm>
              <Value>79</Value>
            </HeartRateBpm>
            <Extensions>
              <ns3:TPX>
                <ns3:Speed>2.61299991607666</ns3:Speed>
              </ns3:TPX>
            </Extensions>
          </Trackpoint>
          <Trackpoint>
            <Time>2026-08-03T16:48:12.000Z</Time>
            <Position>
              <LatitudeDegrees>44.28880079649389</LatitudeDegrees>
              <LongitudeDegrees>-81.59285958856344</LongitudeDegrees>
            </Position>
            <AltitudeMeters>176.1999969482422</AltitudeMeters>
            <DistanceMeters>5197.7998046875</DistanceMeters>
            <HeartRateBpm>
              <Value>84</Value>
            </HeartRateBpm>
            <Extensions>
              <ns3:TPX>
                <ns3:Speed>2.6589999198913574</ns3:Speed>
              </ns3:TPX>
            </Extensions>
          </Trackpoint>
          <Trackpoint>
            <Time>2026-08-03T16:48:13.000Z</Time>
            <Position>
              <LatitudeDegrees>44.28878738544881</LatitudeDegrees>
              <LongitudeDegrees>-81.59288741648197</LongitudeDegrees>
            </Position>
            <AltitudeMeters>176.1999969482422</AltitudeMeters>
            <DistanceMeters>5200.47021484375</DistanceMeters>
            <HeartRateBpm>
              <Value>84</Value>
            </HeartRateBpm>
            <Extensions>
              <ns3:TPX>
                <ns3:Speed>2.6589999198913574</ns3:Speed>
              </ns3:TPX>
            </Extensions>
          </Trackpoint>
          <Trackpoint>
            <Time>2026-08-03T16:48:16.000Z</Time>
            <Position>
              <LatitudeDegrees>44.288747906684875</LatitudeDegrees>
              <LongitudeDegrees>-81.59296486526728</LongitudeDegrees>
            </Position>
            <AltitudeMeters>176.1999969482422</AltitudeMeters>
            <DistanceMeters>5208.0498046875</DistanceMeters>
            <HeartRateBpm>
              <Value>85</Value>
            </HeartRateBpm>
            <Extensions>
              <ns3:TPX>
                <ns3:Speed>2.61299991607666</ns3:Speed>
              </ns3:TPX>
            </Extensions>
          </Trackpoint>
          <Trackpoint>
            <Time>2026-08-03T16:48:25.000Z</Time>
            <Position>
              <LatitudeDegrees>44.28863382898271</LatitudeDegrees>
              <LongitudeDegrees>-81.59319310449064</LongitudeDegrees>
            </Position>
            <AltitudeMeters>176.1999969482422</AltitudeMeters>
            <DistanceMeters>5230.27978515625</DistanceMeters>
            <HeartRateBpm>
              <Value>85</Value>
            </HeartRateBpm>
            <Extensions>
              <ns3:TPX>
                <ns3:Speed>2.378999948501587</ns3:Speed>
              </ns3:TPX>
            </Extensions>
          </Trackpoint>
          <Trackpoint>
            <Time>2026-08-03T16:48:27.000Z</Time>
            <Position>
              <LatitudeDegrees>44.288611616939306</LatitudeDegrees>
              <LongitudeDegrees>-81.59324792213738</LongitudeDegrees>
            </Position>
            <AltitudeMeters>176.1999969482422</AltitudeMeters>
            <DistanceMeters>5235.2998046875</DistanceMeters>
            <HeartRateBpm>
              <Value>82</Value>
            </HeartRateBpm>
            <Extensions>
              <ns3:TPX>
                <ns3:Speed>2.434999942779541</ns3:Speed>
              </ns3:TPX>
            </Extensions>
          </Trackpoint>
          <Trackpoint>
            <Time>2026-08-03T16:48:29.000Z</Time>
            <Position>
              <LatitudeDegrees>44.28858772851527</LatitudeDegrees>
              <LongitudeDegrees>-81.59330273978412</LongitudeDegrees>
            </Position>
            <AltitudeMeters>176.1999969482422</AltitudeMeters>
            <DistanceMeters>5240.41015625</DistanceMeters>
            <HeartRateBpm>
              <Value>79</Value>
            </HeartRateBpm>
            <Extensions>
              <ns3:TPX>
                <ns3:Speed>2.434999942779541</ns3:Speed>
              </ns3:TPX>
            </Extensions>
          </Trackpoint>
          <Trackpoint>
            <Time>2026-08-03T16:48:35.000Z</Time>
            <Position>
              <LatitudeDegrees>44.28851648233831</LatitudeDegrees>
              <LongitudeDegrees>-81.59347884356976</LongitudeDegrees>
            </Position>
            <AltitudeMeters>176.0</AltitudeMeters>
            <DistanceMeters>5256.5400390625</DistanceMeters>
            <HeartRateBpm>
              <Value>74</Value>
            </HeartRateBpm>
            <Extensions>
              <ns3:TPX>
                <ns3:Speed>2.6589999198913574</ns3:Speed>
              </ns3:TPX>
            </Extensions>
          </Trackpoint>
          <Trackpoint>
            <Time>2026-08-03T16:48:36.000Z</Time>
            <Position>
              <LatitudeDegrees>44.28850625641644</LatitudeDegrees>
              <LongitudeDegrees>-81.59351077862084</LongitudeDegrees>
            </Position>
            <AltitudeMeters>176.0</AltitudeMeters>
            <DistanceMeters>5259.31982421875</DistanceMeters>
            <HeartRateBpm>
              <Value>73</Value>
            </HeartRateBpm>
            <Extensions>
              <ns3:TPX>
                <ns3:Speed>2.677999973297119</ns3:Speed>
              </ns3:TPX>
            </Extensions>
          </Trackpoint>
          <Trackpoint>
            <Time>2026-08-03T16:48:42.000Z</Time>
            <Position>
              <LatitudeDegrees>44.28844062611461</LatitudeDegrees>
              <LongitudeDegrees>-81.59367171116173</LongitudeDegrees>
            </Position>
            <AltitudeMeters>176.0</AltitudeMeters>
            <DistanceMeters>5274.08984375</DistanceMeters>
            <HeartRateBpm>
              <Value>70</Value>
            </HeartRateBpm>
            <Extensions>
              <ns3:TPX>
                <ns3:Speed>2.4730000495910645</ns3:Speed>
              </ns3:TPX>
            </Extensions>
          </Trackpoint>
          <Trackpoint>
            <Time>2026-08-03T16:48:44.000Z</Time>
            <Position>
              <LatitudeDegrees>44.28842235356569</LatitudeDegrees>
              <LongitudeDegrees>-81.59372258931398</LongitudeDegrees>
            </Position>
            <AltitudeMeters>176.1999969482422</AltitudeMeters>
            <DistanceMeters>5278.6298828125</DistanceMeters>
            <HeartRateBpm>
              <Value>70</Value>
            </HeartRateBpm>
            <Extensions>
              <ns3:TPX>
                <ns3:Speed>2.3610000610351562</ns3:Speed>
              </ns3:TPX>
            </Extensions>
          </Trackpoint>
          <Trackpoint>
            <Time>2026-08-03T16:48:49.000Z</Time>
            <Position>
              <LatitudeDegrees>44.288391675800085</LatitudeDegrees>
              <LongitudeDegrees>-81.59385351464152</LongitudeDegrees>
            </Position>
            <AltitudeMeters>176.0</AltitudeMeters>
            <DistanceMeters>5289.64013671875</DistanceMeters>
            <HeartRateBpm>
              <Value>73</Value>
            </HeartRateBpm>
            <Extensions>
              <ns3:TPX>
                <ns3:Speed>2.249000072479248</ns3:Speed>
              </ns3:TPX>
            </Extensions>
          </Trackpoint>
          <Trackpoint>
            <Time>2026-08-03T16:48:51.000Z</Time>
            <Position>
              <LatitudeDegrees>44.288379438221455</LatitudeDegrees>
              <LongitudeDegrees>-81.59390548244119</LongitudeDegrees>
            </Position>
            <AltitudeMeters>176.0</AltitudeMeters>
            <DistanceMeters>5294.0</DistanceMeters>
            <HeartRateBpm>
              <Value>70</Value>
            </HeartRateBpm>
            <Extensions>
              <ns3:TPX>
                <ns3:Speed>2.2019999027252197</ns3:Speed>
              </ns3:TPX>
            </Extensions>
          </Trackpoint>
          <Trackpoint>
            <Time>2026-08-03T16:48:52.000Z</Time>
            <Position>
              <LatitudeDegrees>44.28837097249925</LatitudeDegrees>
              <LongitudeDegrees>-81.59392895177007</LongitudeDegrees>
            </Position>
            <AltitudeMeters>176.0</AltitudeMeters>
            <DistanceMeters>5296.10009765625</DistanceMeters>
            <HeartRateBpm>
              <Value>70</Value>
            </HeartRateBpm>
            <Extensions>
              <ns3:TPX>
                <ns3:Speed>2.1740000247955322</ns3:Speed>
              </ns3:TPX>
            </Extensions>
          </Trackpoint>
          <Trackpoint>
            <Time>2026-08-03T16:49:02.000Z</Time>
            <Position>
              <LatitudeDegrees>44.28827868774533</LatitudeDegrees>
              <LongitudeDegrees>-81.59415300004184</LongitudeDegrees>
            </Position>
            <AltitudeMeters>176.0</AltitudeMeters>
            <DistanceMeters>5316.75</DistanceMeters>
            <HeartRateBpm>
              <Value>68</Value>
            </HeartRateBpm>
            <Extensions>
              <ns3:TPX>
                <ns3:Speed>1.9500000476837158</ns3:Speed>
              </ns3:TPX>
            </Extensions>
          </Trackpoint>
          <Trackpoint>
            <Time>2026-08-03T16:49:07.000Z</Time>
            <Position>
              <LatitudeDegrees>44.288231832906604</LatitudeDegrees>
              <LongitudeDegrees>-81.59427353180945</LongitudeDegrees>
            </Position>
            <AltitudeMeters>175.8000030517578</AltitudeMeters>
            <DistanceMeters>5327.669921875</DistanceMeters>
            <HeartRateBpm>
              <Value>70</Value>
            </HeartRateBpm>
            <Extensions>
              <ns3:TPX>
                <ns3:Speed>2.015000104904175</ns3:Speed>
              </ns3:TPX>
            </Extensions>
          </Trackpoint>
          <Trackpoint>
            <Time>2026-08-03T16:49:11.000Z</Time>
            <Position>
              <LatitudeDegrees>44.28817735053599</LatitudeDegrees>
              <LongitudeDegrees>-81.59437361173332</LongitudeDegrees>
            </Position>
            <AltitudeMeters>175.8000030517578</AltitudeMeters>
            <DistanceMeters>5337.68994140625</DistanceMeters>
            <HeartRateBpm>
              <Value>71</Value>
            </HeartRateBpm>
            <Extensions>
              <ns3:TPX>
                <ns3:Speed>2.378999948501587</ns3:Speed>
              </ns3:TPX>
            </Extensions>
          </Trackpoint>
          <Trackpoint>
            <Time>2026-08-03T16:49:17.000Z</Time>
            <Position>
              <LatitudeDegrees>44.28809612989426</LatitudeDegrees>
              <LongitudeDegrees>-81.59453923813999</LongitudeDegrees>
            </Position>
            <AltitudeMeters>175.60000610351562</AltitudeMeters>
            <DistanceMeters>5353.7099609375</DistanceMeters>
            <HeartRateBpm>
              <Value>68</Value>
            </HeartRateBpm>
            <Extensions>
              <ns3:TPX>
                <ns3:Speed>2.556999921798706</ns3:Speed>
              </ns3:TPX>
            </Extensions>
          </Trackpoint>
          <Trackpoint>
            <Time>2026-08-03T16:49:21.000Z</Time>
            <Position>
              <LatitudeDegrees>44.28803779184818</LatitudeDegrees>
              <LongitudeDegrees>-81.59464275464416</LongitudeDegrees>
            </Position>
            <AltitudeMeters>175.60000610351562</AltitudeMeters>
            <DistanceMeters>5364.259765625</DistanceMeters>
            <HeartRateBpm>
              <Value>69</Value>
            </HeartRateBpm>
            <Extensions>
              <ns3:TPX>
                <ns3:Speed>2.546999931335449</ns3:Speed>
              </ns3:TPX>
            </Extensions>
          </Trackpoint>
          <Trackpoint>
            <Time>2026-08-03T16:49:28.000Z</Time>
            <Position>
              <LatitudeDegrees>44.287920109927654</LatitudeDegrees>
              <LongitudeDegrees>-81.5947972331196</LongitudeDegrees>
            </Position>
            <AltitudeMeters>175.60000610351562</AltitudeMeters>
            <DistanceMeters>5382.25</DistanceMeters>
            <HeartRateBpm>
              <Value>66</Value>
            </HeartRateBpm>
            <Extensions>
              <ns3:TPX>
                <ns3:Speed>2.575000047683716</ns3:Speed>
              </ns3:TPX>
            </Extensions>
          </Trackpoint>
          <Trackpoint>
            <Time>2026-08-03T16:49:29.000Z</Time>
            <Position>
              <LatitudeDegrees>44.287899574264884</LatitudeDegrees>
              <LongitudeDegrees>-81.59482011571527</LongitudeDegrees>
            </Position>
            <AltitudeMeters>175.60000610351562</AltitudeMeters>
            <DistanceMeters>5385.169921875</DistanceMeters>
            <HeartRateBpm>
              <Value>66</Value>
            </HeartRateBpm>
            <Extensions>
              <ns3:TPX>
                <ns3:Speed>2.565999984741211</ns3:Speed>
              </ns3:TPX>
            </Extensions>
          </Trackpoint>
          <Trackpoint>
            <Time>2026-08-03T16:49:37.000Z</Time>
            <Position>
              <LatitudeDegrees>44.28776110522449</LatitudeDegrees>
              <LongitudeDegrees>-81.59498129971325</LongitudeDegrees>
            </Position>
            <AltitudeMeters>175.60000610351562</AltitudeMeters>
            <DistanceMeters>5405.22998046875</DistanceMeters>
            <HeartRateBpm>
              <Value>63</Value>
            </HeartRateBpm>
            <Extensions>
              <ns3:TPX>
                <ns3:Speed>2.490999937057495</ns3:Speed>
              </ns3:TPX>
            </Extensions>
          </Trackpoint>
          <Trackpoint>
            <Time>2026-08-03T16:49:40.000Z</Time>
            <Position>
              <LatitudeDegrees>44.287709053605795</LatitudeDegrees>
              <LongitudeDegrees>-81.59503896720707</LongitudeDegrees>
            </Position>
            <AltitudeMeters>175.60000610351562</AltitudeMeters>
            <DistanceMeters>5412.60009765625</DistanceMeters>
            <HeartRateBpm>
              <Value>63</Value>
            </HeartRateBpm>
            <Extensions>
              <ns3:TPX>
                <ns3:Speed>2.4820001125335693</ns3:Speed>
              </ns3:TPX>
            </Extensions>
          </Trackpoint>
          <Trackpoint>
            <Time>2026-08-03T16:49:43.000Z</Time>
            <Position>
              <LatitudeDegrees>44.28765214048326</LatitudeDegrees>
              <LongitudeDegrees>-81.59509244374931</LongitudeDegrees>
            </Position>
            <AltitudeMeters>175.60000610351562</AltitudeMeters>
            <DistanceMeters>5420.25</DistanceMeters>
            <HeartRateBpm>
              <Value>60</Value>
            </HeartRateBpm>
            <Extensions>
              <ns3:TPX>
                <ns3:Speed>2.509999990463257</ns3:Speed>
              </ns3:TPX>
            </Extensions>
          </Trackpoint>
          <Trackpoint>
            <Time>2026-08-03T16:49:52.000Z</Time>
            <Position>
              <LatitudeDegrees>44.28748693317175</LatitudeDegrees>
              <LongitudeDegrees>-81.59524574875832</LongitudeDegrees>
            </Position>
            <AltitudeMeters>175.39999389648438</AltitudeMeters>
            <DistanceMeters>5442.35986328125</DistanceMeters>
            <HeartRateBpm>
              <Value>57</Value>
            </HeartRateBpm>
            <Extensions>
              <ns3:TPX>
                <ns3:Speed>2.556999921798706</ns3:Speed>
              </ns3:TPX>
            </Extensions>
          </Trackpoint>
          <Trackpoint>
            <Time>2026-08-03T16:49:53.000Z</Time>
            <Position>
              <LatitudeDegrees>44.28747176192701</LatitudeDegrees>
              <LongitudeDegrees>-81.59526636824012</LongitudeDegrees>
            </Position>
            <AltitudeMeters>175.60000610351562</AltitudeMeters>
            <DistanceMeters>5444.7001953125</DistanceMeters>
            <HeartRateBpm>
              <Value>57</Value>
            </HeartRateBpm>
            <Extensions>
              <ns3:TPX>
                <ns3:Speed>2.490999937057495</ns3:Speed>
              </ns3:TPX>
            </Extensions>
          </Trackpoint>
          <Trackpoint>
            <Time>2026-08-03T16:50:03.000Z</Time>
            <Position>
              <LatitudeDegrees>44.2873203009367</LatitudeDegrees>
              <LongitudeDegrees>-81.59548136405647</LongitudeDegrees>
            </Position>
            <AltitudeMeters>175.60000610351562</AltitudeMeters>
            <DistanceMeters>5468.8701171875</DistanceMeters>
            <HeartRateBpm>
              <Value>57</Value>
            </HeartRateBpm>
            <Extensions>
              <ns3:TPX>
                <ns3:Speed>2.434999942779541</ns3:Speed>
              </ns3:TPX>
            </Extensions>
          </Trackpoint>
          <Trackpoint>
            <Time>2026-08-03T16:50:12.000Z</Time>
            <Position>
              <LatitudeDegrees>44.28722214885056</LatitudeDegrees>
              <LongitudeDegrees>-81.5956973657012</LongitudeDegrees>
            </Position>
            <AltitudeMeters>175.60000610351562</AltitudeMeters>
            <DistanceMeters>5489.27978515625</DistanceMeters>
            <HeartRateBpm>
              <Value>56</Value>
            </HeartRateBpm>
            <Extensions>
              <ns3:TPX>
                <ns3:Speed>2.193000078201294</ns3:Speed>
              </ns3:TPX>
            </Extensions>
          </Trackpoint>
          <Trackpoint>
            <Time>2026-08-03T16:50:23.000Z</Time>
            <Position>
              <LatitudeDegrees>44.28709843195975</LatitudeDegrees>
              <LongitudeDegrees>-81.5959389321506</LongitudeDegrees>
            </Position>
            <AltitudeMeters>175.60000610351562</AltitudeMeters>
            <DistanceMeters>5512.97998046875</DistanceMeters>
            <HeartRateBpm>
              <Value>54</Value>
            </HeartRateBpm>
            <Extensions>
              <ns3:TPX>
                <ns3:Speed>2.2300000190734863</ns3:Speed>
              </ns3:TPX>
            </Extensions>
          </Trackpoint>
          <Trackpoint>
            <Time>2026-08-03T16:50:32.000Z</Time>
            <Position>
              <LatitudeDegrees>44.28699793294072</LatitudeDegrees>
              <LongitudeDegrees>-81.59611696377397</LongitudeDegrees>
            </Position>
            <AltitudeMeters>175.60000610351562</AltitudeMeters>
            <DistanceMeters>5531.08984375</DistanceMeters>
            <HeartRateBpm>
              <Value>54</Value>
            </HeartRateBpm>
            <Extensions>
              <ns3:TPX>
                <ns3:Speed>2.0429999828338623</ns3:Speed>
              </ns3:TPX>
            </Extensions>
          </Trackpoint>
          <Trackpoint>
            <Time>2026-08-03T16:50:42.000Z</Time>
            <Position>
              <LatitudeDegrees>44.2868488188833</LatitudeDegrees>
              <LongitudeDegrees>-81.59625249914825</LongitudeDegrees>
            </Position>
            <AltitudeMeters>175.60000610351562</AltitudeMeters>
            <DistanceMeters>5550.93994140625</DistanceMeters>
            <HeartRateBpm>
              <Value>55</Value>
            </HeartRateBpm>
            <Extensions>
              <ns3:TPX>
                <ns3:Speed>1.996999979019165</ns3:Speed>
              </ns3:TPX>
            </Extensions>
          </Trackpoint>
          <Trackpoint>
            <Time>2026-08-03T16:50:51.000Z</Time>
            <Position>
              <LatitudeDegrees>44.28672317415476</LatitudeDegrees>
              <LongitudeDegrees>-81.59638736397028</LongitudeDegrees>
            </Position>
            <AltitudeMeters>175.60000610351562</AltitudeMeters>
            <DistanceMeters>5568.6201171875</DistanceMeters>
            <HeartRateBpm>
              <Value>54</Value>
            </HeartRateBpm>
            <Extensions>
              <ns3:TPX>
                <ns3:Speed>2.00600004196167</ns3:Speed>
              </ns3:TPX>
            </Extensions>
          </Trackpoint>
          <Trackpoint>
            <Time>2026-08-03T16:50:58.000Z</Time>
            <Position>
              <LatitudeDegrees>44.28661462850869</LatitudeDegrees>
              <LongitudeDegrees>-81.59650756046176</LongitudeDegrees>
            </Position>
            <AltitudeMeters>175.8000030517578</AltitudeMeters>
            <DistanceMeters>5584.06982421875</DistanceMeters>
            <HeartRateBpm>
              <Value>57</Value>
            </HeartRateBpm>
            <Extensions>
              <ns3:TPX>
                <ns3:Speed>2.0899999141693115</ns3:Speed>
              </ns3:TPX>
            </Extensions>
          </Trackpoint>
          <Trackpoint>
            <Time>2026-08-03T16:51:01.000Z</Time>
            <Position>
              <LatitudeDegrees>44.28657129406929</LatitudeDegrees>
              <LongitudeDegrees>-81.59656036645174</LongitudeDegrees>
            </Position>
            <AltitudeMeters>175.8000030517578</AltitudeMeters>
            <DistanceMeters>5590.47021484375</DistanceMeters>
            <HeartRateBpm>
              <Value>54</Value>
            </HeartRateBpm>
            <Extensions>
              <ns3:TPX>
                <ns3:Speed>2.1089999675750732</ns3:Speed>
              </ns3:TPX>
            </Extensions>
          </Trackpoint>
          <Trackpoint>
            <Time>2026-08-03T16:51:11.000Z</Time>
            <Position>
              <LatitudeDegrees>44.28643751889467</LatitudeDegrees>
              <LongitudeDegrees>-81.59674141556025</LongitudeDegrees>
            </Position>
            <AltitudeMeters>175.8000030517578</AltitudeMeters>
            <DistanceMeters>5611.31005859375</DistanceMeters>
            <HeartRateBpm>
              <Value>55</Value>
            </HeartRateBpm>
            <Extensions>
              <ns3:TPX>
                <ns3:Speed>2.015000104904175</ns3:Speed>
              </ns3:TPX>
            </Extensions>
          </Trackpoint>
          <Trackpoint>
            <Time>2026-08-03T16:51:17.000Z</Time>
            <Position>
              <LatitudeDegrees>44.2863514367491</LatitudeDegrees>
              <LongitudeDegrees>-81.59686010330915</LongitudeDegrees>
            </Position>
            <AltitudeMeters>175.8000030517578</AltitudeMeters>
            <DistanceMeters>5624.77001953125</DistanceMeters>
            <HeartRateBpm>
              <Value>58</Value>
            </HeartRateBpm>
            <Extensions>
              <ns3:TPX>
                <ns3:Speed>2.13700008392334</ns3:Speed>
              </ns3:TPX>
            </Extensions>
          </Trackpoint>
          <Trackpoint>
            <Time>2026-08-03T16:51:21.000Z</Time>
            <Position>
              <LatitudeDegrees>44.286285135895014</LatitudeDegrees>
              <LongitudeDegrees>-81.59692539833486</LongitudeDegrees>
            </Position>
            <AltitudeMeters>175.8000030517578</AltitudeMeters>
            <DistanceMeters>5633.7998046875</DistanceMeters>
            <HeartRateBpm>
              <Value>59</Value>
            </HeartRateBpm>
            <Extensions>
              <ns3:TPX>
                <ns3:Speed>2.193000078201294</ns3:Speed>
              </ns3:TPX>
            </Extensions>
          </Trackpoint>
          <Trackpoint>
            <Time>2026-08-03T16:51:32.000Z</Time>
            <Position>
              <LatitudeDegrees>44.28612093441188</LatitudeDegrees>
              <LongitudeDegrees>-81.5971083752811</LongitudeDegrees>
            </Position>
            <AltitudeMeters>175.8000030517578</AltitudeMeters>
            <DistanceMeters>5657.16015625</DistanceMeters>
            <HeartRateBpm>
              <Value>62</Value>
            </HeartRateBpm>
            <Extensions>
              <ns3:TPX>
                <ns3:Speed>2.062000036239624</ns3:Speed>
              </ns3:TPX>
            </Extensions>
          </Trackpoint>
          <Trackpoint>
            <Time>2026-08-03T16:51:37.000Z</Time>
            <Position>
              <LatitudeDegrees>44.28606712259352</LatitudeDegrees>
              <LongitudeDegrees>-81.59720518626273</LongitudeDegrees>
            </Position>
            <AltitudeMeters>176.0</AltitudeMeters>
            <DistanceMeters>5666.93994140625</DistanceMeters>
            <HeartRateBpm>
              <Value>59</Value>
            </HeartRateBpm>
            <Extensions>
              <ns3:TPX>
                <ns3:Speed>1.930999994277954</ns3:Speed>
              </ns3:TPX>
            </Extensions>
          </Trackpoint>
          <Trackpoint>
            <Time>2026-08-03T16:51:42.000Z</Time>
            <Position>
              <LatitudeDegrees>44.286016412079334</LatitudeDegrees>
              <LongitudeDegrees>-81.59728724509478</LongitudeDegrees>
            </Position>
            <AltitudeMeters>176.0</AltitudeMeters>
            <DistanceMeters>5675.56982421875</DistanceMeters>
            <HeartRateBpm>
              <Value>59</Value>
            </HeartRateBpm>
            <Extensions>
              <ns3:TPX>
                <ns3:Speed>1.7730000019073486</ns3:Speed>
              </ns3:TPX>
            </Extensions>
          </Trackpoint>
          <Trackpoint>
            <Time>2026-08-03T16:51:50.000Z</Time>
            <Position>
              <LatitudeDegrees>44.28593670018017</LatitudeDegrees>
              <LongitudeDegrees>-81.59742772579193</LongitudeDegrees>
            </Position>
            <AltitudeMeters>176.0</AltitudeMeters>
            <DistanceMeters>5689.8701171875</DistanceMeters>
            <HeartRateBpm>
              <Value>60</Value>
            </HeartRateBpm>
            <Extensions>
              <ns3:TPX>
                <ns3:Speed>1.7359999418258667</ns3:Speed>
              </ns3:TPX>
            </Extensions>
          </Trackpoint>
          <Trackpoint>
            <Time>2026-08-03T16:52:02.000Z</Time>
            <Position>
              <LatitudeDegrees>44.2857869155705</LatitudeDegrees>
              <LongitudeDegrees>-81.59768211655319</LongitudeDegrees>
            </Position>
            <AltitudeMeters>176.0</AltitudeMeters>
            <DistanceMeters>5716.240234375</DistanceMeters>
            <HeartRateBpm>
              <Value>58</Value>
            </HeartRateBpm>
            <Extensions>
              <ns3:TPX>
                <ns3:Speed>2.3329999446868896</ns3:Speed>
              </ns3:TPX>
            </Extensions>
          </Trackpoint>
          <Trackpoint>
            <Time>2026-08-03T16:52:09.000Z</Time>
            <Position>
              <LatitudeDegrees>44.28566914983094</LatitudeDegrees>
              <LongitudeDegrees>-81.59780155867338</LongitudeDegrees>
            </Position>
            <AltitudeMeters>175.8000030517578</AltitudeMeters>
            <DistanceMeters>5732.490234375</DistanceMeters>
            <HeartRateBpm>
              <Value>61</Value>
            </HeartRateBpm>
            <Extensions>
              <ns3:TPX>
                <ns3:Speed>2.3510000705718994</ns3:Speed>
              </ns3:TPX>
            </Extensions>
          </Trackpoint>
          <Trackpoint>
            <Time>2026-08-03T16:52:11.000Z</Time>
            <Position>
              <LatitudeDegrees>44.285632940009236</LatitudeDegrees>
              <LongitudeDegrees>-81.59783475100994</LongitudeDegrees>
            </Position>
            <AltitudeMeters>175.60000610351562</AltitudeMeters>
            <DistanceMeters>5737.2998046875</DistanceMeters>
            <HeartRateBpm>
              <Value>62</Value>
            </HeartRateBpm>
            <Extensions>
              <ns3:TPX>
                <ns3:Speed>2.3980000019073486</ns3:Speed>
              </ns3:TPX>
            </Extensions>
          </Trackpoint>
          <Trackpoint>
            <Time>2026-08-03T16:52:17.000Z</Time>
            <Position>
              <LatitudeDegrees>44.285531686618924</LatitudeDegrees>
              <LongitudeDegrees>-81.59792619757354</LongitudeDegrees>
            </Position>
            <AltitudeMeters>175.39999389648438</AltitudeMeters>
            <DistanceMeters>5750.7900390625</DistanceMeters>
            <HeartRateBpm>
              <Value>65</Value>
            </HeartRateBpm>
            <Extensions>
              <ns3:TPX>
                <ns3:Speed>2.369999885559082</ns3:Speed>
              </ns3:TPX>
            </Extensions>
          </Trackpoint>
          <Trackpoint>
            <Time>2026-08-03T16:52:24.000Z</Time>
            <Position>
              <LatitudeDegrees>44.285394893959165</LatitudeDegrees>
              <LongitudeDegrees>-81.59802979789674</LongitudeDegrees>
            </Position>
            <AltitudeMeters>175.8000030517578</AltitudeMeters>
            <DistanceMeters>5768.10009765625</DistanceMeters>
            <HeartRateBpm>
              <Value>67</Value>
            </HeartRateBpm>
            <Extensions>
              <ns3:TPX>
                <ns3:Speed>2.6029999256134033</ns3:Speed>
              </ns3:TPX>
            </Extensions>
          </Trackpoint>
          <Trackpoint>
            <Time>2026-08-03T16:52:29.000Z</Time>
            <Position>
              <LatitudeDegrees>44.28529749624431</LatitudeDegrees>
              <LongitudeDegrees>-81.59809635020792</LongitudeDegrees>
            </Position>
            <AltitudeMeters>175.8000030517578</AltitudeMeters>
            <DistanceMeters>5780.16015625</DistanceMeters>
            <HeartRateBpm>
              <Value>64</Value>
            </HeartRateBpm>
            <Extensions>
              <ns3:TPX>
                <ns3:Speed>2.6029999256134033</ns3:Speed>
              </ns3:TPX>
            </Extensions>
          </Trackpoint>
          <Trackpoint>
            <Time>2026-08-03T16:52:32.000Z</Time>
            <Position>
              <LatitudeDegrees>44.28523689508438</LatitudeDegrees>
              <LongitudeDegrees>-81.5981409419328</LongitudeDegrees>
            </Position>
            <AltitudeMeters>175.8000030517578</AltitudeMeters>
            <DistanceMeters>5787.75</DistanceMeters>
            <HeartRateBpm>
              <Value>61</Value>
            </HeartRateBpm>
            <Extensions>
              <ns3:TPX>
                <ns3:Speed>2.556999921798706</ns3:Speed>
              </ns3:TPX>
            </Extensions>
          </Trackpoint>
          <Trackpoint>
            <Time>2026-08-03T16:52:41.000Z</Time>
            <Position>
              <LatitudeDegrees>44.28508082404733</LatitudeDegrees>
              <LongitudeDegrees>-81.59826247952878</LongitudeDegrees>
            </Position>
            <AltitudeMeters>176.0</AltitudeMeters>
            <DistanceMeters>5807.6298828125</DistanceMeters>
            <HeartRateBpm>
              <Value>62</Value>
            </HeartRateBpm>
            <Extensions>
              <ns3:TPX>
                <ns3:Speed>2.3980000019073486</ns3:Speed>
              </ns3:TPX>
            </Extensions>
          </Trackpoint>
          <Trackpoint>
            <Time>2026-08-03T16:52:47.000Z</Time>
            <Position>
              <LatitudeDegrees>44.28498485125601</LatitudeDegrees>
              <LongitudeDegrees>-81.59836448729038</LongitudeDegrees>
            </Position>
            <AltitudeMeters>176.0</AltitudeMeters>
            <DistanceMeters>5821.02978515625</DistanceMeters>
            <HeartRateBpm>
              <Value>59</Value>
            </HeartRateBpm>
            <Extensions>
              <ns3:TPX>
                <ns3:Speed>2.1459999084472656</ns3:Speed>
              </ns3:TPX>
            </Extensions>
          </Trackpoint>
          <Trackpoint>
            <Time>2026-08-03T16:52:51.000Z</Time>
            <Position>
              <LatitudeDegrees>44.284917544573545</LatitudeDegrees>
              <LongitudeDegrees>-81.598429530859</LongitudeDegrees>
            </Position>
            <AltitudeMeters>176.0</AltitudeMeters>
            <DistanceMeters>5830.14990234375</DistanceMeters>
            <HeartRateBpm>
              <Value>57</Value>
            </HeartRateBpm>
            <Extensions>
              <ns3:TPX>
                <ns3:Speed>2.1649999618530273</ns3:Speed>
              </ns3:TPX>
            </Extensions>
          </Trackpoint>
          <Trackpoint>
            <Time>2026-08-03T16:52:54.000Z</Time>
            <Position>
              <LatitudeDegrees>44.28485979326069</LatitudeDegrees>
              <LongitudeDegrees>-81.59847680479288</LongitudeDegrees>
            </Position>
            <AltitudeMeters>176.0</AltitudeMeters>
            <DistanceMeters>5837.580078125</DistanceMeters>
            <HeartRateBpm>
              <Value>54</Value>
            </HeartRateBpm>
            <Extensions>
              <ns3:TPX>
                <ns3:Speed>2.257999897003174</ns3:Speed>
              </ns3:TPX>
            </Extensions>
          </Trackpoint>
          <Trackpoint>
            <Time>2026-08-03T16:52:59.000Z</Time>
            <Position>
              <LatitudeDegrees>44.284782176837325</LatitudeDegrees>
              <LongitudeDegrees>-81.59855450503528</LongitudeDegrees>
            </Position>
            <AltitudeMeters>176.0</AltitudeMeters>
            <DistanceMeters>5848.22998046875</DistanceMeters>
            <HeartRateBpm>
              <Value>53</Value>
            </HeartRateBpm>
            <Extensions>
              <ns3:TPX>
                <ns3:Speed>1.4739999771118164</ns3:Speed>
              </ns3:TPX>
            </Extensions>
          </Trackpoint>
          <Trackpoint>
            <Time>2026-08-03T16:53:06.000Z</Time>
            <Position>
              <LatitudeDegrees>44.28467405028641</LatitudeDegrees>
              <LongitudeDegrees>-81.59866849891841</LongitudeDegrees>
            </Position>
            <AltitudeMeters>176.0</AltitudeMeters>
            <DistanceMeters>5863.2900390625</DistanceMeters>
            <HeartRateBpm>
              <Value>52</Value>
            </HeartRateBpm>
            <Extensions>
              <ns3:TPX>
                <ns3:Speed>1.753999948501587</ns3:Speed>
              </ns3:TPX>
            </Extensions>
          </Trackpoint>
          <Trackpoint>
            <Time>2026-08-03T16:53:13.000Z</Time>
            <Position>
              <LatitudeDegrees>44.284557960927486</LatitudeDegrees>
              <LongitudeDegrees>-81.59879908896983</LongitudeDegrees>
            </Position>
            <AltitudeMeters>175.8000030517578</AltitudeMeters>
            <DistanceMeters>5879.89990234375</DistanceMeters>
            <HeartRateBpm>
              <Value>52</Value>
            </HeartRateBpm>
            <Extensions>
              <ns3:TPX>
                <ns3:Speed>2.322999954223633</ns3:Speed>
              </ns3:TPX>
            </Extensions>
          </Trackpoint>
          <Trackpoint>
            <Time>2026-08-03T16:53:23.000Z</Time>
            <Position>
              <LatitudeDegrees>44.28437942638993</LatitudeDegrees>
              <LongitudeDegrees>-81.59901333041489</LongitudeDegrees>
            </Position>
            <AltitudeMeters>175.8000030517578</AltitudeMeters>
            <DistanceMeters>5906.2001953125</DistanceMeters>
            <HeartRateBpm>
              <Value>53</Value>
            </HeartRateBpm>
            <Extensions>
              <ns3:TPX>
                <ns3:Speed>2.565999984741211</ns3:Speed>
              </ns3:TPX>
            </Extensions>
          </Trackpoint>
          <Trackpoint>
            <Time>2026-08-03T16:53:32.000Z</Time>
            <Position>
              <LatitudeDegrees>44.284225618466735</LatitudeDegrees>
              <LongitudeDegrees>-81.59917417913675</LongitudeDegrees>
            </Position>
            <AltitudeMeters>176.0</AltitudeMeters>
            <DistanceMeters>5927.7099609375</DistanceMeters>
            <HeartRateBpm>
              <Value>51</Value>
            </HeartRateBpm>
            <Extensions>
              <ns3:TPX>
                <ns3:Speed>2.3329999446868896</ns3:Speed>
              </ns3:TPX>
            </Extensions>
          </Trackpoint>
          <Trackpoint>
            <Time>2026-08-03T16:53:43.000Z</Time>
            <Position>
              <LatitudeDegrees>44.28404465317726</LatitudeDegrees>
              <LongitudeDegrees>-81.59936260432005</LongitudeDegrees>
            </Position>
            <AltitudeMeters>175.8000030517578</AltitudeMeters>
            <DistanceMeters>5952.85009765625</DistanceMeters>
            <HeartRateBpm>
              <Value>52</Value>
            </HeartRateBpm>
            <Extensions>
              <ns3:TPX>
                <ns3:Speed>2.305000066757202</ns3:Speed>
              </ns3:TPX>
            </Extensions>
          </Trackpoint>
          <Trackpoint>
            <Time>2026-08-03T16:53:51.000Z</Time>
            <Position>
              <LatitudeDegrees>44.28389159962535</LatitudeDegrees>
              <LongitudeDegrees>-81.5995065215975</LongitudeDegrees>
            </Position>
            <AltitudeMeters>176.0</AltitudeMeters>
            <DistanceMeters>5973.330078125</DistanceMeters>
            <HeartRateBpm>
              <Value>55</Value>
            </HeartRateBpm>
            <Extensions>
              <ns3:TPX>
                <ns3:Speed>2.556999921798706</ns3:Speed>
              </ns3:TPX>
            </Extensions>
          </Trackpoint>
          <Trackpoint>
            <Time>2026-08-03T16:53:58.000Z</Time>
            <Position>
              <LatitudeDegrees>44.283782970160246</LatitudeDegrees>
              <LongitudeDegrees>-81.59965471364558</LongitudeDegrees>
            </Position>
            <AltitudeMeters>176.0</AltitudeMeters>
            <DistanceMeters>5990.22998046875</DistanceMeters>
            <HeartRateBpm>
              <Value>57</Value>
            </HeartRateBpm>
            <Extensions>
              <ns3:TPX>
                <ns3:Speed>2.378999948501587</ns3:Speed>
              </ns3:TPX>
            </Extensions>
          </Trackpoint>
          <Trackpoint>
            <Time>2026-08-03T16:53:59.000Z</Time>
            <Position>
              <LatitudeDegrees>44.28376503288746</LatitudeDegrees>
              <LongitudeDegrees>-81.5996724832803</LongitudeDegrees>
            </Position>
            <AltitudeMeters>176.0</AltitudeMeters>
            <DistanceMeters>5992.68017578125</DistanceMeters>
            <HeartRateBpm>
              <Value>54</Value>
            </HeartRateBpm>
            <Extensions>
              <ns3:TPX>
                <ns3:Speed>2.4070000648498535</ns3:Speed>
              </ns3:TPX>
            </Extensions>
          </Trackpoint>
          <Trackpoint>
            <Time>2026-08-03T16:54:06.000Z</Time>
            <Position>
              <LatitudeDegrees>44.28364450111985</LatitudeDegrees>
              <LongitudeDegrees>-81.59983266144991</LongitudeDegrees>
            </Position>
            <AltitudeMeters>176.0</AltitudeMeters>
            <DistanceMeters>6011.240234375</DistanceMeters>
            <HeartRateBpm>
              <Value>52</Value>
            </HeartRateBpm>
            <Extensions>
              <ns3:TPX>
                <ns3:Speed>2.4539999961853027</ns3:Speed>
              </ns3:TPX>
            </Extensions>
          </Trackpoint>
          <Trackpoint>
            <Time>2026-08-03T16:54:14.000Z</Time>
            <Position>
              <LatitudeDegrees>44.28350318223238</LatitudeDegrees>
              <LongitudeDegrees>-81.59998630173504</LongitudeDegrees>
            </Position>
            <AltitudeMeters>175.8000030517578</AltitudeMeters>
            <DistanceMeters>6031.14990234375</DistanceMeters>
            <HeartRateBpm>
              <Value>50</Value>
            </HeartRateBpm>
            <Extensions>
              <ns3:TPX>
                <ns3:Speed>2.4070000648498535</ns3:Speed>
              </ns3:TPX>
            </Extensions>
          </Trackpoint>
          <Trackpoint>
            <Time>2026-08-03T16:54:22.000Z</Time>
            <Position>
              <LatitudeDegrees>44.28339757025242</LatitudeDegrees>
              <LongitudeDegrees>-81.6001494973898</LongitudeDegrees>
            </Position>
            <AltitudeMeters>175.8000030517578</AltitudeMeters>
            <DistanceMeters>6048.7099609375</DistanceMeters>
            <HeartRateBpm>
              <Value>49</Value>
            </HeartRateBpm>
            <Extensions>
              <ns3:TPX>
                <ns3:Speed>2.369999885559082</ns3:Speed>
              </ns3:TPX>
            </Extensions>
          </Trackpoint>
          <Trackpoint>
            <Time>2026-08-03T16:54:25.000Z</Time>
            <Position>
              <LatitudeDegrees>44.28337309509516</LatitudeDegrees>
              <LongitudeDegrees>-81.60023264586926</LongitudeDegrees>
            </Position>
            <AltitudeMeters>176.39999389648438</AltitudeMeters>
            <DistanceMeters>6055.830078125</DistanceMeters>
            <HeartRateBpm>
              <Value>53</Value>
            </HeartRateBpm>
            <Extensions>
              <ns3:TPX>
                <ns3:Speed>2.1459999084472656</ns3:Speed>
              </ns3:TPX>
            </Extensions>
          </Trackpoint>
          <Trackpoint>
            <Time>2026-08-03T16:54:26.000Z</Time>
            <Position>
              <LatitudeDegrees>44.28336990997195</LatitudeDegrees>
              <LongitudeDegrees>-81.60024614073336</LongitudeDegrees>
            </Position>
            <AltitudeMeters>176.39999389648438</AltitudeMeters>
            <DistanceMeters>6056.89013671875</DistanceMeters>
            <HeartRateBpm>
              <Value>49</Value>
            </HeartRateBpm>
            <Extensions>
              <ns3:TPX>
                <ns3:Speed>1.875</ns3:Speed>
              </ns3:TPX>
            </Extensions>
          </Trackpoint>
          <Trackpoint>
            <Time>2026-08-03T16:54:28.000Z</Time>
            <Position>
              <LatitudeDegrees>44.28337125107646</LatitudeDegrees>
              <LongitudeDegrees>-81.60027405247092</LongitudeDegrees>
            </Position>
            <AltitudeMeters>176.39999389648438</AltitudeMeters>
            <DistanceMeters>6059.10009765625</DistanceMeters>
            <HeartRateBpm>
              <Value>50</Value>
            </HeartRateBpm>
            <Extensions>
              <ns3:TPX>
                <ns3:Speed>1.9129999876022339</ns3:Speed>
              </ns3:TPX>
            </Extensions>
          </Trackpoint>
          <Trackpoint>
            <Time>2026-08-03T16:54:34.000Z</Time>
            <Position>
              <LatitudeDegrees>44.283384745940566</LatitudeDegrees>
              <LongitudeDegrees>-81.6003183927387</LongitudeDegrees>
            </Position>
            <AltitudeMeters>176.39999389648438</AltitudeMeters>
            <DistanceMeters>6065.009765625</DistanceMeters>
            <HeartRateBpm>
              <Value>51</Value>
            </HeartRateBpm>
            <Extensions>
              <ns3:TPX>
                <ns3:Speed>0.7929999828338623</ns3:Speed>
              </ns3:TPX>
            </Extensions>
          </Trackpoint>
          <Trackpoint>
            <Time>2026-08-03T16:54:36.000Z</Time>
            <Position>
              <LatitudeDegrees>44.28338499739766</LatitudeDegrees>
              <LongitudeDegrees>-81.60031395033002</LongitudeDegrees>
            </Position>
            <AltitudeMeters>176.1999969482422</AltitudeMeters>
            <DistanceMeters>6065.66015625</DistanceMeters>
            <HeartRateBpm>
              <Value>52</Value>
            </HeartRateBpm>
            <Extensions>
              <ns3:TPX>
                <ns3:Speed>1.0449999570846558</ns3:Speed>
              </ns3:TPX>
            </Extensions>
          </Trackpoint>
          <Trackpoint>
            <Time>2026-08-03T16:54:39.000Z</Time>
            <Position>
              <LatitudeDegrees>44.28339078091085</LatitudeDegrees>
              <LongitudeDegrees>-81.60031747072935</LongitudeDegrees>
            </Position>
            <AltitudeMeters>176.1999969482422</AltitudeMeters>
            <DistanceMeters>6066.2001953125</DistanceMeters>
            <HeartRateBpm>
              <Value>53</Value>
            </HeartRateBpm>
            <Extensions>
              <ns3:TPX>
                <ns3:Speed>0.0</ns3:Speed>
              </ns3:TPX>
            </Extensions>
          </Trackpoint>
          <Trackpoint>
            <Time>2026-08-03T16:54:41.000Z</Time>
            <Position>
              <LatitudeDegrees>44.283389104530215</LatitudeDegrees>
              <LongitudeDegrees>-81.60031881183386</LongitudeDegrees>
            </Position>
            <AltitudeMeters>176.1999969482422</AltitudeMeters>
            <DistanceMeters>6066.2998046875</DistanceMeters>
            <HeartRateBpm>
              <Value>56</Value>
            </HeartRateBpm>
            <Extensions>
              <ns3:TPX>
                <ns3:Speed>0.0</ns3:Speed>
              </ns3:TPX>
            </Extensions>
          </Trackpoint>
          <Trackpoint>
            <Time>2026-08-03T16:54:44.000Z</Time>
            <Position>
              <LatitudeDegrees>44.28339874371886</LatitudeDegrees>
              <LongitudeDegrees>-81.60031269304454</LongitudeDegrees>
            </Position>
            <AltitudeMeters>176.39999389648438</AltitudeMeters>
            <DistanceMeters>6067.5</DistanceMeters>
            <HeartRateBpm>
              <Value>60</Value>
            </HeartRateBpm>
            <Extensions>
              <ns3:TPX>
                <ns3:Speed>0.0</ns3:Speed>
              </ns3:TPX>
            </Extensions>
          </Trackpoint>
          <Trackpoint>
            <Time>2026-08-03T16:54:47.000Z</Time>
            <Position>
              <LatitudeDegrees>44.28341022692621</LatitudeDegrees>
              <LongitudeDegrees>-81.60030347295105</LongitudeDegrees>
            </Position>
            <AltitudeMeters>176.60000610351562</AltitudeMeters>
            <DistanceMeters>6068.97021484375</DistanceMeters>
            <HeartRateBpm>
              <Value>63</Value>
            </HeartRateBpm>
            <Extensions>
              <ns3:TPX>
                <ns3:Speed>0.0</ns3:Speed>
              </ns3:TPX>
            </Extensions>
          </Trackpoint>
          <Trackpoint>
            <Time>2026-08-03T16:54:50.000Z</Time>
            <Position>
              <LatitudeDegrees>44.28341969847679</LatitudeDegrees>
              <LongitudeDegrees>-81.60028922371566</LongitudeDegrees>
            </Position>
            <AltitudeMeters>176.60000610351562</AltitudeMeters>
            <DistanceMeters>6070.5400390625</DistanceMeters>
            <HeartRateBpm>
              <Value>66</Value>
            </HeartRateBpm>
            <Extensions>
              <ns3:TPX>
                <ns3:Speed>0.47600001096725464</ns3:Speed>
              </ns3:TPX>
            </Extensions>
          </Trackpoint>
          <Trackpoint>
            <Time>2026-08-03T16:54:53.000Z</Time>
            <Position>
              <LatitudeDegrees>44.283430092036724</LatitudeDegrees>
              <LongitudeDegrees>-81.6002837754786</LongitudeDegrees>
            </Position>
            <AltitudeMeters>176.39999389648438</AltitudeMeters>
            <DistanceMeters>6071.75</DistanceMeters>
            <HeartRateBpm>
              <Value>67</Value>
            </HeartRateBpm>
            <Extensions>
              <ns3:TPX>
                <ns3:Speed>0.4950000047683716</ns3:Speed>
              </ns3:TPX>
            </Extensions>
          </Trackpoint>
          <Trackpoint>
            <Time>2026-08-03T16:54:59.000Z</Time>
            <Position>
              <LatitudeDegrees>44.28346546366811</LatitudeDegrees>
              <LongitudeDegrees>-81.60027095116675</LongitudeDegrees>
            </Position>
            <AltitudeMeters>176.39999389648438</AltitudeMeters>
            <DistanceMeters>6075.830078125</DistanceMeters>
            <HeartRateBpm>
              <Value>68</Value>
            </HeartRateBpm>
            <Extensions>
              <ns3:TPX>
                <ns3:Speed>1.0169999599456787</ns3:Speed>
              </ns3:TPX>
            </Extensions>
          </Trackpoint>
          <Trackpoint>
            <Time>2026-08-03T16:55:01.000Z</Time>
            <Position>
              <LatitudeDegrees>44.28348113782704</LatitudeDegrees>
              <LongitudeDegrees>-81.60026516765356</LongitudeDegrees>
            </Position>
            <AltitudeMeters>176.39999389648438</AltitudeMeters>
            <DistanceMeters>6077.64013671875</DistanceMeters>
            <HeartRateBpm>
              <Value>68</Value>
            </HeartRateBpm>
            <Extensions>
              <ns3:TPX>
                <ns3:Speed>0.6620000004768372</ns3:Speed>
              </ns3:TPX>
            </Extensions>
          </Trackpoint>
          <Trackpoint>
            <Time>2026-08-03T16:55:04.000Z</Time>
            <Position>
              <LatitudeDegrees>44.283516174182296</LatitudeDegrees>
              <LongitudeDegrees>-81.6002541873604</LongitudeDegrees>
            </Position>
            <AltitudeMeters>176.39999389648438</AltitudeMeters>
            <DistanceMeters>6081.60986328125</DistanceMeters>
            <HeartRateBpm>
              <Value>71</Value>
            </HeartRateBpm>
            <Extensions>
              <ns3:TPX>
                <ns3:Speed>1.3619999885559082</ns3:Speed>
              </ns3:TPX>
            </Extensions>
          </Trackpoint>
          <Trackpoint>
            <Time>2026-08-03T16:55:08.000Z</Time>
            <Position>
              <LatitudeDegrees>44.283559592440724</LatitudeDegrees>
              <LongitudeDegrees>-81.60023708827794</LongitudeDegrees>
            </Position>
            <AltitudeMeters>176.1999969482422</AltitudeMeters>
            <DistanceMeters>6086.6298828125</DistanceMeters>
            <HeartRateBpm>
              <Value>71</Value>
            </HeartRateBpm>
            <Extensions>
              <ns3:TPX>
                <ns3:Speed>1.1660000085830688</ns3:Speed>
              </ns3:TPX>
            </Extensions>
          </Trackpoint>
          <Trackpoint>
            <Time>2026-08-03T16:55:15.000Z</Time>
            <Position>
              <LatitudeDegrees>44.283645590767264</LatitudeDegrees>
              <LongitudeDegrees>-81.60020682960749</LongitudeDegrees>
            </Position>
            <AltitudeMeters>176.39999389648438</AltitudeMeters>
            <DistanceMeters>6096.52978515625</DistanceMeters>
            <HeartRateBpm>
              <Value>75</Value>
            </HeartRateBpm>
            <Extensions>
              <ns3:TPX>
                <ns3:Speed>1.4930000305175781</ns3:Speed>
              </ns3:TPX>
            </Extensions>
          </Trackpoint>
          <Trackpoint>
            <Time>2026-08-03T16:55:18.000Z</Time>
            <Position>
              <LatitudeDegrees>44.28368800319731</LatitudeDegrees>
              <LongitudeDegrees>-81.60018998198211</LongitudeDegrees>
            </Position>
            <AltitudeMeters>176.39999389648438</AltitudeMeters>
            <DistanceMeters>6101.4501953125</DistanceMeters>
            <HeartRateBpm>
              <Value>73</Value>
            </HeartRateBpm>
            <Extensions>
              <ns3:TPX>
                <ns3:Speed>1.5019999742507935</ns3:Speed>
              </ns3:TPX>
            </Extensions>
          </Trackpoint>
          <Trackpoint>
            <Time>2026-08-03T16:55:20.000Z</Time>
            <Position>
              <LatitudeDegrees>44.28371926769614</LatitudeDegrees>
              <LongitudeDegrees>-81.60017958842218</LongitudeDegrees>
            </Position>
            <AltitudeMeters>176.1999969482422</AltitudeMeters>
            <DistanceMeters>6105.02001953125</DistanceMeters>
            <HeartRateBpm>
              <Value>77</Value>
            </HeartRateBpm>
            <Extensions>
              <ns3:TPX>
                <ns3:Speed>1.5299999713897705</ns3:Speed>
              </ns3:TPX>
            </Extensions>
          </Trackpoint>
          <Trackpoint>
            <Time>2026-08-03T16:55:28.000Z</Time>
            <Position>
              <LatitudeDegrees>44.28383636288345</LatitudeDegrees>
              <LongitudeDegrees>-81.60016911104321</LongitudeDegrees>
            </Position>
            <AltitudeMeters>176.39999389648438</AltitudeMeters>
            <DistanceMeters>6118.18994140625</DistanceMeters>
            <HeartRateBpm>
              <Value>77</Value>
            </HeartRateBpm>
            <Extensions>
              <ns3:TPX>
                <ns3:Speed>1.6799999475479126</ns3:Speed>
              </ns3:TPX>
            </Extensions>
          </Trackpoint>
          <Trackpoint>
            <Time>2026-08-03T16:55:35.000Z</Time>
            <Position>
              <LatitudeDegrees>44.28391330875456</LatitudeDegrees>
              <LongitudeDegrees>-81.60016215406358</LongitudeDegrees>
            </Position>
            <AltitudeMeters>176.39999389648438</AltitudeMeters>
            <DistanceMeters>6126.830078125</DistanceMeters>
            <HeartRateBpm>
              <Value>77</Value>
            </HeartRateBpm>
            <Extensions>
              <ns3:TPX>
                <ns3:Speed>1.38100004196167</ns3:Speed>
              </ns3:TPX>
            </Extensions>
          </Trackpoint>
          <Trackpoint>
            <Time>2026-08-03T16:55:38.000Z</Time>
            <Position>
              <LatitudeDegrees>44.28395580500364</LatitudeDegrees>
              <LongitudeDegrees>-81.60015352070332</LongitudeDegrees>
            </Position>
            <AltitudeMeters>176.39999389648438</AltitudeMeters>
            <DistanceMeters>6131.60009765625</DistanceMeters>
            <HeartRateBpm>
              <Value>80</Value>
            </HeartRateBpm>
            <Extensions>
              <ns3:TPX>
                <ns3:Speed>1.305999994277954</ns3:Speed>
              </ns3:TPX>
            </Extensions>
          </Trackpoint>
          <Trackpoint>
            <Time>2026-08-03T16:55:43.000Z</Time>
            <Position>
              <LatitudeDegrees>44.28404004313052</LatitudeDegrees>
              <LongitudeDegrees>-81.60014589317143</LongitudeDegrees>
            </Position>
            <AltitudeMeters>176.39999389648438</AltitudeMeters>
            <DistanceMeters>6140.9501953125</DistanceMeters>
            <HeartRateBpm>
              <Value>79</Value>
            </HeartRateBpm>
            <Extensions>
              <ns3:TPX>
                <ns3:Speed>1.6330000162124634</ns3:Speed>
              </ns3:TPX>
            </Extensions>
          </Trackpoint>
          <Trackpoint>
            <Time>2026-08-03T16:55:49.000Z</Time>
            <Position>
              <LatitudeDegrees>44.284113300964236</LatitudeDegrees>
              <LongitudeDegrees>-81.60012007690966</LongitudeDegrees>
            </Position>
            <AltitudeMeters>176.1999969482422</AltitudeMeters>
            <DistanceMeters>6149.41015625</DistanceMeters>
            <HeartRateBpm>
              <Value>82</Value>
            </HeartRateBpm>
            <Extensions>
              <ns3:TPX>
                <ns3:Speed>1.7450000047683716</ns3:Speed>
              </ns3:TPX>
            </Extensions>
          </Trackpoint>
          <Trackpoint>
            <Time>2026-08-03T16:55:50.000Z</Time>
            <Position>
              <LatitudeDegrees>44.28413199260831</LatitudeDegrees>
              <LongitudeDegrees>-81.60010842606425</LongitudeDegrees>
            </Position>
            <AltitudeMeters>176.1999969482422</AltitudeMeters>
            <DistanceMeters>6151.68994140625</DistanceMeters>
            <HeartRateBpm>
              <Value>79</Value>
            </HeartRateBpm>
            <Extensions>
              <ns3:TPX>
                <ns3:Speed>1.8289999961853027</ns3:Speed>
              </ns3:TPX>
            </Extensions>
          </Trackpoint>
          <Trackpoint>
            <Time>2026-08-03T16:55:52.000Z</Time>
            <Position>
              <LatitudeDegrees>44.28416250273585</LatitudeDegrees>
              <LongitudeDegrees>-81.6000834479928</LongitudeDegrees>
            </Position>
            <AltitudeMeters>176.1999969482422</AltitudeMeters>
            <DistanceMeters>6155.60986328125</DistanceMeters>
            <HeartRateBpm>
              <Value>80</Value>
            </HeartRateBpm>
            <Extensions>
              <ns3:TPX>
                <ns3:Speed>1.8289999961853027</ns3:Speed>
              </ns3:TPX>
            </Extensions>
          </Trackpoint>
          <Trackpoint>
            <Time>2026-08-03T16:55:57.000Z</Time>
            <Position>
              <LatitudeDegrees>44.28421430289745</LatitudeDegrees>
              <LongitudeDegrees>-81.60005377605557</LongitudeDegrees>
            </Position>
            <AltitudeMeters>176.1999969482422</AltitudeMeters>
            <DistanceMeters>6162.0</DistanceMeters>
            <HeartRateBpm>
              <Value>80</Value>
            </HeartRateBpm>
            <Extensions>
              <ns3:TPX>
                <ns3:Speed>1.4279999732971191</ns3:Speed>
              </ns3:TPX>
            </Extensions>
          </Trackpoint>
          <Trackpoint>
            <Time>2026-08-03T16:56:05.000Z</Time>
            <Position>
              <LatitudeDegrees>44.284334667027</LatitudeDegrees>
              <LongitudeDegrees>-81.60002351738513</LongitudeDegrees>
            </Position>
            <AltitudeMeters>176.39999389648438</AltitudeMeters>
            <DistanceMeters>6175.60009765625</DistanceMeters>
            <HeartRateBpm>
              <Value>77</Value>
            </HeartRateBpm>
            <Extensions>
              <ns3:TPX>
                <ns3:Speed>1.6419999599456787</ns3:Speed>
              </ns3:TPX>
            </Extensions>
          </Trackpoint>
          <Trackpoint>
            <Time>2026-08-03T16:56:07.000Z</Time>
            <Position>
              <LatitudeDegrees>44.28436802700162</LatitudeDegrees>
              <LongitudeDegrees>-81.60000859759748</LongitudeDegrees>
            </Position>
            <AltitudeMeters>176.1999969482422</AltitudeMeters>
            <DistanceMeters>6179.490234375</DistanceMeters>
            <HeartRateBpm>
              <Value>76</Value>
            </HeartRateBpm>
            <Extensions>
              <ns3:TPX>
                <ns3:Speed>1.847000002861023</ns3:Speed>
              </ns3:TPX>
            </Extensions>
          </Trackpoint>
          <Trackpoint>
            <Time>2026-08-03T16:56:19.000Z</Time>
            <Position>
              <LatitudeDegrees>44.28454899229109</LatitudeDegrees>
              <LongitudeDegrees>-81.59993852488697</LongitudeDegrees>
            </Position>
            <AltitudeMeters>176.1999969482422</AltitudeMeters>
            <DistanceMeters>6200.39990234375</DistanceMeters>
            <HeartRateBpm>
              <Value>75</Value>
            </HeartRateBpm>
            <Extensions>
              <ns3:TPX>
                <ns3:Speed>1.8569999933242798</ns3:Speed>
              </ns3:TPX>
            </Extensions>
          </Trackpoint>
          <Trackpoint>
            <Time>2026-08-03T16:56:27.000Z</Time>
            <Position>
              <LatitudeDegrees>44.28470145910978</LatitudeDegrees>
              <LongitudeDegrees>-81.59989250823855</LongitudeDegrees>
            </Position>
            <AltitudeMeters>176.1999969482422</AltitudeMeters>
            <DistanceMeters>6217.72021484375</DistanceMeters>
            <HeartRateBpm>
              <Value>72</Value>
            </HeartRateBpm>
            <Extensions>
              <ns3:TPX>
                <ns3:Speed>2.1089999675750732</ns3:Speed>
              </ns3:TPX>
            </Extensions>
          </Trackpoint>
          <Trackpoint>
            <Time>2026-08-03T16:56:29.000Z</Time>
            <Position>
              <LatitudeDegrees>44.2847334779799</LatitudeDegrees>
              <LongitudeDegrees>-81.59988907165825</LongitudeDegrees>
            </Position>
            <AltitudeMeters>176.1999969482422</AltitudeMeters>
            <DistanceMeters>6221.27978515625</DistanceMeters>
            <HeartRateBpm>
              <Value>73</Value>
            </HeartRateBpm>
            <Extensions>
              <ns3:TPX>
                <ns3:Speed>2.1089999675750732</ns3:Speed>
              </ns3:TPX>
            </Extensions>
          </Trackpoint>
          <Trackpoint>
            <Time>2026-08-03T16:56:36.000Z</Time>
            <Position>
              <LatitudeDegrees>44.28482484072447</LatitudeDegrees>
              <LongitudeDegrees>-81.59984791651368</LongitudeDegrees>
            </Position>
            <AltitudeMeters>176.1999969482422</AltitudeMeters>
            <DistanceMeters>6231.93994140625</DistanceMeters>
            <HeartRateBpm>
              <Value>76</Value>
            </HeartRateBpm>
            <Extensions>
              <ns3:TPX>
                <ns3:Speed>1.753999948501587</ns3:Speed>
              </ns3:TPX>
            </Extensions>
          </Trackpoint>
          <Trackpoint>
            <Time>2026-08-03T16:56:39.000Z</Time>
            <Position>
              <LatitudeDegrees>44.28486775606871</LatitudeDegrees>
              <LongitudeDegrees>-81.59983240999281</LongitudeDegrees>
            </Position>
            <AltitudeMeters>176.39999389648438</AltitudeMeters>
            <DistanceMeters>6236.89013671875</DistanceMeters>
            <HeartRateBpm>
              <Value>78</Value>
            </HeartRateBpm>
            <Extensions>
              <ns3:TPX>
                <ns3:Speed>1.6419999599456787</ns3:Speed>
              </ns3:TPX>
            </Extensions>
          </Trackpoint>
          <Trackpoint>
            <Time>2026-08-03T16:56:47.000Z</Time>
            <Position>
              <LatitudeDegrees>44.28499147295952</LatitudeDegrees>
              <LongitudeDegrees>-81.59978890791535</LongitudeDegrees>
            </Position>
            <AltitudeMeters>176.39999389648438</AltitudeMeters>
            <DistanceMeters>6251.08984375</DistanceMeters>
            <HeartRateBpm>
              <Value>79</Value>
            </HeartRateBpm>
            <Extensions>
              <ns3:TPX>
                <ns3:Speed>1.847000002861023</ns3:Speed>
              </ns3:TPX>
            </Extensions>
          </Trackpoint>
          <Trackpoint>
            <Time>2026-08-03T16:56:52.000Z</Time>
            <Position>
              <LatitudeDegrees>44.285076297819614</LatitudeDegrees>
              <LongitudeDegrees>-81.59975973889232</LongitudeDegrees>
            </Position>
            <AltitudeMeters>176.60000610351562</AltitudeMeters>
            <DistanceMeters>6260.81005859375</DistanceMeters>
            <HeartRateBpm>
              <Value>76</Value>
            </HeartRateBpm>
            <Extensions>
              <ns3:TPX>
                <ns3:Speed>1.847000002861023</ns3:Speed>
              </ns3:TPX>
            </Extensions>
          </Trackpoint>
          <Trackpoint>
            <Time>2026-08-03T16:56:55.000Z</Time>
            <Position>
              <LatitudeDegrees>44.285117369145155</LatitudeDegrees>
              <LongitudeDegrees>-81.5997449029237</LongitudeDegrees>
            </Position>
            <AltitudeMeters>176.60000610351562</AltitudeMeters>
            <DistanceMeters>6265.56982421875</DistanceMeters>
            <HeartRateBpm>
              <Value>75</Value>
            </HeartRateBpm>
            <Extensions>
              <ns3:TPX>
                <ns3:Speed>1.8660000562667847</ns3:Speed>
              </ns3:TPX>
            </Extensions>
          </Trackpoint>
          <Trackpoint>
            <Time>2026-08-03T16:56:59.000Z</Time>
            <Position>
              <LatitudeDegrees>44.28516682237387</LatitudeDegrees>
              <LongitudeDegrees>-81.59973400644958</LongitudeDegrees>
            </Position>
            <AltitudeMeters>176.39999389648438</AltitudeMeters>
            <DistanceMeters>6271.1298828125</DistanceMeters>
            <HeartRateBpm>
              <Value>78</Value>
            </HeartRateBpm>
            <Extensions>
              <ns3:TPX>
                <ns3:Speed>1.6519999504089355</ns3:Speed>
              </ns3:TPX>
            </Extensions>
          </Trackpoint>
          <Trackpoint>
            <Time>2026-08-03T16:57:02.000Z</Time>
            <Position>
              <LatitudeDegrees>44.285216107964516</LatitudeDegrees>
              <LongitudeDegrees>-81.59972160123289</LongitudeDegrees>
            </Position>
            <AltitudeMeters>176.1999969482422</AltitudeMeters>
            <DistanceMeters>6276.68994140625</DistanceMeters>
            <HeartRateBpm>
              <Value>77</Value>
            </HeartRateBpm>
            <Extensions>
              <ns3:TPX>
                <ns3:Speed>1.5490000247955322</ns3:Speed>
              </ns3:TPX>
            </Extensions>
          </Trackpoint>
          <Trackpoint>
            <Time>2026-08-03T16:57:05.000Z</Time>
            <Position>
              <LatitudeDegrees>44.28525164723396</LatitudeDegrees>
              <LongitudeDegrees>-81.59970492124557</LongitudeDegrees>
            </Position>
            <AltitudeMeters>176.39999389648438</AltitudeMeters>
            <DistanceMeters>6280.83984375</DistanceMeters>
            <HeartRateBpm>
              <Value>74</Value>
            </HeartRateBpm>
            <Extensions>
              <ns3:TPX>
                <ns3:Speed>1.5490000247955322</ns3:Speed>
              </ns3:TPX>
            </Extensions>
          </Trackpoint>
          <Trackpoint>
            <Time>2026-08-03T16:57:11.000Z</Time>
            <Position>
              <LatitudeDegrees>44.28533521480858</LatitudeDegrees>
              <LongitudeDegrees>-81.59967843443155</LongitudeDegrees>
            </Position>
            <AltitudeMeters>176.39999389648438</AltitudeMeters>
            <DistanceMeters>6290.33984375</DistanceMeters>
            <HeartRateBpm>
              <Value>69</Value>
            </HeartRateBpm>
            <Extensions>
              <ns3:TPX>
                <ns3:Speed>1.6519999504089355</ns3:Speed>
              </ns3:TPX>
            </Extensions>
          </Trackpoint>
          <Trackpoint>
            <Time>2026-08-03T16:57:16.000Z</Time>
            <Position>
              <LatitudeDegrees>44.28540796972811</LatitudeDegrees>
              <LongitudeDegrees>-81.59965538419783</LongitudeDegrees>
            </Position>
            <AltitudeMeters>176.60000610351562</AltitudeMeters>
            <DistanceMeters>6298.60986328125</DistanceMeters>
            <HeartRateBpm>
              <Value>72</Value>
            </HeartRateBpm>
            <Extensions>
              <ns3:TPX>
                <ns3:Speed>1.6330000162124634</ns3:Speed>
              </ns3:TPX>
            </Extensions>
          </Trackpoint>
          <Trackpoint>
            <Time>2026-08-03T16:57:17.000Z</Time>
            <Position>
              <LatitudeDegrees>44.28542054258287</LatitudeDegrees>
              <LongitudeDegrees>-81.59965412691236</LongitudeDegrees>
            </Position>
            <AltitudeMeters>176.60000610351562</AltitudeMeters>
            <DistanceMeters>6300.009765625</DistanceMeters>
            <HeartRateBpm>
              <Value>68</Value>
            </HeartRateBpm>
            <Extensions>
              <ns3:TPX>
                <ns3:Speed>1.5399999618530273</ns3:Speed>
              </ns3:TPX>
            </Extensions>
          </Trackpoint>
          <Trackpoint>
            <Time>2026-08-03T16:57:19.000Z</Time>
            <Position>
              <LatitudeDegrees>44.28545314818621</LatitudeDegrees>
              <LongitudeDegrees>-81.59964968450367</LongitudeDegrees>
            </Position>
            <AltitudeMeters>177.0</AltitudeMeters>
            <DistanceMeters>6303.64990234375</DistanceMeters>
            <HeartRateBpm>
              <Value>68</Value>
            </HeartRateBpm>
            <Extensions>
              <ns3:TPX>
                <ns3:Speed>1.753999948501587</ns3:Speed>
              </ns3:TPX>
            </Extensions>
          </Trackpoint>
          <Trackpoint>
            <Time>2026-08-03T16:57:21.000Z</Time>
            <Position>
              <LatitudeDegrees>44.28548558615148</LatitudeDegrees>
              <LongitudeDegrees>-81.5996537078172</LongitudeDegrees>
            </Position>
            <AltitudeMeters>177.0</AltitudeMeters>
            <DistanceMeters>6307.27001953125</DistanceMeters>
            <HeartRateBpm>
              <Value>67</Value>
            </HeartRateBpm>
            <Extensions>
              <ns3:TPX>
                <ns3:Speed>1.6330000162124634</ns3:Speed>
              </ns3:TPX>
            </Extensions>
          </Trackpoint>
          <Trackpoint>
            <Time>2026-08-03T16:57:26.000Z</Time>
            <Position>
              <LatitudeDegrees>44.28554618731141</LatitudeDegrees>
              <LongitudeDegrees>-81.59965991042554</LongitudeDegrees>
            </Position>
            <AltitudeMeters>176.8000030517578</AltitudeMeters>
            <DistanceMeters>6314.22998046875</DistanceMeters>
            <HeartRateBpm>
              <Value>64</Value>
            </HeartRateBpm>
            <Extensions>
              <ns3:TPX>
                <ns3:Speed>1.2879999876022339</ns3:Speed>
              </ns3:TPX>
            </Extensions>
          </Trackpoint>
          <Trackpoint>
            <Time>2026-08-03T16:57:27.000Z</Time>
            <Position>
              <LatitudeDegrees>44.285561023280025</LatitudeDegrees>
              <LongitudeDegrees>-81.59965395927429</LongitudeDegrees>
            </Position>
            <AltitudeMeters>176.8000030517578</AltitudeMeters>
            <DistanceMeters>6315.9501953125</DistanceMeters>
            <HeartRateBpm>
              <Value>64</Value>
            </HeartRateBpm>
            <Extensions>
              <ns3:TPX>
                <ns3:Speed>1.5770000219345093</ns3:Speed>
              </ns3:TPX>
            </Extensions>
          </Trackpoint>
          <Trackpoint>
            <Time>2026-08-03T16:57:32.000Z</Time>
            <Position>
              <LatitudeDegrees>44.28561558946967</LatitudeDegrees>
              <LongitudeDegrees>-81.59963610582054</LongitudeDegrees>
            </Position>
            <AltitudeMeters>177.39999389648438</AltitudeMeters>
            <DistanceMeters>6322.14990234375</DistanceMeters>
            <HeartRateBpm>
              <Value>60</Value>
            </HeartRateBpm>
            <Extensions>
              <ns3:TPX>
                <ns3:Speed>1.25</ns3:Speed>
              </ns3:TPX>
            </Extensions>
          </Trackpoint>
          <Trackpoint>
            <Time>2026-08-03T16:57:34.000Z</Time>
            <Position>
              <LatitudeDegrees>44.285637214779854</LatitudeDegrees>
              <LongitudeDegrees>-81.59962655045092</LongitudeDegrees>
            </Position>
            <AltitudeMeters>177.39999389648438</AltitudeMeters>
            <DistanceMeters>6324.669921875</DistanceMeters>
            <HeartRateBpm>
              <Value>64</Value>
            </HeartRateBpm>
            <Extensions>
              <ns3:TPX>
                <ns3:Speed>1.25</ns3:Speed>
              </ns3:TPX>
            </Extensions>
          </Trackpoint>
          <Trackpoint>
            <Time>2026-08-03T16:57:36.000Z</Time>
            <Position>
              <LatitudeDegrees>44.2856642883271</LatitudeDegrees>
              <LongitudeDegrees>-81.59961640834808</LongitudeDegrees>
            </Position>
            <AltitudeMeters>177.39999389648438</AltitudeMeters>
            <DistanceMeters>6327.7900390625</DistanceMeters>
            <HeartRateBpm>
              <Value>65</Value>
            </HeartRateBpm>
            <Extensions>
              <ns3:TPX>
                <ns3:Speed>1.409000039100647</ns3:Speed>
              </ns3:TPX>
            </Extensions>
          </Trackpoint>
          <Trackpoint>
            <Time>2026-08-03T16:57:39.000Z</Time>
            <Position>
              <LatitudeDegrees>44.285716926679015</LatitudeDegrees>
              <LongitudeDegrees>-81.59959604032338</LongitudeDegrees>
            </Position>
            <AltitudeMeters>177.0</AltitudeMeters>
            <DistanceMeters>6333.85986328125</DistanceMeters>
            <HeartRateBpm>
              <Value>68</Value>
            </HeartRateBpm>
            <Extensions>
              <ns3:TPX>
                <ns3:Speed>1.4839999675750732</ns3:Speed>
              </ns3:TPX>
            </Extensions>
          </Trackpoint>
          <Trackpoint>
            <Time>2026-08-03T16:57:41.000Z</Time>
            <Position>
              <LatitudeDegrees>44.28574844263494</LatitudeDegrees>
              <LongitudeDegrees>-81.59958925098181</LongitudeDegrees>
            </Position>
            <AltitudeMeters>177.0</AltitudeMeters>
            <DistanceMeters>6337.4599609375</DistanceMeters>
            <HeartRateBpm>
              <Value>67</Value>
            </HeartRateBpm>
            <Extensions>
              <ns3:TPX>
                <ns3:Speed>1.6139999628067017</ns3:Speed>
              </ns3:TPX>
            </Extensions>
          </Trackpoint>
          <Trackpoint>
            <Time>2026-08-03T16:57:44.000Z</Time>
            <Position>
              <LatitudeDegrees>44.285787250846624</LatitudeDegrees>
              <LongitudeDegrees>-81.59958246164024</LongitudeDegrees>
            </Position>
            <AltitudeMeters>176.8000030517578</AltitudeMeters>
            <DistanceMeters>6341.77978515625</DistanceMeters>
            <HeartRateBpm>
              <Value>70</Value>
            </HeartRateBpm>
            <Extensions>
              <ns3:TPX>
                <ns3:Speed>1.6330000162124634</ns3:Speed>
              </ns3:TPX>
            </Extensions>
          </Trackpoint>
          <Trackpoint>
            <Time>2026-08-03T16:57:52.000Z</Time>
            <Position>
              <LatitudeDegrees>44.28589504212141</LatitudeDegrees>
              <LongitudeDegrees>-81.59955002367496</LongitudeDegrees>
            </Position>
            <AltitudeMeters>176.8000030517578</AltitudeMeters>
            <DistanceMeters>6354.0400390625</DistanceMeters>
            <HeartRateBpm>
              <Value>73</Value>
            </HeartRateBpm>
            <Extensions>
              <ns3:TPX>
                <ns3:Speed>1.6050000190734863</ns3:Speed>
              </ns3:TPX>
            </Extensions>
          </Trackpoint>
          <Trackpoint>
            <Time>2026-08-03T16:57:54.000Z</Time>
            <Position>
              <LatitudeDegrees>44.28592722862959</LatitudeDegrees>
              <LongitudeDegrees>-81.59953837282956</LongitudeDegrees>
            </Position>
            <AltitudeMeters>176.8000030517578</AltitudeMeters>
            <DistanceMeters>6357.72021484375</DistanceMeters>
            <HeartRateBpm>
              <Value>70</Value>
            </HeartRateBpm>
            <Extensions>
              <ns3:TPX>
                <ns3:Speed>1.6610000133514404</ns3:Speed>
              </ns3:TPX>
            </Extensions>
          </Trackpoint>
          <Trackpoint>
            <Time>2026-08-03T16:58:02.000Z</Time>
            <Position>
              <LatitudeDegrees>44.28606854751706</LatitudeDegrees>
              <LongitudeDegrees>-81.59948724322021</LongitudeDegrees>
            </Position>
            <AltitudeMeters>176.60000610351562</AltitudeMeters>
            <DistanceMeters>6373.97998046875</DistanceMeters>
            <HeartRateBpm>
              <Value>70</Value>
            </HeartRateBpm>
            <Extensions>
              <ns3:TPX>
                <ns3:Speed>1.996999979019165</ns3:Speed>
              </ns3:TPX>
            </Extensions>
          </Trackpoint>
          <Trackpoint>
            <Time>2026-08-03T16:58:10.000Z</Time>
            <Position>
              <LatitudeDegrees>44.28620282560587</LatitudeDegrees>
              <LongitudeDegrees>-81.59942052327096</LongitudeDegrees>
            </Position>
            <AltitudeMeters>176.60000610351562</AltitudeMeters>
            <DistanceMeters>6389.89990234375</DistanceMeters>
            <HeartRateBpm>
              <Value>68</Value>
            </HeartRateBpm>
            <Extensions>
              <ns3:TPX>
                <ns3:Speed>2.062000036239624</ns3:Speed>
              </ns3:TPX>
            </Extensions>
          </Trackpoint>
          <Trackpoint>
            <Time>2026-08-03T16:58:15.000Z</Time>
            <Position>
              <LatitudeDegrees>44.28628111258149</LatitudeDegrees>
              <LongitudeDegrees>-81.59939990378916</LongitudeDegrees>
            </Position>
            <AltitudeMeters>176.60000610351562</AltitudeMeters>
            <DistanceMeters>6398.77001953125</DistanceMeters>
            <HeartRateBpm>
              <Value>65</Value>
            </HeartRateBpm>
            <Extensions>
              <ns3:TPX>
                <ns3:Speed>1.8009999990463257</ns3:Speed>
              </ns3:TPX>
            </Extensions>
          </Trackpoint>
          <Trackpoint>
            <Time>2026-08-03T16:58:18.000Z</Time>
            <Position>
              <LatitudeDegrees>44.28632494993508</LatitudeDegrees>
              <LongitudeDegrees>-81.59939931705594</LongitudeDegrees>
            </Position>
            <AltitudeMeters>176.60000610351562</AltitudeMeters>
            <DistanceMeters>6403.64990234375</DistanceMeters>
            <HeartRateBpm>
              <Value>65</Value>
            </HeartRateBpm>
            <Extensions>
              <ns3:TPX>
                <ns3:Speed>1.5959999561309814</ns3:Speed>
              </ns3:TPX>
            </Extensions>
          </Trackpoint>
          <Trackpoint>
            <Time>2026-08-03T16:58:25.000Z</Time>
            <Position>
              <LatitudeDegrees>44.28642528131604</LatitudeDegrees>
              <LongitudeDegrees>-81.59938540309668</LongitudeDegrees>
            </Position>
            <AltitudeMeters>176.8000030517578</AltitudeMeters>
            <DistanceMeters>6414.93994140625</DistanceMeters>
            <HeartRateBpm>
              <Value>65</Value>
            </HeartRateBpm>
            <Extensions>
              <ns3:TPX>
                <ns3:Speed>1.5399999618530273</ns3:Speed>
              </ns3:TPX>
            </Extensions>
          </Trackpoint>
          <Trackpoint>
            <Time>2026-08-03T16:58:30.000Z</Time>
            <Position>
              <LatitudeDegrees>44.28650960326195</LatitudeDegrees>
              <LongitudeDegrees>-81.59937450662255</LongitudeDegrees>
            </Position>
            <AltitudeMeters>176.8000030517578</AltitudeMeters>
            <DistanceMeters>6424.39990234375</DistanceMeters>
            <HeartRateBpm>
              <Value>62</Value>
            </HeartRateBpm>
            <Extensions>
              <ns3:TPX>
                <ns3:Speed>1.6519999504089355</ns3:Speed>
              </ns3:TPX>
            </Extensions>
          </Trackpoint>
          <Trackpoint>
            <Time>2026-08-03T16:58:34.000Z</Time>
            <Position>
              <LatitudeDegrees>44.28657456301153</LatitudeDegrees>
              <LongitudeDegrees>-81.5993476845324</LongitudeDegrees>
            </Position>
            <AltitudeMeters>176.8000030517578</AltitudeMeters>
            <DistanceMeters>6431.93017578125</DistanceMeters>
            <HeartRateBpm>
              <Value>62</Value>
            </HeartRateBpm>
            <Extensions>
              <ns3:TPX>
                <ns3:Speed>1.8660000562667847</ns3:Speed>
              </ns3:TPX>
            </Extensions>
          </Trackpoint>
          <Trackpoint>
            <Time>2026-08-03T16:58:39.000Z</Time>
            <Position>
              <LatitudeDegrees>44.286633152514696</LatitudeDegrees>
              <LongitudeDegrees>-81.59933662042022</LongitudeDegrees>
            </Position>
            <AltitudeMeters>176.8000030517578</AltitudeMeters>
            <DistanceMeters>6438.43994140625</DistanceMeters>
            <HeartRateBpm>
              <Value>65</Value>
            </HeartRateBpm>
            <Extensions>
              <ns3:TPX>
                <ns3:Speed>1.6979999542236328</ns3:Speed>
              </ns3:TPX>
            </Extensions>
          </Trackpoint>
          <Trackpoint>
            <Time>2026-08-03T16:58:40.000Z</Time>
            <Position>
              <LatitudeDegrees>44.28664958104491</LatitudeDegrees>
              <LongitudeDegrees>-81.59933058544993</LongitudeDegrees>
            </Position>
            <AltitudeMeters>176.8000030517578</AltitudeMeters>
            <DistanceMeters>6440.330078125</DistanceMeters>
            <HeartRateBpm>
              <Value>65</Value>
            </HeartRateBpm>
            <Extensions>
              <ns3:TPX>
                <ns3:Speed>1.7259999513626099</ns3:Speed>
              </ns3:TPX>
            </Extensions>
          </Trackpoint>
          <Trackpoint>
            <Time>2026-08-03T16:58:44.000Z</Time>
            <Position>
              <LatitudeDegrees>44.286715714260936</LatitudeDegrees>
              <LongitudeDegrees>-81.59929487854242</LongitudeDegrees>
            </Position>
            <AltitudeMeters>176.8000030517578</AltitudeMeters>
            <DistanceMeters>6448.2001953125</DistanceMeters>
            <HeartRateBpm>
              <Value>69</Value>
            </HeartRateBpm>
            <Extensions>
              <ns3:TPX>
                <ns3:Speed>1.6799999475479126</ns3:Speed>
              </ns3:TPX>
            </Extensions>
          </Trackpoint>
          <Trackpoint>
            <Time>2026-08-03T16:58:45.000Z</Time>
            <Position>
              <LatitudeDegrees>44.28672669455409</LatitudeDegrees>
              <LongitudeDegrees>-81.59928850829601</LongitudeDegrees>
            </Position>
            <AltitudeMeters>176.8000030517578</AltitudeMeters>
            <DistanceMeters>6449.52001953125</DistanceMeters>
            <HeartRateBpm>
              <Value>66</Value>
            </HeartRateBpm>
            <Extensions>
              <ns3:TPX>
                <ns3:Speed>1.6799999475479126</ns3:Speed>
              </ns3:TPX>
            </Extensions>
          </Trackpoint>
          <Trackpoint>
            <Time>2026-08-03T16:58:48.000Z</Time>
            <Position>
              <LatitudeDegrees>44.286777740344405</LatitudeDegrees>
              <LongitudeDegrees>-81.59926160238683</LongitudeDegrees>
            </Position>
            <AltitudeMeters>176.60000610351562</AltitudeMeters>
            <DistanceMeters>6455.58984375</DistanceMeters>
            <HeartRateBpm>
              <Value>63</Value>
            </HeartRateBpm>
            <Extensions>
              <ns3:TPX>
                <ns3:Speed>1.7079999446868896</ns3:Speed>
              </ns3:TPX>
            </Extensions>
          </Trackpoint>
          <Trackpoint>
            <Time>2026-08-03T16:58:49.000Z</Time>
            <Position>
              <LatitudeDegrees>44.28679022938013</LatitudeDegrees>
              <LongitudeDegrees>-81.59925514832139</LongitudeDegrees>
            </Position>
            <AltitudeMeters>176.60000610351562</AltitudeMeters>
            <DistanceMeters>6457.06005859375</DistanceMeters>
            <HeartRateBpm>
              <Value>65</Value>
            </HeartRateBpm>
            <Extensions>
              <ns3:TPX>
                <ns3:Speed>1.7079999446868896</ns3:Speed>
              </ns3:TPX>
            </Extensions>
          </Trackpoint>
          <Trackpoint>
            <Time>2026-08-03T16:58:59.000Z</Time>
            <Position>
              <LatitudeDegrees>44.286960968747735</LatitudeDegrees>
              <LongitudeDegrees>-81.59920745529234</LongitudeDegrees>
            </Position>
            <AltitudeMeters>176.8000030517578</AltitudeMeters>
            <DistanceMeters>6476.39990234375</DistanceMeters>
            <HeartRateBpm>
              <Value>64</Value>
            </HeartRateBpm>
            <Extensions>
              <ns3:TPX>
                <ns3:Speed>1.6799999475479126</ns3:Speed>
              </ns3:TPX>
            </Extensions>
          </Trackpoint>
          <Trackpoint>
            <Time>2026-08-03T16:59:07.000Z</Time>
            <Position>
              <LatitudeDegrees>44.28708091378212</LatitudeDegrees>
              <LongitudeDegrees>-81.59923125989735</LongitudeDegrees>
            </Position>
            <AltitudeMeters>176.8000030517578</AltitudeMeters>
            <DistanceMeters>6489.77001953125</DistanceMeters>
            <HeartRateBpm>
              <Value>65</Value>
            </HeartRateBpm>
            <Extensions>
              <ns3:TPX>
                <ns3:Speed>1.6799999475479126</ns3:Speed>
              </ns3:TPX>
            </Extensions>
          </Trackpoint>
          <Trackpoint>
            <Time>2026-08-03T16:59:14.000Z</Time>
            <Position>
              <LatitudeDegrees>44.28719465620816</LatitudeDegrees>
              <LongitudeDegrees>-81.59921449609101</LongitudeDegrees>
            </Position>
            <AltitudeMeters>176.8000030517578</AltitudeMeters>
            <DistanceMeters>6502.5498046875</DistanceMeters>
            <HeartRateBpm>
              <Value>65</Value>
            </HeartRateBpm>
            <Extensions>
              <ns3:TPX>
                <ns3:Speed>1.7170000076293945</ns3:Speed>
              </ns3:TPX>
            </Extensions>
          </Trackpoint>
          <Trackpoint>
            <Time>2026-08-03T16:59:18.000Z</Time>
            <Position>
              <LatitudeDegrees>44.28724469617009</LatitudeDegrees>
              <LongitudeDegrees>-81.59918759018183</LongitudeDegrees>
            </Position>
            <AltitudeMeters>176.8000030517578</AltitudeMeters>
            <DistanceMeters>6508.490234375</DistanceMeters>
            <HeartRateBpm>
              <Value>62</Value>
            </HeartRateBpm>
            <Extensions>
              <ns3:TPX>
                <ns3:Speed>1.6979999542236328</ns3:Speed>
              </ns3:TPX>
            </Extensions>
          </Trackpoint>
          <Trackpoint>
            <Time>2026-08-03T16:59:19.000Z</Time>
            <Position>
              <LatitudeDegrees>44.28725483827293</LatitudeDegrees>
              <LongitudeDegrees>-81.59917409531772</LongitudeDegrees>
            </Position>
            <AltitudeMeters>176.8000030517578</AltitudeMeters>
            <DistanceMeters>6510.0498046875</DistanceMeters>
            <HeartRateBpm>
              <Value>62</Value>
            </HeartRateBpm>
            <Extensions>
              <ns3:TPX>
                <ns3:Speed>1.6979999542236328</ns3:Speed>
              </ns3:TPX>
            </Extensions>
          </Trackpoint>
          <Trackpoint>
            <Time>2026-08-03T16:59:22.000Z</Time>
            <Position>
              <LatitudeDegrees>44.28728953935206</LatitudeDegrees>
              <LongitudeDegrees>-81.59916076809168</LongitudeDegrees>
            </Position>
            <AltitudeMeters>176.8000030517578</AltitudeMeters>
            <DistanceMeters>6514.14013671875</DistanceMeters>
            <HeartRateBpm>
              <Value>62</Value>
            </HeartRateBpm>
            <Extensions>
              <ns3:TPX>
                <ns3:Speed>1.38100004196167</ns3:Speed>
              </ns3:TPX>
            </Extensions>
          </Trackpoint>
          <Trackpoint>
            <Time>2026-08-03T16:59:29.000Z</Time>
            <Position>
              <LatitudeDegrees>44.2873808182776</LatitudeDegrees>
              <LongitudeDegrees>-81.59914501011372</LongitudeDegrees>
            </Position>
            <AltitudeMeters>176.8000030517578</AltitudeMeters>
            <DistanceMeters>6524.33984375</DistanceMeters>
            <HeartRateBpm>
              <Value>63</Value>
            </HeartRateBpm>
            <Extensions>
              <ns3:TPX>
                <ns3:Speed>1.4279999732971191</ns3:Speed>
              </ns3:TPX>
            </Extensions>
          </Trackpoint>
          <Trackpoint>
            <Time>2026-08-03T16:59:41.000Z</Time>
            <Position>
              <LatitudeDegrees>44.28754719905555</LatitudeDegrees>
              <LongitudeDegrees>-81.59909128211439</LongitudeDegrees>
            </Position>
            <AltitudeMeters>177.0</AltitudeMeters>
            <DistanceMeters>6543.330078125</DistanceMeters>
            <HeartRateBpm>
              <Value>66</Value>
            </HeartRateBpm>
            <Extensions>
              <ns3:TPX>
                <ns3:Speed>1.6799999475479126</ns3:Speed>
              </ns3:TPX>
            </Extensions>
          </Trackpoint>
          <Trackpoint>
            <Time>2026-08-03T16:59:50.000Z</Time>
            <Position>
              <LatitudeDegrees>44.28768910467625</LatitudeDegrees>
              <LongitudeDegrees>-81.5990545693785</LongitudeDegrees>
            </Position>
            <AltitudeMeters>177.0</AltitudeMeters>
            <DistanceMeters>6559.3798828125</DistanceMeters>
            <HeartRateBpm>
              <Value>67</Value>
            </HeartRateBpm>
            <Extensions>
              <ns3:TPX>
                <ns3:Speed>1.809999942779541</ns3:Speed>
              </ns3:TPX>
            </Extensions>
          </Trackpoint>
          <Trackpoint>
            <Time>2026-08-03T16:59:59.000Z</Time>
            <Position>
              <LatitudeDegrees>44.28781533613801</LatitudeDegrees>
              <LongitudeDegrees>-81.59901894629002</LongitudeDegrees>
            </Position>
            <AltitudeMeters>177.0</AltitudeMeters>
            <DistanceMeters>6573.77978515625</DistanceMeters>
            <HeartRateBpm>
              <Value>66</Value>
            </HeartRateBpm>
            <Extensions>
              <ns3:TPX>
                <ns3:Speed>1.6799999475479126</ns3:Speed>
              </ns3:TPX>
            </Extensions>
          </Trackpoint>
          <Trackpoint>
            <Time>2026-08-03T17:00:08.000Z</Time>
            <Position>
              <LatitudeDegrees>44.287961181253195</LatitudeDegrees>
              <LongitudeDegrees>-81.59897041507065</LongitudeDegrees>
            </Position>
            <AltitudeMeters>177.0</AltitudeMeters>
            <DistanceMeters>6590.490234375</DistanceMeters>
            <HeartRateBpm>
              <Value>67</Value>
            </HeartRateBpm>
            <Extensions>
              <ns3:TPX>
                <ns3:Speed>1.8849999904632568</ns3:Speed>
              </ns3:TPX>
            </Extensions>
          </Trackpoint>
          <Trackpoint>
            <Time>2026-08-03T17:00:14.000Z</Time>
            <Position>
              <LatitudeDegrees>44.288045167922974</LatitudeDegrees>
              <LongitudeDegrees>-81.59895658493042</LongitudeDegrees>
            </Position>
            <AltitudeMeters>177.60000610351562</AltitudeMeters>
            <DistanceMeters>6599.89013671875</DistanceMeters>
            <HeartRateBpm>
              <Value>70</Value>
            </HeartRateBpm>
            <Extensions>
              <ns3:TPX>
                <ns3:Speed>1.6419999599456787</ns3:Speed>
              </ns3:TPX>
            </Extensions>
          </Trackpoint>
          <Trackpoint>
            <Time>2026-08-03T17:00:23.000Z</Time>
            <Position>
              <LatitudeDegrees>44.2881887499243</LatitudeDegrees>
              <LongitudeDegrees>-81.59891827963293</LongitudeDegrees>
            </Position>
            <AltitudeMeters>177.60000610351562</AltitudeMeters>
            <DistanceMeters>6616.14990234375</DistanceMeters>
            <HeartRateBpm>
              <Value>69</Value>
            </HeartRateBpm>
            <Extensions>
              <ns3:TPX>
                <ns3:Speed>1.7259999513626099</ns3:Speed>
              </ns3:TPX>
            </Extensions>
          </Trackpoint>
          <Trackpoint>
            <Time>2026-08-03T17:00:33.000Z</Time>
            <Position>
              <LatitudeDegrees>44.288363344967365</LatitudeDegrees>
              <LongitudeDegrees>-81.59888978116214</LongitudeDegrees>
            </Position>
            <AltitudeMeters>177.1999969482422</AltitudeMeters>
            <DistanceMeters>6635.7001953125</DistanceMeters>
            <HeartRateBpm>
              <Value>67</Value>
            </HeartRateBpm>
            <Extensions>
              <ns3:TPX>
                <ns3:Speed>2.052999973297119</ns3:Speed>
              </ns3:TPX>
            </Extensions>
          </Trackpoint>
          <Trackpoint>
            <Time>2026-08-03T17:00:40.000Z</Time>
            <Position>
              <LatitudeDegrees>44.28847398608923</LatitudeDegrees>
              <LongitudeDegrees>-81.59885876812041</LongitudeDegrees>
            </Position>
            <AltitudeMeters>176.8000030517578</AltitudeMeters>
            <DistanceMeters>6648.5</DistanceMeters>
            <HeartRateBpm>
              <Value>65</Value>
            </HeartRateBpm>
            <Extensions>
              <ns3:TPX>
                <ns3:Speed>2.052999973297119</ns3:Speed>
              </ns3:TPX>
            </Extensions>
          </Trackpoint>
          <Trackpoint>
            <Time>2026-08-03T17:00:42.000Z</Time>
            <Position>
              <LatitudeDegrees>44.288515225052834</LatitudeDegrees>
              <LongitudeDegrees>-81.5988505538553</LongitudeDegrees>
            </Position>
            <AltitudeMeters>176.8000030517578</AltitudeMeters>
            <DistanceMeters>6653.1298828125</DistanceMeters>
            <HeartRateBpm>
              <Value>61</Value>
            </HeartRateBpm>
            <Extensions>
              <ns3:TPX>
                <ns3:Speed>2.118000030517578</ns3:Speed>
              </ns3:TPX>
            </Extensions>
          </Trackpoint>
          <Trackpoint>
            <Time>2026-08-03T17:00:43.000Z</Time>
            <Position>
              <LatitudeDegrees>44.288542633876204</LatitudeDegrees>
              <LongitudeDegrees>-81.59884435124695</LongitudeDegrees>
            </Position>
            <AltitudeMeters>176.8000030517578</AltitudeMeters>
            <DistanceMeters>6656.22021484375</DistanceMeters>
            <HeartRateBpm>
              <Value>65</Value>
            </HeartRateBpm>
            <Extensions>
              <ns3:TPX>
                <ns3:Speed>2.1549999713897705</ns3:Speed>
              </ns3:TPX>
            </Extensions>
          </Trackpoint>
          <Trackpoint>
            <Time>2026-08-03T17:00:48.000Z</Time>
            <Position>
              <LatitudeDegrees>44.28861471824348</LatitudeDegrees>
              <LongitudeDegrees>-81.59881358966231</LongitudeDegrees>
            </Position>
            <AltitudeMeters>176.8000030517578</AltitudeMeters>
            <DistanceMeters>6664.7001953125</DistanceMeters>
            <HeartRateBpm>
              <Value>62</Value>
            </HeartRateBpm>
            <Extensions>
              <ns3:TPX>
                <ns3:Speed>1.9500000476837158</ns3:Speed>
              </ns3:TPX>
            </Extensions>
          </Trackpoint>
          <Trackpoint>
            <Time>2026-08-03T17:00:49.000Z</Time>
            <Position>
              <LatitudeDegrees>44.28862486034632</LatitudeDegrees>
              <LongitudeDegrees>-81.59880260936916</LongitudeDegrees>
            </Position>
            <AltitudeMeters>176.8000030517578</AltitudeMeters>
            <DistanceMeters>6666.10009765625</DistanceMeters>
            <HeartRateBpm>
              <Value>61</Value>
            </HeartRateBpm>
            <Extensions>
              <ns3:TPX>
                <ns3:Speed>1.940999984741211</ns3:Speed>
              </ns3:TPX>
            </Extensions>
          </Trackpoint>
          <Trackpoint>
            <Time>2026-08-03T17:00:54.000Z</Time>
            <Position>
              <LatitudeDegrees>44.28869375959039</LatitudeDegrees>
              <LongitudeDegrees>-81.59875961020589</LongitudeDegrees>
            </Position>
            <AltitudeMeters>176.8000030517578</AltitudeMeters>
            <DistanceMeters>6674.580078125</DistanceMeters>
            <HeartRateBpm>
              <Value>58</Value>
            </HeartRateBpm>
            <Extensions>
              <ns3:TPX>
                <ns3:Speed>1.7910000085830688</ns3:Speed>
              </ns3:TPX>
            </Extensions>
          </Trackpoint>
          <Trackpoint>
            <Time>2026-08-03T17:00:57.000Z</Time>
            <Position>
              <LatitudeDegrees>44.28873005323112</LatitudeDegrees>
              <LongitudeDegrees>-81.59875835292041</LongitudeDegrees>
            </Position>
            <AltitudeMeters>176.8000030517578</AltitudeMeters>
            <DistanceMeters>6678.60986328125</DistanceMeters>
            <HeartRateBpm>
              <Value>57</Value>
            </HeartRateBpm>
            <Extensions>
              <ns3:TPX>
                <ns3:Speed>1.7259999513626099</ns3:Speed>
              </ns3:TPX>
            </Extensions>
          </Trackpoint>
          <Trackpoint>
            <Time>2026-08-03T17:01:08.000Z</Time>
            <Position>
              <LatitudeDegrees>44.28890582174063</LatitudeDegrees>
              <LongitudeDegrees>-81.59870035015047</LongitudeDegrees>
            </Position>
            <AltitudeMeters>176.60000610351562</AltitudeMeters>
            <DistanceMeters>6698.72998046875</DistanceMeters>
            <HeartRateBpm>
              <Value>56</Value>
            </HeartRateBpm>
            <Extensions>
              <ns3:TPX>
                <ns3:Speed>1.6699999570846558</ns3:Speed>
              </ns3:TPX>
            </Extensions>
          </Trackpoint>
          <Trackpoint>
            <Time>2026-08-03T17:01:13.000Z</Time>
            <Position>
              <LatitudeDegrees>44.28895669989288</LatitudeDegrees>
              <LongitudeDegrees>-81.59865274094045</LongitudeDegrees>
            </Position>
            <AltitudeMeters>176.60000610351562</AltitudeMeters>
            <DistanceMeters>6705.60009765625</DistanceMeters>
            <HeartRateBpm>
              <Value>55</Value>
            </HeartRateBpm>
            <Extensions>
              <ns3:TPX>
                <ns3:Speed>1.6610000133514404</ns3:Speed>
              </ns3:TPX>
            </Extensions>
          </Trackpoint>
          <Trackpoint>
            <Time>2026-08-03T17:01:15.000Z</Time>
            <Position>
              <LatitudeDegrees>44.288993161171675</LatitudeDegrees>
              <LongitudeDegrees>-81.59865190275013</LongitudeDegrees>
            </Position>
            <AltitudeMeters>176.60000610351562</AltitudeMeters>
            <DistanceMeters>6709.6298828125</DistanceMeters>
            <HeartRateBpm>
              <Value>55</Value>
            </HeartRateBpm>
            <Extensions>
              <ns3:TPX>
                <ns3:Speed>2.5290000438690186</ns3:Speed>
              </ns3:TPX>
            </Extensions>
          </Trackpoint>
          <Trackpoint>
            <Time>2026-08-03T17:01:20.000Z</Time>
            <Position>
              <LatitudeDegrees>44.28906910121441</LatitudeDegrees>
              <LongitudeDegrees>-81.598643604666</LongitudeDegrees>
            </Position>
            <AltitudeMeters>177.0</AltitudeMeters>
            <DistanceMeters>6718.14990234375</DistanceMeters>
            <HeartRateBpm>
              <Value>56</Value>
            </HeartRateBpm>
            <Extensions>
              <ns3:TPX>
                <ns3:Speed>1.2970000505447388</ns3:Speed>
              </ns3:TPX>
            </Extensions>
          </Trackpoint>
          <Trackpoint>
            <Time>2026-08-03T17:01:26.000Z</Time>
            <Position>
              <LatitudeDegrees>44.2891229968518</LatitudeDegrees>
              <LongitudeDegrees>-81.59865500405431</LongitudeDegrees>
            </Position>
            <AltitudeMeters>177.0</AltitudeMeters>
            <DistanceMeters>6724.240234375</DistanceMeters>
            <HeartRateBpm>
              <Value>59</Value>
            </HeartRateBpm>
            <Extensions>
              <ns3:TPX>
                <ns3:Speed>1.0640000104904175</ns3:Speed>
              </ns3:TPX>
            </Extensions>
          </Trackpoint>
          <Trackpoint>
            <Time>2026-08-03T17:01:27.000Z</Time>
            <Position>
              <LatitudeDegrees>44.28912836126983</LatitudeDegrees>
              <LongitudeDegrees>-81.59865466877818</LongitudeDegrees>
            </Position>
            <AltitudeMeters>177.0</AltitudeMeters>
            <DistanceMeters>6724.81982421875</DistanceMeters>
            <HeartRateBpm>
              <Value>58</Value>
            </HeartRateBpm>
            <Extensions>
              <ns3:TPX>
                <ns3:Speed>1.0080000162124634</ns3:Speed>
              </ns3:TPX>
            </Extensions>
          </Trackpoint>
          <Trackpoint>
            <Time>2026-08-03T17:01:34.000Z</Time>
            <Position>
              <LatitudeDegrees>44.289170019328594</LatitudeDegrees>
              <LongitudeDegrees>-81.59864058718085</LongitudeDegrees>
            </Position>
            <AltitudeMeters>176.8000030517578</AltitudeMeters>
            <DistanceMeters>6729.64013671875</DistanceMeters>
            <HeartRateBpm>
              <Value>61</Value>
            </HeartRateBpm>
            <Extensions>
              <ns3:TPX>
                <ns3:Speed>0.8679999709129333</ns3:Speed>
              </ns3:TPX>
            </Extensions>
          </Trackpoint>
          <Trackpoint>
            <Time>2026-08-03T17:01:36.000Z</Time>
            <Position>
              <LatitudeDegrees>44.28919072262943</LatitudeDegrees>
              <LongitudeDegrees>-81.59863773733377</LongitudeDegrees>
            </Position>
            <AltitudeMeters>176.60000610351562</AltitudeMeters>
            <DistanceMeters>6731.9501953125</DistanceMeters>
            <HeartRateBpm>
              <Value>61</Value>
            </HeartRateBpm>
            <Extensions>
              <ns3:TPX>
                <ns3:Speed>0.9800000190734863</ns3:Speed>
              </ns3:TPX>
            </Extensions>
          </Trackpoint>
          <Trackpoint>
            <Time>2026-08-03T17:01:41.000Z</Time>
            <Position>
              <LatitudeDegrees>44.289240930229425</LatitudeDegrees>
              <LongitudeDegrees>-81.59860010258853</LongitudeDegrees>
            </Position>
            <AltitudeMeters>176.8000030517578</AltitudeMeters>
            <DistanceMeters>6738.240234375</DistanceMeters>
            <HeartRateBpm>
              <Value>63</Value>
            </HeartRateBpm>
            <Extensions>
              <ns3:TPX>
                <ns3:Speed>0.9800000190734863</ns3:Speed>
              </ns3:TPX>
            </Extensions>
          </Trackpoint>
          <Trackpoint>
            <Time>2026-08-03T17:01:46.000Z</Time>
            <Position>
              <LatitudeDegrees>44.28929943591356</LatitudeDegrees>
              <LongitudeDegrees>-81.5985447820276</LongitudeDegrees>
            </Position>
            <AltitudeMeters>176.8000030517578</AltitudeMeters>
            <DistanceMeters>6746.1201171875</DistanceMeters>
            <HeartRateBpm>
              <Value>66</Value>
            </HeartRateBpm>
            <Extensions>
              <ns3:TPX>
                <ns3:Speed>1.6050000190734863</ns3:Speed>
              </ns3:TPX>
            </Extensions>
          </Trackpoint>
          <Trackpoint>
            <Time>2026-08-03T17:01:49.000Z</Time>
            <Position>
              <LatitudeDegrees>44.28933983668685</LatitudeDegrees>
              <LongitudeDegrees>-81.59852634184062</LongitudeDegrees>
            </Position>
            <AltitudeMeters>176.60000610351562</AltitudeMeters>
            <DistanceMeters>6750.81982421875</DistanceMeters>
            <HeartRateBpm>
              <Value>67</Value>
            </HeartRateBpm>
            <Extensions>
              <ns3:TPX>
                <ns3:Speed>1.5210000276565552</ns3:Speed>
              </ns3:TPX>
            </Extensions>
          </Trackpoint>
          <Trackpoint>
            <Time>2026-08-03T17:01:52.000Z</Time>
            <Position>
              <LatitudeDegrees>44.28938141092658</LatitudeDegrees>
              <LongitudeDegrees>-81.59850211814046</LongitudeDegrees>
            </Position>
            <AltitudeMeters>176.60000610351562</AltitudeMeters>
            <DistanceMeters>6755.830078125</DistanceMeters>
            <HeartRateBpm>
              <Value>70</Value>
            </HeartRateBpm>
            <Extensions>
              <ns3:TPX>
                <ns3:Speed>1.753999948501587</ns3:Speed>
              </ns3:TPX>
            </Extensions>
          </Trackpoint>
          <Trackpoint>
            <Time>2026-08-03T17:01:58.000Z</Time>
            <Position>
              <LatitudeDegrees>44.28947604261339</LatitudeDegrees>
              <LongitudeDegrees>-81.5984636452049</LongitudeDegrees>
            </Position>
            <AltitudeMeters>176.60000610351562</AltitudeMeters>
            <DistanceMeters>6766.81005859375</DistanceMeters>
            <HeartRateBpm>
              <Value>69</Value>
            </HeartRateBpm>
            <Extensions>
              <ns3:TPX>
                <ns3:Speed>1.7640000581741333</ns3:Speed>
              </ns3:TPX>
            </Extensions>
          </Trackpoint>
          <Trackpoint>
            <Time>2026-08-03T17:02:06.000Z</Time>
            <Position>
              <LatitudeDegrees>44.28961249999702</LatitudeDegrees>
              <LongitudeDegrees>-81.59841779619455</LongitudeDegrees>
            </Position>
            <AltitudeMeters>176.8000030517578</AltitudeMeters>
            <DistanceMeters>6782.419921875</DistanceMeters>
            <HeartRateBpm>
              <Value>66</Value>
            </HeartRateBpm>
            <Extensions>
              <ns3:TPX>
                <ns3:Speed>1.7359999418258667</ns3:Speed>
              </ns3:TPX>
            </Extensions>
          </Trackpoint>
          <Trackpoint>
            <Time>2026-08-03T17:02:07.000Z</Time>
            <Position>
              <LatitudeDegrees>44.28962901234627</LatitudeDegrees>
              <LongitudeDegrees>-81.59841234795749</LongitudeDegrees>
            </Position>
            <AltitudeMeters>176.8000030517578</AltitudeMeters>
            <DistanceMeters>6784.2998046875</DistanceMeters>
            <HeartRateBpm>
              <Value>68</Value>
            </HeartRateBpm>
            <Extensions>
              <ns3:TPX>
                <ns3:Speed>1.7359999418258667</ns3:Speed>
              </ns3:TPX>
            </Extensions>
          </Trackpoint>
          <Trackpoint>
            <Time>2026-08-03T17:02:08.000Z</Time>
            <Position>
              <LatitudeDegrees>44.289646446704865</LatitudeDegrees>
              <LongitudeDegrees>-81.59840723499656</LongitudeDegrees>
            </Position>
            <AltitudeMeters>176.8000030517578</AltitudeMeters>
            <DistanceMeters>6786.27978515625</DistanceMeters>
            <HeartRateBpm>
              <Value>65</Value>
            </HeartRateBpm>
            <Extensions>
              <ns3:TPX>
                <ns3:Speed>1.753999948501587</ns3:Speed>
              </ns3:TPX>
            </Extensions>
          </Trackpoint>
          <Trackpoint>
            <Time>2026-08-03T17:02:17.000Z</Time>
            <Position>
              <LatitudeDegrees>44.28977997042239</LatitudeDegrees>
              <LongitudeDegrees>-81.59836130216718</LongitudeDegrees>
            </Position>
            <AltitudeMeters>176.8000030517578</AltitudeMeters>
            <DistanceMeters>6801.580078125</DistanceMeters>
            <HeartRateBpm>
              <Value>66</Value>
            </HeartRateBpm>
            <Extensions>
              <ns3:TPX>
                <ns3:Speed>1.8009999990463257</ns3:Speed>
              </ns3:TPX>
            </Extensions>
          </Trackpoint>
          <Trackpoint>
            <Time>2026-08-03T17:02:26.000Z</Time>
            <Position>
              <LatitudeDegrees>44.28990704007447</LatitudeDegrees>
              <LongitudeDegrees>-81.59832760691643</LongitudeDegrees>
            </Position>
            <AltitudeMeters>176.8000030517578</AltitudeMeters>
            <DistanceMeters>6815.990234375</DistanceMeters>
            <HeartRateBpm>
              <Value>62</Value>
            </HeartRateBpm>
            <Extensions>
              <ns3:TPX>
                <ns3:Speed>1.6239999532699585</ns3:Speed>
              </ns3:TPX>
            </Extensions>
          </Trackpoint>
          <Trackpoint>
            <Time>2026-08-03T17:02:27.000Z</Time>
            <Position>
              <LatitudeDegrees>44.28991952911019</LatitudeDegrees>
              <LongitudeDegrees>-81.5983256790787</LongitudeDegrees>
            </Position>
            <AltitudeMeters>176.8000030517578</AltitudeMeters>
            <DistanceMeters>6817.3798828125</DistanceMeters>
            <HeartRateBpm>
              <Value>65</Value>
            </HeartRateBpm>
            <Extensions>
              <ns3:TPX>
                <ns3:Speed>1.6239999532699585</ns3:Speed>
              </ns3:TPX>
            </Extensions>
          </Trackpoint>
          <Trackpoint>
            <Time>2026-08-03T17:02:34.000Z</Time>
            <Position>
              <LatitudeDegrees>44.29001449607313</LatitudeDegrees>
              <LongitudeDegrees>-81.59828863106668</LongitudeDegrees>
            </Position>
            <AltitudeMeters>177.1999969482422</AltitudeMeters>
            <DistanceMeters>6828.509765625</DistanceMeters>
            <HeartRateBpm>
              <Value>62</Value>
            </HeartRateBpm>
            <Extensions>
              <ns3:TPX>
                <ns3:Speed>1.4930000305175781</ns3:Speed>
              </ns3:TPX>
            </Extensions>
          </Trackpoint>
          <Trackpoint>
            <Time>2026-08-03T17:02:36.000Z</Time>
            <Position>
              <LatitudeDegrees>44.29003964178264</LatitudeDegrees>
              <LongitudeDegrees>-81.5982511639595</LongitudeDegrees>
            </Position>
            <AltitudeMeters>177.0</AltitudeMeters>
            <DistanceMeters>6832.60009765625</DistanceMeters>
            <HeartRateBpm>
              <Value>64</Value>
            </HeartRateBpm>
            <Extensions>
              <ns3:TPX>
                <ns3:Speed>1.5770000219345093</ns3:Speed>
              </ns3:TPX>
            </Extensions>
          </Trackpoint>
          <Trackpoint>
            <Time>2026-08-03T17:02:41.000Z</Time>
            <Position>
              <LatitudeDegrees>44.29008892737329</LatitudeDegrees>
              <LongitudeDegrees>-81.59813314676285</LongitudeDegrees>
            </Position>
            <AltitudeMeters>177.0</AltitudeMeters>
            <DistanceMeters>6843.490234375</DistanceMeters>
            <HeartRateBpm>
              <Value>67</Value>
            </HeartRateBpm>
            <Extensions>
              <ns3:TPX>
                <ns3:Speed>1.8940000534057617</ns3:Speed>
              </ns3:TPX>
            </Extensions>
          </Trackpoint>
          <Trackpoint>
            <Time>2026-08-03T17:02:44.000Z</Time>
            <Position>
              <LatitudeDegrees>44.29012069478631</LatitudeDegrees>
              <LongitudeDegrees>-81.59806550480425</LongitudeDegrees>
            </Position>
            <AltitudeMeters>177.0</AltitudeMeters>
            <DistanceMeters>6849.93017578125</DistanceMeters>
            <HeartRateBpm>
              <Value>66</Value>
            </HeartRateBpm>
            <Extensions>
              <ns3:TPX>
                <ns3:Speed>2.118000030517578</ns3:Speed>
              </ns3:TPX>
            </Extensions>
          </Trackpoint>
          <Trackpoint>
            <Time>2026-08-03T17:02:52.000Z</Time>
            <Position>
              <LatitudeDegrees>44.290221109986305</LatitudeDegrees>
              <LongitudeDegrees>-81.59786911681294</LongitudeDegrees>
            </Position>
            <AltitudeMeters>176.8000030517578</AltitudeMeters>
            <DistanceMeters>6869.2001953125</DistanceMeters>
            <HeartRateBpm>
              <Value>63</Value>
            </HeartRateBpm>
            <Extensions>
              <ns3:TPX>
                <ns3:Speed>2.2860000133514404</ns3:Speed>
              </ns3:TPX>
            </Extensions>
          </Trackpoint>
          <Trackpoint>
            <Time>2026-08-03T17:02:54.000Z</Time>
            <Position>
              <LatitudeDegrees>44.29023787379265</LatitudeDegrees>
              <LongitudeDegrees>-81.59782502800226</LongitudeDegrees>
            </Position>
            <AltitudeMeters>176.8000030517578</AltitudeMeters>
            <DistanceMeters>6873.18994140625</DistanceMeters>
            <HeartRateBpm>
              <Value>63</Value>
            </HeartRateBpm>
            <Extensions>
              <ns3:TPX>
                <ns3:Speed>2.2860000133514404</ns3:Speed>
              </ns3:TPX>
            </Extensions>
          </Trackpoint>
          <Trackpoint>
            <Time>2026-08-03T17:03:00.000Z</Time>
            <Position>
              <LatitudeDegrees>44.290312053635716</LatitudeDegrees>
              <LongitudeDegrees>-81.5976898279041</LongitudeDegrees>
            </Position>
            <AltitudeMeters>177.0</AltitudeMeters>
            <DistanceMeters>6886.81005859375</DistanceMeters>
            <HeartRateBpm>
              <Value>60</Value>
            </HeartRateBpm>
            <Extensions>
              <ns3:TPX>
                <ns3:Speed>2.2300000190734863</ns3:Speed>
              </ns3:TPX>
            </Extensions>
          </Trackpoint>
          <Trackpoint>
            <Time>2026-08-03T17:03:04.000Z</Time>
            <Position>
              <LatitudeDegrees>44.29036661982536</LatitudeDegrees>
              <LongitudeDegrees>-81.5976004768163</LongitudeDegrees>
            </Position>
            <AltitudeMeters>177.0</AltitudeMeters>
            <DistanceMeters>6896.2099609375</DistanceMeters>
            <HeartRateBpm>
              <Value>59</Value>
            </HeartRateBpm>
            <Extensions>
              <ns3:TPX>
                <ns3:Speed>2.249000072479248</ns3:Speed>
              </ns3:TPX>
            </Extensions>
          </Trackpoint>
          <Trackpoint>
            <Time>2026-08-03T17:03:15.000Z</Time>
            <Position>
              <LatitudeDegrees>44.29055110551417</LatitudeDegrees>
              <LongitudeDegrees>-81.59734734334052</LongitudeDegrees>
            </Position>
            <AltitudeMeters>177.0</AltitudeMeters>
            <DistanceMeters>6925.02978515625</DistanceMeters>
            <HeartRateBpm>
              <Value>58</Value>
            </HeartRateBpm>
            <Extensions>
              <ns3:TPX>
                <ns3:Speed>2.6029999256134033</ns3:Speed>
              </ns3:TPX>
            </Extensions>
          </Trackpoint>
          <Trackpoint>
            <Time>2026-08-03T17:03:26.000Z</Time>
            <Position>
              <LatitudeDegrees>44.29073718376458</LatitudeDegrees>
              <LongitudeDegrees>-81.59715204499662</LongitudeDegrees>
            </Position>
            <AltitudeMeters>177.1999969482422</AltitudeMeters>
            <DistanceMeters>6951.06005859375</DistanceMeters>
            <HeartRateBpm>
              <Value>56</Value>
            </HeartRateBpm>
            <Extensions>
              <ns3:TPX>
                <ns3:Speed>2.565999984741211</ns3:Speed>
              </ns3:TPX>
            </Extensions>
          </Trackpoint>
          <Trackpoint>
            <Time>2026-08-03T17:03:33.000Z</Time>
            <Position>
              <LatitudeDegrees>44.29087112657726</LatitudeDegrees>
              <LongitudeDegrees>-81.59705682657659</LongitudeDegrees>
            </Position>
            <AltitudeMeters>177.1999969482422</AltitudeMeters>
            <DistanceMeters>6967.7998046875</DistanceMeters>
            <HeartRateBpm>
              <Value>56</Value>
            </HeartRateBpm>
            <Extensions>
              <ns3:TPX>
                <ns3:Speed>2.4170000553131104</ns3:Speed>
              </ns3:TPX>
            </Extensions>
          </Trackpoint>
          <Trackpoint>
            <Time>2026-08-03T17:03:38.000Z</Time>
            <Position>
              <LatitudeDegrees>44.29096600972116</LatitudeDegrees>
              <LongitudeDegrees>-81.59697686322033</LongitudeDegrees>
            </Position>
            <AltitudeMeters>177.1999969482422</AltitudeMeters>
            <DistanceMeters>6980.14013671875</DistanceMeters>
            <HeartRateBpm>
              <Value>59</Value>
            </HeartRateBpm>
            <Extensions>
              <ns3:TPX>
                <ns3:Speed>2.2860000133514404</ns3:Speed>
              </ns3:TPX>
            </Extensions>
          </Trackpoint>
          <Trackpoint>
            <Time>2026-08-03T17:03:39.000Z</Time>
            <Position>
              <LatitudeDegrees>44.290987299755216</LatitudeDegrees>
              <LongitudeDegrees>-81.59695993177593</LongitudeDegrees>
            </Position>
            <AltitudeMeters>177.1999969482422</AltitudeMeters>
            <DistanceMeters>6982.85986328125</DistanceMeters>
            <HeartRateBpm>
              <Value>55</Value>
            </HeartRateBpm>
            <Extensions>
              <ns3:TPX>
                <ns3:Speed>2.4170000553131104</ns3:Speed>
              </ns3:TPX>
            </Extensions>
          </Trackpoint>
          <Trackpoint>
            <Time>2026-08-03T17:03:41.000Z</Time>
            <Position>
              <LatitudeDegrees>44.29102744907141</LatitudeDegrees>
              <LongitudeDegrees>-81.59693721681833</LongitudeDegrees>
            </Position>
            <AltitudeMeters>177.39999389648438</AltitudeMeters>
            <DistanceMeters>6987.68017578125</DistanceMeters>
            <HeartRateBpm>
              <Value>53</Value>
            </HeartRateBpm>
            <Extensions>
              <ns3:TPX>
                <ns3:Speed>2.4630000591278076</ns3:Speed>
              </ns3:TPX>
            </Extensions>
          </Trackpoint>
          <Trackpoint>
            <Time>2026-08-03T17:03:43.000Z</Time>
            <Position>
              <LatitudeDegrees>44.29106315597892</LatitudeDegrees>
              <LongitudeDegrees>-81.5969162620604</LongitudeDegrees>
            </Position>
            <AltitudeMeters>177.39999389648438</AltitudeMeters>
            <DistanceMeters>6991.990234375</DistanceMeters>
            <HeartRateBpm>
              <Value>56</Value>
            </HeartRateBpm>
            <Extensions>
              <ns3:TPX>
                <ns3:Speed>2.509999990463257</ns3:Speed>
              </ns3:TPX>
            </Extensions>
          </Trackpoint>
          <Trackpoint>
            <Time>2026-08-03T17:03:45.000Z</Time>
            <Position>
              <LatitudeDegrees>44.291109004989266</LatitudeDegrees>
              <LongitudeDegrees>-81.5968990791589</LongitudeDegrees>
            </Position>
            <AltitudeMeters>177.1999969482422</AltitudeMeters>
            <DistanceMeters>6997.25</DistanceMeters>
            <HeartRateBpm>
              <Value>59</Value>
            </HeartRateBpm>
            <Extensions>
              <ns3:TPX>
                <ns3:Speed>2.6029999256134033</ns3:Speed>
              </ns3:TPX>
            </Extensions>
          </Trackpoint>
          <Trackpoint>
            <Time>2026-08-03T17:03:52.000Z</Time>
            <Position>
              <LatitudeDegrees>44.29124445654452</LatitudeDegrees>
              <LongitudeDegrees>-81.59683302976191</LongitudeDegrees>
            </Position>
            <AltitudeMeters>177.39999389648438</AltitudeMeters>
            <DistanceMeters>7013.169921875</DistanceMeters>
            <HeartRateBpm>
              <Value>61</Value>
            </HeartRateBpm>
            <Extensions>
              <ns3:TPX>
                <ns3:Speed>2.444999933242798</ns3:Speed>
              </ns3:TPX>
            </Extensions>
          </Trackpoint>
          <Trackpoint>
            <Time>2026-08-03T17:03:56.000Z</Time>
            <Position>
              <LatitudeDegrees>44.291305812075734</LatitudeDegrees>
              <LongitudeDegrees>-81.59678818657994</LongitudeDegrees>
            </Position>
            <AltitudeMeters>177.39999389648438</AltitudeMeters>
            <DistanceMeters>7020.8701171875</DistanceMeters>
            <HeartRateBpm>
              <Value>64</Value>
            </HeartRateBpm>
            <Extensions>
              <ns3:TPX>
                <ns3:Speed>2.257999897003174</ns3:Speed>
              </ns3:TPX>
            </Extensions>
          </Trackpoint>
          <Trackpoint>
            <Time>2026-08-03T17:04:06.000Z</Time>
            <Position>
              <LatitudeDegrees>44.2914904654026</LatitudeDegrees>
              <LongitudeDegrees>-81.59665675833821</LongitudeDegrees>
            </Position>
            <AltitudeMeters>177.1999969482422</AltitudeMeters>
            <DistanceMeters>7043.9501953125</DistanceMeters>
            <HeartRateBpm>
              <Value>64</Value>
            </HeartRateBpm>
            <Extensions>
              <ns3:TPX>
                <ns3:Speed>2.257999897003174</ns3:Speed>
              </ns3:TPX>
            </Extensions>
          </Trackpoint>
          <Trackpoint>
            <Time>2026-08-03T17:04:12.000Z</Time>
            <Position>
              <LatitudeDegrees>44.2915959097445</LatitudeDegrees>
              <LongitudeDegrees>-81.59662256017327</LongitudeDegrees>
            </Position>
            <AltitudeMeters>177.8000030517578</AltitudeMeters>
            <DistanceMeters>7056.009765625</DistanceMeters>
            <HeartRateBpm>
              <Value>67</Value>
            </HeartRateBpm>
            <Extensions>
              <ns3:TPX>
                <ns3:Speed>2.0339999198913574</ns3:Speed>
              </ns3:TPX>
            </Extensions>
          </Trackpoint>
          <Trackpoint>
            <Time>2026-08-03T17:04:17.000Z</Time>
            <Position>
              <LatitudeDegrees>44.29169255308807</LatitudeDegrees>
              <LongitudeDegrees>-81.5965866856277</LongitudeDegrees>
            </Position>
            <AltitudeMeters>177.39999389648438</AltitudeMeters>
            <DistanceMeters>7067.1201171875</DistanceMeters>
            <HeartRateBpm>
              <Value>68</Value>
            </HeartRateBpm>
            <Extensions>
              <ns3:TPX>
                <ns3:Speed>1.9129999876022339</ns3:Speed>
              </ns3:TPX>
            </Extensions>
          </Trackpoint>
          <Trackpoint>
            <Time>2026-08-03T17:04:25.000Z</Time>
            <Position>
              <LatitudeDegrees>44.29185424000025</LatitudeDegrees>
              <LongitudeDegrees>-81.59653941169381</LongitudeDegrees>
            </Position>
            <AltitudeMeters>177.60000610351562</AltitudeMeters>
            <DistanceMeters>7085.47021484375</DistanceMeters>
            <HeartRateBpm>
              <Value>71</Value>
            </HeartRateBpm>
            <Extensions>
              <ns3:TPX>
                <ns3:Speed>2.2019999027252197</ns3:Speed>
              </ns3:TPX>
            </Extensions>
          </Trackpoint>
          <Trackpoint>
            <Time>2026-08-03T17:04:27.000Z</Time>
            <Position>
              <LatitudeDegrees>44.29189765825868</LatitudeDegrees>
              <LongitudeDegrees>-81.59652533009648</LongitudeDegrees>
            </Position>
            <AltitudeMeters>177.8000030517578</AltitudeMeters>
            <DistanceMeters>7090.41015625</DistanceMeters>
            <HeartRateBpm>
              <Value>71</Value>
            </HeartRateBpm>
            <Extensions>
              <ns3:TPX>
                <ns3:Speed>2.2019999027252197</ns3:Speed>
              </ns3:TPX>
            </Extensions>
          </Trackpoint>
          <Trackpoint>
            <Time>2026-08-03T17:04:37.000Z</Time>
            <Position>
              <LatitudeDegrees>44.29209195077419</LatitudeDegrees>
              <LongitudeDegrees>-81.59640446305275</LongitudeDegrees>
            </Position>
            <AltitudeMeters>177.1999969482422</AltitudeMeters>
            <DistanceMeters>7114.06982421875</DistanceMeters>
            <HeartRateBpm>
              <Value>72</Value>
            </HeartRateBpm>
            <Extensions>
              <ns3:TPX>
                <ns3:Speed>2.2950000762939453</ns3:Speed>
              </ns3:TPX>
            </Extensions>
          </Trackpoint>
          <Trackpoint>
            <Time>2026-08-03T17:04:44.000Z</Time>
            <Position>
              <LatitudeDegrees>44.292203513905406</LatitudeDegrees>
              <LongitudeDegrees>-81.59631695598364</LongitudeDegrees>
            </Position>
            <AltitudeMeters>177.39999389648438</AltitudeMeters>
            <DistanceMeters>7128.330078125</DistanceMeters>
            <HeartRateBpm>
              <Value>74</Value>
            </HeartRateBpm>
            <Extensions>
              <ns3:TPX>
                <ns3:Speed>2.2019999027252197</ns3:Speed>
              </ns3:TPX>
            </Extensions>
          </Trackpoint>
          <Trackpoint>
            <Time>2026-08-03T17:04:50.000Z</Time>
            <Position>
              <LatitudeDegrees>44.29229403845966</LatitudeDegrees>
              <LongitudeDegrees>-81.59627630375326</LongitudeDegrees>
            </Position>
            <AltitudeMeters>177.8000030517578</AltitudeMeters>
            <DistanceMeters>7138.89990234375</DistanceMeters>
            <HeartRateBpm>
              <Value>75</Value>
            </HeartRateBpm>
            <Extensions>
              <ns3:TPX>
                <ns3:Speed>1.8660000562667847</ns3:Speed>
              </ns3:TPX>
            </Extensions>
          </Trackpoint>
          <Trackpoint>
            <Time>2026-08-03T17:04:54.000Z</Time>
            <Position>
              <LatitudeDegrees>44.29233033210039</LatitudeDegrees>
              <LongitudeDegrees>-81.5962777286768</LongitudeDegrees>
            </Position>
            <AltitudeMeters>177.60000610351562</AltitudeMeters>
            <DistanceMeters>7142.9599609375</DistanceMeters>
            <HeartRateBpm>
              <Value>78</Value>
            </HeartRateBpm>
            <Extensions>
              <ns3:TPX>
                <ns3:Speed>1.5210000276565552</ns3:Speed>
              </ns3:TPX>
            </Extensions>
          </Trackpoint>
          <Trackpoint>
            <Time>2026-08-03T17:04:57.000Z</Time>
            <Position>
              <LatitudeDegrees>44.292362267151475</LatitudeDegrees>
              <LongitudeDegrees>-81.5962726995349</LongitudeDegrees>
            </Position>
            <AltitudeMeters>177.39999389648438</AltitudeMeters>
            <DistanceMeters>7146.52001953125</DistanceMeters>
            <HeartRateBpm>
              <Value>79</Value>
            </HeartRateBpm>
            <Extensions>
              <ns3:TPX>
                <ns3:Speed>1.38100004196167</ns3:Speed>
              </ns3:TPX>
            </Extensions>
          </Trackpoint>
          <Trackpoint>
            <Time>2026-08-03T17:05:05.000Z</Time>
            <Position>
              <LatitudeDegrees>44.29246410727501</LatitudeDegrees>
              <LongitudeDegrees>-81.59619835205376</LongitudeDegrees>
            </Position>
            <AltitudeMeters>177.60000610351562</AltitudeMeters>
            <DistanceMeters>7159.3798828125</DistanceMeters>
            <HeartRateBpm>
              <Value>77</Value>
            </HeartRateBpm>
            <Extensions>
              <ns3:TPX>
                <ns3:Speed>1.9589999914169312</ns3:Speed>
              </ns3:TPX>
            </Extensions>
          </Trackpoint>
          <Trackpoint>
            <Time>2026-08-03T17:05:08.000Z</Time>
            <Position>
              <LatitudeDegrees>44.2925113812089</LatitudeDegrees>
              <LongitudeDegrees>-81.59613959491253</LongitudeDegrees>
            </Position>
            <AltitudeMeters>177.39999389648438</AltitudeMeters>
            <DistanceMeters>7166.43017578125</DistanceMeters>
            <HeartRateBpm>
              <Value>80</Value>
            </HeartRateBpm>
            <Extensions>
              <ns3:TPX>
                <ns3:Speed>1.875</ns3:Speed>
              </ns3:TPX>
            </Extensions>
          </Trackpoint>
          <Trackpoint>
            <Time>2026-08-03T17:05:13.000Z</Time>
            <Position>
              <LatitudeDegrees>44.29259176366031</LatitudeDegrees>
              <LongitudeDegrees>-81.59604228101671</LongitudeDegrees>
            </Position>
            <AltitudeMeters>177.39999389648438</AltitudeMeters>
            <DistanceMeters>7178.259765625</DistanceMeters>
            <HeartRateBpm>
              <Value>77</Value>
            </HeartRateBpm>
            <Extensions>
              <ns3:TPX>
                <ns3:Speed>2.118000030517578</ns3:Speed>
              </ns3:TPX>
            </Extensions>
          </Trackpoint>
          <Trackpoint>
            <Time>2026-08-03T17:05:21.000Z</Time>
            <Position>
              <LatitudeDegrees>44.2927217669785</LatitudeDegrees>
              <LongitudeDegrees>-81.59591998904943</LongitudeDegrees>
            </Position>
            <AltitudeMeters>177.39999389648438</AltitudeMeters>
            <DistanceMeters>7195.7099609375</DistanceMeters>
            <HeartRateBpm>
              <Value>73</Value>
            </HeartRateBpm>
            <Extensions>
              <ns3:TPX>
                <ns3:Speed>2.0250000953674316</ns3:Speed>
              </ns3:TPX>
            </Extensions>
          </Trackpoint>
          <Trackpoint>
            <Time>2026-08-03T17:05:23.000Z</Time>
            <Position>
              <LatitudeDegrees>44.2927479185164</LatitudeDegrees>
              <LongitudeDegrees>-81.59589299932122</LongitudeDegrees>
            </Position>
            <AltitudeMeters>177.39999389648438</AltitudeMeters>
            <DistanceMeters>7199.31005859375</DistanceMeters>
            <HeartRateBpm>
              <Value>71</Value>
            </HeartRateBpm>
            <Extensions>
              <ns3:TPX>
                <ns3:Speed>2.015000104904175</ns3:Speed>
              </ns3:TPX>
            </Extensions>
          </Trackpoint>
          <Trackpoint>
            <Time>2026-08-03T17:05:31.000Z</Time>
            <Position>
              <LatitudeDegrees>44.29288186132908</LatitudeDegrees>
              <LongitudeDegrees>-81.59576768986881</LongitudeDegrees>
            </Position>
            <AltitudeMeters>177.8000030517578</AltitudeMeters>
            <DistanceMeters>7217.419921875</DistanceMeters>
            <HeartRateBpm>
              <Value>70</Value>
            </HeartRateBpm>
            <Extensions>
              <ns3:TPX>
                <ns3:Speed>2.118000030517578</ns3:Speed>
              </ns3:TPX>
            </Extensions>
          </Trackpoint>
          <Trackpoint>
            <Time>2026-08-03T17:05:40.000Z</Time>
            <Position>
              <LatitudeDegrees>44.29303868673742</LatitudeDegrees>
              <LongitudeDegrees>-81.59561790525913</LongitudeDegrees>
            </Position>
            <AltitudeMeters>178.0</AltitudeMeters>
            <DistanceMeters>7238.60986328125</DistanceMeters>
            <HeartRateBpm>
              <Value>68</Value>
            </HeartRateBpm>
            <Extensions>
              <ns3:TPX>
                <ns3:Speed>2.322999954223633</ns3:Speed>
              </ns3:TPX>
            </Extensions>
          </Trackpoint>
          <Trackpoint>
            <Time>2026-08-03T17:05:46.000Z</Time>
            <Position>
              <LatitudeDegrees>44.29312686435878</LatitudeDegrees>
              <LongitudeDegrees>-81.59555638208985</LongitudeDegrees>
            </Position>
            <AltitudeMeters>177.60000610351562</AltitudeMeters>
            <DistanceMeters>7249.72998046875</DistanceMeters>
            <HeartRateBpm>
              <Value>67</Value>
            </HeartRateBpm>
            <Extensions>
              <ns3:TPX>
                <ns3:Speed>1.184999942779541</ns3:Speed>
              </ns3:TPX>
            </Extensions>
          </Trackpoint>
          <Trackpoint>
            <Time>2026-08-03T17:05:52.000Z</Time>
            <Position>
              <LatitudeDegrees>44.293140107765794</LatitudeDegrees>
              <LongitudeDegrees>-81.59555671736598</LongitudeDegrees>
            </Position>
            <AltitudeMeters>177.39999389648438</AltitudeMeters>
            <DistanceMeters>7252.1201171875</DistanceMeters>
            <HeartRateBpm>
              <Value>66</Value>
            </HeartRateBpm>
            <Extensions>
              <ns3:TPX>
                <ns3:Speed>0.0</ns3:Speed>
              </ns3:TPX>
            </Extensions>
          </Trackpoint>
          <Trackpoint>
            <Time>2026-08-03T17:05:58.000Z</Time>
            <Position>
              <LatitudeDegrees>44.29311605170369</LatitudeDegrees>
              <LongitudeDegrees>-81.59557959996164</LongitudeDegrees>
            </Position>
            <AltitudeMeters>177.39999389648438</AltitudeMeters>
            <DistanceMeters>7255.509765625</DistanceMeters>
            <HeartRateBpm>
              <Value>67</Value>
            </HeartRateBpm>
            <Extensions>
              <ns3:TPX>
                <ns3:Speed>0.8119999766349792</ns3:Speed>
              </ns3:TPX>
            </Extensions>
          </Trackpoint>
          <Trackpoint>
            <Time>2026-08-03T17:05:59.000Z</Time>
            <Position>
              <LatitudeDegrees>44.293111357837915</LatitudeDegrees>
              <LongitudeDegrees>-81.5955905802548</LongitudeDegrees>
            </Position>
            <AltitudeMeters>177.39999389648438</AltitudeMeters>
            <DistanceMeters>7256.52978515625</DistanceMeters>
            <HeartRateBpm>
              <Value>68</Value>
            </HeartRateBpm>
            <Extensions>
              <ns3:TPX>
                <ns3:Speed>0.9890000224113464</ns3:Speed>
              </ns3:TPX>
            </Extensions>
          </Trackpoint>
          <Trackpoint>
            <Time>2026-08-03T17:06:01.000Z</Time>
            <Position>
              <LatitudeDegrees>44.29309928789735</LatitudeDegrees>
              <LongitudeDegrees>-81.59561706706882</LongitudeDegrees>
            </Position>
            <AltitudeMeters>177.39999389648438</AltitudeMeters>
            <DistanceMeters>7259.0498046875</DistanceMeters>
            <HeartRateBpm>
              <Value>72</Value>
            </HeartRateBpm>
            <Extensions>
              <ns3:TPX>
                <ns3:Speed>1.0920000076293945</ns3:Speed>
              </ns3:TPX>
            </Extensions>
          </Trackpoint>
          <Trackpoint>
            <Time>2026-08-03T17:06:03.000Z</Time>
            <Position>
              <LatitudeDegrees>44.29309140890837</LatitudeDegrees>
              <LongitudeDegrees>-81.59565017558634</LongitudeDegrees>
            </Position>
            <AltitudeMeters>177.1999969482422</AltitudeMeters>
            <DistanceMeters>7261.85986328125</DistanceMeters>
            <HeartRateBpm>
              <Value>75</Value>
            </HeartRateBpm>
            <Extensions>
              <ns3:TPX>
                <ns3:Speed>0.9890000224113464</ns3:Speed>
              </ns3:TPX>
            </Extensions>
          </Trackpoint>
          <Trackpoint>
            <Time>2026-08-03T17:06:06.000Z</Time>
            <Position>
              <LatitudeDegrees>44.29306760430336</LatitudeDegrees>
              <LongitudeDegrees>-81.59569124691188</LongitudeDegrees>
            </Position>
            <AltitudeMeters>177.1999969482422</AltitudeMeters>
            <DistanceMeters>7266.25</DistanceMeters>
            <HeartRateBpm>
              <Value>77</Value>
            </HeartRateBpm>
            <Extensions>
              <ns3:TPX>
                <ns3:Speed>1.156999945640564</ns3:Speed>
              </ns3:TPX>
            </Extensions>
          </Trackpoint>
          <Trackpoint>
            <Time>2026-08-03T17:06:11.000Z</Time>
            <Position>
              <LatitudeDegrees>44.29296827875078</LatitudeDegrees>
              <LongitudeDegrees>-81.59573558717966</LongitudeDegrees>
            </Position>
            <AltitudeMeters>176.8000030517578</AltitudeMeters>
            <DistanceMeters>7277.89990234375</DistanceMeters>
            <HeartRateBpm>
              <Value>80</Value>
            </HeartRateBpm>
            <Extensions>
              <ns3:TPX>
                <ns3:Speed>1.996999979019165</ns3:Speed>
              </ns3:TPX>
            </Extensions>
          </Trackpoint>
          <Trackpoint>
            <Time>2026-08-03T17:06:12.000Z</Time>
            <Position>
              <LatitudeDegrees>44.292950592935085</LatitudeDegrees>
              <LongitudeDegrees>-81.59573432989419</LongitudeDegrees>
            </Position>
            <AltitudeMeters>176.8000030517578</AltitudeMeters>
            <DistanceMeters>7279.85009765625</DistanceMeters>
            <HeartRateBpm>
              <Value>81</Value>
            </HeartRateBpm>
            <Extensions>
              <ns3:TPX>
                <ns3:Speed>1.7079999446868896</ns3:Speed>
              </ns3:TPX>
            </Extensions>
          </Trackpoint>
          <Trackpoint>
            <Time>2026-08-03T17:06:19.000Z</Time>
            <Position>
              <LatitudeDegrees>44.292833833023906</LatitudeDegrees>
              <LongitudeDegrees>-81.59569979645312</LongitudeDegrees>
            </Position>
            <AltitudeMeters>176.60000610351562</AltitudeMeters>
            <DistanceMeters>7293.02978515625</DistanceMeters>
            <HeartRateBpm>
              <Value>83</Value>
            </HeartRateBpm>
            <Extensions>
              <ns3:TPX>
                <ns3:Speed>1.8849999904632568</ns3:Speed>
              </ns3:TPX>
            </Extensions>
          </Trackpoint>
          <Trackpoint>
            <Time>2026-08-03T17:06:22.000Z</Time>
            <Position>
              <LatitudeDegrees>44.292776165530086</LatitudeDegrees>
              <LongitudeDegrees>-81.59569443203509</LongitudeDegrees>
            </Position>
            <AltitudeMeters>176.60000610351562</AltitudeMeters>
            <DistanceMeters>7299.3798828125</DistanceMeters>
            <HeartRateBpm>
              <Value>83</Value>
            </HeartRateBpm>
            <Extensions>
              <ns3:TPX>
                <ns3:Speed>1.8849999904632568</ns3:Speed>
              </ns3:TPX>
            </Extensions>
          </Trackpoint>
          <Trackpoint>
            <Time>2026-08-03T17:06:27.000Z</Time>
            <Position>
              <LatitudeDegrees>44.29270357824862</LatitudeDegrees>
              <LongitudeDegrees>-81.59575545229018</LongitudeDegrees>
            </Position>
            <AltitudeMeters>176.60000610351562</AltitudeMeters>
            <DistanceMeters>7308.72998046875</DistanceMeters>
            <HeartRateBpm>
              <Value>82</Value>
            </HeartRateBpm>
            <Extensions>
              <ns3:TPX>
                <ns3:Speed>1.902999997138977</ns3:Speed>
              </ns3:TPX>
            </Extensions>
          </Trackpoint>
          <Trackpoint>
            <Time>2026-08-03T17:06:29.000Z</Time>
            <Position>
              <LatitudeDegrees>44.29267658852041</LatitudeDegrees>
              <LongitudeDegrees>-81.59575201570988</LongitudeDegrees>
            </Position>
            <AltitudeMeters>176.8000030517578</AltitudeMeters>
            <DistanceMeters>7312.1298828125</DistanceMeters>
            <HeartRateBpm>
              <Value>82</Value>
            </HeartRateBpm>
            <Extensions>
              <ns3:TPX>
                <ns3:Speed>1.902999997138977</ns3:Speed>
              </ns3:TPX>
            </Extensions>
          </Trackpoint>
          <Trackpoint>
            <Time>2026-08-03T17:06:32.000Z</Time>
            <Position>
              <LatitudeDegrees>44.292646665126085</LatitudeDegrees>
              <LongitudeDegrees>-81.59577246755362</LongitudeDegrees>
            </Position>
            <AltitudeMeters>176.60000610351562</AltitudeMeters>
            <DistanceMeters>7315.8701171875</DistanceMeters>
            <HeartRateBpm>
              <Value>83</Value>
            </HeartRateBpm>
            <Extensions>
              <ns3:TPX>
                <ns3:Speed>1.8380000591278076</ns3:Speed>
              </ns3:TPX>
            </Extensions>
          </Trackpoint>
          <Trackpoint>
            <Time>2026-08-03T17:06:36.000Z</Time>
            <Position>
              <LatitudeDegrees>44.29258916527033</LatitudeDegrees>
              <LongitudeDegrees>-81.59581110812724</LongitudeDegrees>
            </Position>
            <AltitudeMeters>176.39999389648438</AltitudeMeters>
            <DistanceMeters>7322.97998046875</DistanceMeters>
            <HeartRateBpm>
              <Value>80</Value>
            </HeartRateBpm>
            <Extensions>
              <ns3:TPX>
                <ns3:Speed>1.7910000085830688</ns3:Speed>
              </ns3:TPX>
            </Extensions>
          </Trackpoint>
          <Trackpoint>
            <Time>2026-08-03T17:06:41.000Z</Time>
            <Position>
              <LatitudeDegrees>44.292505010962486</LatitudeDegrees>
              <LongitudeDegrees>-81.59583549946547</LongitudeDegrees>
            </Position>
            <AltitudeMeters>176.39999389648438</AltitudeMeters>
            <DistanceMeters>7332.5400390625</DistanceMeters>
            <HeartRateBpm>
              <Value>78</Value>
            </HeartRateBpm>
            <Extensions>
              <ns3:TPX>
                <ns3:Speed>1.875</ns3:Speed>
              </ns3:TPX>
            </Extensions>
          </Trackpoint>
          <Trackpoint>
            <Time>2026-08-03T17:06:49.000Z</Time>
            <Position>
              <LatitudeDegrees>44.292356399819255</LatitudeDegrees>
              <LongitudeDegrees>-81.59588755108416</LongitudeDegrees>
            </Position>
            <AltitudeMeters>176.1999969482422</AltitudeMeters>
            <DistanceMeters>7349.66015625</DistanceMeters>
            <HeartRateBpm>
              <Value>76</Value>
            </HeartRateBpm>
            <Extensions>
              <ns3:TPX>
                <ns3:Speed>2.00600004196167</ns3:Speed>
              </ns3:TPX>
            </Extensions>
          </Trackpoint>
          <Trackpoint>
            <Time>2026-08-03T17:06:56.000Z</Time>
            <Position>
              <LatitudeDegrees>44.29220753721893</LatitudeDegrees>
              <LongitudeDegrees>-81.5959151275456</LongitudeDegrees>
            </Position>
            <AltitudeMeters>176.39999389648438</AltitudeMeters>
            <DistanceMeters>7366.47998046875</DistanceMeters>
            <HeartRateBpm>
              <Value>74</Value>
            </HeartRateBpm>
            <Extensions>
              <ns3:TPX>
                <ns3:Speed>2.2950000762939453</ns3:Speed>
              </ns3:TPX>
            </Extensions>
          </Trackpoint>
          <Trackpoint>
            <Time>2026-08-03T17:07:04.000Z</Time>
            <Position>
              <LatitudeDegrees>44.29203872568905</LatitudeDegrees>
              <LongitudeDegrees>-81.59591252915561</LongitudeDegrees>
            </Position>
            <AltitudeMeters>176.60000610351562</AltitudeMeters>
            <DistanceMeters>7385.240234375</DistanceMeters>
            <HeartRateBpm>
              <Value>71</Value>
            </HeartRateBpm>
            <Extensions>
              <ns3:TPX>
                <ns3:Speed>2.3980000019073486</ns3:Speed>
              </ns3:TPX>
            </Extensions>
          </Trackpoint>
          <Trackpoint>
            <Time>2026-08-03T17:07:07.000Z</Time>
            <Position>
              <LatitudeDegrees>44.29198181256652</LatitudeDegrees>
              <LongitudeDegrees>-81.59590154886246</LongitudeDegrees>
            </Position>
            <AltitudeMeters>176.60000610351562</AltitudeMeters>
            <DistanceMeters>7391.6201171875</DistanceMeters>
            <HeartRateBpm>
              <Value>70</Value>
            </HeartRateBpm>
            <Extensions>
              <ns3:TPX>
                <ns3:Speed>2.378999948501587</ns3:Speed>
              </ns3:TPX>
            </Extensions>
          </Trackpoint>
          <Trackpoint>
            <Time>2026-08-03T17:07:16.000Z</Time>
            <Position>
              <LatitudeDegrees>44.291801853105426</LatitudeDegrees>
              <LongitudeDegrees>-81.59595812670887</LongitudeDegrees>
            </Position>
            <AltitudeMeters>176.8000030517578</AltitudeMeters>
            <DistanceMeters>7412.43994140625</DistanceMeters>
            <HeartRateBpm>
              <Value>69</Value>
            </HeartRateBpm>
            <Extensions>
              <ns3:TPX>
                <ns3:Speed>2.3610000610351562</ns3:Speed>
              </ns3:TPX>
            </Extensions>
          </Trackpoint>
          <Trackpoint>
            <Time>2026-08-03T17:07:26.000Z</Time>
            <Position>
              <LatitudeDegrees>44.291607812047005</LatitudeDegrees>
              <LongitudeDegrees>-81.59608142450452</LongitudeDegrees>
            </Position>
            <AltitudeMeters>177.0</AltitudeMeters>
            <DistanceMeters>7436.2001953125</DistanceMeters>
            <HeartRateBpm>
              <Value>67</Value>
            </HeartRateBpm>
            <Extensions>
              <ns3:TPX>
                <ns3:Speed>2.4260001182556152</ns3:Speed>
              </ns3:TPX>
            </Extensions>
          </Trackpoint>
          <Trackpoint>
            <Time>2026-08-03T17:07:29.000Z</Time>
            <Position>
              <LatitudeDegrees>44.29153983481228</LatitudeDegrees>
              <LongitudeDegrees>-81.59610883332789</LongitudeDegrees>
            </Position>
            <AltitudeMeters>177.0</AltitudeMeters>
            <DistanceMeters>7444.0498046875</DistanceMeters>
            <HeartRateBpm>
              <Value>64</Value>
            </HeartRateBpm>
            <Extensions>
              <ns3:TPX>
                <ns3:Speed>2.3420000076293945</ns3:Speed>
              </ns3:TPX>
            </Extensions>
          </Trackpoint>
          <Trackpoint>
            <Time>2026-08-03T17:07:35.000Z</Time>
            <Position>
              <LatitudeDegrees>44.29141863249242</LatitudeDegrees>
              <LongitudeDegrees>-81.59618167206645</LongitudeDegrees>
            </Position>
            <AltitudeMeters>177.0</AltitudeMeters>
            <DistanceMeters>7458.77001953125</DistanceMeters>
            <HeartRateBpm>
              <Value>61</Value>
            </HeartRateBpm>
            <Extensions>
              <ns3:TPX>
                <ns3:Speed>2.4070000648498535</ns3:Speed>
              </ns3:TPX>
            </Extensions>
          </Trackpoint>
          <Trackpoint>
            <Time>2026-08-03T17:07:36.000Z</Time>
            <Position>
              <LatitudeDegrees>44.291396252810955</LatitudeDegrees>
              <LongitudeDegrees>-81.59618955105543</LongitudeDegrees>
            </Position>
            <AltitudeMeters>177.0</AltitudeMeters>
            <DistanceMeters>7461.31982421875</DistanceMeters>
            <HeartRateBpm>
              <Value>61</Value>
            </HeartRateBpm>
            <Extensions>
              <ns3:TPX>
                <ns3:Speed>2.4070000648498535</ns3:Speed>
              </ns3:TPX>
            </Extensions>
          </Trackpoint>
          <Trackpoint>
            <Time>2026-08-03T17:07:42.000Z</Time>
            <Position>
              <LatitudeDegrees>44.29126851260662</LatitudeDegrees>
              <LongitudeDegrees>-81.59624428488314</LongitudeDegrees>
            </Position>
            <AltitudeMeters>177.0</AltitudeMeters>
            <DistanceMeters>7476.18017578125</DistanceMeters>
            <HeartRateBpm>
              <Value>58</Value>
            </HeartRateBpm>
            <Extensions>
              <ns3:TPX>
                <ns3:Speed>2.4630000591278076</ns3:Speed>
              </ns3:TPX>
            </Extensions>
          </Trackpoint>
          <Trackpoint>
            <Time>2026-08-03T17:07:47.000Z</Time>
            <Position>
              <LatitudeDegrees>44.29116239771247</LatitudeDegrees>
              <LongitudeDegrees>-81.59629667177796</LongitudeDegrees>
            </Position>
            <AltitudeMeters>177.0</AltitudeMeters>
            <DistanceMeters>7488.68994140625</DistanceMeters>
            <HeartRateBpm>
              <Value>58</Value>
            </HeartRateBpm>
            <Extensions>
              <ns3:TPX>
                <ns3:Speed>2.509999990463257</ns3:Speed>
              </ns3:TPX>
            </Extensions>
          </Trackpoint>
          <Trackpoint>
            <Time>2026-08-03T17:07:58.000Z</Time>
            <Position>
              <LatitudeDegrees>44.290931560099125</LatitudeDegrees>
              <LongitudeDegrees>-81.59640396013856</LongitudeDegrees>
            </Position>
            <AltitudeMeters>177.0</AltitudeMeters>
            <DistanceMeters>7515.759765625</DistanceMeters>
            <HeartRateBpm>
              <Value>56</Value>
            </HeartRateBpm>
            <Extensions>
              <ns3:TPX>
                <ns3:Speed>2.4070000648498535</ns3:Speed>
              </ns3:TPX>
            </Extensions>
          </Trackpoint>
          <Trackpoint>
            <Time>2026-08-03T17:08:12.000Z</Time>
            <Position>
              <LatitudeDegrees>44.290655460208654</LatitudeDegrees>
              <LongitudeDegrees>-81.59651837311685</LongitudeDegrees>
            </Position>
            <AltitudeMeters>177.1999969482422</AltitudeMeters>
            <DistanceMeters>7547.83984375</DistanceMeters>
            <HeartRateBpm>
              <Value>54</Value>
            </HeartRateBpm>
            <Extensions>
              <ns3:TPX>
                <ns3:Speed>2.1089999675750732</ns3:Speed>
              </ns3:TPX>
            </Extensions>
          </Trackpoint>
          <Trackpoint>
            <Time>2026-08-03T17:08:20.000Z</Time>
            <Position>
              <LatitudeDegrees>44.29048866033554</LatitudeDegrees>
              <LongitudeDegrees>-81.59652122296393</LongitudeDegrees>
            </Position>
            <AltitudeMeters>177.0</AltitudeMeters>
            <DistanceMeters>7566.41015625</DistanceMeters>
            <HeartRateBpm>
              <Value>52</Value>
            </HeartRateBpm>
            <Extensions>
              <ns3:TPX>
                <ns3:Speed>1.9869999885559082</ns3:Speed>
              </ns3:TPX>
            </Extensions>
          </Trackpoint>
          <Trackpoint>
            <Time>2026-08-03T17:08:30.000Z</Time>
            <Position>
              <LatitudeDegrees>44.29035170003772</LatitudeDegrees>
              <LongitudeDegrees>-81.59649800509214</LongitudeDegrees>
            </Position>
            <AltitudeMeters>177.0</AltitudeMeters>
            <DistanceMeters>7581.77001953125</DistanceMeters>
            <HeartRateBpm>
              <Value>55</Value>
            </HeartRateBpm>
            <Extensions>
              <ns3:TPX>
                <ns3:Speed>1.7170000076293945</ns3:Speed>
              </ns3:TPX>
            </Extensions>
          </Trackpoint>
          <Trackpoint>
            <Time>2026-08-03T17:08:33.000Z</Time>
            <Position>
              <LatitudeDegrees>44.290312472730875</LatitudeDegrees>
              <LongitudeDegrees>-81.59650730900466</LongitudeDegrees>
            </Position>
            <AltitudeMeters>177.0</AltitudeMeters>
            <DistanceMeters>7586.18017578125</DistanceMeters>
            <HeartRateBpm>
              <Value>56</Value>
            </HeartRateBpm>
            <Extensions>
              <ns3:TPX>
                <ns3:Speed>1.6519999504089355</ns3:Speed>
              </ns3:TPX>
            </Extensions>
          </Trackpoint>
          <Trackpoint>
            <Time>2026-08-03T17:08:42.000Z</Time>
            <Position>
              <LatitudeDegrees>44.29020183160901</LatitudeDegrees>
              <LongitudeDegrees>-81.59657000564039</LongitudeDegrees>
            </Position>
            <AltitudeMeters>177.0</AltitudeMeters>
            <DistanceMeters>7599.52001953125</DistanceMeters>
            <HeartRateBpm>
              <Value>58</Value>
            </HeartRateBpm>
            <Extensions>
              <ns3:TPX>
                <ns3:Speed>1.4179999828338623</ns3:Speed>
              </ns3:TPX>
            </Extensions>
          </Trackpoint>
          <Trackpoint>
            <Time>2026-08-03T17:08:53.000Z</Time>
            <Position>
              <LatitudeDegrees>44.29007417522371</LatitudeDegrees>
              <LongitudeDegrees>-81.59666799008846</LongitudeDegrees>
            </Position>
            <AltitudeMeters>177.0</AltitudeMeters>
            <DistanceMeters>7615.7900390625</DistanceMeters>
            <HeartRateBpm>
              <Value>58</Value>
            </HeartRateBpm>
            <Extensions>
              <ns3:TPX>
                <ns3:Speed>1.4559999704360962</ns3:Speed>
              </ns3:TPX>
            </Extensions>
          </Trackpoint>
          <Trackpoint>
            <Time>2026-08-03T17:09:06.000Z</Time>
            <Position>
              <LatitudeDegrees>44.28990863263607</LatitudeDegrees>
              <LongitudeDegrees>-81.59677016548812</LongitudeDegrees>
            </Position>
            <AltitudeMeters>177.1999969482422</AltitudeMeters>
            <DistanceMeters>7635.89990234375</DistanceMeters>
            <HeartRateBpm>
              <Value>56</Value>
            </HeartRateBpm>
            <Extensions>
              <ns3:TPX>
                <ns3:Speed>1.4179999828338623</ns3:Speed>
              </ns3:TPX>
            </Extensions>
          </Trackpoint>
          <Trackpoint>
            <Time>2026-08-03T17:09:15.000Z</Time>
            <Position>
              <LatitudeDegrees>44.28981006145477</LatitudeDegrees>
              <LongitudeDegrees>-81.59679296426475</LongitudeDegrees>
            </Position>
            <AltitudeMeters>177.1999969482422</AltitudeMeters>
            <DistanceMeters>7647.02001953125</DistanceMeters>
            <HeartRateBpm>
              <Value>53</Value>
            </HeartRateBpm>
            <Extensions>
              <ns3:TPX>
                <ns3:Speed>1.38100004196167</ns3:Speed>
              </ns3:TPX>
            </Extensions>
          </Trackpoint>
          <Trackpoint>
            <Time>2026-08-03T17:09:24.000Z</Time>
            <Position>
              <LatitudeDegrees>44.28972699679434</LatitudeDegrees>
              <LongitudeDegrees>-81.59685473889112</LongitudeDegrees>
            </Position>
            <AltitudeMeters>177.0</AltitudeMeters>
            <DistanceMeters>7657.509765625</DistanceMeters>
            <HeartRateBpm>
              <Value>52</Value>
            </HeartRateBpm>
            <Extensions>
              <ns3:TPX>
                <ns3:Speed>1.399999976158142</ns3:Speed>
              </ns3:TPX>
            </Extensions>
          </Trackpoint>
          <Trackpoint>
            <Time>2026-08-03T17:09:34.000Z</Time>
            <Position>
              <LatitudeDegrees>44.289611326530576</LatitudeDegrees>
              <LongitudeDegrees>-81.59690134227276</LongitudeDegrees>
            </Position>
            <AltitudeMeters>177.39999389648438</AltitudeMeters>
            <DistanceMeters>7670.7900390625</DistanceMeters>
            <HeartRateBpm>
              <Value>54</Value>
            </HeartRateBpm>
            <Extensions>
              <ns3:TPX>
                <ns3:Speed>1.25</ns3:Speed>
              </ns3:TPX>
            </Extensions>
          </Trackpoint>
          <Trackpoint>
            <Time>2026-08-03T17:09:44.000Z</Time>
            <Position>
              <LatitudeDegrees>44.2895149346441</LatitudeDegrees>
              <LongitudeDegrees>-81.5969405695796</LongitudeDegrees>
            </Position>
            <AltitudeMeters>177.1999969482422</AltitudeMeters>
            <DistanceMeters>7681.93994140625</DistanceMeters>
            <HeartRateBpm>
              <Value>54</Value>
            </HeartRateBpm>
            <Extensions>
              <ns3:TPX>
                <ns3:Speed>1.2319999933242798</ns3:Speed>
              </ns3:TPX>
            </Extensions>
          </Trackpoint>
          <Trackpoint>
            <Time>2026-08-03T17:09:46.000Z</Time>
            <Position>
              <LatitudeDegrees>44.28949129767716</LatitudeDegrees>
              <LongitudeDegrees>-81.59694526344538</LongitudeDegrees>
            </Position>
            <AltitudeMeters>177.1999969482422</AltitudeMeters>
            <DistanceMeters>7684.58984375</DistanceMeters>
            <HeartRateBpm>
              <Value>57</Value>
            </HeartRateBpm>
            <Extensions>
              <ns3:TPX>
                <ns3:Speed>1.2319999933242798</ns3:Speed>
              </ns3:TPX>
            </Extensions>
          </Trackpoint>
          <Trackpoint>
            <Time>2026-08-03T17:09:50.000Z</Time>
            <Position>
              <LatitudeDegrees>44.28944142535329</LatitudeDegrees>
              <LongitudeDegrees>-81.5969543159008</LongitudeDegrees>
            </Position>
            <AltitudeMeters>177.1999969482422</AltitudeMeters>
            <DistanceMeters>7690.18994140625</DistanceMeters>
            <HeartRateBpm>
              <Value>54</Value>
            </HeartRateBpm>
            <Extensions>
              <ns3:TPX>
                <ns3:Speed>1.1759999990463257</ns3:Speed>
              </ns3:TPX>
            </Extensions>
          </Trackpoint>
          <Trackpoint>
            <Time>2026-08-03T17:09:51.000Z</Time>
            <Position>
              <LatitudeDegrees>44.289430947974324</LatitudeDegrees>
              <LongitudeDegrees>-81.59695674665272</LongitudeDegrees>
            </Position>
            <AltitudeMeters>177.1999969482422</AltitudeMeters>
            <DistanceMeters>7691.3798828125</DistanceMeters>
            <HeartRateBpm>
              <Value>57</Value>
            </HeartRateBpm>
            <Extensions>
              <ns3:TPX>
                <ns3:Speed>1.1480000019073486</ns3:Speed>
              </ns3:TPX>
            </Extensions>
          </Trackpoint>
          <Trackpoint>
            <Time>2026-08-03T17:09:58.000Z</Time>
            <Position>
              <LatitudeDegrees>44.28935316391289</LatitudeDegrees>
              <LongitudeDegrees>-81.59698004834354</LongitudeDegrees>
            </Position>
            <AltitudeMeters>177.39999389648438</AltitudeMeters>
            <DistanceMeters>7700.22021484375</DistanceMeters>
            <HeartRateBpm>
              <Value>57</Value>
            </HeartRateBpm>
            <Extensions>
              <ns3:TPX>
                <ns3:Speed>1.3530000448226929</ns3:Speed>
              </ns3:TPX>
            </Extensions>
          </Trackpoint>
          <Trackpoint>
            <Time>2026-08-03T17:09:59.000Z</Time>
            <Position>
              <LatitudeDegrees>44.28933992050588</LatitudeDegrees>
              <LongitudeDegrees>-81.59698382019997</LongitudeDegrees>
            </Position>
            <AltitudeMeters>177.39999389648438</AltitudeMeters>
            <DistanceMeters>7701.72998046875</DistanceMeters>
            <HeartRateBpm>
              <Value>60</Value>
            </HeartRateBpm>
            <Extensions>
              <ns3:TPX>
                <ns3:Speed>1.3530000448226929</ns3:Speed>
              </ns3:TPX>
            </Extensions>
          </Trackpoint>
          <Trackpoint>
            <Time>2026-08-03T17:10:00.000Z</Time>
            <Position>
              <LatitudeDegrees>44.28932650946081</LatitudeDegrees>
              <LongitudeDegrees>-81.59698817878962</LongitudeDegrees>
            </Position>
            <AltitudeMeters>177.39999389648438</AltitudeMeters>
            <DistanceMeters>7703.25</DistanceMeters>
            <HeartRateBpm>
              <Value>57</Value>
            </HeartRateBpm>
            <Extensions>
              <ns3:TPX>
                <ns3:Speed>1.3530000448226929</ns3:Speed>
              </ns3:TPX>
            </Extensions>
          </Trackpoint>
          <Trackpoint>
            <Time>2026-08-03T17:10:06.000Z</Time>
            <Position>
              <LatitudeDegrees>44.28925828076899</LatitudeDegrees>
              <LongitudeDegrees>-81.59699161536992</LongitudeDegrees>
            </Position>
            <AltitudeMeters>177.39999389648438</AltitudeMeters>
            <DistanceMeters>7710.83984375</DistanceMeters>
            <HeartRateBpm>
              <Value>54</Value>
            </HeartRateBpm>
            <Extensions>
              <ns3:TPX>
                <ns3:Speed>1.3530000448226929</ns3:Speed>
              </ns3:TPX>
            </Extensions>
          </Trackpoint>
          <Trackpoint>
            <Time>2026-08-03T17:10:10.000Z</Time>
            <Position>
              <LatitudeDegrees>44.28921142593026</LatitudeDegrees>
              <LongitudeDegrees>-81.5969910286367</LongitudeDegrees>
            </Position>
            <AltitudeMeters>177.1999969482422</AltitudeMeters>
            <DistanceMeters>7716.0400390625</DistanceMeters>
            <HeartRateBpm>
              <Value>55</Value>
            </HeartRateBpm>
            <Extensions>
              <ns3:TPX>
                <ns3:Speed>1.2410000562667847</ns3:Speed>
              </ns3:TPX>
            </Extensions>
          </Trackpoint>
          <Trackpoint>
            <Time>2026-08-03T17:10:13.000Z</Time>
            <Position>
              <LatitudeDegrees>44.28918099962175</LatitudeDegrees>
              <LongitudeDegrees>-81.59698130562901</LongitudeDegrees>
            </Position>
            <AltitudeMeters>177.1999969482422</AltitudeMeters>
            <DistanceMeters>7719.509765625</DistanceMeters>
            <HeartRateBpm>
              <Value>59</Value>
            </HeartRateBpm>
            <Extensions>
              <ns3:TPX>
                <ns3:Speed>1.194000005722046</ns3:Speed>
              </ns3:TPX>
            </Extensions>
          </Trackpoint>
          <Trackpoint>
            <Time>2026-08-03T17:10:14.000Z</Time>
            <Position>
              <LatitudeDegrees>44.28917362354696</LatitudeDegrees>
              <LongitudeDegrees>-81.59698298200965</LongitudeDegrees>
            </Position>
            <AltitudeMeters>177.1999969482422</AltitudeMeters>
            <DistanceMeters>7720.31005859375</DistanceMeters>
            <HeartRateBpm>
              <Value>55</Value>
            </HeartRateBpm>
            <Extensions>
              <ns3:TPX>
                <ns3:Speed>1.1480000019073486</ns3:Speed>
              </ns3:TPX>
            </Extensions>
          </Trackpoint>
          <Trackpoint>
            <Time>2026-08-03T17:10:18.000Z</Time>
            <Position>
              <LatitudeDegrees>44.28914135321975</LatitudeDegrees>
              <LongitudeDegrees>-81.59698633477092</LongitudeDegrees>
            </Position>
            <AltitudeMeters>177.39999389648438</AltitudeMeters>
            <DistanceMeters>7723.93017578125</DistanceMeters>
            <HeartRateBpm>
              <Value>58</Value>
            </HeartRateBpm>
            <Extensions>
              <ns3:TPX>
                <ns3:Speed>1.0820000171661377</ns3:Speed>
              </ns3:TPX>
            </Extensions>
          </Trackpoint>
          <Trackpoint>
            <Time>2026-08-03T17:10:21.000Z</Time>
            <Position>
              <LatitudeDegrees>44.289107993245125</LatitudeDegrees>
              <LongitudeDegrees>-81.59698675386608</LongitudeDegrees>
            </Position>
            <AltitudeMeters>177.39999389648438</AltitudeMeters>
            <DistanceMeters>7727.6201171875</DistanceMeters>
            <HeartRateBpm>
              <Value>57</Value>
            </HeartRateBpm>
            <Extensions>
              <ns3:TPX>
                <ns3:Speed>1.1009999513626099</ns3:Speed>
              </ns3:TPX>
            </Extensions>
          </Trackpoint>
          <Trackpoint>
            <Time>2026-08-03T17:10:23.000Z</Time>
            <Position>
              <LatitudeDegrees>44.289090391248465</LatitudeDegrees>
              <LongitudeDegrees>-81.5969939623028</LongitudeDegrees>
            </Position>
            <AltitudeMeters>177.39999389648438</AltitudeMeters>
            <DistanceMeters>7729.66015625</DistanceMeters>
            <HeartRateBpm>
              <Value>60</Value>
            </HeartRateBpm>
            <Extensions>
              <ns3:TPX>
                <ns3:Speed>1.1009999513626099</ns3:Speed>
              </ns3:TPX>
            </Extensions>
          </Trackpoint>
          <Trackpoint>
            <Time>2026-08-03T17:10:28.000Z</Time>
            <Position>
              <LatitudeDegrees>44.28903356194496</LatitudeDegrees>
              <LongitudeDegrees>-81.59701818600297</LongitudeDegrees>
            </Position>
            <AltitudeMeters>177.39999389648438</AltitudeMeters>
            <DistanceMeters>7736.27001953125</DistanceMeters>
            <HeartRateBpm>
              <Value>63</Value>
            </HeartRateBpm>
            <Extensions>
              <ns3:TPX>
                <ns3:Speed>1.194000005722046</ns3:Speed>
              </ns3:TPX>
            </Extensions>
          </Trackpoint>
          <Trackpoint>
            <Time>2026-08-03T17:10:29.000Z</Time>
            <Position>
              <LatitudeDegrees>44.28902375511825</LatitudeDegrees>
              <LongitudeDegrees>-81.5970272384584</LongitudeDegrees>
            </Position>
            <AltitudeMeters>177.39999389648438</AltitudeMeters>
            <DistanceMeters>7737.52001953125</DistanceMeters>
            <HeartRateBpm>
              <Value>62</Value>
            </HeartRateBpm>
            <Extensions>
              <ns3:TPX>
                <ns3:Speed>1.2130000591278076</ns3:Speed>
              </ns3:TPX>
            </Extensions>
          </Trackpoint>
          <Trackpoint>
            <Time>2026-08-03T17:10:38.000Z</Time>
            <Position>
              <LatitudeDegrees>44.28891713730991</LatitudeDegrees>
              <LongitudeDegrees>-81.59705917350948</LongitudeDegrees>
            </Position>
            <AltitudeMeters>177.1999969482422</AltitudeMeters>
            <DistanceMeters>7749.64990234375</DistanceMeters>
            <HeartRateBpm>
              <Value>64</Value>
            </HeartRateBpm>
            <Extensions>
              <ns3:TPX>
                <ns3:Speed>1.4739999771118164</ns3:Speed>
              </ns3:TPX>
            </Extensions>
          </Trackpoint>
          <Trackpoint>
            <Time>2026-08-03T17:10:47.000Z</Time>
            <Position>
              <LatitudeDegrees>44.28882175125182</LatitudeDegrees>
              <LongitudeDegrees>-81.59710804000497</LongitudeDegrees>
            </Position>
            <AltitudeMeters>177.1999969482422</AltitudeMeters>
            <DistanceMeters>7761.0</DistanceMeters>
            <HeartRateBpm>
              <Value>62</Value>
            </HeartRateBpm>
            <Extensions>
              <ns3:TPX>
                <ns3:Speed>1.3530000448226929</ns3:Speed>
              </ns3:TPX>
            </Extensions>
          </Trackpoint>
          <Trackpoint>
            <Time>2026-08-03T17:10:57.000Z</Time>
            <Position>
              <LatitudeDegrees>44.28870918229222</LatitudeDegrees>
              <LongitudeDegrees>-81.59716847352684</LongitudeDegrees>
            </Position>
            <AltitudeMeters>177.1999969482422</AltitudeMeters>
            <DistanceMeters>7774.39990234375</DistanceMeters>
            <HeartRateBpm>
              <Value>59</Value>
            </HeartRateBpm>
            <Extensions>
              <ns3:TPX>
                <ns3:Speed>1.371999979019165</ns3:Speed>
              </ns3:TPX>
            </Extensions>
          </Trackpoint>
          <Trackpoint>
            <Time>2026-08-03T17:10:59.000Z</Time>
            <Position>
              <LatitudeDegrees>44.28868814371526</LatitudeDegrees>
              <LongitudeDegrees>-81.59717509523034</LongitudeDegrees>
            </Position>
            <AltitudeMeters>177.1999969482422</AltitudeMeters>
            <DistanceMeters>7776.77001953125</DistanceMeters>
            <HeartRateBpm>
              <Value>60</Value>
            </HeartRateBpm>
            <Extensions>
              <ns3:TPX>
                <ns3:Speed>1.371999979019165</ns3:Speed>
              </ns3:TPX>
            </Extensions>
          </Trackpoint>
          <Trackpoint>
            <Time>2026-08-03T17:11:09.000Z</Time>
            <Position>
              <LatitudeDegrees>44.28858487866819</LatitudeDegrees>
              <LongitudeDegrees>-81.59720007330179</LongitudeDegrees>
            </Position>
            <AltitudeMeters>177.39999389648438</AltitudeMeters>
            <DistanceMeters>7788.47021484375</DistanceMeters>
            <HeartRateBpm>
              <Value>58</Value>
            </HeartRateBpm>
            <Extensions>
              <ns3:TPX>
                <ns3:Speed>1.1660000085830688</ns3:Speed>
              </ns3:TPX>
            </Extensions>
          </Trackpoint>
          <Trackpoint>
            <Time>2026-08-03T17:11:20.000Z</Time>
            <Position>
              <LatitudeDegrees>44.288479601964355</LatitudeDegrees>
              <LongitudeDegrees>-81.59725246019661</LongitudeDegrees>
            </Position>
            <AltitudeMeters>177.39999389648438</AltitudeMeters>
            <DistanceMeters>7800.990234375</DistanceMeters>
            <HeartRateBpm>
              <Value>57</Value>
            </HeartRateBpm>
            <Extensions>
              <ns3:TPX>
                <ns3:Speed>1.222000002861023</ns3:Speed>
              </ns3:TPX>
            </Extensions>
          </Trackpoint>
          <Trackpoint>
            <Time>2026-08-03T17:11:26.000Z</Time>
            <Position>
              <LatitudeDegrees>44.28841782733798</LatitudeDegrees>
              <LongitudeDegrees>-81.59726654179394</LongitudeDegrees>
            </Position>
            <AltitudeMeters>177.39999389648438</AltitudeMeters>
            <DistanceMeters>7807.97021484375</DistanceMeters>
            <HeartRateBpm>
              <Value>60</Value>
            </HeartRateBpm>
            <Extensions>
              <ns3:TPX>
                <ns3:Speed>1.2130000591278076</ns3:Speed>
              </ns3:TPX>
            </Extensions>
          </Trackpoint>
          <Trackpoint>
            <Time>2026-08-03T17:11:27.000Z</Time>
            <Position>
              <LatitudeDegrees>44.288409193977714</LatitudeDegrees>
              <LongitudeDegrees>-81.59727291204035</LongitudeDegrees>
            </Position>
            <AltitudeMeters>177.39999389648438</AltitudeMeters>
            <DistanceMeters>7809.0400390625</DistanceMeters>
            <HeartRateBpm>
              <Value>57</Value>
            </HeartRateBpm>
            <Extensions>
              <ns3:TPX>
                <ns3:Speed>1.2130000591278076</ns3:Speed>
              </ns3:TPX>
            </Extensions>
          </Trackpoint>
          <Trackpoint>
            <Time>2026-08-03T17:11:29.000Z</Time>
            <Position>
              <LatitudeDegrees>44.28839033469558</LatitudeDegrees>
              <LongitudeDegrees>-81.59728037193418</LongitudeDegrees>
            </Position>
            <AltitudeMeters>177.39999389648438</AltitudeMeters>
            <DistanceMeters>7811.18994140625</DistanceMeters>
            <HeartRateBpm>
              <Value>57</Value>
            </HeartRateBpm>
            <Extensions>
              <ns3:TPX>
                <ns3:Speed>1.2130000591278076</ns3:Speed>
              </ns3:TPX>
            </Extensions>
          </Trackpoint>
          <Trackpoint>
            <Time>2026-08-03T17:11:39.000Z</Time>
            <Position>
              <LatitudeDegrees>44.28829033859074</LatitudeDegrees>
              <LongitudeDegrees>-81.59728716127574</LongitudeDegrees>
            </Position>
            <AltitudeMeters>177.39999389648438</AltitudeMeters>
            <DistanceMeters>7822.31005859375</DistanceMeters>
            <HeartRateBpm>
              <Value>59</Value>
            </HeartRateBpm>
            <Extensions>
              <ns3:TPX>
                <ns3:Speed>1.0729999542236328</ns3:Speed>
              </ns3:TPX>
            </Extensions>
          </Trackpoint>
          <Trackpoint>
            <Time>2026-08-03T17:11:51.000Z</Time>
            <Position>
              <LatitudeDegrees>44.288166873157024</LatitudeDegrees>
              <LongitudeDegrees>-81.59732462838292</LongitudeDegrees>
            </Position>
            <AltitudeMeters>177.60000610351562</AltitudeMeters>
            <DistanceMeters>7836.35009765625</DistanceMeters>
            <HeartRateBpm>
              <Value>62</Value>
            </HeartRateBpm>
            <Extensions>
              <ns3:TPX>
                <ns3:Speed>1.194000005722046</ns3:Speed>
              </ns3:TPX>
            </Extensions>
          </Trackpoint>
          <Trackpoint>
            <Time>2026-08-03T17:11:54.000Z</Time>
            <Position>
              <LatitudeDegrees>44.288141978904605</LatitudeDegrees>
              <LongitudeDegrees>-81.59733904525638</LongitudeDegrees>
            </Position>
            <AltitudeMeters>177.60000610351562</AltitudeMeters>
            <DistanceMeters>7839.31982421875</DistanceMeters>
            <HeartRateBpm>
              <Value>65</Value>
            </HeartRateBpm>
            <Extensions>
              <ns3:TPX>
                <ns3:Speed>1.184999942779541</ns3:Speed>
              </ns3:TPX>
            </Extensions>
          </Trackpoint>
          <Trackpoint>
            <Time>2026-08-03T17:11:57.000Z</Time>
            <Position>
              <LatitudeDegrees>44.288113648071885</LatitudeDegrees>
              <LongitudeDegrees>-81.59733862616122</LongitudeDegrees>
            </Position>
            <AltitudeMeters>177.60000610351562</AltitudeMeters>
            <DistanceMeters>7842.509765625</DistanceMeters>
            <HeartRateBpm>
              <Value>68</Value>
            </HeartRateBpm>
            <Extensions>
              <ns3:TPX>
                <ns3:Speed>1.0729999542236328</ns3:Speed>
              </ns3:TPX>
            </Extensions>
          </Trackpoint>
          <Trackpoint>
            <Time>2026-08-03T17:12:00.000Z</Time>
            <Position>
              <LatitudeDegrees>44.28808070719242</LatitudeDegrees>
              <LongitudeDegrees>-81.59731457009912</LongitudeDegrees>
            </Position>
            <AltitudeMeters>177.39999389648438</AltitudeMeters>
            <DistanceMeters>7846.64013671875</DistanceMeters>
            <HeartRateBpm>
              <Value>69</Value>
            </HeartRateBpm>
            <Extensions>
              <ns3:TPX>
                <ns3:Speed>0.9700000286102295</ns3:Speed>
              </ns3:TPX>
            </Extensions>
          </Trackpoint>
          <Trackpoint>
            <Time>2026-08-03T17:12:05.000Z</Time>
            <Position>
              <LatitudeDegrees>44.28803971968591</LatitudeDegrees>
              <LongitudeDegrees>-81.59727425314486</LongitudeDegrees>
            </Position>
            <AltitudeMeters>177.39999389648438</AltitudeMeters>
            <DistanceMeters>7852.18017578125</DistanceMeters>
            <HeartRateBpm>
              <Value>72</Value>
            </HeartRateBpm>
            <Extensions>
              <ns3:TPX>
                <ns3:Speed>1.0729999542236328</ns3:Speed>
              </ns3:TPX>
            </Extensions>
          </Trackpoint>
          <Trackpoint>
            <Time>2026-08-03T17:12:13.000Z</Time>
            <Position>
              <LatitudeDegrees>44.287978783249855</LatitudeDegrees>
              <LongitudeDegrees>-81.59723619930446</LongitudeDegrees>
            </Position>
            <AltitudeMeters>177.39999389648438</AltitudeMeters>
            <DistanceMeters>7859.66015625</DistanceMeters>
            <HeartRateBpm>
              <Value>71</Value>
            </HeartRateBpm>
            <Extensions>
              <ns3:TPX>
                <ns3:Speed>1.0640000104904175</ns3:Speed>
              </ns3:TPX>
            </Extensions>
          </Trackpoint>
          <Trackpoint>
            <Time>2026-08-03T17:12:21.000Z</Time>
            <Position>
              <LatitudeDegrees>44.28792145103216</LatitudeDegrees>
              <LongitudeDegrees>-81.59722287207842</LongitudeDegrees>
            </Position>
            <AltitudeMeters>177.39999389648438</AltitudeMeters>
            <DistanceMeters>7866.10009765625</DistanceMeters>
            <HeartRateBpm>
              <Value>68</Value>
            </HeartRateBpm>
            <Extensions>
              <ns3:TPX>
                <ns3:Speed>0.9700000286102295</ns3:Speed>
              </ns3:TPX>
            </Extensions>
          </Trackpoint>
          <Trackpoint>
            <Time>2026-08-03T17:12:22.000Z</Time>
            <Position>
              <LatitudeDegrees>44.287913236767054</LatitudeDegrees>
              <LongitudeDegrees>-81.59722077660263</LongitudeDegrees>
            </Position>
            <AltitudeMeters>177.39999389648438</AltitudeMeters>
            <DistanceMeters>7867.02001953125</DistanceMeters>
            <HeartRateBpm>
              <Value>69</Value>
            </HeartRateBpm>
            <Extensions>
              <ns3:TPX>
                <ns3:Speed>0.9240000247955322</ns3:Speed>
              </ns3:TPX>
            </Extensions>
          </Trackpoint>
          <Trackpoint>
            <Time>2026-08-03T17:12:30.000Z</Time>
            <Position>
              <LatitudeDegrees>44.28785582073033</LatitudeDegrees>
              <LongitudeDegrees>-81.59720979630947</LongitudeDegrees>
            </Position>
            <AltitudeMeters>177.39999389648438</AltitudeMeters>
            <DistanceMeters>7873.509765625</DistanceMeters>
            <HeartRateBpm>
              <Value>67</Value>
            </HeartRateBpm>
            <Extensions>
              <ns3:TPX>
                <ns3:Speed>0.8679999709129333</ns3:Speed>
              </ns3:TPX>
            </Extensions>
          </Trackpoint>
          <Trackpoint>
            <Time>2026-08-03T17:12:39.000Z</Time>
            <Position>
              <LatitudeDegrees>44.28780117072165</LatitudeDegrees>
              <LongitudeDegrees>-81.59723997116089</LongitudeDegrees>
            </Position>
            <AltitudeMeters>177.39999389648438</AltitudeMeters>
            <DistanceMeters>7880.0400390625</DistanceMeters>
            <HeartRateBpm>
              <Value>65</Value>
            </HeartRateBpm>
            <Extensions>
              <ns3:TPX>
                <ns3:Speed>0.699999988079071</ns3:Speed>
              </ns3:TPX>
            </Extensions>
          </Trackpoint>
          <Trackpoint>
            <Time>2026-08-03T17:12:53.000Z</Time>
            <Position>
              <LatitudeDegrees>44.287716429680586</LatitudeDegrees>
              <LongitudeDegrees>-81.59728431142867</LongitudeDegrees>
            </Position>
            <AltitudeMeters>177.60000610351562</AltitudeMeters>
            <DistanceMeters>7890.14990234375</DistanceMeters>
            <HeartRateBpm>
              <Value>65</Value>
            </HeartRateBpm>
            <Extensions>
              <ns3:TPX>
                <ns3:Speed>0.6809999942779541</ns3:Speed>
              </ns3:TPX>
            </Extensions>
          </Trackpoint>
          <Trackpoint>
            <Time>2026-08-03T17:13:01.000Z</Time>
            <Position>
              <LatitudeDegrees>44.28769648075104</LatitudeDegrees>
              <LongitudeDegrees>-81.59726059064269</LongitudeDegrees>
            </Position>
            <AltitudeMeters>177.39999389648438</AltitudeMeters>
            <DistanceMeters>7893.22021484375</DistanceMeters>
            <HeartRateBpm>
              <Value>65</Value>
            </HeartRateBpm>
            <Extensions>
              <ns3:TPX>
                <ns3:Speed>0.46700000762939453</ns3:Speed>
              </ns3:TPX>
            </Extensions>
          </Trackpoint>
          <Trackpoint>
            <Time>2026-08-03T17:13:03.000Z</Time>
            <Position>
              <LatitudeDegrees>44.28769011050463</LatitudeDegrees>
              <LongitudeDegrees>-81.59725631587207</LongitudeDegrees>
            </Position>
            <AltitudeMeters>177.1999969482422</AltitudeMeters>
            <DistanceMeters>7894.0</DistanceMeters>
            <HeartRateBpm>
              <Value>62</Value>
            </HeartRateBpm>
            <Extensions>
              <ns3:TPX>
                <ns3:Speed>0.0</ns3:Speed>
              </ns3:TPX>
            </Extensions>
          </Trackpoint>
          <Trackpoint>
            <Time>2026-08-03T17:13:06.000Z</Time>
            <Position>
              <LatitudeDegrees>44.28768189623952</LatitudeDegrees>
              <LongitudeDegrees>-81.59725757315755</LongitudeDegrees>
            </Position>
            <AltitudeMeters>177.1999969482422</AltitudeMeters>
            <DistanceMeters>7894.9599609375</DistanceMeters>
            <HeartRateBpm>
              <Value>63</Value>
            </HeartRateBpm>
            <Extensions>
              <ns3:TPX>
                <ns3:Speed>0.0</ns3:Speed>
              </ns3:TPX>
            </Extensions>
          </Trackpoint>
          <Trackpoint>
            <Time>2026-08-03T17:13:12.000Z</Time>
            <Position>
              <LatitudeDegrees>44.28767904639244</LatitudeDegrees>
              <LongitudeDegrees>-81.59722982905805</LongitudeDegrees>
            </Position>
            <AltitudeMeters>177.0</AltitudeMeters>
            <DistanceMeters>7897.81982421875</DistanceMeters>
            <HeartRateBpm>
              <Value>66</Value>
            </HeartRateBpm>
            <Extensions>
              <ns3:TPX>
                <ns3:Speed>0.8399999737739563</ns3:Speed>
              </ns3:TPX>
            </Extensions>
          </Trackpoint>
          <Trackpoint>
            <Time>2026-08-03T17:13:13.000Z</Time>
            <Position>
              <LatitudeDegrees>44.28768005222082</LatitudeDegrees>
              <LongitudeDegrees>-81.59722027368844</LongitudeDegrees>
            </Position>
            <AltitudeMeters>177.0</AltitudeMeters>
            <DistanceMeters>7898.58984375</DistanceMeters>
            <HeartRateBpm>
              <Value>63</Value>
            </HeartRateBpm>
            <Extensions>
              <ns3:TPX>
                <ns3:Speed>0.8019999861717224</ns3:Speed>
              </ns3:TPX>
            </Extensions>
          </Trackpoint>
          <Trackpoint>
            <Time>2026-08-03T17:13:19.000Z</Time>
            <Position>
              <LatitudeDegrees>44.28767644800246</LatitudeDegrees>
              <LongitudeDegrees>-81.5971993189305</LongitudeDegrees>
            </Position>
            <AltitudeMeters>177.0</AltitudeMeters>
            <DistanceMeters>7900.64990234375</DistanceMeters>
            <HeartRateBpm>
              <Value>61</Value>
            </HeartRateBpm>
            <Extensions>
              <ns3:TPX>
                <ns3:Speed>0.5320000052452087</ns3:Speed>
              </ns3:TPX>
            </Extensions>
          </Trackpoint>
          <Trackpoint>
            <Time>2026-08-03T17:13:24.000Z</Time>
            <Position>
              <LatitudeDegrees>44.28768231533468</LatitudeDegrees>
              <LongitudeDegrees>-81.59718456678092</LongitudeDegrees>
            </Position>
            <AltitudeMeters>177.0</AltitudeMeters>
            <DistanceMeters>7902.06982421875</DistanceMeters>
            <HeartRateBpm>
              <Value>61</Value>
            </HeartRateBpm>
            <Extensions>
              <ns3:TPX>
                <ns3:Speed>0.0</ns3:Speed>
              </ns3:TPX>
            </Extensions>
          </Trackpoint>
          <Trackpoint>
            <Time>2026-08-03T17:13:30.000Z</Time>
            <Position>
              <LatitudeDegrees>44.2876863386482</LatitudeDegrees>
              <LongitudeDegrees>-81.59715447574854</LongitudeDegrees>
            </Position>
            <AltitudeMeters>177.0</AltitudeMeters>
            <DistanceMeters>7904.72021484375</DistanceMeters>
            <HeartRateBpm>
              <Value>64</Value>
            </HeartRateBpm>
            <Extensions>
              <ns3:TPX>
                <ns3:Speed>0.0</ns3:Speed>
              </ns3:TPX>
            </Extensions>
          </Trackpoint>
          <Trackpoint>
            <Time>2026-08-03T17:13:34.000Z</Time>
            <Position>
              <LatitudeDegrees>44.287695391103625</LatitudeDegrees>
              <LongitudeDegrees>-81.5971221216023</LongitudeDegrees>
            </Position>
            <AltitudeMeters>177.0</AltitudeMeters>
            <DistanceMeters>7907.490234375</DistanceMeters>
            <HeartRateBpm>
              <Value>67</Value>
            </HeartRateBpm>
            <Extensions>
              <ns3:TPX>
                <ns3:Speed>0.5879999995231628</ns3:Speed>
              </ns3:TPX>
            </Extensions>
          </Trackpoint>
          <Trackpoint>
            <Time>2026-08-03T17:13:35.000Z</Time>
            <Position>
              <LatitudeDegrees>44.2876948043704</LatitudeDegrees>
              <LongitudeDegrees>-81.5971113089472</LongitudeDegrees>
            </Position>
            <AltitudeMeters>177.0</AltitudeMeters>
            <DistanceMeters>7908.2998046875</DistanceMeters>
            <HeartRateBpm>
              <Value>68</Value>
            </HeartRateBpm>
            <Extensions>
              <ns3:TPX>
                <ns3:Speed>0.6620000004768372</ns3:Speed>
              </ns3:TPX>
            </Extensions>
          </Trackpoint>
          <Trackpoint>
            <Time>2026-08-03T17:13:40.000Z</Time>
            <Position>
              <LatitudeDegrees>44.28769916296005</LatitudeDegrees>
              <LongitudeDegrees>-81.59706939943135</LongitudeDegrees>
            </Position>
            <AltitudeMeters>177.0</AltitudeMeters>
            <DistanceMeters>7911.68017578125</DistanceMeters>
            <HeartRateBpm>
              <Value>71</Value>
            </HeartRateBpm>
            <Extensions>
              <ns3:TPX>
                <ns3:Speed>0.699999988079071</ns3:Speed>
              </ns3:TPX>
            </Extensions>
          </Trackpoint>
          <Trackpoint>
            <Time>2026-08-03T17:13:43.000Z</Time>
            <Position>
              <LatitudeDegrees>44.28770553320646</LatitudeDegrees>
              <LongitudeDegrees>-81.5970267355442</LongitudeDegrees>
            </Position>
            <AltitudeMeters>177.0</AltitudeMeters>
            <DistanceMeters>7915.330078125</DistanceMeters>
            <HeartRateBpm>
              <Value>75</Value>
            </HeartRateBpm>
            <Extensions>
              <ns3:TPX>
                <ns3:Speed>0.8119999766349792</ns3:Speed>
              </ns3:TPX>
            </Extensions>
          </Trackpoint>
          <Trackpoint>
            <Time>2026-08-03T17:13:45.000Z</Time>
            <Position>
              <LatitudeDegrees>44.287709975615144</LatitudeDegrees>
              <LongitudeDegrees>-81.59700519405305</LongitudeDegrees>
            </Position>
            <AltitudeMeters>177.0</AltitudeMeters>
            <DistanceMeters>7917.14990234375</DistanceMeters>
            <HeartRateBpm>
              <Value>77</Value>
            </HeartRateBpm>
            <Extensions>
              <ns3:TPX>
                <ns3:Speed>0.8299999833106995</ns3:Speed>
              </ns3:TPX>
            </Extensions>
          </Trackpoint>
          <Trackpoint>
            <Time>2026-08-03T17:13:49.000Z</Time>
            <Position>
              <LatitudeDegrees>44.28773386403918</LatitudeDegrees>
              <LongitudeDegrees>-81.59696320071816</LongitudeDegrees>
            </Position>
            <AltitudeMeters>177.0</AltitudeMeters>
            <DistanceMeters>7921.18017578125</DistanceMeters>
            <HeartRateBpm>
              <Value>80</Value>
            </HeartRateBpm>
            <Extensions>
              <ns3:TPX>
                <ns3:Speed>0.8399999737739563</ns3:Speed>
              </ns3:TPX>
            </Extensions>
          </Trackpoint>
          <Trackpoint>
            <Time>2026-08-03T17:13:51.000Z</Time>
            <Position>
              <LatitudeDegrees>44.28773755207658</LatitudeDegrees>
              <LongitudeDegrees>-81.59694693982601</LongitudeDegrees>
            </Position>
            <AltitudeMeters>177.0</AltitudeMeters>
            <DistanceMeters>7922.5400390625</DistanceMeters>
            <HeartRateBpm>
              <Value>81</Value>
            </HeartRateBpm>
            <Extensions>
              <ns3:TPX>
                <ns3:Speed>0.9330000281333923</ns3:Speed>
              </ns3:TPX>
            </Extensions>
          </Trackpoint>
          <Trackpoint>
            <Time>2026-08-03T17:13:53.000Z</Time>
            <Position>
              <LatitudeDegrees>44.287747610360384</LatitudeDegrees>
              <LongitudeDegrees>-81.59692598506808</LongitudeDegrees>
            </Position>
            <AltitudeMeters>177.0</AltitudeMeters>
            <DistanceMeters>7924.56005859375</DistanceMeters>
            <HeartRateBpm>
              <Value>80</Value>
            </HeartRateBpm>
            <Extensions>
              <ns3:TPX>
                <ns3:Speed>0.9330000281333923</ns3:Speed>
              </ns3:TPX>
            </Extensions>
          </Trackpoint>
          <Trackpoint>
            <Time>2026-08-03T17:13:55.000Z</Time>
            <Position>
              <LatitudeDegrees>44.28775431588292</LatitudeDegrees>
              <LongitudeDegrees>-81.596899330616</LongitudeDegrees>
            </Position>
            <AltitudeMeters>177.0</AltitudeMeters>
            <DistanceMeters>7926.7998046875</DistanceMeters>
            <HeartRateBpm>
              <Value>80</Value>
            </HeartRateBpm>
            <Extensions>
              <ns3:TPX>
                <ns3:Speed>0.9980000257492065</ns3:Speed>
              </ns3:TPX>
            </Extensions>
          </Trackpoint>
          <Trackpoint>
            <Time>2026-08-03T17:14:02.000Z</Time>
            <Position>
              <LatitudeDegrees>44.2877727560699</LatitudeDegrees>
              <LongitudeDegrees>-81.59681970253587</LongitudeDegrees>
            </Position>
            <AltitudeMeters>177.1999969482422</AltitudeMeters>
            <DistanceMeters>7933.39990234375</DistanceMeters>
            <HeartRateBpm>
              <Value>80</Value>
            </HeartRateBpm>
            <Extensions>
              <ns3:TPX>
                <ns3:Speed>1.0169999599456787</ns3:Speed>
              </ns3:TPX>
            </Extensions>
          </Trackpoint>
          <Trackpoint>
            <Time>2026-08-03T17:14:06.000Z</Time>
            <Position>
              <LatitudeDegrees>44.28778205998242</LatitudeDegrees>
              <LongitudeDegrees>-81.59677653573453</LongitudeDegrees>
            </Position>
            <AltitudeMeters>177.39999389648438</AltitudeMeters>
            <DistanceMeters>7936.93017578125</DistanceMeters>
            <HeartRateBpm>
              <Value>83</Value>
            </HeartRateBpm>
            <Extensions>
              <ns3:TPX>
                <ns3:Speed>0.9890000224113464</ns3:Speed>
              </ns3:TPX>
            </Extensions>
          </Trackpoint>
          <Trackpoint>
            <Time>2026-08-03T17:14:16.000Z</Time>
            <Position>
              <LatitudeDegrees>44.28781030699611</LatitudeDegrees>
              <LongitudeDegrees>-81.59665818326175</LongitudeDegrees>
            </Position>
            <AltitudeMeters>177.1999969482422</AltitudeMeters>
            <DistanceMeters>7946.9501953125</DistanceMeters>
            <HeartRateBpm>
              <Value>80</Value>
            </HeartRateBpm>
            <Extensions>
              <ns3:TPX>
                <ns3:Speed>0.9980000257492065</ns3:Speed>
              </ns3:TPX>
            </Extensions>
          </Trackpoint>
          <Trackpoint>
            <Time>2026-08-03T17:14:23.000Z</Time>
            <Position>
              <LatitudeDegrees>44.2878158390522</LatitudeDegrees>
              <LongitudeDegrees>-81.59657503478229</LongitudeDegrees>
            </Position>
            <AltitudeMeters>177.1999969482422</AltitudeMeters>
            <DistanceMeters>7953.6201171875</DistanceMeters>
            <HeartRateBpm>
              <Value>77</Value>
            </HeartRateBpm>
            <Extensions>
              <ns3:TPX>
                <ns3:Speed>0.9800000190734863</ns3:Speed>
              </ns3:TPX>
            </Extensions>
          </Trackpoint>
          <Trackpoint>
            <Time>2026-08-03T17:14:25.000Z</Time>
            <Position>
              <LatitudeDegrees>44.28781592287123</LatitudeDegrees>
              <LongitudeDegrees>-81.59654913470149</LongitudeDegrees>
            </Position>
            <AltitudeMeters>177.1999969482422</AltitudeMeters>
            <DistanceMeters>7955.7001953125</DistanceMeters>
            <HeartRateBpm>
              <Value>78</Value>
            </HeartRateBpm>
            <Extensions>
              <ns3:TPX>
                <ns3:Speed>0.9800000190734863</ns3:Speed>
              </ns3:TPX>
            </Extensions>
          </Trackpoint>
          <Trackpoint>
            <Time>2026-08-03T17:14:29.000Z</Time>
            <Position>
              <LatitudeDegrees>44.287831680849195</LatitudeDegrees>
              <LongitudeDegrees>-81.59650135785341</LongitudeDegrees>
            </Position>
            <AltitudeMeters>177.1999969482422</AltitudeMeters>
            <DistanceMeters>7959.8798828125</DistanceMeters>
            <HeartRateBpm>
              <Value>75</Value>
            </HeartRateBpm>
            <Extensions>
              <ns3:TPX>
                <ns3:Speed>0.9890000224113464</ns3:Speed>
              </ns3:TPX>
            </Extensions>
          </Trackpoint>
          <Trackpoint>
            <Time>2026-08-03T17:14:36.000Z</Time>
            <Position>
              <LatitudeDegrees>44.28787501528859</LatitudeDegrees>
              <LongitudeDegrees>-81.59641737118363</LongitudeDegrees>
            </Position>
            <AltitudeMeters>176.8000030517578</AltitudeMeters>
            <DistanceMeters>7968.1201171875</DistanceMeters>
            <HeartRateBpm>
              <Value>77</Value>
            </HeartRateBpm>
            <Extensions>
              <ns3:TPX>
                <ns3:Speed>1.1380000114440918</ns3:Speed>
              </ns3:TPX>
            </Extensions>
          </Trackpoint>
          <Trackpoint>
            <Time>2026-08-03T17:14:48.000Z</Time>
            <Position>
              <LatitudeDegrees>44.28793109022081</LatitudeDegrees>
              <LongitudeDegrees>-81.5962795726955</LongitudeDegrees>
            </Position>
            <AltitudeMeters>176.8000030517578</AltitudeMeters>
            <DistanceMeters>7980.77001953125</DistanceMeters>
            <HeartRateBpm>
              <Value>75</Value>
            </HeartRateBpm>
            <Extensions>
              <ns3:TPX>
                <ns3:Speed>1.0640000104904175</ns3:Speed>
              </ns3:TPX>
            </Extensions>
          </Trackpoint>
          <Trackpoint>
            <Time>2026-08-03T17:14:49.000Z</Time>
            <Position>
              <LatitudeDegrees>44.287932850420475</LatitudeDegrees>
              <LongitudeDegrees>-81.59626758657396</LongitudeDegrees>
            </Position>
            <AltitudeMeters>176.8000030517578</AltitudeMeters>
            <DistanceMeters>7981.75</DistanceMeters>
            <HeartRateBpm>
              <Value>76</Value>
            </HeartRateBpm>
            <Extensions>
              <ns3:TPX>
                <ns3:Speed>1.0449999570846558</ns3:Speed>
              </ns3:TPX>
            </Extensions>
          </Trackpoint>
          <Trackpoint>
            <Time>2026-08-03T17:14:50.000Z</Time>
            <Position>
              <LatitudeDegrees>44.28793737664819</LatitudeDegrees>
              <LongitudeDegrees>-81.59625358879566</LongitudeDegrees>
            </Position>
            <AltitudeMeters>176.8000030517578</AltitudeMeters>
            <DistanceMeters>7982.97021484375</DistanceMeters>
            <HeartRateBpm>
              <Value>73</Value>
            </HeartRateBpm>
            <Extensions>
              <ns3:TPX>
                <ns3:Speed>1.184999942779541</ns3:Speed>
              </ns3:TPX>
            </Extensions>
          </Trackpoint>
          <Trackpoint>
            <Time>2026-08-03T17:14:54.000Z</Time>
            <Position>
              <LatitudeDegrees>44.28795841522515</LatitudeDegrees>
              <LongitudeDegrees>-81.59619919024408</LongitudeDegrees>
            </Position>
            <AltitudeMeters>176.8000030517578</AltitudeMeters>
            <DistanceMeters>7987.93994140625</DistanceMeters>
            <HeartRateBpm>
              <Value>69</Value>
            </HeartRateBpm>
            <Extensions>
              <ns3:TPX>
                <ns3:Speed>1.184999942779541</ns3:Speed>
              </ns3:TPX>
            </Extensions>
          </Trackpoint>
          <Trackpoint>
            <Time>2026-08-03T17:15:02.000Z</Time>
            <Position>
              <LatitudeDegrees>44.287983225658536</LatitudeDegrees>
              <LongitudeDegrees>-81.59610011614859</LongitudeDegrees>
            </Position>
            <AltitudeMeters>176.60000610351562</AltitudeMeters>
            <DistanceMeters>7996.330078125</DistanceMeters>
            <HeartRateBpm>
              <Value>66</Value>
            </HeartRateBpm>
            <Extensions>
              <ns3:TPX>
                <ns3:Speed>1.0729999542236328</ns3:Speed>
              </ns3:TPX>
            </Extensions>
          </Trackpoint>
          <Trackpoint>
            <Time>2026-08-03T17:15:06.000Z</Time>
            <Position>
              <LatitudeDegrees>44.28798791952431</LatitudeDegrees>
              <LongitudeDegrees>-81.59604890272021</LongitudeDegrees>
            </Position>
            <AltitudeMeters>176.8000030517578</AltitudeMeters>
            <DistanceMeters>8000.509765625</DistanceMeters>
            <HeartRateBpm>
              <Value>63</Value>
            </HeartRateBpm>
            <Extensions>
              <ns3:TPX>
                <ns3:Speed>1.0169999599456787</ns3:Speed>
              </ns3:TPX>
            </Extensions>
          </Trackpoint>
          <Trackpoint>
            <Time>2026-08-03T17:15:13.000Z</Time>
            <Position>
              <LatitudeDegrees>44.28799764253199</LatitudeDegrees>
              <LongitudeDegrees>-81.59595988690853</LongitudeDegrees>
            </Position>
            <AltitudeMeters>176.60000610351562</AltitudeMeters>
            <DistanceMeters>8007.81982421875</DistanceMeters>
            <HeartRateBpm>
              <Value>60</Value>
            </HeartRateBpm>
            <Extensions>
              <ns3:TPX>
                <ns3:Speed>1.0260000228881836</ns3:Speed>
              </ns3:TPX>
            </Extensions>
          </Trackpoint>
          <Trackpoint>
            <Time>2026-08-03T17:15:17.000Z</Time>
            <Position>
              <LatitudeDegrees>44.28801750764251</LatitudeDegrees>
              <LongitudeDegrees>-81.59591085277498</LongitudeDegrees>
            </Position>
            <AltitudeMeters>176.60000610351562</AltitudeMeters>
            <DistanceMeters>8012.27978515625</DistanceMeters>
            <HeartRateBpm>
              <Value>60</Value>
            </HeartRateBpm>
            <Extensions>
              <ns3:TPX>
                <ns3:Speed>1.0640000104904175</ns3:Speed>
              </ns3:TPX>
            </Extensions>
          </Trackpoint>
          <Trackpoint>
            <Time>2026-08-03T17:15:20.000Z</Time>
            <Position>
              <LatitudeDegrees>44.288027649745345</LatitudeDegrees>
              <LongitudeDegrees>-81.59587900154293</LongitudeDegrees>
            </Position>
            <AltitudeMeters>176.60000610351562</AltitudeMeters>
            <DistanceMeters>8015.10009765625</DistanceMeters>
            <HeartRateBpm>
              <Value>63</Value>
            </HeartRateBpm>
            <Extensions>
              <ns3:TPX>
                <ns3:Speed>1.0640000104904175</ns3:Speed>
              </ns3:TPX>
            </Extensions>
          </Trackpoint>
          <Trackpoint>
            <Time>2026-08-03T17:15:21.000Z</Time>
            <Position>
              <LatitudeDegrees>44.288032008334994</LatitudeDegrees>
              <LongitudeDegrees>-81.59586760215461</LongitudeDegrees>
            </Position>
            <AltitudeMeters>176.60000610351562</AltitudeMeters>
            <DistanceMeters>8016.1298828125</DistanceMeters>
            <HeartRateBpm>
              <Value>60</Value>
            </HeartRateBpm>
            <Extensions>
              <ns3:TPX>
                <ns3:Speed>1.1480000019073486</ns3:Speed>
              </ns3:TPX>
            </Extensions>
          </Trackpoint>
          <Trackpoint>
            <Time>2026-08-03T17:15:25.000Z</Time>
            <Position>
              <LatitudeDegrees>44.288054974749684</LatitudeDegrees>
              <LongitudeDegrees>-81.59582200460136</LongitudeDegrees>
            </Position>
            <AltitudeMeters>176.60000610351562</AltitudeMeters>
            <DistanceMeters>8020.56982421875</DistanceMeters>
            <HeartRateBpm>
              <Value>60</Value>
            </HeartRateBpm>
            <Extensions>
              <ns3:TPX>
                <ns3:Speed>1.0820000171661377</ns3:Speed>
              </ns3:TPX>
            </Extensions>
          </Trackpoint>
          <Trackpoint>
            <Time>2026-08-03T17:15:34.000Z</Time>
            <Position>
              <LatitudeDegrees>44.2880835570395</LatitudeDegrees>
              <LongitudeDegrees>-81.59571572206914</LongitudeDegrees>
            </Position>
            <AltitudeMeters>176.60000610351562</AltitudeMeters>
            <DistanceMeters>8029.64013671875</DistanceMeters>
            <HeartRateBpm>
              <Value>59</Value>
            </HeartRateBpm>
            <Extensions>
              <ns3:TPX>
                <ns3:Speed>1.0729999542236328</ns3:Speed>
              </ns3:TPX>
            </Extensions>
          </Trackpoint>
          <Trackpoint>
            <Time>2026-08-03T17:15:42.000Z</Time>
            <Position>
              <LatitudeDegrees>44.28810266777873</LatitudeDegrees>
              <LongitudeDegrees>-81.59561103209853</LongitudeDegrees>
            </Position>
            <AltitudeMeters>176.60000610351562</AltitudeMeters>
            <DistanceMeters>8038.31005859375</DistanceMeters>
            <HeartRateBpm>
              <Value>58</Value>
            </HeartRateBpm>
            <Extensions>
              <ns3:TPX>
                <ns3:Speed>1.1100000143051147</ns3:Speed>
              </ns3:TPX>
            </Extensions>
          </Trackpoint>
          <Trackpoint>
            <Time>2026-08-03T17:15:51.000Z</Time>
            <Position>
              <LatitudeDegrees>44.28815136663616</LatitudeDegrees>
              <LongitudeDegrees>-81.59548454917967</LongitudeDegrees>
            </Position>
            <AltitudeMeters>176.60000610351562</AltitudeMeters>
            <DistanceMeters>8049.919921875</DistanceMeters>
            <HeartRateBpm>
              <Value>61</Value>
            </HeartRateBpm>
            <Extensions>
              <ns3:TPX>
                <ns3:Speed>1.1660000085830688</ns3:Speed>
              </ns3:TPX>
            </Extensions>
          </Trackpoint>
          <Trackpoint>
            <Time>2026-08-03T17:15:52.000Z</Time>
            <Position>
              <LatitudeDegrees>44.288156144320965</LatitudeDegrees>
              <LongitudeDegrees>-81.59547189250588</LongitudeDegrees>
            </Position>
            <AltitudeMeters>176.60000610351562</AltitudeMeters>
            <DistanceMeters>8051.02001953125</DistanceMeters>
            <HeartRateBpm>
              <Value>61</Value>
            </HeartRateBpm>
            <Extensions>
              <ns3:TPX>
                <ns3:Speed>1.1660000085830688</ns3:Speed>
              </ns3:TPX>
            </Extensions>
          </Trackpoint>
          <Trackpoint>
            <Time>2026-08-03T17:16:01.000Z</Time>
            <Position>
              <LatitudeDegrees>44.28820442408323</LatitudeDegrees>
              <LongitudeDegrees>-81.59536024555564</LongitudeDegrees>
            </Position>
            <AltitudeMeters>176.60000610351562</AltitudeMeters>
            <DistanceMeters>8061.39013671875</DistanceMeters>
            <HeartRateBpm>
              <Value>61</Value>
            </HeartRateBpm>
            <Extensions>
              <ns3:TPX>
                <ns3:Speed>1.2130000591278076</ns3:Speed>
              </ns3:TPX>
            </Extensions>
          </Trackpoint>
          <Trackpoint>
            <Time>2026-08-03T17:16:10.000Z</Time>
            <Position>
              <LatitudeDegrees>44.288234850391746</LatitudeDegrees>
              <LongitudeDegrees>-81.5952428150922</LongitudeDegrees>
            </Position>
            <AltitudeMeters>176.60000610351562</AltitudeMeters>
            <DistanceMeters>8071.330078125</DistanceMeters>
            <HeartRateBpm>
              <Value>59</Value>
            </HeartRateBpm>
            <Extensions>
              <ns3:TPX>
                <ns3:Speed>1.1200000047683716</ns3:Speed>
              </ns3:TPX>
            </Extensions>
          </Trackpoint>
          <Trackpoint>
            <Time>2026-08-03T17:16:15.000Z</Time>
            <Position>
              <LatitudeDegrees>44.288249434903264</LatitudeDegrees>
              <LongitudeDegrees>-81.59517852589488</LongitudeDegrees>
            </Position>
            <AltitudeMeters>176.8000030517578</AltitudeMeters>
            <DistanceMeters>8076.7099609375</DistanceMeters>
            <HeartRateBpm>
              <Value>56</Value>
            </HeartRateBpm>
            <Extensions>
              <ns3:TPX>
                <ns3:Speed>1.1380000114440918</ns3:Speed>
              </ns3:TPX>
            </Extensions>
          </Trackpoint>
          <Trackpoint>
            <Time>2026-08-03T17:16:23.000Z</Time>
            <Position>
              <LatitudeDegrees>44.28827106021345</LatitudeDegrees>
              <LongitudeDegrees>-81.5950601734221</LongitudeDegrees>
            </Position>
            <AltitudeMeters>176.60000610351562</AltitudeMeters>
            <DistanceMeters>8086.5</DistanceMeters>
            <HeartRateBpm>
              <Value>57</Value>
            </HeartRateBpm>
            <Extensions>
              <ns3:TPX>
                <ns3:Speed>1.222000002861023</ns3:Speed>
              </ns3:TPX>
            </Extensions>
          </Trackpoint>
          <Trackpoint>
            <Time>2026-08-03T17:16:34.000Z</Time>
            <Position>
              <LatitudeDegrees>44.288312550634146</LatitudeDegrees>
              <LongitudeDegrees>-81.59490142017603</LongitudeDegrees>
            </Position>
            <AltitudeMeters>176.8000030517578</AltitudeMeters>
            <DistanceMeters>8100.02978515625</DistanceMeters>
            <HeartRateBpm>
              <Value>58</Value>
            </HeartRateBpm>
            <Extensions>
              <ns3:TPX>
                <ns3:Speed>1.194000005722046</ns3:Speed>
              </ns3:TPX>
            </Extensions>
          </Trackpoint>
          <Trackpoint>
            <Time>2026-08-03T17:16:40.000Z</Time>
            <Position>
              <LatitudeDegrees>44.28833174519241</LatitudeDegrees>
              <LongitudeDegrees>-81.59481299109757</LongitudeDegrees>
            </Position>
            <AltitudeMeters>176.8000030517578</AltitudeMeters>
            <DistanceMeters>8107.39013671875</DistanceMeters>
            <HeartRateBpm>
              <Value>61</Value>
            </HeartRateBpm>
            <Extensions>
              <ns3:TPX>
                <ns3:Speed>1.1480000019073486</ns3:Speed>
              </ns3:TPX>
            </Extensions>
          </Trackpoint>
          <Trackpoint>
            <Time>2026-08-03T17:16:44.000Z</Time>
            <Position>
              <LatitudeDegrees>44.28834465332329</LatitudeDegrees>
              <LongitudeDegrees>-81.59475515596569</LongitudeDegrees>
            </Position>
            <AltitudeMeters>176.8000030517578</AltitudeMeters>
            <DistanceMeters>8112.2001953125</DistanceMeters>
            <HeartRateBpm>
              <Value>62</Value>
            </HeartRateBpm>
            <Extensions>
              <ns3:TPX>
                <ns3:Speed>1.1200000047683716</ns3:Speed>
              </ns3:TPX>
            </Extensions>
          </Trackpoint>
          <Trackpoint>
            <Time>2026-08-03T17:16:53.000Z</Time>
            <Position>
              <LatitudeDegrees>44.28837038576603</LatitudeDegrees>
              <LongitudeDegrees>-81.59462691284716</LongitudeDegrees>
            </Position>
            <AltitudeMeters>176.8000030517578</AltitudeMeters>
            <DistanceMeters>8122.81982421875</DistanceMeters>
            <HeartRateBpm>
              <Value>58</Value>
            </HeartRateBpm>
            <Extensions>
              <ns3:TPX>
                <ns3:Speed>1.2130000591278076</ns3:Speed>
              </ns3:TPX>
            </Extensions>
          </Trackpoint>
          <Trackpoint>
            <Time>2026-08-03T17:17:04.000Z</Time>
            <Position>
              <LatitudeDegrees>44.28841128945351</LatitudeDegrees>
              <LongitudeDegrees>-81.59445474855602</LongitudeDegrees>
            </Position>
            <AltitudeMeters>176.8000030517578</AltitudeMeters>
            <DistanceMeters>8137.2001953125</DistanceMeters>
            <HeartRateBpm>
              <Value>61</Value>
            </HeartRateBpm>
            <Extensions>
              <ns3:TPX>
                <ns3:Speed>1.25</ns3:Speed>
              </ns3:TPX>
            </Extensions>
          </Trackpoint>
          <Trackpoint>
            <Time>2026-08-03T17:17:05.000Z</Time>
            <Position>
              <LatitudeDegrees>44.288413217291236</LatitudeDegrees>
              <LongitudeDegrees>-81.59443681128323</LongitudeDegrees>
            </Position>
            <AltitudeMeters>176.8000030517578</AltitudeMeters>
            <DistanceMeters>8138.64990234375</DistanceMeters>
            <HeartRateBpm>
              <Value>60</Value>
            </HeartRateBpm>
            <Extensions>
              <ns3:TPX>
                <ns3:Speed>1.25</ns3:Speed>
              </ns3:TPX>
            </Extensions>
          </Trackpoint>
          <Trackpoint>
            <Time>2026-08-03T17:17:18.000Z</Time>
            <Position>
              <LatitudeDegrees>44.288465520367026</LatitudeDegrees>
              <LongitudeDegrees>-81.59420899115503</LongitudeDegrees>
            </Position>
            <AltitudeMeters>176.60000610351562</AltitudeMeters>
            <DistanceMeters>8157.52978515625</DistanceMeters>
            <HeartRateBpm>
              <Value>61</Value>
            </HeartRateBpm>
            <Extensions>
              <ns3:TPX>
                <ns3:Speed>1.437000036239624</ns3:Speed>
              </ns3:TPX>
            </Extensions>
          </Trackpoint>
          <Trackpoint>
            <Time>2026-08-03T17:17:29.000Z</Time>
            <Position>
              <LatitudeDegrees>44.288488486781716</LatitudeDegrees>
              <LongitudeDegrees>-81.59401738084853</LongitudeDegrees>
            </Position>
            <AltitudeMeters>176.8000030517578</AltitudeMeters>
            <DistanceMeters>8172.97998046875</DistanceMeters>
            <HeartRateBpm>
              <Value>60</Value>
            </HeartRateBpm>
            <Extensions>
              <ns3:TPX>
                <ns3:Speed>1.4839999675750732</ns3:Speed>
              </ns3:TPX>
            </Extensions>
          </Trackpoint>
          <Trackpoint>
            <Time>2026-08-03T17:17:40.000Z</Time>
            <Position>
              <LatitudeDegrees>44.28853936493397</LatitudeDegrees>
              <LongitudeDegrees>-81.59382585436106</LongitudeDegrees>
            </Position>
            <AltitudeMeters>177.0</AltitudeMeters>
            <DistanceMeters>8189.2001953125</DistanceMeters>
            <HeartRateBpm>
              <Value>61</Value>
            </HeartRateBpm>
            <Extensions>
              <ns3:TPX>
                <ns3:Speed>1.3250000476837158</ns3:Speed>
              </ns3:TPX>
            </Extensions>
          </Trackpoint>
          <Trackpoint>
            <Time>2026-08-03T17:17:49.000Z</Time>
            <Position>
              <LatitudeDegrees>44.28857373073697</LatitudeDegrees>
              <LongitudeDegrees>-81.59366777166724</LongitudeDegrees>
            </Position>
            <AltitudeMeters>176.8000030517578</AltitudeMeters>
            <DistanceMeters>8202.3896484375</DistanceMeters>
            <HeartRateBpm>
              <Value>62</Value>
            </HeartRateBpm>
            <Extensions>
              <ns3:TPX>
                <ns3:Speed>1.465000033378601</ns3:Speed>
              </ns3:TPX>
            </Extensions>
          </Trackpoint>
          <Trackpoint>
            <Time>2026-08-03T17:18:03.000Z</Time>
            <Position>
              <LatitudeDegrees>44.28864757530391</LatitudeDegrees>
              <LongitudeDegrees>-81.59340516664088</LongitudeDegrees>
            </Position>
            <AltitudeMeters>176.8000030517578</AltitudeMeters>
            <DistanceMeters>8224.9296875</DistanceMeters>
            <HeartRateBpm>
              <Value>60</Value>
            </HeartRateBpm>
            <Extensions>
              <ns3:TPX>
                <ns3:Speed>1.6799999475479126</ns3:Speed>
              </ns3:TPX>
            </Extensions>
          </Trackpoint>
          <Trackpoint>
            <Time>2026-08-03T17:18:15.000Z</Time>
            <Position>
              <LatitudeDegrees>44.28869870491326</LatitudeDegrees>
              <LongitudeDegrees>-81.59313384443521</LongitudeDegrees>
            </Position>
            <AltitudeMeters>177.0</AltitudeMeters>
            <DistanceMeters>8247.349609375</DistanceMeters>
            <HeartRateBpm>
              <Value>58</Value>
            </HeartRateBpm>
            <Extensions>
              <ns3:TPX>
                <ns3:Speed>1.8940000534057617</ns3:Speed>
              </ns3:TPX>
            </Extensions>
          </Trackpoint>
          <Trackpoint>
            <Time>2026-08-03T17:18:18.000Z</Time>
            <Position>
              <LatitudeDegrees>44.288699962198734</LatitudeDegrees>
              <LongitudeDegrees>-81.59306871704757</LongitudeDegrees>
            </Position>
            <AltitudeMeters>177.0</AltitudeMeters>
            <DistanceMeters>8252.66015625</DistanceMeters>
            <HeartRateBpm>
              <Value>59</Value>
            </HeartRateBpm>
            <Extensions>
              <ns3:TPX>
                <ns3:Speed>1.940999984741211</ns3:Speed>
              </ns3:TPX>
            </Extensions>
          </Trackpoint>
          <Trackpoint>
            <Time>2026-08-03T17:18:22.000Z</Time>
            <Position>
              <LatitudeDegrees>44.28870365023613</LatitudeDegrees>
              <LongitudeDegrees>-81.59299084916711</LongitudeDegrees>
            </Position>
            <AltitudeMeters>177.39999389648438</AltitudeMeters>
            <DistanceMeters>8259.0498046875</DistanceMeters>
            <HeartRateBpm>
              <Value>61</Value>
            </HeartRateBpm>
            <Extensions>
              <ns3:TPX>
                <ns3:Speed>1.7640000581741333</ns3:Speed>
              </ns3:TPX>
            </Extensions>
          </Trackpoint>
          <Trackpoint>
            <Time>2026-08-03T17:18:27.000Z</Time>
            <Position>
              <LatitudeDegrees>44.2887294664979</LatitudeDegrees>
              <LongitudeDegrees>-81.5928909368813</LongitudeDegrees>
            </Position>
            <AltitudeMeters>177.8000030517578</AltitudeMeters>
            <DistanceMeters>8267.5</DistanceMeters>
            <HeartRateBpm>
              <Value>64</Value>
            </HeartRateBpm>
            <Extensions>
              <ns3:TPX>
                <ns3:Speed>1.6699999570846558</ns3:Speed>
              </ns3:TPX>
            </Extensions>
          </Trackpoint>
          <Trackpoint>
            <Time>2026-08-03T17:18:37.000Z</Time>
            <Position>
              <LatitudeDegrees>44.28878587670624</LatitudeDegrees>
              <LongitudeDegrees>-81.59269010648131</LongitudeDegrees>
            </Position>
            <AltitudeMeters>177.60000610351562</AltitudeMeters>
            <DistanceMeters>8284.6904296875</DistanceMeters>
            <HeartRateBpm>
              <Value>65</Value>
            </HeartRateBpm>
            <Extensions>
              <ns3:TPX>
                <ns3:Speed>1.6239999532699585</ns3:Speed>
              </ns3:TPX>
            </Extensions>
          </Trackpoint>
          <Trackpoint>
            <Time>2026-08-03T17:18:47.000Z</Time>
            <Position>
              <LatitudeDegrees>44.288836838677526</LatitudeDegrees>
              <LongitudeDegrees>-81.59250469878316</LongitudeDegrees>
            </Position>
            <AltitudeMeters>177.60000610351562</AltitudeMeters>
            <DistanceMeters>8300.51953125</DistanceMeters>
            <HeartRateBpm>
              <Value>63</Value>
            </HeartRateBpm>
            <Extensions>
              <ns3:TPX>
                <ns3:Speed>1.5579999685287476</ns3:Speed>
              </ns3:TPX>
            </Extensions>
          </Trackpoint>
          <Trackpoint>
            <Time>2026-08-03T17:18:58.000Z</Time>
            <Position>
              <LatitudeDegrees>44.28890104405582</LatitudeDegrees>
              <LongitudeDegrees>-81.592300767079</LongitudeDegrees>
            </Position>
            <AltitudeMeters>177.8000030517578</AltitudeMeters>
            <DistanceMeters>8318.2900390625</DistanceMeters>
            <HeartRateBpm>
              <Value>65</Value>
            </HeartRateBpm>
            <Extensions>
              <ns3:TPX>
                <ns3:Speed>1.7259999513626099</ns3:Speed>
              </ns3:TPX>
            </Extensions>
          </Trackpoint>
          <Trackpoint>
            <Time>2026-08-03T17:19:07.000Z</Time>
            <Position>
              <LatitudeDegrees>44.28891973569989</LatitudeDegrees>
              <LongitudeDegrees>-81.59210630692542</LongitudeDegrees>
            </Position>
            <AltitudeMeters>177.60000610351562</AltitudeMeters>
            <DistanceMeters>8333.8701171875</DistanceMeters>
            <HeartRateBpm>
              <Value>68</Value>
            </HeartRateBpm>
            <Extensions>
              <ns3:TPX>
                <ns3:Speed>1.753999948501587</ns3:Speed>
              </ns3:TPX>
            </Extensions>
          </Trackpoint>
          <Trackpoint>
            <Time>2026-08-03T17:19:09.000Z</Time>
            <Position>
              <LatitudeDegrees>44.288921328261495</LatitudeDegrees>
              <LongitudeDegrees>-81.5920621342957</LongitudeDegrees>
            </Position>
            <AltitudeMeters>177.60000610351562</AltitudeMeters>
            <DistanceMeters>8337.400390625</DistanceMeters>
            <HeartRateBpm>
              <Value>67</Value>
            </HeartRateBpm>
            <Extensions>
              <ns3:TPX>
                <ns3:Speed>1.781999945640564</ns3:Speed>
              </ns3:TPX>
            </Extensions>
          </Trackpoint>
          <Trackpoint>
            <Time>2026-08-03T17:19:23.000Z</Time>
            <Position>
              <LatitudeDegrees>44.288986790925264</LatitudeDegrees>
              <LongitudeDegrees>-81.59177790395916</LongitudeDegrees>
            </Position>
            <AltitudeMeters>177.60000610351562</AltitudeMeters>
            <DistanceMeters>8361.23046875</DistanceMeters>
            <HeartRateBpm>
              <Value>66</Value>
            </HeartRateBpm>
            <Extensions>
              <ns3:TPX>
                <ns3:Speed>1.0169999599456787</ns3:Speed>
              </ns3:TPX>
            </Extensions>
          </Trackpoint>
          <Trackpoint>
            <Time>2026-08-03T17:19:31.000Z</Time>
            <Position>
              <LatitudeDegrees>44.28902207873762</LatitudeDegrees>
              <LongitudeDegrees>-81.59169693477452</LongitudeDegrees>
            </Position>
            <AltitudeMeters>177.8000030517578</AltitudeMeters>
            <DistanceMeters>8368.740234375</DistanceMeters>
            <HeartRateBpm>
              <Value>68</Value>
            </HeartRateBpm>
            <Extensions>
              <ns3:TPX>
                <ns3:Speed>0.46700000762939453</ns3:Speed>
              </ns3:TPX>
            </Extensions>
          </Trackpoint>
          <Trackpoint>
            <Time>2026-08-03T17:19:34.000Z</Time>
            <Position>
              <LatitudeDegrees>44.289022916927934</LatitudeDegrees>
              <LongitudeDegrees>-81.59167631529272</LongitudeDegrees>
            </Position>
            <AltitudeMeters>177.8000030517578</AltitudeMeters>
            <DistanceMeters>8370.4697265625</DistanceMeters>
            <HeartRateBpm>
              <Value>65</Value>
            </HeartRateBpm>
            <Extensions>
              <ns3:TPX>
                <ns3:Speed>0.7929999828338623</ns3:Speed>
              </ns3:TPX>
            </Extensions>
          </Trackpoint>
          <Trackpoint>
            <Time>2026-08-03T17:19:37.000Z</Time>
            <Position>
              <LatitudeDegrees>44.289018642157316</LatitudeDegrees>
              <LongitudeDegrees>-81.59166282042861</LongitudeDegrees>
            </Position>
            <AltitudeMeters>177.8000030517578</AltitudeMeters>
            <DistanceMeters>8371.599609375</DistanceMeters>
            <HeartRateBpm>
              <Value>63</Value>
            </HeartRateBpm>
            <Extensions>
              <ns3:TPX>
                <ns3:Speed>0.4480000138282776</ns3:Speed>
              </ns3:TPX>
            </Extensions>
          </Trackpoint>
          <Trackpoint>
            <Time>2026-08-03T17:19:41.000Z</Time>
            <Position>
              <LatitudeDegrees>44.289011685177684</LatitudeDegrees>
              <LongitudeDegrees>-81.59164655953646</LongitudeDegrees>
            </Position>
            <AltitudeMeters>178.0</AltitudeMeters>
            <DistanceMeters>8373.2900390625</DistanceMeters>
            <HeartRateBpm>
              <Value>62</Value>
            </HeartRateBpm>
            <Extensions>
              <ns3:TPX>
                <ns3:Speed>0.5410000085830688</ns3:Speed>
              </ns3:TPX>
            </Extensions>
          </Trackpoint>
          <Trackpoint>
            <Time>2026-08-03T17:19:42.000Z</Time>
            <Position>
              <LatitudeDegrees>44.2890090867877</LatitudeDegrees>
              <LongitudeDegrees>-81.59163935109973</LongitudeDegrees>
            </Position>
            <AltitudeMeters>178.0</AltitudeMeters>
            <DistanceMeters>8373.8896484375</DistanceMeters>
            <HeartRateBpm>
              <Value>62</Value>
            </HeartRateBpm>
            <Extensions>
              <ns3:TPX>
                <ns3:Speed>0.5410000085830688</ns3:Speed>
              </ns3:TPX>
            </Extensions>
          </Trackpoint>
          <Trackpoint>
            <Time>2026-08-03T17:19:47.000Z</Time>
            <Position>
              <LatitudeDegrees>44.288991652429104</LatitudeDegrees>
              <LongitudeDegrees>-81.59162443131208</LongitudeDegrees>
            </Position>
            <AltitudeMeters>179.0</AltitudeMeters>
            <DistanceMeters>8376.2802734375</DistanceMeters>
            <HeartRateBpm>
              <Value>62</Value>
            </HeartRateBpm>
            <Extensions>
              <ns3:TPX>
                <ns3:Speed>0.5410000085830688</ns3:Speed>
              </ns3:TPX>
            </Extensions>
          </Trackpoint>
          <Trackpoint>
            <Time>2026-08-03T17:19:48.000Z</Time>
            <Position>
              <LatitudeDegrees>44.288989305496216</LatitudeDegrees>
              <LongitudeDegrees>-81.59162107855082</LongitudeDegrees>
            </Position>
            <AltitudeMeters>179.0</AltitudeMeters>
            <DistanceMeters>8376.66015625</DistanceMeters>
            <HeartRateBpm>
              <Value>62</Value>
            </HeartRateBpm>
            <Extensions>
              <ns3:TPX>
                <ns3:Speed>0.5410000085830688</ns3:Speed>
              </ns3:TPX>
            </Extensions>
          </Trackpoint>
          <Trackpoint>
            <Time>2026-08-03T17:19:55.000Z</Time>
            <Position>
              <LatitudeDegrees>44.2889866232872</LatitudeDegrees>
              <LongitudeDegrees>-81.59158461727202</LongitudeDegrees>
            </Position>
            <AltitudeMeters>179.39999389648438</AltitudeMeters>
            <DistanceMeters>8379.6396484375</DistanceMeters>
            <HeartRateBpm>
              <Value>64</Value>
            </HeartRateBpm>
            <Extensions>
              <ns3:TPX>
                <ns3:Speed>0.0</ns3:Speed>
              </ns3:TPX>
            </Extensions>
          </Trackpoint>
          <Trackpoint>
            <Time>2026-08-03T17:20:00.000Z</Time>
            <Position>
              <LatitudeDegrees>44.28899668157101</LatitudeDegrees>
              <LongitudeDegrees>-81.59158394671977</LongitudeDegrees>
            </Position>
            <AltitudeMeters>179.60000610351562</AltitudeMeters>
            <DistanceMeters>8381.7001953125</DistanceMeters>
            <HeartRateBpm>
              <Value>67</Value>
            </HeartRateBpm>
            <Extensions>
              <ns3:TPX>
                <ns3:Speed>0.5320000052452087</ns3:Speed>
              </ns3:TPX>
            </Extensions>
          </Trackpoint>
          <Trackpoint>
            <Time>2026-08-03T17:20:02.000Z</Time>
            <Position>
              <LatitudeDegrees>44.289005817845464</LatitudeDegrees>
              <LongitudeDegrees>-81.5915940888226</LongitudeDegrees>
            </Position>
            <AltitudeMeters>179.60000610351562</AltitudeMeters>
            <DistanceMeters>8383.0302734375</DistanceMeters>
            <HeartRateBpm>
              <Value>65</Value>
            </HeartRateBpm>
            <Extensions>
              <ns3:TPX>
                <ns3:Speed>0.5509999990463257</ns3:Speed>
              </ns3:TPX>
            </Extensions>
          </Trackpoint>
          <Trackpoint>
            <Time>2026-08-03T17:20:05.000Z</Time>
            <Position>
              <LatitudeDegrees>44.28901118226349</LatitudeDegrees>
              <LongitudeDegrees>-81.59161848016083</LongitudeDegrees>
            </Position>
            <AltitudeMeters>179.1999969482422</AltitudeMeters>
            <DistanceMeters>8385.0498046875</DistanceMeters>
            <HeartRateBpm>
              <Value>67</Value>
            </HeartRateBpm>
            <Extensions>
              <ns3:TPX>
                <ns3:Speed>0.8960000276565552</ns3:Speed>
              </ns3:TPX>
            </Extensions>
          </Trackpoint>
          <Trackpoint>
            <Time>2026-08-03T17:20:09.000Z</Time>
            <Position>
              <LatitudeDegrees>44.28899835795164</LatitudeDegrees>
              <LongitudeDegrees>-81.59163507632911</LongitudeDegrees>
            </Position>
            <AltitudeMeters>178.60000610351562</AltitudeMeters>
            <DistanceMeters>8386.8798828125</DistanceMeters>
            <HeartRateBpm>
              <Value>68</Value>
            </HeartRateBpm>
            <Extensions>
              <ns3:TPX>
                <ns3:Speed>0.0</ns3:Speed>
              </ns3:TPX>
            </Extensions>
          </Trackpoint>
          <Trackpoint>
            <Time>2026-08-03T17:20:15.000Z</Time>
            <Position>
              <LatitudeDegrees>44.28901989944279</LatitudeDegrees>
              <LongitudeDegrees>-81.59161697141826</LongitudeDegrees>
            </Position>
            <AltitudeMeters>178.8000030517578</AltitudeMeters>
            <DistanceMeters>8389.41015625</DistanceMeters>
            <HeartRateBpm>
              <Value>68</Value>
            </HeartRateBpm>
            <Extensions>
              <ns3:TPX>
                <ns3:Speed>0.4480000138282776</ns3:Speed>
              </ns3:TPX>
            </Extensions>
          </Trackpoint>
          <Trackpoint>
            <Time>2026-08-03T17:20:22.000Z</Time>
            <Position>
              <LatitudeDegrees>44.28902090527117</LatitudeDegrees>
              <LongitudeDegrees>-81.5915732178837</LongitudeDegrees>
            </Position>
            <AltitudeMeters>178.8000030517578</AltitudeMeters>
            <DistanceMeters>8392.919921875</DistanceMeters>
            <HeartRateBpm>
              <Value>70</Value>
            </HeartRateBpm>
            <Extensions>
              <ns3:TPX>
                <ns3:Speed>0.0</ns3:Speed>
              </ns3:TPX>
            </Extensions>
          </Trackpoint>
          <Trackpoint>
            <Time>2026-08-03T17:20:28.000Z</Time>
            <Position>
              <LatitudeDegrees>44.28902115672827</LatitudeDegrees>
              <LongitudeDegrees>-81.59159995615482</LongitudeDegrees>
            </Position>
            <AltitudeMeters>178.8000030517578</AltitudeMeters>
            <DistanceMeters>8395.5400390625</DistanceMeters>
            <HeartRateBpm>
              <Value>69</Value>
            </HeartRateBpm>
            <Extensions>
              <ns3:TPX>
                <ns3:Speed>0.47600001096725464</ns3:Speed>
              </ns3:TPX>
            </Extensions>
          </Trackpoint>
          <Trackpoint>
            <Time>2026-08-03T17:20:34.000Z</Time>
            <Position>
              <LatitudeDegrees>44.28902258165181</LatitudeDegrees>
              <LongitudeDegrees>-81.59157422371209</LongitudeDegrees>
            </Position>
            <AltitudeMeters>178.8000030517578</AltitudeMeters>
            <DistanceMeters>8397.48046875</DistanceMeters>
            <HeartRateBpm>
              <Value>72</Value>
            </HeartRateBpm>
            <Extensions>
              <ns3:TPX>
                <ns3:Speed>0.0</ns3:Speed>
              </ns3:TPX>
            </Extensions>
          </Trackpoint>
          <Trackpoint>
            <Time>2026-08-03T17:20:38.000Z</Time>
            <Position>
              <LatitudeDegrees>44.28902023471892</LatitudeDegrees>
              <LongitudeDegrees>-81.59157405607402</LongitudeDegrees>
            </Position>
            <AltitudeMeters>178.8000030517578</AltitudeMeters>
            <DistanceMeters>8397.7197265625</DistanceMeters>
            <HeartRateBpm>
              <Value>75</Value>
            </HeartRateBpm>
            <Extensions>
              <ns3:TPX>
                <ns3:Speed>0.0</ns3:Speed>
              </ns3:TPX>
            </Extensions>
          </Trackpoint>
          <Trackpoint>
            <Time>2026-08-03T17:20:43.000Z</Time>
            <Position>
              <LatitudeDegrees>44.28902023471892</LatitudeDegrees>
              <LongitudeDegrees>-81.59157405607402</LongitudeDegrees>
            </Position>
            <AltitudeMeters>179.0</AltitudeMeters>
            <DistanceMeters>8397.7197265625</DistanceMeters>
            <HeartRateBpm>
              <Value>78</Value>
            </HeartRateBpm>
            <Extensions>
              <ns3:TPX>
                <ns3:Speed>0.0</ns3:Speed>
              </ns3:TPX>
            </Extensions>
          </Trackpoint>
          <Trackpoint>
            <Time>2026-08-03T17:20:47.000Z</Time>
            <Position>
              <LatitudeDegrees>44.28902065381408</LatitudeDegrees>
              <LongitudeDegrees>-81.59157405607402</LongitudeDegrees>
            </Position>
            <AltitudeMeters>179.1999969482422</AltitudeMeters>
            <DistanceMeters>8397.7197265625</DistanceMeters>
            <HeartRateBpm>
              <Value>81</Value>
            </HeartRateBpm>
            <Extensions>
              <ns3:TPX>
                <ns3:Speed>0.0</ns3:Speed>
              </ns3:TPX>
            </Extensions>
          </Trackpoint>
        </Track>
        <Extensions>
          <ns3:LX>
            <ns3:AvgSpeed>1.7619999647140505</ns3:AvgSpeed>
          </ns3:LX>
        </Extensions>
      </Lap>
      <Creator xsi:type="Device_t">
        <Name>vívoactive 4</Name>
        <UnitId>3432774097</UnitId>
        <ProductID>3225</ProductID>
        <Version>
          <VersionMajor>8</VersionMajor>
          <VersionMinor>30</VersionMinor>
          <BuildMajor>0</BuildMajor>
          <BuildMinor>0</BuildMinor>
        </Version>
      </Creator>
    </Activity>
  </Activities>
  <Author xsi:type="Application_t">
    <Name>Connect Api</Name>
    <Build>
      <Version>
        <VersionMajor>26</VersionMajor>
        <VersionMinor>15</VersionMinor>
        <BuildMajor>0</BuildMajor>
        <BuildMinor>0</BuildMinor>
      </Version>
    </Build>
    <LangID>en</LangID>
    <PartNumber>006-D2449-00</PartNumber>
  </Author>
</TrainingCenterDatabase>
