<?xml version="1.0" encoding="UTF-8"?>
<TrainingCenterDatabase
  xsi:schemaLocation="http://www.garmin.com/xmlschemas/TrainingCenterDatabase/v2 http://www.garmin.com/xmlschemas/TrainingCenterDatabasev2.xsd"
  xmlns:ns5="http://www.garmin.com/xmlschemas/ActivityGoals/v1"
  xmlns:ns3="http://www.garmin.com/xmlschemas/ActivityExtension/v2"
  xmlns:ns2="http://www.garmin.com/xmlschemas/UserProfile/v2"
  xmlns="http://www.garmin.com/xmlschemas/TrainingCenterDatabase/v2"
  xmlns:xsi="http://www.w3.org/2001/XMLSchema-instance" xmlns:ns4="http://www.garmin.com/xmlschemas/ProfileExtension/v1">
  <Activities>
    <Activity Sport="Other">
      <Id>2026-07-29T23:13:13.000Z</Id>
      <Lap StartTime="2026-07-29T23:13:13.000Z">
        <TotalTimeSeconds>2467.648</TotalTimeSeconds>
        <DistanceMeters>3324.23</DistanceMeters>
        <MaximumSpeed>3.23799991607666</MaximumSpeed>
        <Calories>169</Calories>
        <AverageHeartRateBpm>
          <Value>79</Value>
        </AverageHeartRateBpm>
        <MaximumHeartRateBpm>
          <Value>111</Value>
        </MaximumHeartRateBpm>
        <Intensity>Active</Intensity>
        <TriggerMethod>Manual</TriggerMethod>
        <Track>
          <Trackpoint>
            <Time>2026-07-29T23:13:13.000Z</Time>
            <Position>
              <LatitudeDegrees>44.28907245397568</LatitudeDegrees>
              <LongitudeDegrees>-81.59152368083596</LongitudeDegrees>
            </Position>
            <AltitudeMeters>175.1999969482422</AltitudeMeters>
            <DistanceMeters>0.0</DistanceMeters>
            <HeartRateBpm>
              <Value>83</Value>
            </HeartRateBpm>
            <Extensions>
              <ns3:TPX>
                <ns3:Speed>0.5509999990463257</ns3:Speed>
              </ns3:TPX>
            </Extensions>
          </Trackpoint>
          <Trackpoint>
            <Time>2026-07-29T23:13:17.000Z</Time>
            <AltitudeMeters>175.1999969482422</AltitudeMeters>
            <DistanceMeters>20.520000457763672</DistanceMeters>
            <HeartRateBpm>
              <Value>80</Value>
            </HeartRateBpm>
            <Extensions>
              <ns3:TPX>
                <ns3:Speed>0.0</ns3:Speed>
              </ns3:TPX>
            </Extensions>
          </Trackpoint>
          <Trackpoint>
            <Time>2026-07-29T23:13:20.000Z</Time>
            <Position>
              <LatitudeDegrees>44.28916088305414</LatitudeDegrees>
              <LongitudeDegrees>-81.59181662835181</LongitudeDegrees>
            </Position>
            <AltitudeMeters>175.1999969482422</AltitudeMeters>
            <DistanceMeters>23.010000228881836</DistanceMeters>
            <HeartRateBpm>
              <Value>80</Value>
            </HeartRateBpm>
            <Extensions>
              <ns3:TPX>
                <ns3:Speed>0.6159999966621399</ns3:Speed>
              </ns3:TPX>
            </Extensions>
          </Trackpoint>
          <Trackpoint>
            <Time>2026-07-29T23:13:26.000Z</Time>
            <Position>
              <LatitudeDegrees>44.28913850337267</LatitudeDegrees>
              <LongitudeDegrees>-81.59177471883595</LongitudeDegrees>
            </Position>
            <AltitudeMeters>175.1999969482422</AltitudeMeters>
            <DistanceMeters>26.420000076293945</DistanceMeters>
            <HeartRateBpm>
              <Value>80</Value>
            </HeartRateBpm>
            <Extensions>
              <ns3:TPX>
                <ns3:Speed>0.4950000047683716</ns3:Speed>
              </ns3:TPX>
            </Extensions>
          </Trackpoint>
          <Trackpoint>
            <Time>2026-07-29T23:13:31.000Z</Time>
            <Position>
              <LatitudeDegrees>44.28915258497</LatitudeDegrees>
              <LongitudeDegrees>-81.59175359643996</LongitudeDegrees>
            </Position>
            <AltitudeMeters>175.1999969482422</AltitudeMeters>
            <DistanceMeters>27.43000030517578</DistanceMeters>
            <HeartRateBpm>
              <Value>83</Value>
            </HeartRateBpm>
            <Extensions>
              <ns3:TPX>
                <ns3:Speed>0.0</ns3:Speed>
              </ns3:TPX>
            </Extensions>
          </Trackpoint>
          <Trackpoint>
            <Time>2026-07-29T23:13:35.000Z</Time>
            <Position>
              <LatitudeDegrees>44.28914210759103</LatitudeDegrees>
              <LongitudeDegrees>-81.59175309352577</LongitudeDegrees>
            </Position>
            <AltitudeMeters>175.1999969482422</AltitudeMeters>
            <DistanceMeters>28.389999389648438</DistanceMeters>
            <HeartRateBpm>
              <Value>85</Value>
            </HeartRateBpm>
            <Extensions>
              <ns3:TPX>
                <ns3:Speed>0.5410000085830688</ns3:Speed>
              </ns3:TPX>
            </Extensions>
          </Trackpoint>
          <Trackpoint>
            <Time>2026-07-29T23:13:40.000Z</Time>
            <Position>
              <LatitudeDegrees>44.289143113419414</LatitudeDegrees>
              <LongitudeDegrees>-81.59177807159722</LongitudeDegrees>
            </Position>
            <AltitudeMeters>175.1999969482422</AltitudeMeters>
            <DistanceMeters>30.360000610351562</DistanceMeters>
            <HeartRateBpm>
              <Value>86</Value>
            </HeartRateBpm>
            <Extensions>
              <ns3:TPX>
                <ns3:Speed>0.8960000276565552</ns3:Speed>
              </ns3:TPX>
            </Extensions>
          </Trackpoint>
          <Trackpoint>
            <Time>2026-07-29T23:13:43.000Z</Time>
            <Position>
              <LatitudeDegrees>44.28912936709821</LatitudeDegrees>
              <LongitudeDegrees>-81.59181729890406</LongitudeDegrees>
            </Position>
            <AltitudeMeters>175.1999969482422</AltitudeMeters>
            <DistanceMeters>33.849998474121094</DistanceMeters>
            <HeartRateBpm>
              <Value>85</Value>
            </HeartRateBpm>
            <Extensions>
              <ns3:TPX>
                <ns3:Speed>1.0260000228881836</ns3:Speed>
              </ns3:TPX>
            </Extensions>
          </Trackpoint>
          <Trackpoint>
            <Time>2026-07-29T23:13:48.000Z</Time>
            <Position>
              <LatitudeDegrees>44.28911176510155</LatitudeDegrees>
              <LongitudeDegrees>-81.59186616539955</LongitudeDegrees>
            </Position>
            <AltitudeMeters>174.60000610351562</AltitudeMeters>
            <DistanceMeters>38.09000015258789</DistanceMeters>
            <HeartRateBpm>
              <Value>86</Value>
            </HeartRateBpm>
            <Extensions>
              <ns3:TPX>
                <ns3:Speed>0.8960000276565552</ns3:Speed>
              </ns3:TPX>
            </Extensions>
          </Trackpoint>
          <Trackpoint>
            <Time>2026-07-29T23:13:49.000Z</Time>
            <Position>
              <LatitudeDegrees>44.28910908289254</LatitudeDegrees>
              <LongitudeDegrees>-81.59187622368336</LongitudeDegrees>
            </Position>
            <AltitudeMeters>174.60000610351562</AltitudeMeters>
            <DistanceMeters>38.95000076293945</DistanceMeters>
            <HeartRateBpm>
              <Value>86</Value>
            </HeartRateBpm>
            <Extensions>
              <ns3:TPX>
                <ns3:Speed>0.5320000052452087</ns3:Speed>
              </ns3:TPX>
            </Extensions>
          </Trackpoint>
          <Trackpoint>
            <Time>2026-07-29T23:13:56.000Z</Time>
            <Position>
              <LatitudeDegrees>44.28910179063678</LatitudeDegrees>
              <LongitudeDegrees>-81.59192324616015</LongitudeDegrees>
            </Position>
            <AltitudeMeters>174.60000610351562</AltitudeMeters>
            <DistanceMeters>42.93000030517578</DistanceMeters>
            <HeartRateBpm>
              <Value>86</Value>
            </HeartRateBpm>
            <Extensions>
              <ns3:TPX>
                <ns3:Speed>0.5789999961853027</ns3:Speed>
              </ns3:TPX>
            </Extensions>
          </Trackpoint>
          <Trackpoint>
            <Time>2026-07-29T23:13:59.000Z</Time>
            <Position>
              <LatitudeDegrees>44.289097683504224</LatitudeDegrees>
              <LongitudeDegrees>-81.59194906242192</LongitudeDegrees>
            </Position>
            <AltitudeMeters>175.0</AltitudeMeters>
            <DistanceMeters>45.029998779296875</DistanceMeters>
            <HeartRateBpm>
              <Value>86</Value>
            </HeartRateBpm>
            <Extensions>
              <ns3:TPX>
                <ns3:Speed>0.9419999718666077</ns3:Speed>
              </ns3:TPX>
            </Extensions>
          </Trackpoint>
          <Trackpoint>
            <Time>2026-07-29T23:14:03.000Z</Time>
            <Position>
              <LatitudeDegrees>44.28909542039037</LatitudeDegrees>
              <LongitudeDegrees>-81.59201259724796</LongitudeDegrees>
            </Position>
            <AltitudeMeters>175.39999389648438</AltitudeMeters>
            <DistanceMeters>50.09000015258789</DistanceMeters>
            <HeartRateBpm>
              <Value>86</Value>
            </HeartRateBpm>
            <Extensions>
              <ns3:TPX>
                <ns3:Speed>1.25</ns3:Speed>
              </ns3:TPX>
            </Extensions>
          </Trackpoint>
          <Trackpoint>
            <Time>2026-07-29T23:14:12.000Z</Time>
            <Position>
              <LatitudeDegrees>44.289084523916245</LatitudeDegrees>
              <LongitudeDegrees>-81.5921863541007</LongitudeDegrees>
            </Position>
            <AltitudeMeters>175.60000610351562</AltitudeMeters>
            <DistanceMeters>64.01000213623047</DistanceMeters>
            <HeartRateBpm>
              <Value>86</Value>
            </HeartRateBpm>
            <Extensions>
              <ns3:TPX>
                <ns3:Speed>1.315999984741211</ns3:Speed>
              </ns3:TPX>
            </Extensions>
          </Trackpoint>
          <Trackpoint>
            <Time>2026-07-29T23:14:20.000Z</Time>
            <Position>
              <LatitudeDegrees>44.2890471406281</LatitudeDegrees>
              <LongitudeDegrees>-81.59238751977682</LongitudeDegrees>
            </Position>
            <AltitudeMeters>175.60000610351562</AltitudeMeters>
            <DistanceMeters>80.70999908447266</DistanceMeters>
            <HeartRateBpm>
              <Value>84</Value>
            </HeartRateBpm>
            <Extensions>
              <ns3:TPX>
                <ns3:Speed>1.847000002861023</ns3:Speed>
              </ns3:TPX>
            </Extensions>
          </Trackpoint>
          <Trackpoint>
            <Time>2026-07-29T23:14:25.000Z</Time>
            <Position>
              <LatitudeDegrees>44.28901872597635</LatitudeDegrees>
              <LongitudeDegrees>-81.5925494581461</LongitudeDegrees>
            </Position>
            <AltitudeMeters>175.8000030517578</AltitudeMeters>
            <DistanceMeters>94.12000274658203</DistanceMeters>
            <HeartRateBpm>
              <Value>81</Value>
            </HeartRateBpm>
            <Extensions>
              <ns3:TPX>
                <ns3:Speed>2.2209999561309814</ns3:Speed>
              </ns3:TPX>
            </Extensions>
          </Trackpoint>
          <Trackpoint>
            <Time>2026-07-29T23:14:26.000Z</Time>
            <Position>
              <LatitudeDegrees>44.28900967352092</LatitudeDegrees>
              <LongitudeDegrees>-81.59257929772139</LongitudeDegrees>
            </Position>
            <AltitudeMeters>176.0</AltitudeMeters>
            <DistanceMeters>96.69999694824219</DistanceMeters>
            <HeartRateBpm>
              <Value>81</Value>
            </HeartRateBpm>
            <Extensions>
              <ns3:TPX>
                <ns3:Speed>2.2769999504089355</ns3:Speed>
              </ns3:TPX>
            </Extensions>
          </Trackpoint>
          <Trackpoint>
            <Time>2026-07-29T23:14:30.000Z</Time>
            <Position>
              <LatitudeDegrees>44.28898544982076</LatitudeDegrees>
              <LongitudeDegrees>-81.59266789443791</LongitudeDegrees>
            </Position>
            <AltitudeMeters>176.1999969482422</AltitudeMeters>
            <DistanceMeters>104.2300033569336</DistanceMeters>
            <HeartRateBpm>
              <Value>81</Value>
            </HeartRateBpm>
            <Extensions>
              <ns3:TPX>
                <ns3:Speed>2.2769999504089355</ns3:Speed>
              </ns3:TPX>
            </Extensions>
          </Trackpoint>
          <Trackpoint>
            <Time>2026-07-29T23:14:32.000Z</Time>
            <Position>
              <LatitudeDegrees>44.288965333253145</LatitudeDegrees>
              <LongitudeDegrees>-81.59271315671504</LongitudeDegrees>
            </Position>
            <AltitudeMeters>176.39999389648438</AltitudeMeters>
            <DistanceMeters>108.4800033569336</DistanceMeters>
            <HeartRateBpm>
              <Value>81</Value>
            </HeartRateBpm>
            <Extensions>
              <ns3:TPX>
                <ns3:Speed>2.193000078201294</ns3:Speed>
              </ns3:TPX>
            </Extensions>
          </Trackpoint>
          <Trackpoint>
            <Time>2026-07-29T23:14:42.000Z</Time>
            <Position>
              <LatitudeDegrees>44.28886734880507</LatitudeDegrees>
              <LongitudeDegrees>-81.59290200099349</LongitudeDegrees>
            </Position>
            <AltitudeMeters>176.8000030517578</AltitudeMeters>
            <DistanceMeters>126.97000122070312</DistanceMeters>
            <HeartRateBpm>
              <Value>77</Value>
            </HeartRateBpm>
            <Extensions>
              <ns3:TPX>
                <ns3:Speed>1.8380000591278076</ns3:Speed>
              </ns3:TPX>
            </Extensions>
          </Trackpoint>
          <Trackpoint>
            <Time>2026-07-29T23:14:43.000Z</Time>
            <Position>
              <LatitudeDegrees>44.288865169510245</LatitudeDegrees>
              <LongitudeDegrees>-81.59292362630367</LongitudeDegrees>
            </Position>
            <AltitudeMeters>176.8000030517578</AltitudeMeters>
            <DistanceMeters>128.7100067138672</DistanceMeters>
            <HeartRateBpm>
              <Value>76</Value>
            </HeartRateBpm>
            <Extensions>
              <ns3:TPX>
                <ns3:Speed>1.7640000581741333</ns3:Speed>
              </ns3:TPX>
            </Extensions>
          </Trackpoint>
          <Trackpoint>
            <Time>2026-07-29T23:14:44.000Z</Time>
            <Position>
              <LatitudeDegrees>44.288862235844135</LatitudeDegrees>
              <LongitudeDegrees>-81.5929411444813</LongitudeDegrees>
            </Position>
            <AltitudeMeters>176.8000030517578</AltitudeMeters>
            <DistanceMeters>130.1199951171875</DistanceMeters>
            <HeartRateBpm>
              <Value>79</Value>
            </HeartRateBpm>
            <Extensions>
              <ns3:TPX>
                <ns3:Speed>1.6699999570846558</ns3:Speed>
              </ns3:TPX>
            </Extensions>
          </Trackpoint>
          <Trackpoint>
            <Time>2026-07-29T23:14:50.000Z</Time>
            <Position>
              <LatitudeDegrees>44.28882242180407</LatitudeDegrees>
              <LongitudeDegrees>-81.59303711727262</LongitudeDegrees>
            </Position>
            <AltitudeMeters>176.60000610351562</AltitudeMeters>
            <DistanceMeters>138.97000122070312</DistanceMeters>
            <HeartRateBpm>
              <Value>78</Value>
            </HeartRateBpm>
            <Extensions>
              <ns3:TPX>
                <ns3:Speed>1.5399999618530273</ns3:Speed>
              </ns3:TPX>
            </Extensions>
          </Trackpoint>
          <Trackpoint>
            <Time>2026-07-29T23:14:58.000Z</Time>
            <Position>
              <LatitudeDegrees>44.288768442347646</LatitudeDegrees>
              <LongitudeDegrees>-81.59316502511501</LongitudeDegrees>
            </Position>
            <AltitudeMeters>176.60000610351562</AltitudeMeters>
            <DistanceMeters>150.8800048828125</DistanceMeters>
            <HeartRateBpm>
              <Value>80</Value>
            </HeartRateBpm>
            <Extensions>
              <ns3:TPX>
                <ns3:Speed>1.5859999656677246</ns3:Speed>
              </ns3:TPX>
            </Extensions>
          </Trackpoint>
          <Trackpoint>
            <Time>2026-07-29T23:14:59.000Z</Time>
            <Position>
              <LatitudeDegrees>44.28876173682511</LatitudeDegrees>
              <LongitudeDegrees>-81.59317298792303</LongitudeDegrees>
            </Position>
            <AltitudeMeters>176.60000610351562</AltitudeMeters>
            <DistanceMeters>151.83999633789062</DistanceMeters>
            <HeartRateBpm>
              <Value>77</Value>
            </HeartRateBpm>
            <Extensions>
              <ns3:TPX>
                <ns3:Speed>1.5859999656677246</ns3:Speed>
              </ns3:TPX>
            </Extensions>
          </Trackpoint>
          <Trackpoint>
            <Time>2026-07-29T23:15:03.000Z</Time>
            <Position>
              <LatitudeDegrees>44.28874581120908</LatitudeDegrees>
              <LongitudeDegrees>-81.59322428517044</LongitudeDegrees>
            </Position>
            <AltitudeMeters>177.0</AltitudeMeters>
            <DistanceMeters>156.5800018310547</DistanceMeters>
            <HeartRateBpm>
              <Value>77</Value>
            </HeartRateBpm>
            <Extensions>
              <ns3:TPX>
                <ns3:Speed>1.38100004196167</ns3:Speed>
              </ns3:TPX>
            </Extensions>
          </Trackpoint>
          <Trackpoint>
            <Time>2026-07-29T23:15:06.000Z</Time>
            <Position>
              <LatitudeDegrees>44.28873935714364</LatitudeDegrees>
              <LongitudeDegrees>-81.59327013418078</LongitudeDegrees>
            </Position>
            <AltitudeMeters>177.1999969482422</AltitudeMeters>
            <DistanceMeters>160.33999633789062</DistanceMeters>
            <HeartRateBpm>
              <Value>75</Value>
            </HeartRateBpm>
            <Extensions>
              <ns3:TPX>
                <ns3:Speed>1.38100004196167</ns3:Speed>
              </ns3:TPX>
            </Extensions>
          </Trackpoint>
          <Trackpoint>
            <Time>2026-07-29T23:15:10.000Z</Time>
            <Position>
              <LatitudeDegrees>44.28871111012995</LatitudeDegrees>
              <LongitudeDegrees>-81.59332084469497</LongitudeDegrees>
            </Position>
            <AltitudeMeters>177.60000610351562</AltitudeMeters>
            <DistanceMeters>165.30999755859375</DistanceMeters>
            <HeartRateBpm>
              <Value>76</Value>
            </HeartRateBpm>
            <Extensions>
              <ns3:TPX>
                <ns3:Speed>1.38100004196167</ns3:Speed>
              </ns3:TPX>
            </Extensions>
          </Trackpoint>
          <Trackpoint>
            <Time>2026-07-29T23:15:12.000Z</Time>
            <Position>
              <LatitudeDegrees>44.288703482598066</LatitudeDegrees>
              <LongitudeDegrees>-81.59335722215474</LongitudeDegrees>
            </Position>
            <AltitudeMeters>177.8000030517578</AltitudeMeters>
            <DistanceMeters>168.3300018310547</DistanceMeters>
            <HeartRateBpm>
              <Value>76</Value>
            </HeartRateBpm>
            <Extensions>
              <ns3:TPX>
                <ns3:Speed>1.38100004196167</ns3:Speed>
              </ns3:TPX>
            </Extensions>
          </Trackpoint>
          <Trackpoint>
            <Time>2026-07-29T23:15:19.000Z</Time>
            <Position>
              <LatitudeDegrees>44.28868177346885</LatitudeDegrees>
              <LongitudeDegrees>-81.59349451772869</LongitudeDegrees>
            </Position>
            <AltitudeMeters>177.60000610351562</AltitudeMeters>
            <DistanceMeters>179.61000061035156</DistanceMeters>
            <HeartRateBpm>
              <Value>74</Value>
            </HeartRateBpm>
            <Extensions>
              <ns3:TPX>
                <ns3:Speed>1.305999994277954</ns3:Speed>
              </ns3:TPX>
            </Extensions>
          </Trackpoint>
          <Trackpoint>
            <Time>2026-07-29T23:15:20.000Z</Time>
            <Position>
              <LatitudeDegrees>44.28867808543146</LatitudeDegrees>
              <LongitudeDegrees>-81.59351161681116</LongitudeDegrees>
            </Position>
            <AltitudeMeters>177.60000610351562</AltitudeMeters>
            <DistanceMeters>181.02999877929688</DistanceMeters>
            <HeartRateBpm>
              <Value>78</Value>
            </HeartRateBpm>
            <Extensions>
              <ns3:TPX>
                <ns3:Speed>1.315999984741211</ns3:Speed>
              </ns3:TPX>
            </Extensions>
          </Trackpoint>
          <Trackpoint>
            <Time>2026-07-29T23:15:21.000Z</Time>
            <Position>
              <LatitudeDegrees>44.288674145936966</LatitudeDegrees>
              <LongitudeDegrees>-81.5935302246362</LongitudeDegrees>
            </Position>
            <AltitudeMeters>177.60000610351562</AltitudeMeters>
            <DistanceMeters>182.5800018310547</DistanceMeters>
            <HeartRateBpm>
              <Value>74</Value>
            </HeartRateBpm>
            <Extensions>
              <ns3:TPX>
                <ns3:Speed>1.3339999914169312</ns3:Speed>
              </ns3:TPX>
            </Extensions>
          </Trackpoint>
          <Trackpoint>
            <Time>2026-07-29T23:15:32.000Z</Time>
            <Position>
              <LatitudeDegrees>44.288620334118605</LatitudeDegrees>
              <LongitudeDegrees>-81.59371244721115</LongitudeDegrees>
            </Position>
            <AltitudeMeters>178.0</AltitudeMeters>
            <DistanceMeters>198.2100067138672</DistanceMeters>
            <HeartRateBpm>
              <Value>74</Value>
            </HeartRateBpm>
            <Extensions>
              <ns3:TPX>
                <ns3:Speed>1.315999984741211</ns3:Speed>
              </ns3:TPX>
            </Extensions>
          </Trackpoint>
          <Trackpoint>
            <Time>2026-07-29T23:15:36.000Z</Time>
            <Position>
              <LatitudeDegrees>44.28860055282712</LatitudeDegrees>
              <LongitudeDegrees>-81.59378905780613</LongitudeDegrees>
            </Position>
            <AltitudeMeters>178.1999969482422</AltitudeMeters>
            <DistanceMeters>204.72999572753906</DistanceMeters>
            <HeartRateBpm>
              <Value>74</Value>
            </HeartRateBpm>
            <Extensions>
              <ns3:TPX>
                <ns3:Speed>1.4459999799728394</ns3:Speed>
              </ns3:TPX>
            </Extensions>
          </Trackpoint>
          <Trackpoint>
            <Time>2026-07-29T23:15:41.000Z</Time>
            <Position>
              <LatitudeDegrees>44.288573395460844</LatitudeDegrees>
              <LongitudeDegrees>-81.59385737031698</LongitudeDegrees>
            </Position>
            <AltitudeMeters>178.1999969482422</AltitudeMeters>
            <DistanceMeters>211.0</DistanceMeters>
            <HeartRateBpm>
              <Value>74</Value>
            </HeartRateBpm>
            <Extensions>
              <ns3:TPX>
                <ns3:Speed>1.3899999856948853</ns3:Speed>
              </ns3:TPX>
            </Extensions>
          </Trackpoint>
          <Trackpoint>
            <Time>2026-07-29T23:15:52.000Z</Time>
            <Position>
              <LatitudeDegrees>44.28851832635701</LatitudeDegrees>
              <LongitudeDegrees>-81.59400765784085</LongitudeDegrees>
            </Position>
            <AltitudeMeters>178.1999969482422</AltitudeMeters>
            <DistanceMeters>224.47000122070312</DistanceMeters>
            <HeartRateBpm>
              <Value>77</Value>
            </HeartRateBpm>
            <Extensions>
              <ns3:TPX>
                <ns3:Speed>1.2690000534057617</ns3:Speed>
              </ns3:TPX>
            </Extensions>
          </Trackpoint>
          <Trackpoint>
            <Time>2026-07-29T23:15:54.000Z</Time>
            <Position>
              <LatitudeDegrees>44.28850835189223</LatitudeDegrees>
              <LongitudeDegrees>-81.59403439611197</LongitudeDegrees>
            </Position>
            <AltitudeMeters>178.1999969482422</AltitudeMeters>
            <DistanceMeters>226.8800048828125</DistanceMeters>
            <HeartRateBpm>
              <Value>78</Value>
            </HeartRateBpm>
            <Extensions>
              <ns3:TPX>
                <ns3:Speed>1.156999945640564</ns3:Speed>
              </ns3:TPX>
            </Extensions>
          </Trackpoint>
          <Trackpoint>
            <Time>2026-07-29T23:16:04.000Z</Time>
            <Position>
              <LatitudeDegrees>44.28845873102546</LatitudeDegrees>
              <LongitudeDegrees>-81.59415333531797</LongitudeDegrees>
            </Position>
            <AltitudeMeters>178.1999969482422</AltitudeMeters>
            <DistanceMeters>237.85000610351562</DistanceMeters>
            <HeartRateBpm>
              <Value>78</Value>
            </HeartRateBpm>
            <Extensions>
              <ns3:TPX>
                <ns3:Speed>1.1759999990463257</ns3:Speed>
              </ns3:TPX>
            </Extensions>
          </Trackpoint>
          <Trackpoint>
            <Time>2026-07-29T23:16:16.000Z</Time>
            <Position>
              <LatitudeDegrees>44.28839326836169</LatitudeDegrees>
              <LongitudeDegrees>-81.5943328756839</LongitudeDegrees>
            </Position>
            <AltitudeMeters>178.0</AltitudeMeters>
            <DistanceMeters>253.97000122070312</DistanceMeters>
            <HeartRateBpm>
              <Value>75</Value>
            </HeartRateBpm>
            <Extensions>
              <ns3:TPX>
                <ns3:Speed>1.305999994277954</ns3:Speed>
              </ns3:TPX>
            </Extensions>
          </Trackpoint>
          <Trackpoint>
            <Time>2026-07-29T23:16:23.000Z</Time>
            <Position>
              <LatitudeDegrees>44.28836401551962</LatitudeDegrees>
              <LongitudeDegrees>-81.59442130476236</LongitudeDegrees>
            </Position>
            <AltitudeMeters>178.0</AltitudeMeters>
            <DistanceMeters>261.739990234375</DistanceMeters>
            <HeartRateBpm>
              <Value>72</Value>
            </HeartRateBpm>
            <Extensions>
              <ns3:TPX>
                <ns3:Speed>1.1759999990463257</ns3:Speed>
              </ns3:TPX>
            </Extensions>
          </Trackpoint>
          <Trackpoint>
            <Time>2026-07-29T23:16:27.000Z</Time>
            <Position>
              <LatitudeDegrees>44.2883375287056</LatitudeDegrees>
              <LongitudeDegrees>-81.59447486512363</LongitudeDegrees>
            </Position>
            <AltitudeMeters>178.0</AltitudeMeters>
            <DistanceMeters>266.94000244140625</DistanceMeters>
            <HeartRateBpm>
              <Value>69</Value>
            </HeartRateBpm>
            <Extensions>
              <ns3:TPX>
                <ns3:Speed>1.194000005722046</ns3:Speed>
              </ns3:TPX>
            </Extensions>
          </Trackpoint>
          <Trackpoint>
            <Time>2026-07-29T23:16:31.000Z</Time>
            <Position>
              <LatitudeDegrees>44.288311544805765</LatitudeDegrees>
              <LongitudeDegrees>-81.59453596919775</LongitudeDegrees>
            </Position>
            <AltitudeMeters>178.0</AltitudeMeters>
            <DistanceMeters>272.6300048828125</DistanceMeters>
            <HeartRateBpm>
              <Value>68</Value>
            </HeartRateBpm>
            <Extensions>
              <ns3:TPX>
                <ns3:Speed>1.277999997138977</ns3:Speed>
              </ns3:TPX>
            </Extensions>
          </Trackpoint>
          <Trackpoint>
            <Time>2026-07-29T23:16:39.000Z</Time>
            <Position>
              <LatitudeDegrees>44.28825999610126</LatitudeDegrees>
              <LongitudeDegrees>-81.59462456591427</LongitudeDegrees>
            </Position>
            <AltitudeMeters>177.60000610351562</AltitudeMeters>
            <DistanceMeters>281.75</DistanceMeters>
            <HeartRateBpm>
              <Value>69</Value>
            </HeartRateBpm>
            <Extensions>
              <ns3:TPX>
                <ns3:Speed>1.222000002861023</ns3:Speed>
              </ns3:TPX>
            </Extensions>
          </Trackpoint>
          <Trackpoint>
            <Time>2026-07-29T23:16:48.000Z</Time>
            <Position>
              <LatitudeDegrees>44.288195203989744</LatitudeDegrees>
              <LongitudeDegrees>-81.59475021064281</LongitudeDegrees>
            </Position>
            <AltitudeMeters>177.8000030517578</AltitudeMeters>
            <DistanceMeters>294.1099853515625</DistanceMeters>
            <HeartRateBpm>
              <Value>68</Value>
            </HeartRateBpm>
            <Extensions>
              <ns3:TPX>
                <ns3:Speed>1.437000036239624</ns3:Speed>
              </ns3:TPX>
            </Extensions>
          </Trackpoint>
          <Trackpoint>
            <Time>2026-07-29T23:16:56.000Z</Time>
            <Position>
              <LatitudeDegrees>44.28812856785953</LatitudeDegrees>
              <LongitudeDegrees>-81.59486940130591</LongitudeDegrees>
            </Position>
            <AltitudeMeters>178.0</AltitudeMeters>
            <DistanceMeters>306.20001220703125</DistanceMeters>
            <HeartRateBpm>
              <Value>69</Value>
            </HeartRateBpm>
            <Extensions>
              <ns3:TPX>
                <ns3:Speed>1.5210000276565552</ns3:Speed>
              </ns3:TPX>
            </Extensions>
          </Trackpoint>
          <Trackpoint>
            <Time>2026-07-29T23:17:01.000Z</Time>
            <Position>
              <LatitudeDegrees>44.28808841854334</LatitudeDegrees>
              <LongitudeDegrees>-81.59495808184147</LongitudeDegrees>
            </Position>
            <AltitudeMeters>177.8000030517578</AltitudeMeters>
            <DistanceMeters>314.6700134277344</DistanceMeters>
            <HeartRateBpm>
              <Value>72</Value>
            </HeartRateBpm>
            <Extensions>
              <ns3:TPX>
                <ns3:Speed>1.6050000190734863</ns3:Speed>
              </ns3:TPX>
            </Extensions>
          </Trackpoint>
          <Trackpoint>
            <Time>2026-07-29T23:17:05.000Z</Time>
            <Position>
              <LatitudeDegrees>44.288054974749684</LatitudeDegrees>
              <LongitudeDegrees>-81.59502790309489</LongitudeDegrees>
            </Position>
            <AltitudeMeters>178.0</AltitudeMeters>
            <DistanceMeters>321.3800048828125</DistanceMeters>
            <HeartRateBpm>
              <Value>71</Value>
            </HeartRateBpm>
            <Extensions>
              <ns3:TPX>
                <ns3:Speed>1.6979999542236328</ns3:Speed>
              </ns3:TPX>
            </Extensions>
          </Trackpoint>
          <Trackpoint>
            <Time>2026-07-29T23:17:10.000Z</Time>
            <Position>
              <LatitudeDegrees>44.28802161477506</LatitudeDegrees>
              <LongitudeDegrees>-81.59511624835432</LongitudeDegrees>
            </Position>
            <AltitudeMeters>178.1999969482422</AltitudeMeters>
            <DistanceMeters>329.489990234375</DistanceMeters>
            <HeartRateBpm>
              <Value>72</Value>
            </HeartRateBpm>
            <Extensions>
              <ns3:TPX>
                <ns3:Speed>1.7259999513626099</ns3:Speed>
              </ns3:TPX>
            </Extensions>
          </Trackpoint>
          <Trackpoint>
            <Time>2026-07-29T23:17:13.000Z</Time>
            <Position>
              <LatitudeDegrees>44.28799906745553</LatitudeDegrees>
              <LongitudeDegrees>-81.59516570158303</LongitudeDegrees>
            </Position>
            <AltitudeMeters>178.1999969482422</AltitudeMeters>
            <DistanceMeters>334.2099914550781</DistanceMeters>
            <HeartRateBpm>
              <Value>73</Value>
            </HeartRateBpm>
            <Extensions>
              <ns3:TPX>
                <ns3:Speed>1.7170000076293945</ns3:Speed>
              </ns3:TPX>
            </Extensions>
          </Trackpoint>
          <Trackpoint>
            <Time>2026-07-29T23:17:24.000Z</Time>
            <Position>
              <LatitudeDegrees>44.28789580240846</LatitudeDegrees>
              <LongitudeDegrees>-81.59534809179604</LongitudeDegrees>
            </Position>
            <AltitudeMeters>178.1999969482422</AltitudeMeters>
            <DistanceMeters>352.739990234375</DistanceMeters>
            <HeartRateBpm>
              <Value>72</Value>
            </HeartRateBpm>
            <Extensions>
              <ns3:TPX>
                <ns3:Speed>1.6890000104904175</ns3:Speed>
              </ns3:TPX>
            </Extensions>
          </Trackpoint>
          <Trackpoint>
            <Time>2026-07-29T23:17:31.000Z</Time>
            <Position>
              <LatitudeDegrees>44.28783193230629</LatitudeDegrees>
              <LongitudeDegrees>-81.59546225331724</LongitudeDegrees>
            </Position>
            <AltitudeMeters>178.0</AltitudeMeters>
            <DistanceMeters>364.3800048828125</DistanceMeters>
            <HeartRateBpm>
              <Value>72</Value>
            </HeartRateBpm>
            <Extensions>
              <ns3:TPX>
                <ns3:Speed>1.6979999542236328</ns3:Speed>
              </ns3:TPX>
            </Extensions>
          </Trackpoint>
          <Trackpoint>
            <Time>2026-07-29T23:17:41.000Z</Time>
            <Position>
              <LatitudeDegrees>44.28773755207658</LatitudeDegrees>
              <LongitudeDegrees>-81.5956106968224</LongitudeDegrees>
            </Position>
            <AltitudeMeters>178.0</AltitudeMeters>
            <DistanceMeters>380.2300109863281</DistanceMeters>
            <HeartRateBpm>
              <Value>74</Value>
            </HeartRateBpm>
            <Extensions>
              <ns3:TPX>
                <ns3:Speed>1.6890000104904175</ns3:Speed>
              </ns3:TPX>
            </Extensions>
          </Trackpoint>
          <Trackpoint>
            <Time>2026-07-29T23:17:42.000Z</Time>
            <Position>
              <LatitudeDegrees>44.287730008363724</LatitudeDegrees>
              <LongitudeDegrees>-81.59561832435429</LongitudeDegrees>
            </Position>
            <AltitudeMeters>178.0</AltitudeMeters>
            <DistanceMeters>381.2699890136719</DistanceMeters>
            <HeartRateBpm>
              <Value>73</Value>
            </HeartRateBpm>
            <Extensions>
              <ns3:TPX>
                <ns3:Speed>1.6050000190734863</ns3:Speed>
              </ns3:TPX>
            </Extensions>
          </Trackpoint>
          <Trackpoint>
            <Time>2026-07-29T23:17:46.000Z</Time>
            <Position>
              <LatitudeDegrees>44.287696899846196</LatitudeDegrees>
              <LongitudeDegrees>-81.59568781033158</LongitudeDegrees>
            </Position>
            <AltitudeMeters>178.0</AltitudeMeters>
            <DistanceMeters>387.95001220703125</DistanceMeters>
            <HeartRateBpm>
              <Value>73</Value>
            </HeartRateBpm>
            <Extensions>
              <ns3:TPX>
                <ns3:Speed>1.6050000190734863</ns3:Speed>
              </ns3:TPX>
            </Extensions>
          </Trackpoint>
          <Trackpoint>
            <Time>2026-07-29T23:17:49.000Z</Time>
            <Position>
              <LatitudeDegrees>44.287682231515646</LatitudeDegrees>
              <LongitudeDegrees>-81.5957351680845</LongitudeDegrees>
            </Position>
            <AltitudeMeters>178.0</AltitudeMeters>
            <DistanceMeters>392.0799865722656</DistanceMeters>
            <HeartRateBpm>
              <Value>76</Value>
            </HeartRateBpm>
            <Extensions>
              <ns3:TPX>
                <ns3:Speed>1.3619999885559082</ns3:Speed>
              </ns3:TPX>
            </Extensions>
          </Trackpoint>
          <Trackpoint>
            <Time>2026-07-29T23:17:54.000Z</Time>
            <Position>
              <LatitudeDegrees>44.28766437806189</LatitudeDegrees>
              <LongitudeDegrees>-81.59582166932523</LongitudeDegrees>
            </Position>
            <AltitudeMeters>177.8000030517578</AltitudeMeters>
            <DistanceMeters>399.2799987792969</DistanceMeters>
            <HeartRateBpm>
              <Value>75</Value>
            </HeartRateBpm>
            <Extensions>
              <ns3:TPX>
                <ns3:Speed>1.6519999504089355</ns3:Speed>
              </ns3:TPX>
            </Extensions>
          </Trackpoint>
          <Trackpoint>
            <Time>2026-07-29T23:18:00.000Z</Time>
            <Position>
              <LatitudeDegrees>44.28761417046189</LatitudeDegrees>
              <LongitudeDegrees>-81.59589987248182</LongitudeDegrees>
            </Position>
            <AltitudeMeters>177.60000610351562</AltitudeMeters>
            <DistanceMeters>407.80999755859375</DistanceMeters>
            <HeartRateBpm>
              <Value>75</Value>
            </HeartRateBpm>
            <Extensions>
              <ns3:TPX>
                <ns3:Speed>1.6519999504089355</ns3:Speed>
              </ns3:TPX>
            </Extensions>
          </Trackpoint>
          <Trackpoint>
            <Time>2026-07-29T23:18:06.000Z</Time>
            <Position>
              <LatitudeDegrees>44.28754745051265</LatitudeDegrees>
              <LongitudeDegrees>-81.59603758715093</LongitudeDegrees>
            </Position>
            <AltitudeMeters>177.60000610351562</AltitudeMeters>
            <DistanceMeters>421.0899963378906</DistanceMeters>
            <HeartRateBpm>
              <Value>74</Value>
            </HeartRateBpm>
            <Extensions>
              <ns3:TPX>
                <ns3:Speed>1.9500000476837158</ns3:Speed>
              </ns3:TPX>
            </Extensions>
          </Trackpoint>
          <Trackpoint>
            <Time>2026-07-29T23:18:09.000Z</Time>
            <Position>
              <LatitudeDegrees>44.287530183792114</LatitudeDegrees>
              <LongitudeDegrees>-81.59609232097864</LongitudeDegrees>
            </Position>
            <AltitudeMeters>177.8000030517578</AltitudeMeters>
            <DistanceMeters>425.8699951171875</DistanceMeters>
            <HeartRateBpm>
              <Value>70</Value>
            </HeartRateBpm>
            <Extensions>
              <ns3:TPX>
                <ns3:Speed>1.9500000476837158</ns3:Speed>
              </ns3:TPX>
            </Extensions>
          </Trackpoint>
          <Trackpoint>
            <Time>2026-07-29T23:18:10.000Z</Time>
            <Position>
              <LatitudeDegrees>44.28752498701215</LatitudeDegrees>
              <LongitudeDegrees>-81.59611729905009</LongitudeDegrees>
            </Position>
            <AltitudeMeters>177.8000030517578</AltitudeMeters>
            <DistanceMeters>427.9200134277344</DistanceMeters>
            <HeartRateBpm>
              <Value>74</Value>
            </HeartRateBpm>
            <Extensions>
              <ns3:TPX>
                <ns3:Speed>2.0989999771118164</ns3:Speed>
              </ns3:TPX>
            </Extensions>
          </Trackpoint>
          <Trackpoint>
            <Time>2026-07-29T23:18:13.000Z</Time>
            <Position>
              <LatitudeDegrees>44.28750411607325</LatitudeDegrees>
              <LongitudeDegrees>-81.59618209116161</LongitudeDegrees>
            </Position>
            <AltitudeMeters>177.8000030517578</AltitudeMeters>
            <DistanceMeters>433.5899963378906</DistanceMeters>
            <HeartRateBpm>
              <Value>78</Value>
            </HeartRateBpm>
            <Extensions>
              <ns3:TPX>
                <ns3:Speed>1.9500000476837158</ns3:Speed>
              </ns3:TPX>
            </Extensions>
          </Trackpoint>
          <Trackpoint>
            <Time>2026-07-29T23:18:14.000Z</Time>
            <Position>
              <LatitudeDegrees>44.28749833256006</LatitudeDegrees>
              <LongitudeDegrees>-81.59620841033757</LongitudeDegrees>
            </Position>
            <AltitudeMeters>177.8000030517578</AltitudeMeters>
            <DistanceMeters>435.7900085449219</DistanceMeters>
            <HeartRateBpm>
              <Value>75</Value>
            </HeartRateBpm>
            <Extensions>
              <ns3:TPX>
                <ns3:Speed>1.8660000562667847</ns3:Speed>
              </ns3:TPX>
            </Extensions>
          </Trackpoint>
          <Trackpoint>
            <Time>2026-07-29T23:18:17.000Z</Time>
            <Position>
              <LatitudeDegrees>44.28745952434838</LatitudeDegrees>
              <LongitudeDegrees>-81.59628217108548</LongitudeDegrees>
            </Position>
            <AltitudeMeters>177.8000030517578</AltitudeMeters>
            <DistanceMeters>443.0899963378906</DistanceMeters>
            <HeartRateBpm>
              <Value>75</Value>
            </HeartRateBpm>
            <Extensions>
              <ns3:TPX>
                <ns3:Speed>1.6139999628067017</ns3:Speed>
              </ns3:TPX>
            </Extensions>
          </Trackpoint>
          <Trackpoint>
            <Time>2026-07-29T23:18:20.000Z</Time>
            <Position>
              <LatitudeDegrees>44.28742624819279</LatitudeDegrees>
              <LongitudeDegrees>-81.5963636431843</LongitudeDegrees>
            </Position>
            <AltitudeMeters>177.8000030517578</AltitudeMeters>
            <DistanceMeters>450.5799865722656</DistanceMeters>
            <HeartRateBpm>
              <Value>74</Value>
            </HeartRateBpm>
            <Extensions>
              <ns3:TPX>
                <ns3:Speed>1.4839999675750732</ns3:Speed>
              </ns3:TPX>
            </Extensions>
          </Trackpoint>
          <Trackpoint>
            <Time>2026-07-29T23:18:21.000Z</Time>
            <Position>
              <LatitudeDegrees>44.287421219050884</LatitudeDegrees>
              <LongitudeDegrees>-81.59637990407646</LongitudeDegrees>
            </Position>
            <AltitudeMeters>177.8000030517578</AltitudeMeters>
            <DistanceMeters>451.989990234375</DistanceMeters>
            <HeartRateBpm>
              <Value>76</Value>
            </HeartRateBpm>
            <Extensions>
              <ns3:TPX>
                <ns3:Speed>1.6890000104904175</ns3:Speed>
              </ns3:TPX>
            </Extensions>
          </Trackpoint>
          <Trackpoint>
            <Time>2026-07-29T23:18:27.000Z</Time>
            <Position>
              <LatitudeDegrees>44.28738140501082</LatitudeDegrees>
              <LongitudeDegrees>-81.59650018438697</LongitudeDegrees>
            </Position>
            <AltitudeMeters>177.8000030517578</AltitudeMeters>
            <DistanceMeters>462.67999267578125</DistanceMeters>
            <HeartRateBpm>
              <Value>75</Value>
            </HeartRateBpm>
            <Extensions>
              <ns3:TPX>
                <ns3:Speed>1.819000005722046</ns3:Speed>
              </ns3:TPX>
            </Extensions>
          </Trackpoint>
          <Trackpoint>
            <Time>2026-07-29T23:18:29.000Z</Time>
            <Position>
              <LatitudeDegrees>44.287365563213825</LatitudeDegrees>
              <LongitudeDegrees>-81.5965383220464</LongitudeDegrees>
            </Position>
            <AltitudeMeters>178.0</AltitudeMeters>
            <DistanceMeters>466.19000244140625</DistanceMeters>
            <HeartRateBpm>
              <Value>72</Value>
            </HeartRateBpm>
            <Extensions>
              <ns3:TPX>
                <ns3:Speed>1.819000005722046</ns3:Speed>
              </ns3:TPX>
            </Extensions>
          </Trackpoint>
          <Trackpoint>
            <Time>2026-07-29T23:18:35.000Z</Time>
            <Position>
              <LatitudeDegrees>44.28731837309897</LatitudeDegrees>
              <LongitudeDegrees>-81.59668735228479</LongitudeDegrees>
            </Position>
            <AltitudeMeters>178.0</AltitudeMeters>
            <DistanceMeters>479.1199951171875</DistanceMeters>
            <HeartRateBpm>
              <Value>71</Value>
            </HeartRateBpm>
            <Extensions>
              <ns3:TPX>
                <ns3:Speed>1.9129999876022339</ns3:Speed>
              </ns3:TPX>
            </Extensions>
          </Trackpoint>
          <Trackpoint>
            <Time>2026-07-29T23:18:42.000Z</Time>
            <Position>
              <LatitudeDegrees>44.28727294318378</LatitudeDegrees>
              <LongitudeDegrees>-81.59685431979597</LongitudeDegrees>
            </Position>
            <AltitudeMeters>178.0</AltitudeMeters>
            <DistanceMeters>493.3900146484375</DistanceMeters>
            <HeartRateBpm>
              <Value>71</Value>
            </HeartRateBpm>
            <Extensions>
              <ns3:TPX>
                <ns3:Speed>2.00600004196167</ns3:Speed>
              </ns3:TPX>
            </Extensions>
          </Trackpoint>
          <Trackpoint>
            <Time>2026-07-29T23:18:43.000Z</Time>
            <Position>
              <LatitudeDegrees>44.28726120851934</LatitudeDegrees>
              <LongitudeDegrees>-81.59688072279096</LongitudeDegrees>
            </Position>
            <AltitudeMeters>178.0</AltitudeMeters>
            <DistanceMeters>495.8699951171875</DistanceMeters>
            <HeartRateBpm>
              <Value>68</Value>
            </HeartRateBpm>
            <Extensions>
              <ns3:TPX>
                <ns3:Speed>2.13700008392334</ns3:Speed>
              </ns3:TPX>
            </Extensions>
          </Trackpoint>
          <Trackpoint>
            <Time>2026-07-29T23:18:45.000Z</Time>
            <Position>
              <LatitudeDegrees>44.287243355065584</LatitudeDegrees>
              <LongitudeDegrees>-81.59693009220064</LongitudeDegrees>
            </Position>
            <AltitudeMeters>178.0</AltitudeMeters>
            <DistanceMeters>500.2799987792969</DistanceMeters>
            <HeartRateBpm>
              <Value>71</Value>
            </HeartRateBpm>
            <Extensions>
              <ns3:TPX>
                <ns3:Speed>2.1549999713897705</ns3:Speed>
              </ns3:TPX>
            </Extensions>
          </Trackpoint>
          <Trackpoint>
            <Time>2026-07-29T23:18:46.000Z</Time>
            <Position>
              <LatitudeDegrees>44.287235643714666</LatitudeDegrees>
              <LongitudeDegrees>-81.596954818815</LongitudeDegrees>
            </Position>
            <AltitudeMeters>178.1999969482422</AltitudeMeters>
            <DistanceMeters>502.4100036621094</DistanceMeters>
            <HeartRateBpm>
              <Value>68</Value>
            </HeartRateBpm>
            <Extensions>
              <ns3:TPX>
                <ns3:Speed>2.249000072479248</ns3:Speed>
              </ns3:TPX>
            </Extensions>
          </Trackpoint>
          <Trackpoint>
            <Time>2026-07-29T23:18:50.000Z</Time>
            <Position>
              <LatitudeDegrees>44.287175545468926</LatitudeDegrees>
              <LongitudeDegrees>-81.59704634919763</LongitudeDegrees>
            </Position>
            <AltitudeMeters>178.1999969482422</AltitudeMeters>
            <DistanceMeters>512.3699951171875</DistanceMeters>
            <HeartRateBpm>
              <Value>66</Value>
            </HeartRateBpm>
            <Extensions>
              <ns3:TPX>
                <ns3:Speed>2.5290000438690186</ns3:Speed>
              </ns3:TPX>
            </Extensions>
          </Trackpoint>
          <Trackpoint>
            <Time>2026-07-29T23:18:55.000Z</Time>
            <Position>
              <LatitudeDegrees>44.287119721993804</LatitudeDegrees>
              <LongitudeDegrees>-81.59717249684036</LongitudeDegrees>
            </Position>
            <AltitudeMeters>178.39999389648438</AltitudeMeters>
            <DistanceMeters>524.22998046875</DistanceMeters>
            <HeartRateBpm>
              <Value>68</Value>
            </HeartRateBpm>
            <Extensions>
              <ns3:TPX>
                <ns3:Speed>2.3420000076293945</ns3:Speed>
              </ns3:TPX>
            </Extensions>
          </Trackpoint>
          <Trackpoint>
            <Time>2026-07-29T23:19:01.000Z</Time>
            <Position>
              <LatitudeDegrees>44.2870887927711</LatitudeDegrees>
              <LongitudeDegrees>-81.59728297032416</LongitudeDegrees>
            </Position>
            <AltitudeMeters>178.39999389648438</AltitudeMeters>
            <DistanceMeters>533.780029296875</DistanceMeters>
            <HeartRateBpm>
              <Value>67</Value>
            </HeartRateBpm>
            <Extensions>
              <ns3:TPX>
                <ns3:Speed>1.8009999990463257</ns3:Speed>
              </ns3:TPX>
            </Extensions>
          </Trackpoint>
          <Trackpoint>
            <Time>2026-07-29T23:19:07.000Z</Time>
            <Position>
              <LatitudeDegrees>44.28704998455942</LatitudeDegrees>
              <LongitudeDegrees>-81.59740501083434</LongitudeDegrees>
            </Position>
            <AltitudeMeters>178.60000610351562</AltitudeMeters>
            <DistanceMeters>544.5800170898438</DistanceMeters>
            <HeartRateBpm>
              <Value>68</Value>
            </HeartRateBpm>
            <Extensions>
              <ns3:TPX>
                <ns3:Speed>2.052999973297119</ns3:Speed>
              </ns3:TPX>
            </Extensions>
          </Trackpoint>
          <Trackpoint>
            <Time>2026-07-29T23:19:13.000Z</Time>
            <Position>
              <LatitudeDegrees>44.287004889920354</LatitudeDegrees>
              <LongitudeDegrees>-81.59753476269543</LongitudeDegrees>
            </Position>
            <AltitudeMeters>178.60000610351562</AltitudeMeters>
            <DistanceMeters>556.0800170898438</DistanceMeters>
            <HeartRateBpm>
              <Value>64</Value>
            </HeartRateBpm>
            <Extensions>
              <ns3:TPX>
                <ns3:Speed>2.0339999198913574</ns3:Speed>
              </ns3:TPX>
            </Extensions>
          </Trackpoint>
          <Trackpoint>
            <Time>2026-07-29T23:19:16.000Z</Time>
            <Position>
              <LatitudeDegrees>44.286987790837884</LatitudeDegrees>
              <LongitudeDegrees>-81.59761221148074</LongitudeDegrees>
            </Position>
            <AltitudeMeters>178.60000610351562</AltitudeMeters>
            <DistanceMeters>562.5499877929688</DistanceMeters>
            <HeartRateBpm>
              <Value>66</Value>
            </HeartRateBpm>
            <Extensions>
              <ns3:TPX>
                <ns3:Speed>2.00600004196167</ns3:Speed>
              </ns3:TPX>
            </Extensions>
          </Trackpoint>
          <Trackpoint>
            <Time>2026-07-29T23:19:23.000Z</Time>
            <Position>
              <LatitudeDegrees>44.28692442364991</LatitudeDegrees>
              <LongitudeDegrees>-81.59779015928507</LongitudeDegrees>
            </Position>
            <AltitudeMeters>178.8000030517578</AltitudeMeters>
            <DistanceMeters>578.4000244140625</DistanceMeters>
            <HeartRateBpm>
              <Value>68</Value>
            </HeartRateBpm>
            <Extensions>
              <ns3:TPX>
                <ns3:Speed>2.3329999446868896</ns3:Speed>
              </ns3:TPX>
            </Extensions>
          </Trackpoint>
          <Trackpoint>
            <Time>2026-07-29T23:19:31.000Z</Time>
            <Position>
              <LatitudeDegrees>44.286867091432214</LatitudeDegrees>
              <LongitudeDegrees>-81.59798906184733</LongitudeDegrees>
            </Position>
            <AltitudeMeters>178.60000610351562</AltitudeMeters>
            <DistanceMeters>595.5499877929688</DistanceMeters>
            <HeartRateBpm>
              <Value>69</Value>
            </HeartRateBpm>
            <Extensions>
              <ns3:TPX>
                <ns3:Speed>2.378999948501587</ns3:Speed>
              </ns3:TPX>
            </Extensions>
          </Trackpoint>
          <Trackpoint>
            <Time>2026-07-29T23:19:34.000Z</Time>
            <Position>
              <LatitudeDegrees>44.28683088161051</LatitudeDegrees>
              <LongitudeDegrees>-81.59807288087904</LongitudeDegrees>
            </Position>
            <AltitudeMeters>178.39999389648438</AltitudeMeters>
            <DistanceMeters>603.3800048828125</DistanceMeters>
            <HeartRateBpm>
              <Value>66</Value>
            </HeartRateBpm>
            <Extensions>
              <ns3:TPX>
                <ns3:Speed>2.378999948501587</ns3:Speed>
              </ns3:TPX>
            </Extensions>
          </Trackpoint>
          <Trackpoint>
            <Time>2026-07-29T23:19:38.000Z</Time>
            <Position>
              <LatitudeDegrees>44.28680623881519</LatitudeDegrees>
              <LongitudeDegrees>-81.59814454615116</LongitudeDegrees>
            </Position>
            <AltitudeMeters>178.39999389648438</AltitudeMeters>
            <DistanceMeters>609.719970703125</DistanceMeters>
            <HeartRateBpm>
              <Value>62</Value>
            </HeartRateBpm>
            <Extensions>
              <ns3:TPX>
                <ns3:Speed>2.118000030517578</ns3:Speed>
              </ns3:TPX>
            </Extensions>
          </Trackpoint>
          <Trackpoint>
            <Time>2026-07-29T23:19:39.000Z</Time>
            <Position>
              <LatitudeDegrees>44.28679718635976</LatitudeDegrees>
              <LongitudeDegrees>-81.59816617146134</LongitudeDegrees>
            </Position>
            <AltitudeMeters>178.39999389648438</AltitudeMeters>
            <DistanceMeters>611.719970703125</DistanceMeters>
            <HeartRateBpm>
              <Value>63</Value>
            </HeartRateBpm>
            <Extensions>
              <ns3:TPX>
                <ns3:Speed>2.118000030517578</ns3:Speed>
              </ns3:TPX>
            </Extensions>
          </Trackpoint>
          <Trackpoint>
            <Time>2026-07-29T23:19:44.000Z</Time>
            <Position>
              <LatitudeDegrees>44.286753768101335</LatitudeDegrees>
              <LongitudeDegrees>-81.59829030744731</LongitudeDegrees>
            </Position>
            <AltitudeMeters>178.60000610351562</AltitudeMeters>
            <DistanceMeters>622.9000244140625</DistanceMeters>
            <HeartRateBpm>
              <Value>64</Value>
            </HeartRateBpm>
            <Extensions>
              <ns3:TPX>
                <ns3:Speed>1.9500000476837158</ns3:Speed>
              </ns3:TPX>
            </Extensions>
          </Trackpoint>
          <Trackpoint>
            <Time>2026-07-29T23:19:45.000Z</Time>
            <Position>
              <LatitudeDegrees>44.286750331521034</LatitudeDegrees>
              <LongitudeDegrees>-81.59830992110074</LongitudeDegrees>
            </Position>
            <AltitudeMeters>178.60000610351562</AltitudeMeters>
            <DistanceMeters>624.510009765625</DistanceMeters>
            <HeartRateBpm>
              <Value>60</Value>
            </HeartRateBpm>
            <Extensions>
              <ns3:TPX>
                <ns3:Speed>1.9500000476837158</ns3:Speed>
              </ns3:TPX>
            </Extensions>
          </Trackpoint>
          <Trackpoint>
            <Time>2026-07-29T23:19:53.000Z</Time>
            <Position>
              <LatitudeDegrees>44.286727448925376</LatitudeDegrees>
              <LongitudeDegrees>-81.59848728217185</LongitudeDegrees>
            </Position>
            <AltitudeMeters>178.8000030517578</AltitudeMeters>
            <DistanceMeters>638.9400024414062</DistanceMeters>
            <HeartRateBpm>
              <Value>59</Value>
            </HeartRateBpm>
            <Extensions>
              <ns3:TPX>
                <ns3:Speed>1.8380000591278076</ns3:Speed>
              </ns3:TPX>
            </Extensions>
          </Trackpoint>
          <Trackpoint>
            <Time>2026-07-29T23:20:00.000Z</Time>
            <Position>
              <LatitudeDegrees>44.28666768595576</LatitudeDegrees>
              <LongitudeDegrees>-81.59866455942392</LongitudeDegrees>
            </Position>
            <AltitudeMeters>179.0</AltitudeMeters>
            <DistanceMeters>654.6099853515625</DistanceMeters>
            <HeartRateBpm>
              <Value>58</Value>
            </HeartRateBpm>
            <Extensions>
              <ns3:TPX>
                <ns3:Speed>2.2669999599456787</ns3:Speed>
              </ns3:TPX>
            </Extensions>
          </Trackpoint>
          <Trackpoint>
            <Time>2026-07-29T23:20:08.000Z</Time>
            <Position>
              <LatitudeDegrees>44.28655168041587</LatitudeDegrees>
              <LongitudeDegrees>-81.59890042617917</LongitudeDegrees>
            </Position>
            <AltitudeMeters>179.0</AltitudeMeters>
            <DistanceMeters>677.5800170898438</DistanceMeters>
            <HeartRateBpm>
              <Value>57</Value>
            </HeartRateBpm>
            <Extensions>
              <ns3:TPX>
                <ns3:Speed>2.500999927520752</ns3:Speed>
              </ns3:TPX>
            </Extensions>
          </Trackpoint>
          <Trackpoint>
            <Time>2026-07-29T23:20:18.000Z</Time>
            <Position>
              <LatitudeDegrees>44.28647649474442</LatitudeDegrees>
              <LongitudeDegrees>-81.59911382943392</LongitudeDegrees>
            </Position>
            <AltitudeMeters>179.0</AltitudeMeters>
            <DistanceMeters>696.5599975585938</DistanceMeters>
            <HeartRateBpm>
              <Value>55</Value>
            </HeartRateBpm>
            <Extensions>
              <ns3:TPX>
                <ns3:Speed>2.13700008392334</ns3:Speed>
              </ns3:TPX>
            </Extensions>
          </Trackpoint>
          <Trackpoint>
            <Time>2026-07-29T23:20:26.000Z</Time>
            <Position>
              <LatitudeDegrees>44.28641731850803</LatitudeDegrees>
              <LongitudeDegrees>-81.59926537424326</LongitudeDegrees>
            </Position>
            <AltitudeMeters>179.1999969482422</AltitudeMeters>
            <DistanceMeters>710.3099975585938</DistanceMeters>
            <HeartRateBpm>
              <Value>52</Value>
            </HeartRateBpm>
            <Extensions>
              <ns3:TPX>
                <ns3:Speed>1.8660000562667847</ns3:Speed>
              </ns3:TPX>
            </Extensions>
          </Trackpoint>
          <Trackpoint>
            <Time>2026-07-29T23:20:28.000Z</Time>
            <Position>
              <LatitudeDegrees>44.28639552555978</LatitudeDegrees>
              <LongitudeDegrees>-81.59932069480419</LongitudeDegrees>
            </Position>
            <AltitudeMeters>179.1999969482422</AltitudeMeters>
            <DistanceMeters>715.3400268554688</DistanceMeters>
            <HeartRateBpm>
              <Value>52</Value>
            </HeartRateBpm>
            <Extensions>
              <ns3:TPX>
                <ns3:Speed>1.8660000562667847</ns3:Speed>
              </ns3:TPX>
            </Extensions>
          </Trackpoint>
          <Trackpoint>
            <Time>2026-07-29T23:20:31.000Z</Time>
            <Position>
              <LatitudeDegrees>44.28636593744159</LatitudeDegrees>
              <LongitudeDegrees>-81.59938833676279</LongitudeDegrees>
            </Position>
            <AltitudeMeters>179.0</AltitudeMeters>
            <DistanceMeters>721.6599731445312</DistanceMeters>
            <HeartRateBpm>
              <Value>55</Value>
            </HeartRateBpm>
            <Extensions>
              <ns3:TPX>
                <ns3:Speed>1.940999984741211</ns3:Speed>
              </ns3:TPX>
            </Extensions>
          </Trackpoint>
          <Trackpoint>
            <Time>2026-07-29T23:20:33.000Z</Time>
            <Position>
              <LatitudeDegrees>44.2863495927304</LatitudeDegrees>
              <LongitudeDegrees>-81.59942094236612</LongitudeDegrees>
            </Position>
            <AltitudeMeters>179.0</AltitudeMeters>
            <DistanceMeters>724.8300170898438</DistanceMeters>
            <HeartRateBpm>
              <Value>51</Value>
            </HeartRateBpm>
            <Extensions>
              <ns3:TPX>
                <ns3:Speed>1.8380000591278076</ns3:Speed>
              </ns3:TPX>
            </Extensions>
          </Trackpoint>
          <Trackpoint>
            <Time>2026-07-29T23:20:39.000Z</Time>
            <Position>
              <LatitudeDegrees>44.286303743720055</LatitudeDegrees>
              <LongitudeDegrees>-81.5995308291167</LongitudeDegrees>
            </Position>
            <AltitudeMeters>178.8000030517578</AltitudeMeters>
            <DistanceMeters>734.969970703125</DistanceMeters>
            <HeartRateBpm>
              <Value>53</Value>
            </HeartRateBpm>
            <Extensions>
              <ns3:TPX>
                <ns3:Speed>1.847000002861023</ns3:Speed>
              </ns3:TPX>
            </Extensions>
          </Trackpoint>
          <Trackpoint>
            <Time>2026-07-29T23:20:49.000Z</Time>
            <Position>
              <LatitudeDegrees>44.28621011786163</LatitudeDegrees>
              <LongitudeDegrees>-81.59974842332304</LongitudeDegrees>
            </Position>
            <AltitudeMeters>179.0</AltitudeMeters>
            <DistanceMeters>755.22998046875</DistanceMeters>
            <HeartRateBpm>
              <Value>56</Value>
            </HeartRateBpm>
            <Extensions>
              <ns3:TPX>
                <ns3:Speed>1.8009999990463257</ns3:Speed>
              </ns3:TPX>
            </Extensions>
          </Trackpoint>
          <Trackpoint>
            <Time>2026-07-29T23:20:52.000Z</Time>
            <Position>
              <LatitudeDegrees>44.28618337959051</LatitudeDegrees>
              <LongitudeDegrees>-81.59980340860784</LongitudeDegrees>
            </Position>
            <AltitudeMeters>178.8000030517578</AltitudeMeters>
            <DistanceMeters>760.5399780273438</DistanceMeters>
            <HeartRateBpm>
              <Value>56</Value>
            </HeartRateBpm>
            <Extensions>
              <ns3:TPX>
                <ns3:Speed>1.7079999446868896</ns3:Speed>
              </ns3:TPX>
            </Extensions>
          </Trackpoint>
          <Trackpoint>
            <Time>2026-07-29T23:20:54.000Z</Time>
            <Position>
              <LatitudeDegrees>44.286171896383166</LatitudeDegrees>
              <LongitudeDegrees>-81.5998347569257</LongitudeDegrees>
            </Position>
            <AltitudeMeters>178.8000030517578</AltitudeMeters>
            <DistanceMeters>763.3400268554688</DistanceMeters>
            <HeartRateBpm>
              <Value>60</Value>
            </HeartRateBpm>
            <Extensions>
              <ns3:TPX>
                <ns3:Speed>1.6979999542236328</ns3:Speed>
              </ns3:TPX>
            </Extensions>
          </Trackpoint>
          <Trackpoint>
            <Time>2026-07-29T23:20:58.000Z</Time>
            <Position>
              <LatitudeDegrees>44.28613677620888</LatitudeDegrees>
              <LongitudeDegrees>-81.59990021958947</LongitudeDegrees>
            </Position>
            <AltitudeMeters>178.8000030517578</AltitudeMeters>
            <DistanceMeters>769.8800048828125</DistanceMeters>
            <HeartRateBpm>
              <Value>63</Value>
            </HeartRateBpm>
            <Extensions>
              <ns3:TPX>
                <ns3:Speed>2.2769999504089355</ns3:Speed>
              </ns3:TPX>
            </Extensions>
          </Trackpoint>
          <Trackpoint>
            <Time>2026-07-29T23:21:01.000Z</Time>
            <Position>
              <LatitudeDegrees>44.28610173985362</LatitudeDegrees>
              <LongitudeDegrees>-81.59996308386326</LongitudeDegrees>
            </Position>
            <AltitudeMeters>178.8000030517578</AltitudeMeters>
            <DistanceMeters>776.239990234375</DistanceMeters>
            <HeartRateBpm>
              <Value>63</Value>
            </HeartRateBpm>
            <Extensions>
              <ns3:TPX>
                <ns3:Speed>1.902999997138977</ns3:Speed>
              </ns3:TPX>
            </Extensions>
          </Trackpoint>
          <Trackpoint>
            <Time>2026-07-29T23:21:05.000Z</Time>
            <Position>
              <LatitudeDegrees>44.286068798974156</LatitudeDegrees>
              <LongitudeDegrees>-81.60001924261451</LongitudeDegrees>
            </Position>
            <AltitudeMeters>178.60000610351562</AltitudeMeters>
            <DistanceMeters>782.1199951171875</DistanceMeters>
            <HeartRateBpm>
              <Value>63</Value>
            </HeartRateBpm>
            <Extensions>
              <ns3:TPX>
                <ns3:Speed>1.8380000591278076</ns3:Speed>
              </ns3:TPX>
            </Extensions>
          </Trackpoint>
          <Trackpoint>
            <Time>2026-07-29T23:21:07.000Z</Time>
            <Position>
              <LatitudeDegrees>44.286045748740435</LatitudeDegrees>
              <LongitudeDegrees>-81.600057547912</LongitudeDegrees>
            </Position>
            <AltitudeMeters>178.60000610351562</AltitudeMeters>
            <DistanceMeters>786.0900268554688</DistanceMeters>
            <HeartRateBpm>
              <Value>63</Value>
            </HeartRateBpm>
            <Extensions>
              <ns3:TPX>
                <ns3:Speed>1.7259999513626099</ns3:Speed>
              </ns3:TPX>
            </Extensions>
          </Trackpoint>
          <Trackpoint>
            <Time>2026-07-29T23:21:14.000Z</Time>
            <Position>
              <LatitudeDegrees>44.28596100769937</LatitudeDegrees>
              <LongitudeDegrees>-81.60023432224989</LongitudeDegrees>
            </Position>
            <AltitudeMeters>178.39999389648438</AltitudeMeters>
            <DistanceMeters>803.1500244140625</DistanceMeters>
            <HeartRateBpm>
              <Value>63</Value>
            </HeartRateBpm>
            <Extensions>
              <ns3:TPX>
                <ns3:Speed>2.0810000896453857</ns3:Speed>
              </ns3:TPX>
            </Extensions>
          </Trackpoint>
          <Trackpoint>
            <Time>2026-07-29T23:21:23.000Z</Time>
            <Position>
              <LatitudeDegrees>44.28587291389704</LatitudeDegrees>
              <LongitudeDegrees>-81.60039735026658</LongitudeDegrees>
            </Position>
            <AltitudeMeters>178.60000610351562</AltitudeMeters>
            <DistanceMeters>819.510009765625</DistanceMeters>
            <HeartRateBpm>
              <Value>61</Value>
            </HeartRateBpm>
            <Extensions>
              <ns3:TPX>
                <ns3:Speed>2.2209999561309814</ns3:Speed>
              </ns3:TPX>
            </Extensions>
          </Trackpoint>
          <Trackpoint>
            <Time>2026-07-29T23:21:28.000Z</Time>
            <Position>
              <LatitudeDegrees>44.28581700660288</LatitudeDegrees>
              <LongitudeDegrees>-81.60046633332968</LongitudeDegrees>
            </Position>
            <AltitudeMeters>178.60000610351562</AltitudeMeters>
            <DistanceMeters>827.8599853515625</DistanceMeters>
            <HeartRateBpm>
              <Value>61</Value>
            </HeartRateBpm>
            <Extensions>
              <ns3:TPX>
                <ns3:Speed>1.9500000476837158</ns3:Speed>
              </ns3:TPX>
            </Extensions>
          </Trackpoint>
          <Trackpoint>
            <Time>2026-07-29T23:21:34.000Z</Time>
            <Position>
              <LatitudeDegrees>44.28579437546432</LatitudeDegrees>
              <LongitudeDegrees>-81.60054721869528</LongitudeDegrees>
            </Position>
            <AltitudeMeters>178.39999389648438</AltitudeMeters>
            <DistanceMeters>834.8499755859375</DistanceMeters>
            <HeartRateBpm>
              <Value>62</Value>
            </HeartRateBpm>
            <Extensions>
              <ns3:TPX>
                <ns3:Speed>1.5859999656677246</ns3:Speed>
              </ns3:TPX>
            </Extensions>
          </Trackpoint>
          <Trackpoint>
            <Time>2026-07-29T23:21:40.000Z</Time>
            <Position>
              <LatitudeDegrees>44.285761350765824</LatitudeDegrees>
              <LongitudeDegrees>-81.60066330805421</LongitudeDegrees>
            </Position>
            <AltitudeMeters>178.1999969482422</AltitudeMeters>
            <DistanceMeters>844.72998046875</DistanceMeters>
            <HeartRateBpm>
              <Value>64</Value>
            </HeartRateBpm>
            <Extensions>
              <ns3:TPX>
                <ns3:Speed>1.5579999685287476</ns3:Speed>
              </ns3:TPX>
            </Extensions>
          </Trackpoint>
          <Trackpoint>
            <Time>2026-07-29T23:21:44.000Z</Time>
            <Position>
              <LatitudeDegrees>44.285717345774174</LatitudeDegrees>
              <LongitudeDegrees>-81.60074687562883</LongitudeDegrees>
            </Position>
            <AltitudeMeters>178.1999969482422</AltitudeMeters>
            <DistanceMeters>853.010009765625</DistanceMeters>
            <HeartRateBpm>
              <Value>61</Value>
            </HeartRateBpm>
            <Extensions>
              <ns3:TPX>
                <ns3:Speed>1.930999994277954</ns3:Speed>
              </ns3:TPX>
            </Extensions>
          </Trackpoint>
          <Trackpoint>
            <Time>2026-07-29T23:21:46.000Z</Time>
            <Position>
              <LatitudeDegrees>44.285691948607564</LatitudeDegrees>
              <LongitudeDegrees>-81.6007951553911</LongitudeDegrees>
            </Position>
            <AltitudeMeters>178.1999969482422</AltitudeMeters>
            <DistanceMeters>857.7899780273438</DistanceMeters>
            <HeartRateBpm>
              <Value>64</Value>
            </HeartRateBpm>
            <Extensions>
              <ns3:TPX>
                <ns3:Speed>2.1549999713897705</ns3:Speed>
              </ns3:TPX>
            </Extensions>
          </Trackpoint>
          <Trackpoint>
            <Time>2026-07-29T23:21:50.000Z</Time>
            <Position>
              <LatitudeDegrees>44.28563059307635</LatitudeDegrees>
              <LongitudeDegrees>-81.60090160556138</LongitudeDegrees>
            </Position>
            <AltitudeMeters>178.1999969482422</AltitudeMeters>
            <DistanceMeters>868.6900024414062</DistanceMeters>
            <HeartRateBpm>
              <Value>61</Value>
            </HeartRateBpm>
            <Extensions>
              <ns3:TPX>
                <ns3:Speed>2.621999979019165</ns3:Speed>
              </ns3:TPX>
            </Extensions>
          </Trackpoint>
          <Trackpoint>
            <Time>2026-07-29T23:21:52.000Z</Time>
            <Position>
              <LatitudeDegrees>44.285612823441625</LatitudeDegrees>
              <LongitudeDegrees>-81.60092708654702</LongitudeDegrees>
            </Position>
            <AltitudeMeters>178.1999969482422</AltitudeMeters>
            <DistanceMeters>871.510009765625</DistanceMeters>
            <HeartRateBpm>
              <Value>60</Value>
            </HeartRateBpm>
            <Extensions>
              <ns3:TPX>
                <ns3:Speed>1.6239999532699585</ns3:Speed>
              </ns3:TPX>
            </Extensions>
          </Trackpoint>
          <Trackpoint>
            <Time>2026-07-29T23:21:59.000Z</Time>
            <Position>
              <LatitudeDegrees>44.28553445264697</LatitudeDegrees>
              <LongitudeDegrees>-81.60102331079543</LongitudeDegrees>
            </Position>
            <AltitudeMeters>178.1999969482422</AltitudeMeters>
            <DistanceMeters>883.219970703125</DistanceMeters>
            <HeartRateBpm>
              <Value>59</Value>
            </HeartRateBpm>
            <Extensions>
              <ns3:TPX>
                <ns3:Speed>2.127000093460083</ns3:Speed>
              </ns3:TPX>
            </Extensions>
          </Trackpoint>
          <Trackpoint>
            <Time>2026-07-29T23:22:03.000Z</Time>
            <Position>
              <LatitudeDegrees>44.28548122756183</LatitudeDegrees>
              <LongitudeDegrees>-81.60108357667923</LongitudeDegrees>
            </Position>
            <AltitudeMeters>178.0</AltitudeMeters>
            <DistanceMeters>890.8800048828125</DistanceMeters>
            <HeartRateBpm>
              <Value>56</Value>
            </HeartRateBpm>
            <Extensions>
              <ns3:TPX>
                <ns3:Speed>1.9129999876022339</ns3:Speed>
              </ns3:TPX>
            </Extensions>
          </Trackpoint>
          <Trackpoint>
            <Time>2026-07-29T23:22:05.000Z</Time>
            <Position>
              <LatitudeDegrees>44.285468654707074</LatitudeDegrees>
              <LongitudeDegrees>-81.6011128295213</LongitudeDegrees>
            </Position>
            <AltitudeMeters>178.0</AltitudeMeters>
            <DistanceMeters>893.5700073242188</DistanceMeters>
            <HeartRateBpm>
              <Value>56</Value>
            </HeartRateBpm>
            <Extensions>
              <ns3:TPX>
                <ns3:Speed>1.9129999876022339</ns3:Speed>
              </ns3:TPX>
            </Extensions>
          </Trackpoint>
          <Trackpoint>
            <Time>2026-07-29T23:22:12.000Z</Time>
            <Position>
              <LatitudeDegrees>44.285409143194556</LatitudeDegrees>
              <LongitudeDegrees>-81.60117276012897</LongitudeDegrees>
            </Position>
            <AltitudeMeters>178.0</AltitudeMeters>
            <DistanceMeters>901.8400268554688</DistanceMeters>
            <HeartRateBpm>
              <Value>56</Value>
            </HeartRateBpm>
            <Extensions>
              <ns3:TPX>
                <ns3:Speed>1.5579999685287476</ns3:Speed>
              </ns3:TPX>
            </Extensions>
          </Trackpoint>
          <Trackpoint>
            <Time>2026-07-29T23:22:20.000Z</Time>
            <Position>
              <LatitudeDegrees>44.28531979210675</LatitudeDegrees>
              <LongitudeDegrees>-81.60128616727889</LongitudeDegrees>
            </Position>
            <AltitudeMeters>177.8000030517578</AltitudeMeters>
            <DistanceMeters>915.2999877929688</DistanceMeters>
            <HeartRateBpm>
              <Value>60</Value>
            </HeartRateBpm>
            <Extensions>
              <ns3:TPX>
                <ns3:Speed>1.5859999656677246</ns3:Speed>
              </ns3:TPX>
            </Extensions>
          </Trackpoint>
          <Trackpoint>
            <Time>2026-07-29T23:22:21.000Z</Time>
            <Position>
              <LatitudeDegrees>44.28531006909907</LatitudeDegrees>
              <LongitudeDegrees>-81.601302344352</LongitudeDegrees>
            </Position>
            <AltitudeMeters>177.8000030517578</AltitudeMeters>
            <DistanceMeters>916.97998046875</DistanceMeters>
            <HeartRateBpm>
              <Value>57</Value>
            </HeartRateBpm>
            <Extensions>
              <ns3:TPX>
                <ns3:Speed>1.5859999656677246</ns3:Speed>
              </ns3:TPX>
            </Extensions>
          </Trackpoint>
          <Trackpoint>
            <Time>2026-07-29T23:22:27.000Z</Time>
            <Position>
              <LatitudeDegrees>44.285273691639304</LatitudeDegrees>
              <LongitudeDegrees>-81.60141759552062</LongitudeDegrees>
            </Position>
            <AltitudeMeters>177.60000610351562</AltitudeMeters>
            <DistanceMeters>927.1099853515625</DistanceMeters>
            <HeartRateBpm>
              <Value>56</Value>
            </HeartRateBpm>
            <Extensions>
              <ns3:TPX>
                <ns3:Speed>1.0169999599456787</ns3:Speed>
              </ns3:TPX>
            </Extensions>
          </Trackpoint>
          <Trackpoint>
            <Time>2026-07-29T23:22:28.000Z</Time>
            <Position>
              <LatitudeDegrees>44.2852720990777</LatitudeDegrees>
              <LongitudeDegrees>-81.60143528133631</LongitudeDegrees>
            </Position>
            <AltitudeMeters>177.60000610351562</AltitudeMeters>
            <DistanceMeters>928.530029296875</DistanceMeters>
            <HeartRateBpm>
              <Value>59</Value>
            </HeartRateBpm>
            <Extensions>
              <ns3:TPX>
                <ns3:Speed>1.7259999513626099</ns3:Speed>
              </ns3:TPX>
            </Extensions>
          </Trackpoint>
          <Trackpoint>
            <Time>2026-07-29T23:22:30.000Z</Time>
            <Position>
              <LatitudeDegrees>44.28527142852545</LatitudeDegrees>
              <LongitudeDegrees>-81.6014616843313</LongitudeDegrees>
            </Position>
            <AltitudeMeters>177.60000610351562</AltitudeMeters>
            <DistanceMeters>930.7100219726562</DistanceMeters>
            <HeartRateBpm>
              <Value>59</Value>
            </HeartRateBpm>
            <Extensions>
              <ns3:TPX>
                <ns3:Speed>1.7259999513626099</ns3:Speed>
              </ns3:TPX>
            </Extensions>
          </Trackpoint>
          <Trackpoint>
            <Time>2026-07-29T23:22:31.000Z</Time>
            <Position>
              <LatitudeDegrees>44.285276709124446</LatitudeDegrees>
              <LongitudeDegrees>-81.60146587528288</LongitudeDegrees>
            </Position>
            <AltitudeMeters>177.60000610351562</AltitudeMeters>
            <DistanceMeters>931.3800048828125</DistanceMeters>
            <HeartRateBpm>
              <Value>62</Value>
            </HeartRateBpm>
            <Extensions>
              <ns3:TPX>
                <ns3:Speed>1.6330000162124634</ns3:Speed>
              </ns3:TPX>
            </Extensions>
          </Trackpoint>
          <Trackpoint>
            <Time>2026-07-29T23:22:34.000Z</Time>
            <Position>
              <LatitudeDegrees>44.285257095471025</LatitudeDegrees>
              <LongitudeDegrees>-81.60153209231794</LongitudeDegrees>
            </Position>
            <AltitudeMeters>177.60000610351562</AltitudeMeters>
            <DistanceMeters>937.0399780273438</DistanceMeters>
            <HeartRateBpm>
              <Value>62</Value>
            </HeartRateBpm>
            <Extensions>
              <ns3:TPX>
                <ns3:Speed>1.6419999599456787</ns3:Speed>
              </ns3:TPX>
            </Extensions>
          </Trackpoint>
          <Trackpoint>
            <Time>2026-07-29T23:22:45.000Z</Time>
            <Position>
              <LatitudeDegrees>44.28517688065767</LatitudeDegrees>
              <LongitudeDegrees>-81.6017708927393</LongitudeDegrees>
            </Position>
            <AltitudeMeters>177.60000610351562</AltitudeMeters>
            <DistanceMeters>958.1300048828125</DistanceMeters>
            <HeartRateBpm>
              <Value>67</Value>
            </HeartRateBpm>
            <Extensions>
              <ns3:TPX>
                <ns3:Speed>1.9589999914169312</ns3:Speed>
              </ns3:TPX>
            </Extensions>
          </Trackpoint>
          <Trackpoint>
            <Time>2026-07-29T23:22:49.000Z</Time>
            <Position>
              <LatitudeDegrees>44.28515751846135</LatitudeDegrees>
              <LongitudeDegrees>-81.60185026936233</LongitudeDegrees>
            </Position>
            <AltitudeMeters>177.60000610351562</AltitudeMeters>
            <DistanceMeters>964.780029296875</DistanceMeters>
            <HeartRateBpm>
              <Value>64</Value>
            </HeartRateBpm>
            <Extensions>
              <ns3:TPX>
                <ns3:Speed>1.930999994277954</ns3:Speed>
              </ns3:TPX>
            </Extensions>
          </Trackpoint>
          <Trackpoint>
            <Time>2026-07-29T23:22:51.000Z</Time>
            <Position>
              <LatitudeDegrees>44.285149639472365</LatitudeDegrees>
              <LongitudeDegrees>-81.60188354551792</LongitudeDegrees>
            </Position>
            <AltitudeMeters>177.60000610351562</AltitudeMeters>
            <DistanceMeters>967.6099853515625</DistanceMeters>
            <HeartRateBpm>
              <Value>64</Value>
            </HeartRateBpm>
            <Extensions>
              <ns3:TPX>
                <ns3:Speed>1.7259999513626099</ns3:Speed>
              </ns3:TPX>
            </Extensions>
          </Trackpoint>
          <Trackpoint>
            <Time>2026-07-29T23:22:54.000Z</Time>
            <Position>
              <LatitudeDegrees>44.28516556508839</LatitudeDegrees>
              <LongitudeDegrees>-81.60192394629121</LongitudeDegrees>
            </Position>
            <AltitudeMeters>177.39999389648438</AltitudeMeters>
            <DistanceMeters>971.3699951171875</DistanceMeters>
            <HeartRateBpm>
              <Value>65</Value>
            </HeartRateBpm>
            <Extensions>
              <ns3:TPX>
                <ns3:Speed>1.6799999475479126</ns3:Speed>
              </ns3:TPX>
            </Extensions>
          </Trackpoint>
          <Trackpoint>
            <Time>2026-07-29T23:22:55.000Z</Time>
            <Position>
              <LatitudeDegrees>44.28516514599323</LatitudeDegrees>
              <LongitudeDegrees>-81.60195043310523</LongitudeDegrees>
            </Position>
            <AltitudeMeters>177.39999389648438</AltitudeMeters>
            <DistanceMeters>973.489990234375</DistanceMeters>
            <HeartRateBpm>
              <Value>62</Value>
            </HeartRateBpm>
            <Extensions>
              <ns3:TPX>
                <ns3:Speed>1.6979999542236328</ns3:Speed>
              </ns3:TPX>
            </Extensions>
          </Trackpoint>
          <Trackpoint>
            <Time>2026-07-29T23:22:58.000Z</Time>
            <Position>
              <LatitudeDegrees>44.285144275054336</LatitudeDegrees>
              <LongitudeDegrees>-81.60203358158469</LongitudeDegrees>
            </Position>
            <AltitudeMeters>177.39999389648438</AltitudeMeters>
            <DistanceMeters>980.4500122070312</DistanceMeters>
            <HeartRateBpm>
              <Value>65</Value>
            </HeartRateBpm>
            <Extensions>
              <ns3:TPX>
                <ns3:Speed>1.6979999542236328</ns3:Speed>
              </ns3:TPX>
            </Extensions>
          </Trackpoint>
          <Trackpoint>
            <Time>2026-07-29T23:23:00.000Z</Time>
            <Position>
              <LatitudeDegrees>44.285124158486724</LatitudeDegrees>
              <LongitudeDegrees>-81.60208798013628</LongitudeDegrees>
            </Position>
            <AltitudeMeters>177.39999389648438</AltitudeMeters>
            <DistanceMeters>985.2000122070312</DistanceMeters>
            <HeartRateBpm>
              <Value>65</Value>
            </HeartRateBpm>
            <Extensions>
              <ns3:TPX>
                <ns3:Speed>1.6979999542236328</ns3:Speed>
              </ns3:TPX>
            </Extensions>
          </Trackpoint>
          <Trackpoint>
            <Time>2026-07-29T23:23:08.000Z</Time>
            <Position>
              <LatitudeDegrees>44.285041177645326</LatitudeDegrees>
              <LongitudeDegrees>-81.6022780817002</LongitudeDegrees>
            </Position>
            <AltitudeMeters>177.60000610351562</AltitudeMeters>
            <DistanceMeters>1002.969970703125</DistanceMeters>
            <HeartRateBpm>
              <Value>64</Value>
            </HeartRateBpm>
            <Extensions>
              <ns3:TPX>
                <ns3:Speed>2.4630000591278076</ns3:Speed>
              </ns3:TPX>
            </Extensions>
          </Trackpoint>
          <Trackpoint>
            <Time>2026-07-29T23:23:10.000Z</Time>
            <Position>
              <LatitudeDegrees>44.28501418791711</LatitudeDegrees>
              <LongitudeDegrees>-81.60233465954661</LongitudeDegrees>
            </Position>
            <AltitudeMeters>177.60000610351562</AltitudeMeters>
            <DistanceMeters>1008.3800048828125</DistanceMeters>
            <HeartRateBpm>
              <Value>61</Value>
            </HeartRateBpm>
            <Extensions>
              <ns3:TPX>
                <ns3:Speed>2.305000066757202</ns3:Speed>
              </ns3:TPX>
            </Extensions>
          </Trackpoint>
          <Trackpoint>
            <Time>2026-07-29T23:23:11.000Z</Time>
            <Position>
              <LatitudeDegrees>44.28500681184232</LatitudeDegrees>
              <LongitudeDegrees>-81.60236231982708</LongitudeDegrees>
            </Position>
            <AltitudeMeters>177.60000610351562</AltitudeMeters>
            <DistanceMeters>1010.72998046875</DistanceMeters>
            <HeartRateBpm>
              <Value>63</Value>
            </HeartRateBpm>
            <Extensions>
              <ns3:TPX>
                <ns3:Speed>2.305000066757202</ns3:Speed>
              </ns3:TPX>
            </Extensions>
          </Trackpoint>
          <Trackpoint>
            <Time>2026-07-29T23:23:13.000Z</Time>
            <Position>
              <LatitudeDegrees>44.284988874569535</LatitudeDegrees>
              <LongitudeDegrees>-81.60240615718067</LongitudeDegrees>
            </Position>
            <AltitudeMeters>177.60000610351562</AltitudeMeters>
            <DistanceMeters>1014.7999877929688</DistanceMeters>
            <HeartRateBpm>
              <Value>62</Value>
            </HeartRateBpm>
            <Extensions>
              <ns3:TPX>
                <ns3:Speed>2.305000066757202</ns3:Speed>
              </ns3:TPX>
            </Extensions>
          </Trackpoint>
          <Trackpoint>
            <Time>2026-07-29T23:23:16.000Z</Time>
            <Position>
              <LatitudeDegrees>44.2849422711879</LatitudeDegrees>
              <LongitudeDegrees>-81.60249123349786</LongitudeDegrees>
            </Position>
            <AltitudeMeters>177.60000610351562</AltitudeMeters>
            <DistanceMeters>1023.2899780273438</DistanceMeters>
            <HeartRateBpm>
              <Value>59</Value>
            </HeartRateBpm>
            <Extensions>
              <ns3:TPX>
                <ns3:Speed>2.378999948501587</ns3:Speed>
              </ns3:TPX>
            </Extensions>
          </Trackpoint>
          <Trackpoint>
            <Time>2026-07-29T23:23:20.000Z</Time>
            <Position>
              <LatitudeDegrees>44.28489667363465</LatitudeDegrees>
              <LongitudeDegrees>-81.60259206779301</LongitudeDegrees>
            </Position>
            <AltitudeMeters>177.39999389648438</AltitudeMeters>
            <DistanceMeters>1032.81005859375</DistanceMeters>
            <HeartRateBpm>
              <Value>58</Value>
            </HeartRateBpm>
            <Extensions>
              <ns3:TPX>
                <ns3:Speed>2.1549999713897705</ns3:Speed>
              </ns3:TPX>
            </Extensions>
          </Trackpoint>
          <Trackpoint>
            <Time>2026-07-29T23:23:21.000Z</Time>
            <Position>
              <LatitudeDegrees>44.28488125093281</LatitudeDegrees>
              <LongitudeDegrees>-81.60261947661638</LongitudeDegrees>
            </Position>
            <AltitudeMeters>177.39999389648438</AltitudeMeters>
            <DistanceMeters>1035.5899658203125</DistanceMeters>
            <HeartRateBpm>
              <Value>58</Value>
            </HeartRateBpm>
            <Extensions>
              <ns3:TPX>
                <ns3:Speed>2.1549999713897705</ns3:Speed>
              </ns3:TPX>
            </Extensions>
          </Trackpoint>
          <Trackpoint>
            <Time>2026-07-29T23:23:27.000Z</Time>
            <Position>
              <LatitudeDegrees>44.28480162285268</LatitudeDegrees>
              <LongitudeDegrees>-81.60275945439935</LongitudeDegrees>
            </Position>
            <AltitudeMeters>177.60000610351562</AltitudeMeters>
            <DistanceMeters>1050.0699462890625</DistanceMeters>
            <HeartRateBpm>
              <Value>57</Value>
            </HeartRateBpm>
            <Extensions>
              <ns3:TPX>
                <ns3:Speed>2.322999954223633</ns3:Speed>
              </ns3:TPX>
            </Extensions>
          </Trackpoint>
          <Trackpoint>
            <Time>2026-07-29T23:23:34.000Z</Time>
            <Position>
              <LatitudeDegrees>44.28472668863833</LatitudeDegrees>
              <LongitudeDegrees>-81.60294620320201</LongitudeDegrees>
            </Position>
            <AltitudeMeters>177.39999389648438</AltitudeMeters>
            <DistanceMeters>1067.1700439453125</DistanceMeters>
            <HeartRateBpm>
              <Value>58</Value>
            </HeartRateBpm>
            <Extensions>
              <ns3:TPX>
                <ns3:Speed>2.322999954223633</ns3:Speed>
              </ns3:TPX>
            </Extensions>
          </Trackpoint>
          <Trackpoint>
            <Time>2026-07-29T23:23:40.000Z</Time>
            <Position>
              <LatitudeDegrees>44.284666338935494</LatitudeDegrees>
              <LongitudeDegrees>-81.60308391787112</LongitudeDegrees>
            </Position>
            <AltitudeMeters>177.60000610351562</AltitudeMeters>
            <DistanceMeters>1080.1700439453125</DistanceMeters>
            <HeartRateBpm>
              <Value>58</Value>
            </HeartRateBpm>
            <Extensions>
              <ns3:TPX>
                <ns3:Speed>2.1649999618530273</ns3:Speed>
              </ns3:TPX>
            </Extensions>
          </Trackpoint>
          <Trackpoint>
            <Time>2026-07-29T23:23:46.000Z</Time>
            <Position>
              <LatitudeDegrees>44.28464446216822</LatitudeDegrees>
              <LongitudeDegrees>-81.60318282432854</LongitudeDegrees>
            </Position>
            <AltitudeMeters>177.39999389648438</AltitudeMeters>
            <DistanceMeters>1088.449951171875</DistanceMeters>
            <HeartRateBpm>
              <Value>58</Value>
            </HeartRateBpm>
            <Extensions>
              <ns3:TPX>
                <ns3:Speed>2.00600004196167</ns3:Speed>
              </ns3:TPX>
            </Extensions>
          </Trackpoint>
          <Trackpoint>
            <Time>2026-07-29T23:23:53.000Z</Time>
            <Position>
              <LatitudeDegrees>44.284580843523145</LatitudeDegrees>
              <LongitudeDegrees>-81.60330570302904</LongitudeDegrees>
            </Position>
            <AltitudeMeters>177.60000610351562</AltitudeMeters>
            <DistanceMeters>1100.9599609375</DistanceMeters>
            <HeartRateBpm>
              <Value>58</Value>
            </HeartRateBpm>
            <Extensions>
              <ns3:TPX>
                <ns3:Speed>1.8289999961853027</ns3:Speed>
              </ns3:TPX>
            </Extensions>
          </Trackpoint>
          <Trackpoint>
            <Time>2026-07-29T23:23:56.000Z</Time>
            <Position>
              <LatitudeDegrees>44.284547651186585</LatitudeDegrees>
              <LongitudeDegrees>-81.60336856730282</LongitudeDegrees>
            </Position>
            <AltitudeMeters>177.8000030517578</AltitudeMeters>
            <DistanceMeters>1107.18994140625</DistanceMeters>
            <HeartRateBpm>
              <Value>61</Value>
            </HeartRateBpm>
            <Extensions>
              <ns3:TPX>
                <ns3:Speed>1.8849999904632568</ns3:Speed>
              </ns3:TPX>
            </Extensions>
          </Trackpoint>
          <Trackpoint>
            <Time>2026-07-29T23:24:00.000Z</Time>
            <Position>
              <LatitudeDegrees>44.28450549021363</LatitudeDegrees>
              <LongitudeDegrees>-81.60345029085875</LongitudeDegrees>
            </Position>
            <AltitudeMeters>177.8000030517578</AltitudeMeters>
            <DistanceMeters>1115.25</DistanceMeters>
            <HeartRateBpm>
              <Value>62</Value>
            </HeartRateBpm>
            <Extensions>
              <ns3:TPX>
                <ns3:Speed>1.8660000562667847</ns3:Speed>
              </ns3:TPX>
            </Extensions>
          </Trackpoint>
          <Trackpoint>
            <Time>2026-07-29T23:24:05.000Z</Time>
            <Position>
              <LatitudeDegrees>44.28444480523467</LatitudeDegrees>
              <LongitudeDegrees>-81.60355280153453</LongitudeDegrees>
            </Position>
            <AltitudeMeters>177.60000610351562</AltitudeMeters>
            <DistanceMeters>1125.8699951171875</DistanceMeters>
            <HeartRateBpm>
              <Value>65</Value>
            </HeartRateBpm>
            <Extensions>
              <ns3:TPX>
                <ns3:Speed>1.8940000534057617</ns3:Speed>
              </ns3:TPX>
            </Extensions>
          </Trackpoint>
          <Trackpoint>
            <Time>2026-07-29T23:24:06.000Z</Time>
            <Position>
              <LatitudeDegrees>44.28443592041731</LatitudeDegrees>
              <LongitudeDegrees>-81.60357006825507</LongitudeDegrees>
            </Position>
            <AltitudeMeters>177.60000610351562</AltitudeMeters>
            <DistanceMeters>1127.550048828125</DistanceMeters>
            <HeartRateBpm>
              <Value>66</Value>
            </HeartRateBpm>
            <Extensions>
              <ns3:TPX>
                <ns3:Speed>1.8660000562667847</ns3:Speed>
              </ns3:TPX>
            </Extensions>
          </Trackpoint>
          <Trackpoint>
            <Time>2026-07-29T23:24:12.000Z</Time>
            <Position>
              <LatitudeDegrees>44.284393675625324</LatitudeDegrees>
              <LongitudeDegrees>-81.60367475822568</LongitudeDegrees>
            </Position>
            <AltitudeMeters>177.60000610351562</AltitudeMeters>
            <DistanceMeters>1137.2099609375</DistanceMeters>
            <HeartRateBpm>
              <Value>69</Value>
            </HeartRateBpm>
            <Extensions>
              <ns3:TPX>
                <ns3:Speed>1.7450000047683716</ns3:Speed>
              </ns3:TPX>
            </Extensions>
          </Trackpoint>
          <Trackpoint>
            <Time>2026-07-29T23:24:14.000Z</Time>
            <Position>
              <LatitudeDegrees>44.2843708768487</LatitudeDegrees>
              <LongitudeDegrees>-81.60370711237192</LongitudeDegrees>
            </Position>
            <AltitudeMeters>177.60000610351562</AltitudeMeters>
            <DistanceMeters>1140.81005859375</DistanceMeters>
            <HeartRateBpm>
              <Value>70</Value>
            </HeartRateBpm>
            <Extensions>
              <ns3:TPX>
                <ns3:Speed>1.6799999475479126</ns3:Speed>
              </ns3:TPX>
            </Extensions>
          </Trackpoint>
          <Trackpoint>
            <Time>2026-07-29T23:24:20.000Z</Time>
            <Position>
              <LatitudeDegrees>44.28430440835655</LatitudeDegrees>
              <LongitudeDegrees>-81.60382714122534</LongitudeDegrees>
            </Position>
            <AltitudeMeters>177.60000610351562</AltitudeMeters>
            <DistanceMeters>1153.0</DistanceMeters>
            <HeartRateBpm>
              <Value>73</Value>
            </HeartRateBpm>
            <Extensions>
              <ns3:TPX>
                <ns3:Speed>1.819000005722046</ns3:Speed>
              </ns3:TPX>
            </Extensions>
          </Trackpoint>
          <Trackpoint>
            <Time>2026-07-29T23:24:22.000Z</Time>
            <Position>
              <LatitudeDegrees>44.28428051993251</LatitudeDegrees>
              <LongitudeDegrees>-81.60386972129345</LongitudeDegrees>
            </Position>
            <AltitudeMeters>177.60000610351562</AltitudeMeters>
            <DistanceMeters>1157.3199462890625</DistanceMeters>
            <HeartRateBpm>
              <Value>70</Value>
            </HeartRateBpm>
            <Extensions>
              <ns3:TPX>
                <ns3:Speed>1.9780000448226929</ns3:Speed>
              </ns3:TPX>
            </Extensions>
          </Trackpoint>
          <Trackpoint>
            <Time>2026-07-29T23:24:27.000Z</Time>
            <Position>
              <LatitudeDegrees>44.28420726209879</LatitudeDegrees>
              <LongitudeDegrees>-81.60400316119194</LongitudeDegrees>
            </Position>
            <AltitudeMeters>177.60000610351562</AltitudeMeters>
            <DistanceMeters>1170.739990234375</DistanceMeters>
            <HeartRateBpm>
              <Value>69</Value>
            </HeartRateBpm>
            <Extensions>
              <ns3:TPX>
                <ns3:Speed>1.9780000448226929</ns3:Speed>
              </ns3:TPX>
            </Extensions>
          </Trackpoint>
          <Trackpoint>
            <Time>2026-07-29T23:24:34.000Z</Time>
            <Position>
              <LatitudeDegrees>44.28416141308844</LatitudeDegrees>
              <LongitudeDegrees>-81.6041761636734</LongitudeDegrees>
            </Position>
            <AltitudeMeters>178.0</AltitudeMeters>
            <DistanceMeters>1185.449951171875</DistanceMeters>
            <HeartRateBpm>
              <Value>70</Value>
            </HeartRateBpm>
            <Extensions>
              <ns3:TPX>
                <ns3:Speed>2.2209999561309814</ns3:Speed>
              </ns3:TPX>
            </Extensions>
          </Trackpoint>
          <Trackpoint>
            <Time>2026-07-29T23:24:36.000Z</Time>
            <Position>
              <LatitudeDegrees>44.28413551300764</LatitudeDegrees>
              <LongitudeDegrees>-81.60423902794719</LongitudeDegrees>
            </Position>
            <AltitudeMeters>177.8000030517578</AltitudeMeters>
            <DistanceMeters>1191.239990234375</DistanceMeters>
            <HeartRateBpm>
              <Value>67</Value>
            </HeartRateBpm>
            <Extensions>
              <ns3:TPX>
                <ns3:Speed>3.0510001182556152</ns3:Speed>
              </ns3:TPX>
            </Extensions>
          </Trackpoint>
          <Trackpoint>
            <Time>2026-07-29T23:24:39.000Z</Time>
            <Position>
              <LatitudeDegrees>44.28410240449011</LatitudeDegrees>
              <LongitudeDegrees>-81.60433625802398</LongitudeDegrees>
            </Position>
            <AltitudeMeters>178.0</AltitudeMeters>
            <DistanceMeters>1199.8399658203125</DistanceMeters>
            <HeartRateBpm>
              <Value>68</Value>
            </HeartRateBpm>
            <Extensions>
              <ns3:TPX>
                <ns3:Speed>2.6589999198913574</ns3:Speed>
              </ns3:TPX>
            </Extensions>
          </Trackpoint>
          <Trackpoint>
            <Time>2026-07-29T23:24:42.000Z</Time>
            <Position>
              <LatitudeDegrees>44.2840894125402</LatitudeDegrees>
              <LongitudeDegrees>-81.60440758801997</LongitudeDegrees>
            </Position>
            <AltitudeMeters>178.0</AltitudeMeters>
            <DistanceMeters>1205.7099609375</DistanceMeters>
            <HeartRateBpm>
              <Value>65</Value>
            </HeartRateBpm>
            <Extensions>
              <ns3:TPX>
                <ns3:Speed>2.5190000534057617</ns3:Speed>
              </ns3:TPX>
            </Extensions>
          </Trackpoint>
          <Trackpoint>
            <Time>2026-07-29T23:24:45.000Z</Time>
            <Position>
              <LatitudeDegrees>44.284074576571584</LatitudeDegrees>
              <LongitudeDegrees>-81.6044523473829</LongitudeDegrees>
            </Position>
            <AltitudeMeters>178.0</AltitudeMeters>
            <DistanceMeters>1209.6300048828125</DistanceMeters>
            <HeartRateBpm>
              <Value>67</Value>
            </HeartRateBpm>
            <Extensions>
              <ns3:TPX>
                <ns3:Speed>1.7259999513626099</ns3:Speed>
              </ns3:TPX>
            </Extensions>
          </Trackpoint>
          <Trackpoint>
            <Time>2026-07-29T23:24:51.000Z</Time>
            <Position>
              <LatitudeDegrees>44.28405052050948</LatitudeDegrees>
              <LongitudeDegrees>-81.60455544479191</LongitudeDegrees>
            </Position>
            <AltitudeMeters>178.0</AltitudeMeters>
            <DistanceMeters>1218.18994140625</DistanceMeters>
            <HeartRateBpm>
              <Value>65</Value>
            </HeartRateBpm>
            <Extensions>
              <ns3:TPX>
                <ns3:Speed>1.8940000534057617</ns3:Speed>
              </ns3:TPX>
            </Extensions>
          </Trackpoint>
          <Trackpoint>
            <Time>2026-07-29T23:24:58.000Z</Time>
            <Position>
              <LatitudeDegrees>44.2840513586998</LatitudeDegrees>
              <LongitudeDegrees>-81.60467262379825</LongitudeDegrees>
            </Position>
            <AltitudeMeters>178.60000610351562</AltitudeMeters>
            <DistanceMeters>1227.6400146484375</DistanceMeters>
            <HeartRateBpm>
              <Value>64</Value>
            </HeartRateBpm>
            <Extensions>
              <ns3:TPX>
                <ns3:Speed>0.8579999804496765</ns3:Speed>
              </ns3:TPX>
            </Extensions>
          </Trackpoint>
          <Trackpoint>
            <Time>2026-07-29T23:25:02.000Z</Time>
            <Position>
              <LatitudeDegrees>44.28404892794788</LatitudeDegrees>
              <LongitudeDegrees>-81.60469005815685</LongitudeDegrees>
            </Position>
            <AltitudeMeters>178.39999389648438</AltitudeMeters>
            <DistanceMeters>1229.27001953125</DistanceMeters>
            <HeartRateBpm>
              <Value>65</Value>
            </HeartRateBpm>
            <Extensions>
              <ns3:TPX>
                <ns3:Speed>1.0080000162124634</ns3:Speed>
              </ns3:TPX>
            </Extensions>
          </Trackpoint>
          <Trackpoint>
            <Time>2026-07-29T23:25:03.000Z</Time>
            <Position>
              <LatitudeDegrees>44.28404314443469</LatitudeDegrees>
              <LongitudeDegrees>-81.60468963906169</LongitudeDegrees>
            </Position>
            <AltitudeMeters>178.39999389648438</AltitudeMeters>
            <DistanceMeters>1229.780029296875</DistanceMeters>
            <HeartRateBpm>
              <Value>66</Value>
            </HeartRateBpm>
            <Extensions>
              <ns3:TPX>
                <ns3:Speed>0.5509999990463257</ns3:Speed>
              </ns3:TPX>
            </Extensions>
          </Trackpoint>
          <Trackpoint>
            <Time>2026-07-29T23:25:08.000Z</Time>
            <Position>
              <LatitudeDegrees>44.28403082303703</LatitudeDegrees>
              <LongitudeDegrees>-81.6046893876046</LongitudeDegrees>
            </Position>
            <AltitudeMeters>178.0</AltitudeMeters>
            <DistanceMeters>1231.280029296875</DistanceMeters>
            <HeartRateBpm>
              <Value>68</Value>
            </HeartRateBpm>
            <Extensions>
              <ns3:TPX>
                <ns3:Speed>0.0</ns3:Speed>
              </ns3:TPX>
            </Extensions>
          </Trackpoint>
          <Trackpoint>
            <Time>2026-07-29T23:25:16.000Z</Time>
            <Position>
              <LatitudeDegrees>44.284014897421</LatitudeDegrees>
              <LongitudeDegrees>-81.60465275868773</LongitudeDegrees>
            </Position>
            <AltitudeMeters>177.60000610351562</AltitudeMeters>
            <DistanceMeters>1234.75</DistanceMeters>
            <HeartRateBpm>
              <Value>70</Value>
            </HeartRateBpm>
            <Extensions>
              <ns3:TPX>
                <ns3:Speed>0.0</ns3:Speed>
              </ns3:TPX>
            </Extensions>
          </Trackpoint>
          <Trackpoint>
            <Time>2026-07-29T23:25:23.000Z</Time>
            <Position>
              <LatitudeDegrees>44.284043312072754</LatitudeDegrees>
              <LongitudeDegrees>-81.60460313782096</LongitudeDegrees>
            </Position>
            <AltitudeMeters>177.60000610351562</AltitudeMeters>
            <DistanceMeters>1239.9300537109375</DistanceMeters>
            <HeartRateBpm>
              <Value>70</Value>
            </HeartRateBpm>
            <Extensions>
              <ns3:TPX>
                <ns3:Speed>0.9800000190734863</ns3:Speed>
              </ns3:TPX>
            </Extensions>
          </Trackpoint>
          <Trackpoint>
            <Time>2026-07-29T23:25:24.000Z</Time>
            <Position>
              <LatitudeDegrees>44.28405437618494</LatitudeDegrees>
              <LongitudeDegrees>-81.60459324717522</LongitudeDegrees>
            </Position>
            <AltitudeMeters>177.8000030517578</AltitudeMeters>
            <DistanceMeters>1241.3800048828125</DistanceMeters>
            <HeartRateBpm>
              <Value>70</Value>
            </HeartRateBpm>
            <Extensions>
              <ns3:TPX>
                <ns3:Speed>1.156999945640564</ns3:Speed>
              </ns3:TPX>
            </Extensions>
          </Trackpoint>
          <Trackpoint>
            <Time>2026-07-29T23:25:31.000Z</Time>
            <Position>
              <LatitudeDegrees>44.28415806032717</LatitudeDegrees>
              <LongitudeDegrees>-81.60450188443065</LongitudeDegrees>
            </Position>
            <AltitudeMeters>177.8000030517578</AltitudeMeters>
            <DistanceMeters>1254.97998046875</DistanceMeters>
            <HeartRateBpm>
              <Value>70</Value>
            </HeartRateBpm>
            <Extensions>
              <ns3:TPX>
                <ns3:Speed>1.7359999418258667</ns3:Speed>
              </ns3:TPX>
            </Extensions>
          </Trackpoint>
          <Trackpoint>
            <Time>2026-07-29T23:25:38.000Z</Time>
            <Position>
              <LatitudeDegrees>44.28429175168276</LatitudeDegrees>
              <LongitudeDegrees>-81.60439861938357</LongitudeDegrees>
            </Position>
            <AltitudeMeters>177.60000610351562</AltitudeMeters>
            <DistanceMeters>1272.0400390625</DistanceMeters>
            <HeartRateBpm>
              <Value>73</Value>
            </HeartRateBpm>
            <Extensions>
              <ns3:TPX>
                <ns3:Speed>2.1549999713897705</ns3:Speed>
              </ns3:TPX>
            </Extensions>
          </Trackpoint>
          <Trackpoint>
            <Time>2026-07-29T23:25:40.000Z</Time>
            <Position>
              <LatitudeDegrees>44.28433340974152</LatitudeDegrees>
              <LongitudeDegrees>-81.6043712105602</LongitudeDegrees>
            </Position>
            <AltitudeMeters>177.60000610351562</AltitudeMeters>
            <DistanceMeters>1277.1500244140625</DistanceMeters>
            <HeartRateBpm>
              <Value>73</Value>
            </HeartRateBpm>
            <Extensions>
              <ns3:TPX>
                <ns3:Speed>2.1649999618530273</ns3:Speed>
              </ns3:TPX>
            </Extensions>
          </Trackpoint>
          <Trackpoint>
            <Time>2026-07-29T23:25:50.000Z</Time>
            <Position>
              <LatitudeDegrees>44.28453122265637</LatitudeDegrees>
              <LongitudeDegrees>-81.6042604856193</LongitudeDegrees>
            </Position>
            <AltitudeMeters>177.39999389648438</AltitudeMeters>
            <DistanceMeters>1300.8499755859375</DistanceMeters>
            <HeartRateBpm>
              <Value>72</Value>
            </HeartRateBpm>
            <Extensions>
              <ns3:TPX>
                <ns3:Speed>2.1740000247955322</ns3:Speed>
              </ns3:TPX>
            </Extensions>
          </Trackpoint>
          <Trackpoint>
            <Time>2026-07-29T23:25:57.000Z</Time>
            <Position>
              <LatitudeDegrees>44.284659549593925</LatitudeDegrees>
              <LongitudeDegrees>-81.60414900630713</LongitudeDegrees>
            </Position>
            <AltitudeMeters>177.8000030517578</AltitudeMeters>
            <DistanceMeters>1317.760009765625</DistanceMeters>
            <HeartRateBpm>
              <Value>72</Value>
            </HeartRateBpm>
            <Extensions>
              <ns3:TPX>
                <ns3:Speed>2.2769999504089355</ns3:Speed>
              </ns3:TPX>
            </Extensions>
          </Trackpoint>
          <Trackpoint>
            <Time>2026-07-29T23:26:04.000Z</Time>
            <Position>
              <LatitudeDegrees>44.28476138971746</LatitudeDegrees>
              <LongitudeDegrees>-81.60398472100496</LongitudeDegrees>
            </Position>
            <AltitudeMeters>178.0</AltitudeMeters>
            <DistanceMeters>1335.1400146484375</DistanceMeters>
            <HeartRateBpm>
              <Value>71</Value>
            </HeartRateBpm>
            <Extensions>
              <ns3:TPX>
                <ns3:Speed>2.490999937057495</ns3:Speed>
              </ns3:TPX>
            </Extensions>
          </Trackpoint>
          <Trackpoint>
            <Time>2026-07-29T23:26:12.000Z</Time>
            <Position>
              <LatitudeDegrees>44.284883765503764</LatitudeDegrees>
              <LongitudeDegrees>-81.60383728332818</LongitudeDegrees>
            </Position>
            <AltitudeMeters>178.0</AltitudeMeters>
            <DistanceMeters>1353.1099853515625</DistanceMeters>
            <HeartRateBpm>
              <Value>70</Value>
            </HeartRateBpm>
            <Extensions>
              <ns3:TPX>
                <ns3:Speed>2.1740000247955322</ns3:Speed>
              </ns3:TPX>
            </Extensions>
          </Trackpoint>
          <Trackpoint>
            <Time>2026-07-29T23:26:19.000Z</Time>
            <Position>
              <LatitudeDegrees>44.28497152402997</LatitudeDegrees>
              <LongitudeDegrees>-81.60371490754187</LongitudeDegrees>
            </Position>
            <AltitudeMeters>178.1999969482422</AltitudeMeters>
            <DistanceMeters>1366.93994140625</DistanceMeters>
            <HeartRateBpm>
              <Value>70</Value>
            </HeartRateBpm>
            <Extensions>
              <ns3:TPX>
                <ns3:Speed>2.13700008392334</ns3:Speed>
              </ns3:TPX>
            </Extensions>
          </Trackpoint>
          <Trackpoint>
            <Time>2026-07-29T23:26:27.000Z</Time>
            <Position>
              <LatitudeDegrees>44.28508870303631</LatitudeDegrees>
              <LongitudeDegrees>-81.60356051288545</LongitudeDegrees>
            </Position>
            <AltitudeMeters>178.1999969482422</AltitudeMeters>
            <DistanceMeters>1384.9200439453125</DistanceMeters>
            <HeartRateBpm>
              <Value>73</Value>
            </HeartRateBpm>
            <Extensions>
              <ns3:TPX>
                <ns3:Speed>2.1649999618530273</ns3:Speed>
              </ns3:TPX>
            </Extensions>
          </Trackpoint>
          <Trackpoint>
            <Time>2026-07-29T23:26:29.000Z</Time>
            <Position>
              <LatitudeDegrees>44.28511812351644</LatitudeDegrees>
              <LongitudeDegrees>-81.60352782346308</LongitudeDegrees>
            </Position>
            <AltitudeMeters>178.1999969482422</AltitudeMeters>
            <DistanceMeters>1389.0999755859375</DistanceMeters>
            <HeartRateBpm>
              <Value>74</Value>
            </HeartRateBpm>
            <Extensions>
              <ns3:TPX>
                <ns3:Speed>2.183000087738037</ns3:Speed>
              </ns3:TPX>
            </Extensions>
          </Trackpoint>
          <Trackpoint>
            <Time>2026-07-29T23:26:37.000Z</Time>
            <Position>
              <LatitudeDegrees>44.28523329086602</LatitudeDegrees>
              <LongitudeDegrees>-81.60337544046342</LongitudeDegrees>
            </Position>
            <AltitudeMeters>178.1999969482422</AltitudeMeters>
            <DistanceMeters>1406.7900390625</DistanceMeters>
            <HeartRateBpm>
              <Value>76</Value>
            </HeartRateBpm>
            <Extensions>
              <ns3:TPX>
                <ns3:Speed>2.0899999141693115</ns3:Speed>
              </ns3:TPX>
            </Extensions>
          </Trackpoint>
          <Trackpoint>
            <Time>2026-07-29T23:26:45.000Z</Time>
            <Position>
              <LatitudeDegrees>44.28534988313913</LatitudeDegrees>
              <LongitudeDegrees>-81.6032212972641</LongitudeDegrees>
            </Position>
            <AltitudeMeters>178.1999969482422</AltitudeMeters>
            <DistanceMeters>1424.6700439453125</DistanceMeters>
            <HeartRateBpm>
              <Value>75</Value>
            </HeartRateBpm>
            <Extensions>
              <ns3:TPX>
                <ns3:Speed>2.0989999771118164</ns3:Speed>
              </ns3:TPX>
            </Extensions>
          </Trackpoint>
          <Trackpoint>
            <Time>2026-07-29T23:26:49.000Z</Time>
            <Position>
              <LatitudeDegrees>44.28542649373412</LatitudeDegrees>
              <LongitudeDegrees>-81.60315038636327</LongitudeDegrees>
            </Position>
            <AltitudeMeters>178.1999969482422</AltitudeMeters>
            <DistanceMeters>1434.8800048828125</DistanceMeters>
            <HeartRateBpm>
              <Value>72</Value>
            </HeartRateBpm>
            <Extensions>
              <ns3:TPX>
                <ns3:Speed>2.2950000762939453</ns3:Speed>
              </ns3:TPX>
            </Extensions>
          </Trackpoint>
          <Trackpoint>
            <Time>2026-07-29T23:26:54.000Z</Time>
            <Position>
              <LatitudeDegrees>44.28550804965198</LatitudeDegrees>
              <LongitudeDegrees>-81.60306254401803</LongitudeDegrees>
            </Position>
            <AltitudeMeters>178.1999969482422</AltitudeMeters>
            <DistanceMeters>1446.3499755859375</DistanceMeters>
            <HeartRateBpm>
              <Value>73</Value>
            </HeartRateBpm>
            <Extensions>
              <ns3:TPX>
                <ns3:Speed>2.305000066757202</ns3:Speed>
              </ns3:TPX>
            </Extensions>
          </Trackpoint>
          <Trackpoint>
            <Time>2026-07-29T23:27:02.000Z</Time>
            <Position>
              <LatitudeDegrees>44.28564542904496</LatitudeDegrees>
              <LongitudeDegrees>-81.60293287597597</LongitudeDegrees>
            </Position>
            <AltitudeMeters>178.1999969482422</AltitudeMeters>
            <DistanceMeters>1464.8399658203125</DistanceMeters>
            <HeartRateBpm>
              <Value>71</Value>
            </HeartRateBpm>
            <Extensions>
              <ns3:TPX>
                <ns3:Speed>2.3329999446868896</ns3:Speed>
              </ns3:TPX>
            </Extensions>
          </Trackpoint>
          <Trackpoint>
            <Time>2026-07-29T23:27:09.000Z</Time>
            <Position>
              <LatitudeDegrees>44.285749699920416</LatitudeDegrees>
              <LongitudeDegrees>-81.60281226038933</LongitudeDegrees>
            </Position>
            <AltitudeMeters>178.1999969482422</AltitudeMeters>
            <DistanceMeters>1479.9100341796875</DistanceMeters>
            <HeartRateBpm>
              <Value>73</Value>
            </HeartRateBpm>
            <Extensions>
              <ns3:TPX>
                <ns3:Speed>2.2769999504089355</ns3:Speed>
              </ns3:TPX>
            </Extensions>
          </Trackpoint>
          <Trackpoint>
            <Time>2026-07-29T23:27:20.000Z</Time>
            <Position>
              <LatitudeDegrees>44.28593561053276</LatitudeDegrees>
              <LongitudeDegrees>-81.60264219157398</LongitudeDegrees>
            </Position>
            <AltitudeMeters>178.1999969482422</AltitudeMeters>
            <DistanceMeters>1504.6500244140625</DistanceMeters>
            <HeartRateBpm>
              <Value>73</Value>
            </HeartRateBpm>
            <Extensions>
              <ns3:TPX>
                <ns3:Speed>2.1740000247955322</ns3:Speed>
              </ns3:TPX>
            </Extensions>
          </Trackpoint>
          <Trackpoint>
            <Time>2026-07-29T23:27:26.000Z</Time>
            <Position>
              <LatitudeDegrees>44.28604457527399</LatitudeDegrees>
              <LongitudeDegrees>-81.60252937115729</LongitudeDegrees>
            </Position>
            <AltitudeMeters>178.1999969482422</AltitudeMeters>
            <DistanceMeters>1519.739990234375</DistanceMeters>
            <HeartRateBpm>
              <Value>76</Value>
            </HeartRateBpm>
            <Extensions>
              <ns3:TPX>
                <ns3:Speed>2.3980000019073486</ns3:Speed>
              </ns3:TPX>
            </Extensions>
          </Trackpoint>
          <Trackpoint>
            <Time>2026-07-29T23:27:31.000Z</Time>
            <Position>
              <LatitudeDegrees>44.286136189475656</LatitudeDegrees>
              <LongitudeDegrees>-81.6024543531239</LongitudeDegrees>
            </Position>
            <AltitudeMeters>178.39999389648438</AltitudeMeters>
            <DistanceMeters>1531.550048828125</DistanceMeters>
            <HeartRateBpm>
              <Value>77</Value>
            </HeartRateBpm>
            <Extensions>
              <ns3:TPX>
                <ns3:Speed>2.3980000019073486</ns3:Speed>
              </ns3:TPX>
            </Extensions>
          </Trackpoint>
          <Trackpoint>
            <Time>2026-07-29T23:27:38.000Z</Time>
            <Position>
              <LatitudeDegrees>44.28625672124326</LatitudeDegrees>
              <LongitudeDegrees>-81.60235561430454</LongitudeDegrees>
            </Position>
            <AltitudeMeters>178.0</AltitudeMeters>
            <DistanceMeters>1547.1099853515625</DistanceMeters>
            <HeartRateBpm>
              <Value>77</Value>
            </HeartRateBpm>
            <Extensions>
              <ns3:TPX>
                <ns3:Speed>2.322999954223633</ns3:Speed>
              </ns3:TPX>
            </Extensions>
          </Trackpoint>
          <Trackpoint>
            <Time>2026-07-29T23:27:45.000Z</Time>
            <Position>
              <LatitudeDegrees>44.286375073716044</LatitudeDegrees>
              <LongitudeDegrees>-81.60222904756665</LongitudeDegrees>
            </Position>
            <AltitudeMeters>178.1999969482422</AltitudeMeters>
            <DistanceMeters>1563.6800537109375</DistanceMeters>
            <HeartRateBpm>
              <Value>76</Value>
            </HeartRateBpm>
            <Extensions>
              <ns3:TPX>
                <ns3:Speed>2.322999954223633</ns3:Speed>
              </ns3:TPX>
            </Extensions>
          </Trackpoint>
          <Trackpoint>
            <Time>2026-07-29T23:27:53.000Z</Time>
            <Position>
              <LatitudeDegrees>44.28651161491871</LatitudeDegrees>
              <LongitudeDegrees>-81.60211999900639</LongitudeDegrees>
            </Position>
            <AltitudeMeters>178.1999969482422</AltitudeMeters>
            <DistanceMeters>1581.239990234375</DistanceMeters>
            <HeartRateBpm>
              <Value>75</Value>
            </HeartRateBpm>
            <Extensions>
              <ns3:TPX>
                <ns3:Speed>2.193000078201294</ns3:Speed>
              </ns3:TPX>
            </Extensions>
          </Trackpoint>
          <Trackpoint>
            <Time>2026-07-29T23:28:03.000Z</Time>
            <Position>
              <LatitudeDegrees>44.28668579086661</LatitudeDegrees>
              <LongitudeDegrees>-81.60198513418436</LongitudeDegrees>
            </Position>
            <AltitudeMeters>178.1999969482422</AltitudeMeters>
            <DistanceMeters>1603.3800048828125</DistanceMeters>
            <HeartRateBpm>
              <Value>76</Value>
            </HeartRateBpm>
            <Extensions>
              <ns3:TPX>
                <ns3:Speed>2.2209999561309814</ns3:Speed>
              </ns3:TPX>
            </Extensions>
          </Trackpoint>
          <Trackpoint>
            <Time>2026-07-29T23:28:10.000Z</Time>
            <Position>
              <LatitudeDegrees>44.28680866956711</LatitudeDegrees>
              <LongitudeDegrees>-81.60189712420106</LongitudeDegrees>
            </Position>
            <AltitudeMeters>178.0</AltitudeMeters>
            <DistanceMeters>1618.739990234375</DistanceMeters>
            <HeartRateBpm>
              <Value>79</Value>
            </HeartRateBpm>
            <Extensions>
              <ns3:TPX>
                <ns3:Speed>2.183000087738037</ns3:Speed>
              </ns3:TPX>
            </Extensions>
          </Trackpoint>
          <Trackpoint>
            <Time>2026-07-29T23:28:21.000Z</Time>
            <Position>
              <LatitudeDegrees>44.2869920656085</LatitudeDegrees>
              <LongitudeDegrees>-81.60172848030925</LongitudeDegrees>
            </Position>
            <AltitudeMeters>178.1999969482422</AltitudeMeters>
            <DistanceMeters>1643.199951171875</DistanceMeters>
            <HeartRateBpm>
              <Value>80</Value>
            </HeartRateBpm>
            <Extensions>
              <ns3:TPX>
                <ns3:Speed>2.257999897003174</ns3:Speed>
              </ns3:TPX>
            </Extensions>
          </Trackpoint>
          <Trackpoint>
            <Time>2026-07-29T23:28:30.000Z</Time>
            <Position>
              <LatitudeDegrees>44.28714000619948</LatitudeDegrees>
              <LongitudeDegrees>-81.60161096602678</LongitudeDegrees>
            </Position>
            <AltitudeMeters>178.1999969482422</AltitudeMeters>
            <DistanceMeters>1662.1400146484375</DistanceMeters>
            <HeartRateBpm>
              <Value>80</Value>
            </HeartRateBpm>
            <Extensions>
              <ns3:TPX>
                <ns3:Speed>2.0810000896453857</ns3:Speed>
              </ns3:TPX>
            </Extensions>
          </Trackpoint>
          <Trackpoint>
            <Time>2026-07-29T23:28:38.000Z</Time>
            <Position>
              <LatitudeDegrees>44.287288784980774</LatitudeDegrees>
              <LongitudeDegrees>-81.60151096992195</LongitudeDegrees>
            </Position>
            <AltitudeMeters>178.0</AltitudeMeters>
            <DistanceMeters>1680.530029296875</DistanceMeters>
            <HeartRateBpm>
              <Value>77</Value>
            </HeartRateBpm>
            <Extensions>
              <ns3:TPX>
                <ns3:Speed>2.2860000133514404</ns3:Speed>
              </ns3:TPX>
            </Extensions>
          </Trackpoint>
          <Trackpoint>
            <Time>2026-07-29T23:28:39.000Z</Time>
            <Position>
              <LatitudeDegrees>44.28730714134872</LatitudeDegrees>
              <LongitudeDegrees>-81.60150091163814</LongitudeDegrees>
            </Position>
            <AltitudeMeters>178.0</AltitudeMeters>
            <DistanceMeters>1682.719970703125</DistanceMeters>
            <HeartRateBpm>
              <Value>77</Value>
            </HeartRateBpm>
            <Extensions>
              <ns3:TPX>
                <ns3:Speed>2.2860000133514404</ns3:Speed>
              </ns3:TPX>
            </Extensions>
          </Trackpoint>
          <Trackpoint>
            <Time>2026-07-29T23:28:51.000Z</Time>
            <Position>
              <LatitudeDegrees>44.28751979023218</LatitudeDegrees>
              <LongitudeDegrees>-81.60134827718139</LongitudeDegrees>
            </Position>
            <AltitudeMeters>178.0</AltitudeMeters>
            <DistanceMeters>1709.3399658203125</DistanceMeters>
            <HeartRateBpm>
              <Value>80</Value>
            </HeartRateBpm>
            <Extensions>
              <ns3:TPX>
                <ns3:Speed>2.183000087738037</ns3:Speed>
              </ns3:TPX>
            </Extensions>
          </Trackpoint>
          <Trackpoint>
            <Time>2026-07-29T23:28:57.000Z</Time>
            <Position>
              <LatitudeDegrees>44.28762967698276</LatitudeDegrees>
              <LongitudeDegrees>-81.60127761773765</LongitudeDegrees>
            </Position>
            <AltitudeMeters>178.0</AltitudeMeters>
            <DistanceMeters>1722.780029296875</DistanceMeters>
            <HeartRateBpm>
              <Value>77</Value>
            </HeartRateBpm>
            <Extensions>
              <ns3:TPX>
                <ns3:Speed>2.1549999713897705</ns3:Speed>
              </ns3:TPX>
            </Extensions>
          </Trackpoint>
          <Trackpoint>
            <Time>2026-07-29T23:28:59.000Z</Time>
            <Position>
              <LatitudeDegrees>44.287662198767066</LatitudeDegrees>
              <LongitudeDegrees>-81.60125532187521</LongitudeDegrees>
            </Position>
            <AltitudeMeters>178.0</AltitudeMeters>
            <DistanceMeters>1726.81005859375</DistanceMeters>
            <HeartRateBpm>
              <Value>76</Value>
            </HeartRateBpm>
            <Extensions>
              <ns3:TPX>
                <ns3:Speed>2.1549999713897705</ns3:Speed>
              </ns3:TPX>
            </Extensions>
          </Trackpoint>
          <Trackpoint>
            <Time>2026-07-29T23:29:07.000Z</Time>
            <Position>
              <LatitudeDegrees>44.28780200891197</LatitudeDegrees>
              <LongitudeDegrees>-81.60115683451295</LongitudeDegrees>
            </Position>
            <AltitudeMeters>178.0</AltitudeMeters>
            <DistanceMeters>1744.219970703125</DistanceMeters>
            <HeartRateBpm>
              <Value>75</Value>
            </HeartRateBpm>
            <Extensions>
              <ns3:TPX>
                <ns3:Speed>2.127000093460083</ns3:Speed>
              </ns3:TPX>
            </Extensions>
          </Trackpoint>
          <Trackpoint>
            <Time>2026-07-29T23:29:16.000Z</Time>
            <Position>
              <LatitudeDegrees>44.2879503685981</LatitudeDegrees>
              <LongitudeDegrees>-81.6010573413223</LongitudeDegrees>
            </Position>
            <AltitudeMeters>178.39999389648438</AltitudeMeters>
            <DistanceMeters>1762.530029296875</DistanceMeters>
            <HeartRateBpm>
              <Value>74</Value>
            </HeartRateBpm>
            <Extensions>
              <ns3:TPX>
                <ns3:Speed>2.071000099182129</ns3:Speed>
              </ns3:TPX>
            </Extensions>
          </Trackpoint>
          <Trackpoint>
            <Time>2026-07-29T23:29:23.000Z</Time>
            <Position>
              <LatitudeDegrees>44.288078024983406</LatitudeDegrees>
              <LongitudeDegrees>-81.6009883582592</LongitudeDegrees>
            </Position>
            <AltitudeMeters>178.1999969482422</AltitudeMeters>
            <DistanceMeters>1777.6400146484375</DistanceMeters>
            <HeartRateBpm>
              <Value>77</Value>
            </HeartRateBpm>
            <Extensions>
              <ns3:TPX>
                <ns3:Speed>2.0339999198913574</ns3:Speed>
              </ns3:TPX>
            </Extensions>
          </Trackpoint>
          <Trackpoint>
            <Time>2026-07-29T23:29:27.000Z</Time>
            <Position>
              <LatitudeDegrees>44.28813870996237</LatitudeDegrees>
              <LongitudeDegrees>-81.60095172934234</LongitudeDegrees>
            </Position>
            <AltitudeMeters>178.1999969482422</AltitudeMeters>
            <DistanceMeters>1784.97998046875</DistanceMeters>
            <HeartRateBpm>
              <Value>78</Value>
            </HeartRateBpm>
            <Extensions>
              <ns3:TPX>
                <ns3:Speed>1.9780000448226929</ns3:Speed>
              </ns3:TPX>
            </Extensions>
          </Trackpoint>
          <Trackpoint>
            <Time>2026-07-29T23:29:36.000Z</Time>
            <Position>
              <LatitudeDegrees>44.28828136995435</LatitudeDegrees>
              <LongitudeDegrees>-81.60086682066321</LongitudeDegrees>
            </Position>
            <AltitudeMeters>178.39999389648438</AltitudeMeters>
            <DistanceMeters>1802.2099609375</DistanceMeters>
            <HeartRateBpm>
              <Value>80</Value>
            </HeartRateBpm>
            <Extensions>
              <ns3:TPX>
                <ns3:Speed>1.8940000534057617</ns3:Speed>
              </ns3:TPX>
            </Extensions>
          </Trackpoint>
          <Trackpoint>
            <Time>2026-07-29T23:29:42.000Z</Time>
            <Position>
              <LatitudeDegrees>44.288369715213776</LatitudeDegrees>
              <LongitudeDegrees>-81.60079800523818</LongitudeDegrees>
            </Position>
            <AltitudeMeters>178.39999389648438</AltitudeMeters>
            <DistanceMeters>1813.510009765625</DistanceMeters>
            <HeartRateBpm>
              <Value>80</Value>
            </HeartRateBpm>
            <Extensions>
              <ns3:TPX>
                <ns3:Speed>1.930999994277954</ns3:Speed>
              </ns3:TPX>
            </Extensions>
          </Trackpoint>
          <Trackpoint>
            <Time>2026-07-29T23:29:50.000Z</Time>
            <Position>
              <LatitudeDegrees>44.28848563693464</LatitudeDegrees>
              <LongitudeDegrees>-81.60069189034402</LongitudeDegrees>
            </Position>
            <AltitudeMeters>178.0</AltitudeMeters>
            <DistanceMeters>1828.9200439453125</DistanceMeters>
            <HeartRateBpm>
              <Value>82</Value>
            </HeartRateBpm>
            <Extensions>
              <ns3:TPX>
                <ns3:Speed>1.9869999885559082</ns3:Speed>
              </ns3:TPX>
            </Extensions>
          </Trackpoint>
          <Trackpoint>
            <Time>2026-07-29T23:29:57.000Z</Time>
            <Position>
              <LatitudeDegrees>44.288590997457504</LatitudeDegrees>
              <LongitudeDegrees>-81.60061259754002</LongitudeDegrees>
            </Position>
            <AltitudeMeters>178.0</AltitudeMeters>
            <DistanceMeters>1842.239990234375</DistanceMeters>
            <HeartRateBpm>
              <Value>82</Value>
            </HeartRateBpm>
            <Extensions>
              <ns3:TPX>
                <ns3:Speed>1.940999984741211</ns3:Speed>
              </ns3:TPX>
            </Extensions>
          </Trackpoint>
          <Trackpoint>
            <Time>2026-07-29T23:30:05.000Z</Time>
            <Position>
              <LatitudeDegrees>44.288699543103576</LatitudeDegrees>
              <LongitudeDegrees>-81.60052165389061</LongitudeDegrees>
            </Position>
            <AltitudeMeters>178.0</AltitudeMeters>
            <DistanceMeters>1856.2099609375</DistanceMeters>
            <HeartRateBpm>
              <Value>80</Value>
            </HeartRateBpm>
            <Extensions>
              <ns3:TPX>
                <ns3:Speed>1.8940000534057617</ns3:Speed>
              </ns3:TPX>
            </Extensions>
          </Trackpoint>
          <Trackpoint>
            <Time>2026-07-29T23:30:09.000Z</Time>
            <Position>
              <LatitudeDegrees>44.28876391611993</LatitudeDegrees>
              <LongitudeDegrees>-81.60049105994403</LongitudeDegrees>
            </Position>
            <AltitudeMeters>178.0</AltitudeMeters>
            <DistanceMeters>1863.75</DistanceMeters>
            <HeartRateBpm>
              <Value>83</Value>
            </HeartRateBpm>
            <Extensions>
              <ns3:TPX>
                <ns3:Speed>1.8940000534057617</ns3:Speed>
              </ns3:TPX>
            </Extensions>
          </Trackpoint>
          <Trackpoint>
            <Time>2026-07-29T23:30:13.000Z</Time>
            <Position>
              <LatitudeDegrees>44.288825104013085</LatitudeDegrees>
              <LongitudeDegrees>-81.60045208409429</LongitudeDegrees>
            </Position>
            <AltitudeMeters>178.0</AltitudeMeters>
            <DistanceMeters>1871.219970703125</DistanceMeters>
            <HeartRateBpm>
              <Value>84</Value>
            </HeartRateBpm>
            <Extensions>
              <ns3:TPX>
                <ns3:Speed>1.875</ns3:Speed>
              </ns3:TPX>
            </Extensions>
          </Trackpoint>
          <Trackpoint>
            <Time>2026-07-29T23:30:23.000Z</Time>
            <Position>
              <LatitudeDegrees>44.28897690027952</LatitudeDegrees>
              <LongitudeDegrees>-81.60033021122217</LongitudeDegrees>
            </Position>
            <AltitudeMeters>178.0</AltitudeMeters>
            <DistanceMeters>1890.7099609375</DistanceMeters>
            <HeartRateBpm>
              <Value>82</Value>
            </HeartRateBpm>
            <Extensions>
              <ns3:TPX>
                <ns3:Speed>1.996999979019165</ns3:Speed>
              </ns3:TPX>
            </Extensions>
          </Trackpoint>
          <Trackpoint>
            <Time>2026-07-29T23:30:31.000Z</Time>
            <Position>
              <LatitudeDegrees>44.28910028189421</LatitudeDegrees>
              <LongitudeDegrees>-81.60025142133236</LongitudeDegrees>
            </Position>
            <AltitudeMeters>178.0</AltitudeMeters>
            <DistanceMeters>1905.8199462890625</DistanceMeters>
            <HeartRateBpm>
              <Value>83</Value>
            </HeartRateBpm>
            <Extensions>
              <ns3:TPX>
                <ns3:Speed>1.940999984741211</ns3:Speed>
              </ns3:TPX>
            </Extensions>
          </Trackpoint>
          <Trackpoint>
            <Time>2026-07-29T23:30:41.000Z</Time>
            <Position>
              <LatitudeDegrees>44.2892403434962</LatitudeDegrees>
              <LongitudeDegrees>-81.6001455578953</LongitudeDegrees>
            </Position>
            <AltitudeMeters>178.1999969482422</AltitudeMeters>
            <DistanceMeters>1923.6400146484375</DistanceMeters>
            <HeartRateBpm>
              <Value>82</Value>
            </HeartRateBpm>
            <Extensions>
              <ns3:TPX>
                <ns3:Speed>1.7730000019073486</ns3:Speed>
              </ns3:TPX>
            </Extensions>
          </Trackpoint>
          <Trackpoint>
            <Time>2026-07-29T23:30:52.000Z</Time>
            <Position>
              <LatitudeDegrees>44.28939155302942</LatitudeDegrees>
              <LongitudeDegrees>-81.6000435501337</LongitudeDegrees>
            </Position>
            <AltitudeMeters>178.0</AltitudeMeters>
            <DistanceMeters>1942.4000244140625</DistanceMeters>
            <HeartRateBpm>
              <Value>80</Value>
            </HeartRateBpm>
            <Extensions>
              <ns3:TPX>
                <ns3:Speed>1.781999945640564</ns3:Speed>
              </ns3:TPX>
            </Extensions>
          </Trackpoint>
          <Trackpoint>
            <Time>2026-07-29T23:31:00.000Z</Time>
            <Position>
              <LatitudeDegrees>44.28949289023876</LatitudeDegrees>
              <LongitudeDegrees>-81.59997892566025</LongitudeDegrees>
            </Position>
            <AltitudeMeters>177.8000030517578</AltitudeMeters>
            <DistanceMeters>1954.8199462890625</DistanceMeters>
            <HeartRateBpm>
              <Value>78</Value>
            </HeartRateBpm>
            <Extensions>
              <ns3:TPX>
                <ns3:Speed>1.7170000076293945</ns3:Speed>
              </ns3:TPX>
            </Extensions>
          </Trackpoint>
          <Trackpoint>
            <Time>2026-07-29T23:31:10.000Z</Time>
            <Position>
              <LatitudeDegrees>44.28963110782206</LatitudeDegrees>
              <LongitudeDegrees>-81.59987926483154</LongitudeDegrees>
            </Position>
            <AltitudeMeters>178.1999969482422</AltitudeMeters>
            <DistanceMeters>1972.0799560546875</DistanceMeters>
            <HeartRateBpm>
              <Value>78</Value>
            </HeartRateBpm>
            <Extensions>
              <ns3:TPX>
                <ns3:Speed>1.8940000534057617</ns3:Speed>
              </ns3:TPX>
            </Extensions>
          </Trackpoint>
          <Trackpoint>
            <Time>2026-07-29T23:31:16.000Z</Time>
            <Position>
              <LatitudeDegrees>44.28969749249518</LatitudeDegrees>
              <LongitudeDegrees>-81.59984221681952</LongitudeDegrees>
            </Position>
            <AltitudeMeters>178.39999389648438</AltitudeMeters>
            <DistanceMeters>1980.010009765625</DistanceMeters>
            <HeartRateBpm>
              <Value>76</Value>
            </HeartRateBpm>
            <Extensions>
              <ns3:TPX>
                <ns3:Speed>1.4559999704360962</ns3:Speed>
              </ns3:TPX>
            </Extensions>
          </Trackpoint>
          <Trackpoint>
            <Time>2026-07-29T23:31:23.000Z</Time>
            <Position>
              <LatitudeDegrees>44.28979899734259</LatitudeDegrees>
              <LongitudeDegrees>-81.59979963675141</LongitudeDegrees>
            </Position>
            <AltitudeMeters>178.8000030517578</AltitudeMeters>
            <DistanceMeters>1991.8199462890625</DistanceMeters>
            <HeartRateBpm>
              <Value>75</Value>
            </HeartRateBpm>
            <Extensions>
              <ns3:TPX>
                <ns3:Speed>1.6419999599456787</ns3:Speed>
              </ns3:TPX>
            </Extensions>
          </Trackpoint>
          <Trackpoint>
            <Time>2026-07-29T23:31:24.000Z</Time>
            <Position>
              <LatitudeDegrees>44.28981668315828</LatitudeDegrees>
              <LongitudeDegrees>-81.59979217685759</LongitudeDegrees>
            </Position>
            <AltitudeMeters>178.8000030517578</AltitudeMeters>
            <DistanceMeters>1993.8699951171875</DistanceMeters>
            <HeartRateBpm>
              <Value>78</Value>
            </HeartRateBpm>
            <Extensions>
              <ns3:TPX>
                <ns3:Speed>1.7450000047683716</ns3:Speed>
              </ns3:TPX>
            </Extensions>
          </Trackpoint>
          <Trackpoint>
            <Time>2026-07-29T23:31:30.000Z</Time>
            <Position>
              <LatitudeDegrees>44.289904022589326</LatitudeDegrees>
              <LongitudeDegrees>-81.59973417408764</LongitudeDegrees>
            </Position>
            <AltitudeMeters>178.8000030517578</AltitudeMeters>
            <DistanceMeters>2004.6400146484375</DistanceMeters>
            <HeartRateBpm>
              <Value>82</Value>
            </HeartRateBpm>
            <Extensions>
              <ns3:TPX>
                <ns3:Speed>1.781999945640564</ns3:Speed>
              </ns3:TPX>
            </Extensions>
          </Trackpoint>
          <Trackpoint>
            <Time>2026-07-29T23:31:31.000Z</Time>
            <Position>
              <LatitudeDegrees>44.2899174336344</LatitudeDegrees>
              <LongitudeDegrees>-81.59972595982254</LongitudeDegrees>
            </Position>
            <AltitudeMeters>179.0</AltitudeMeters>
            <DistanceMeters>2006.22998046875</DistanceMeters>
            <HeartRateBpm>
              <Value>80</Value>
            </HeartRateBpm>
            <Extensions>
              <ns3:TPX>
                <ns3:Speed>1.7450000047683716</ns3:Speed>
              </ns3:TPX>
            </Extensions>
          </Trackpoint>
          <Trackpoint>
            <Time>2026-07-29T23:31:36.000Z</Time>
            <Position>
              <LatitudeDegrees>44.28999764844775</LatitudeDegrees>
              <LongitudeDegrees>-81.59967667423189</LongitudeDegrees>
            </Position>
            <AltitudeMeters>178.8000030517578</AltitudeMeters>
            <DistanceMeters>2015.989990234375</DistanceMeters>
            <HeartRateBpm>
              <Value>78</Value>
            </HeartRateBpm>
            <Extensions>
              <ns3:TPX>
                <ns3:Speed>1.6139999628067017</ns3:Speed>
              </ns3:TPX>
            </Extensions>
          </Trackpoint>
          <Trackpoint>
            <Time>2026-07-29T23:31:39.000Z</Time>
            <Position>
              <LatitudeDegrees>44.2900347802788</LatitudeDegrees>
              <LongitudeDegrees>-81.59964960068464</LongitudeDegrees>
            </Position>
            <AltitudeMeters>178.8000030517578</AltitudeMeters>
            <DistanceMeters>2020.77001953125</DistanceMeters>
            <HeartRateBpm>
              <Value>77</Value>
            </HeartRateBpm>
            <Extensions>
              <ns3:TPX>
                <ns3:Speed>1.6139999628067017</ns3:Speed>
              </ns3:TPX>
            </Extensions>
          </Trackpoint>
          <Trackpoint>
            <Time>2026-07-29T23:31:43.000Z</Time>
            <Position>
              <LatitudeDegrees>44.290090603753924</LatitudeDegrees>
              <LongitudeDegrees>-81.59958640113473</LongitudeDegrees>
            </Position>
            <AltitudeMeters>178.8000030517578</AltitudeMeters>
            <DistanceMeters>2028.760009765625</DistanceMeters>
            <HeartRateBpm>
              <Value>76</Value>
            </HeartRateBpm>
            <Extensions>
              <ns3:TPX>
                <ns3:Speed>2.00600004196167</ns3:Speed>
              </ns3:TPX>
            </Extensions>
          </Trackpoint>
          <Trackpoint>
            <Time>2026-07-29T23:31:49.000Z</Time>
            <Position>
              <LatitudeDegrees>44.290171237662435</LatitudeDegrees>
              <LongitudeDegrees>-81.59951305948198</LongitudeDegrees>
            </Position>
            <AltitudeMeters>178.8000030517578</AltitudeMeters>
            <DistanceMeters>2039.469970703125</DistanceMeters>
            <HeartRateBpm>
              <Value>73</Value>
            </HeartRateBpm>
            <Extensions>
              <ns3:TPX>
                <ns3:Speed>2.00600004196167</ns3:Speed>
              </ns3:TPX>
            </Extensions>
          </Trackpoint>
          <Trackpoint>
            <Time>2026-07-29T23:31:50.000Z</Time>
            <Position>
              <LatitudeDegrees>44.29018598981202</LatitudeDegrees>
              <LongitudeDegrees>-81.59949604421854</LongitudeDegrees>
            </Position>
            <AltitudeMeters>178.8000030517578</AltitudeMeters>
            <DistanceMeters>2041.5999755859375</DistanceMeters>
            <HeartRateBpm>
              <Value>76</Value>
            </HeartRateBpm>
            <Extensions>
              <ns3:TPX>
                <ns3:Speed>1.8940000534057617</ns3:Speed>
              </ns3:TPX>
            </Extensions>
          </Trackpoint>
          <Trackpoint>
            <Time>2026-07-29T23:31:59.000Z</Time>
            <Position>
              <LatitudeDegrees>44.29032722488046</LatitudeDegrees>
              <LongitudeDegrees>-81.59934508614242</LongitudeDegrees>
            </Position>
            <AltitudeMeters>178.8000030517578</AltitudeMeters>
            <DistanceMeters>2061.389892578125</DistanceMeters>
            <HeartRateBpm>
              <Value>78</Value>
            </HeartRateBpm>
            <Extensions>
              <ns3:TPX>
                <ns3:Speed>2.1740000247955322</ns3:Speed>
              </ns3:TPX>
            </Extensions>
          </Trackpoint>
          <Trackpoint>
            <Time>2026-07-29T23:32:08.000Z</Time>
            <Position>
              <LatitudeDegrees>44.29046963341534</LatitudeDegrees>
              <LongitudeDegrees>-81.5991978161037</LongitudeDegrees>
            </Position>
            <AltitudeMeters>179.0</AltitudeMeters>
            <DistanceMeters>2081.1201171875</DistanceMeters>
            <HeartRateBpm>
              <Value>78</Value>
            </HeartRateBpm>
            <Extensions>
              <ns3:TPX>
                <ns3:Speed>2.1740000247955322</ns3:Speed>
              </ns3:TPX>
            </Extensions>
          </Trackpoint>
          <Trackpoint>
            <Time>2026-07-29T23:32:17.000Z</Time>
            <Position>
              <LatitudeDegrees>44.2905546259135</LatitudeDegrees>
              <LongitudeDegrees>-81.59908801317215</LongitudeDegrees>
            </Position>
            <AltitudeMeters>178.8000030517578</AltitudeMeters>
            <DistanceMeters>2094.0</DistanceMeters>
            <HeartRateBpm>
              <Value>78</Value>
            </HeartRateBpm>
            <Extensions>
              <ns3:TPX>
                <ns3:Speed>1.3899999856948853</ns3:Speed>
              </ns3:TPX>
            </Extensions>
          </Trackpoint>
          <Trackpoint>
            <Time>2026-07-29T23:32:27.000Z</Time>
            <Position>
              <LatitudeDegrees>44.29069519042969</LatitudeDegrees>
              <LongitudeDegrees>-81.59893655218184</LongitudeDegrees>
            </Position>
            <AltitudeMeters>179.0</AltitudeMeters>
            <DistanceMeters>2113.780029296875</DistanceMeters>
            <HeartRateBpm>
              <Value>77</Value>
            </HeartRateBpm>
            <Extensions>
              <ns3:TPX>
                <ns3:Speed>1.875</ns3:Speed>
              </ns3:TPX>
            </Extensions>
          </Trackpoint>
          <Trackpoint>
            <Time>2026-07-29T23:32:39.000Z</Time>
            <Position>
              <LatitudeDegrees>44.29088059812784</LatitudeDegrees>
              <LongitudeDegrees>-81.59873044118285</LongitudeDegrees>
            </Position>
            <AltitudeMeters>179.0</AltitudeMeters>
            <DistanceMeters>2140.139892578125</DistanceMeters>
            <HeartRateBpm>
              <Value>76</Value>
            </HeartRateBpm>
            <Extensions>
              <ns3:TPX>
                <ns3:Speed>1.968999981880188</ns3:Speed>
              </ns3:TPX>
            </Extensions>
          </Trackpoint>
          <Trackpoint>
            <Time>2026-07-29T23:32:48.000Z</Time>
            <Position>
              <LatitudeDegrees>44.29099760949612</LatitudeDegrees>
              <LongitudeDegrees>-81.59857495687902</LongitudeDegrees>
            </Position>
            <AltitudeMeters>179.0</AltitudeMeters>
            <DistanceMeters>2158.14990234375</DistanceMeters>
            <HeartRateBpm>
              <Value>77</Value>
            </HeartRateBpm>
            <Extensions>
              <ns3:TPX>
                <ns3:Speed>1.875</ns3:Speed>
              </ns3:TPX>
            </Extensions>
          </Trackpoint>
          <Trackpoint>
            <Time>2026-07-29T23:32:49.000Z</Time>
            <Position>
              <LatitudeDegrees>44.29100817069411</LatitudeDegrees>
              <LongitudeDegrees>-81.59856707789004</LongitudeDegrees>
            </Position>
            <AltitudeMeters>179.0</AltitudeMeters>
            <DistanceMeters>2159.47998046875</DistanceMeters>
            <HeartRateBpm>
              <Value>75</Value>
            </HeartRateBpm>
            <Extensions>
              <ns3:TPX>
                <ns3:Speed>1.8289999961853027</ns3:Speed>
              </ns3:TPX>
            </Extensions>
          </Trackpoint>
          <Trackpoint>
            <Time>2026-07-29T23:32:54.000Z</Time>
            <Position>
              <LatitudeDegrees>44.29107883013785</LatitudeDegrees>
              <LongitudeDegrees>-81.59849650226533</LongitudeDegrees>
            </Position>
            <AltitudeMeters>179.0</AltitudeMeters>
            <DistanceMeters>2169.14990234375</DistanceMeters>
            <HeartRateBpm>
              <Value>75</Value>
            </HeartRateBpm>
            <Extensions>
              <ns3:TPX>
                <ns3:Speed>1.7640000581741333</ns3:Speed>
              </ns3:TPX>
            </Extensions>
          </Trackpoint>
          <Trackpoint>
            <Time>2026-07-29T23:33:01.000Z</Time>
            <Position>
              <LatitudeDegrees>44.29116717539728</LatitudeDegrees>
              <LongitudeDegrees>-81.59840052947402</LongitudeDegrees>
            </Position>
            <AltitudeMeters>178.8000030517578</AltitudeMeters>
            <DistanceMeters>2181.610107421875</DistanceMeters>
            <HeartRateBpm>
              <Value>78</Value>
            </HeartRateBpm>
            <Extensions>
              <ns3:TPX>
                <ns3:Speed>1.4930000305175781</ns3:Speed>
              </ns3:TPX>
            </Extensions>
          </Trackpoint>
          <Trackpoint>
            <Time>2026-07-29T23:33:04.000Z</Time>
            <Position>
              <LatitudeDegrees>44.291218891739845</LatitudeDegrees>
              <LongitudeDegrees>-81.59836138598621</LongitudeDegrees>
            </Position>
            <AltitudeMeters>179.0</AltitudeMeters>
            <DistanceMeters>2188.159912109375</DistanceMeters>
            <HeartRateBpm>
              <Value>76</Value>
            </HeartRateBpm>
            <Extensions>
              <ns3:TPX>
                <ns3:Speed>1.4930000305175781</ns3:Speed>
              </ns3:TPX>
            </Extensions>
          </Trackpoint>
          <Trackpoint>
            <Time>2026-07-29T23:33:13.000Z</Time>
            <Position>
              <LatitudeDegrees>44.29131343960762</LatitudeDegrees>
              <LongitudeDegrees>-81.59829458221793</LongitudeDegrees>
            </Position>
            <AltitudeMeters>178.8000030517578</AltitudeMeters>
            <DistanceMeters>2199.969970703125</DistanceMeters>
            <HeartRateBpm>
              <Value>76</Value>
            </HeartRateBpm>
            <Extensions>
              <ns3:TPX>
                <ns3:Speed>1.5399999618530273</ns3:Speed>
              </ns3:TPX>
            </Extensions>
          </Trackpoint>
          <Trackpoint>
            <Time>2026-07-29T23:33:15.000Z</Time>
            <Position>
              <LatitudeDegrees>44.29132710210979</LatitudeDegrees>
              <LongitudeDegrees>-81.5982807520777</LongitudeDegrees>
            </Position>
            <AltitudeMeters>178.8000030517578</AltitudeMeters>
            <DistanceMeters>2201.909912109375</DistanceMeters>
            <HeartRateBpm>
              <Value>76</Value>
            </HeartRateBpm>
            <Extensions>
              <ns3:TPX>
                <ns3:Speed>1.399999976158142</ns3:Speed>
              </ns3:TPX>
            </Extensions>
          </Trackpoint>
          <Trackpoint>
            <Time>2026-07-29T23:33:18.000Z</Time>
            <Position>
              <LatitudeDegrees>44.29132911376655</LatitudeDegrees>
              <LongitudeDegrees>-81.59827874042094</LongitudeDegrees>
            </Position>
            <AltitudeMeters>178.8000030517578</AltitudeMeters>
            <DistanceMeters>2202.179931640625</DistanceMeters>
            <HeartRateBpm>
              <Value>76</Value>
            </HeartRateBpm>
            <Extensions>
              <ns3:TPX>
                <ns3:Speed>0.0</ns3:Speed>
              </ns3:TPX>
            </Extensions>
          </Trackpoint>
          <Trackpoint>
            <Time>2026-07-29T23:33:22.000Z</Time>
            <Position>
              <LatitudeDegrees>44.291332215070724</LatitudeDegrees>
              <LongitudeDegrees>-81.59828217700124</LongitudeDegrees>
            </Position>
            <AltitudeMeters>179.0</AltitudeMeters>
            <DistanceMeters>2202.52001953125</DistanceMeters>
            <HeartRateBpm>
              <Value>79</Value>
            </HeartRateBpm>
            <Extensions>
              <ns3:TPX>
                <ns3:Speed>0.0</ns3:Speed>
              </ns3:TPX>
            </Extensions>
          </Trackpoint>
          <Trackpoint>
            <Time>2026-07-29T23:33:27.000Z</Time>
            <Position>
              <LatitudeDegrees>44.29132165387273</LatitudeDegrees>
              <LongitudeDegrees>-81.59828108735383</LongitudeDegrees>
            </Position>
            <AltitudeMeters>179.0</AltitudeMeters>
            <DistanceMeters>2203.719970703125</DistanceMeters>
            <HeartRateBpm>
              <Value>82</Value>
            </HeartRateBpm>
            <Extensions>
              <ns3:TPX>
                <ns3:Speed>0.0</ns3:Speed>
              </ns3:TPX>
            </Extensions>
          </Trackpoint>
          <Trackpoint>
            <Time>2026-07-29T23:33:31.000Z</Time>
            <Position>
              <LatitudeDegrees>44.291303465142846</LatitudeDegrees>
              <LongitudeDegrees>-81.59827656112611</LongitudeDegrees>
            </Position>
            <AltitudeMeters>179.0</AltitudeMeters>
            <DistanceMeters>2205.889892578125</DistanceMeters>
            <HeartRateBpm>
              <Value>85</Value>
            </HeartRateBpm>
            <Extensions>
              <ns3:TPX>
                <ns3:Speed>0.0</ns3:Speed>
              </ns3:TPX>
            </Extensions>
          </Trackpoint>
          <Trackpoint>
            <Time>2026-07-29T23:33:35.000Z</Time>
            <Position>
              <LatitudeDegrees>44.291288796812296</LatitudeDegrees>
              <LongitudeDegrees>-81.59826683811843</LongitudeDegrees>
            </Position>
            <AltitudeMeters>179.0</AltitudeMeters>
            <DistanceMeters>2207.75</DistanceMeters>
            <HeartRateBpm>
              <Value>86</Value>
            </HeartRateBpm>
            <Extensions>
              <ns3:TPX>
                <ns3:Speed>0.4390000104904175</ns3:Speed>
              </ns3:TPX>
            </Extensions>
          </Trackpoint>
          <Trackpoint>
            <Time>2026-07-29T23:33:39.000Z</Time>
            <Position>
              <LatitudeDegrees>44.291277481243014</LatitudeDegrees>
              <LongitudeDegrees>-81.5982665028423</LongitudeDegrees>
            </Position>
            <AltitudeMeters>179.0</AltitudeMeters>
            <DistanceMeters>2208.909912109375</DistanceMeters>
            <HeartRateBpm>
              <Value>89</Value>
            </HeartRateBpm>
            <Extensions>
              <ns3:TPX>
                <ns3:Speed>0.4569999873638153</ns3:Speed>
              </ns3:TPX>
            </Extensions>
          </Trackpoint>
          <Trackpoint>
            <Time>2026-07-29T23:33:45.000Z</Time>
            <Position>
              <LatitudeDegrees>44.291245797649026</LatitudeDegrees>
              <LongitudeDegrees>-81.59827295690775</LongitudeDegrees>
            </Position>
            <AltitudeMeters>179.0</AltitudeMeters>
            <DistanceMeters>2212.820068359375</DistanceMeters>
            <HeartRateBpm>
              <Value>90</Value>
            </HeartRateBpm>
            <Extensions>
              <ns3:TPX>
                <ns3:Speed>0.9980000257492065</ns3:Speed>
              </ns3:TPX>
            </Extensions>
          </Trackpoint>
          <Trackpoint>
            <Time>2026-07-29T23:33:53.000Z</Time>
            <Position>
              <LatitudeDegrees>44.29114571772516</LatitudeDegrees>
              <LongitudeDegrees>-81.5983362402767</LongitudeDegrees>
            </Position>
            <AltitudeMeters>179.0</AltitudeMeters>
            <DistanceMeters>2225.090087890625</DistanceMeters>
            <HeartRateBpm>
              <Value>93</Value>
            </HeartRateBpm>
            <Extensions>
              <ns3:TPX>
                <ns3:Speed>1.5119999647140503</ns3:Speed>
              </ns3:TPX>
            </Extensions>
          </Trackpoint>
          <Trackpoint>
            <Time>2026-07-29T23:34:02.000Z</Time>
            <Position>
              <LatitudeDegrees>44.291039519011974</LatitudeDegrees>
              <LongitudeDegrees>-81.59837370738387</LongitudeDegrees>
            </Position>
            <AltitudeMeters>179.0</AltitudeMeters>
            <DistanceMeters>2237.419921875</DistanceMeters>
            <HeartRateBpm>
              <Value>90</Value>
            </HeartRateBpm>
            <Extensions>
              <ns3:TPX>
                <ns3:Speed>1.3619999885559082</ns3:Speed>
              </ns3:TPX>
            </Extensions>
          </Trackpoint>
          <Trackpoint>
            <Time>2026-07-29T23:34:10.000Z</Time>
            <Position>
              <LatitudeDegrees>44.290959890931845</LatitudeDegrees>
              <LongitudeDegrees>-81.59836264327168</LongitudeDegrees>
            </Position>
            <AltitudeMeters>179.0</AltitudeMeters>
            <DistanceMeters>2246.47998046875</DistanceMeters>
            <HeartRateBpm>
              <Value>90</Value>
            </HeartRateBpm>
            <Extensions>
              <ns3:TPX>
                <ns3:Speed>1.0820000171661377</ns3:Speed>
              </ns3:TPX>
            </Extensions>
          </Trackpoint>
          <Trackpoint>
            <Time>2026-07-29T23:34:18.000Z</Time>
            <Position>
              <LatitudeDegrees>44.29089124314487</LatitudeDegrees>
              <LongitudeDegrees>-81.59832148812711</LongitudeDegrees>
            </Position>
            <AltitudeMeters>178.60000610351562</AltitudeMeters>
            <DistanceMeters>2254.9599609375</DistanceMeters>
            <HeartRateBpm>
              <Value>91</Value>
            </HeartRateBpm>
            <Extensions>
              <ns3:TPX>
                <ns3:Speed>1.0169999599456787</ns3:Speed>
              </ns3:TPX>
            </Extensions>
          </Trackpoint>
          <Trackpoint>
            <Time>2026-07-29T23:34:21.000Z</Time>
            <Position>
              <LatitudeDegrees>44.29086685180664</LatitudeDegrees>
              <LongitudeDegrees>-81.59833456389606</LongitudeDegrees>
            </Position>
            <AltitudeMeters>178.60000610351562</AltitudeMeters>
            <DistanceMeters>2257.8798828125</DistanceMeters>
            <HeartRateBpm>
              <Value>91</Value>
            </HeartRateBpm>
            <Extensions>
              <ns3:TPX>
                <ns3:Speed>0.9890000224113464</ns3:Speed>
              </ns3:TPX>
            </Extensions>
          </Trackpoint>
          <Trackpoint>
            <Time>2026-07-29T23:34:27.000Z</Time>
            <Position>
              <LatitudeDegrees>44.29082175716758</LatitudeDegrees>
              <LongitudeDegrees>-81.59836390055716</LongitudeDegrees>
            </Position>
            <AltitudeMeters>178.8000030517578</AltitudeMeters>
            <DistanceMeters>2263.419921875</DistanceMeters>
            <HeartRateBpm>
              <Value>88</Value>
            </HeartRateBpm>
            <Extensions>
              <ns3:TPX>
                <ns3:Speed>0.9890000224113464</ns3:Speed>
              </ns3:TPX>
            </Extensions>
          </Trackpoint>
          <Trackpoint>
            <Time>2026-07-29T23:34:34.000Z</Time>
            <Position>
              <LatitudeDegrees>44.29076618514955</LatitudeDegrees>
              <LongitudeDegrees>-81.59841494634748</LongitudeDegrees>
            </Position>
            <AltitudeMeters>178.8000030517578</AltitudeMeters>
            <DistanceMeters>2270.77001953125</DistanceMeters>
            <HeartRateBpm>
              <Value>86</Value>
            </HeartRateBpm>
            <Extensions>
              <ns3:TPX>
                <ns3:Speed>0.9610000252723694</ns3:Speed>
              </ns3:TPX>
            </Extensions>
          </Trackpoint>
          <Trackpoint>
            <Time>2026-07-29T23:34:43.000Z</Time>
            <Position>
              <LatitudeDegrees>44.29068370722234</LatitudeDegrees>
              <LongitudeDegrees>-81.59845920279622</LongitudeDegrees>
            </Position>
            <AltitudeMeters>179.0</AltitudeMeters>
            <DistanceMeters>2280.699951171875</DistanceMeters>
            <HeartRateBpm>
              <Value>85</Value>
            </HeartRateBpm>
            <Extensions>
              <ns3:TPX>
                <ns3:Speed>1.1480000019073486</ns3:Speed>
              </ns3:TPX>
            </Extensions>
          </Trackpoint>
          <Trackpoint>
            <Time>2026-07-29T23:34:53.000Z</Time>
            <Position>
              <LatitudeDegrees>44.29060751572251</LatitudeDegrees>
              <LongitudeDegrees>-81.59848116338253</LongitudeDegrees>
            </Position>
            <AltitudeMeters>178.60000610351562</AltitudeMeters>
            <DistanceMeters>2289.719970703125</DistanceMeters>
            <HeartRateBpm>
              <Value>86</Value>
            </HeartRateBpm>
            <Extensions>
              <ns3:TPX>
                <ns3:Speed>0.7179999947547913</ns3:Speed>
              </ns3:TPX>
            </Extensions>
          </Trackpoint>
          <Trackpoint>
            <Time>2026-07-29T23:35:01.000Z</Time>
            <Position>
              <LatitudeDegrees>44.290554290637374</LatitudeDegrees>
              <LongitudeDegrees>-81.59852148033679</LongitudeDegrees>
            </Position>
            <AltitudeMeters>178.8000030517578</AltitudeMeters>
            <DistanceMeters>2296.419921875</DistanceMeters>
            <HeartRateBpm>
              <Value>87</Value>
            </HeartRateBpm>
            <Extensions>
              <ns3:TPX>
                <ns3:Speed>0.7649999856948853</ns3:Speed>
              </ns3:TPX>
            </Extensions>
          </Trackpoint>
          <Trackpoint>
            <Time>2026-07-29T23:35:11.000Z</Time>
            <Position>
              <LatitudeDegrees>44.29049687460065</LatitudeDegrees>
              <LongitudeDegrees>-81.59850815311074</LongitudeDegrees>
            </Position>
            <AltitudeMeters>178.8000030517578</AltitudeMeters>
            <DistanceMeters>2303.110107421875</DistanceMeters>
            <HeartRateBpm>
              <Value>89</Value>
            </HeartRateBpm>
            <Extensions>
              <ns3:TPX>
                <ns3:Speed>0.597000002861023</ns3:Speed>
              </ns3:TPX>
            </Extensions>
          </Trackpoint>
          <Trackpoint>
            <Time>2026-07-29T23:35:20.000Z</Time>
            <Position>
              <LatitudeDegrees>44.29045940749347</LatitudeDegrees>
              <LongitudeDegrees>-81.59853204153478</LongitudeDegrees>
            </Position>
            <AltitudeMeters>178.60000610351562</AltitudeMeters>
            <DistanceMeters>2307.81005859375</DistanceMeters>
            <HeartRateBpm>
              <Value>90</Value>
            </HeartRateBpm>
            <Extensions>
              <ns3:TPX>
                <ns3:Speed>0.46700000762939453</ns3:Speed>
              </ns3:TPX>
            </Extensions>
          </Trackpoint>
          <Trackpoint>
            <Time>2026-07-29T23:35:25.000Z</Time>
            <Position>
              <LatitudeDegrees>44.29043082520366</LatitudeDegrees>
              <LongitudeDegrees>-81.5985376574099</LongitudeDegrees>
            </Position>
            <AltitudeMeters>178.60000610351562</AltitudeMeters>
            <DistanceMeters>2311.010009765625</DistanceMeters>
            <HeartRateBpm>
              <Value>86</Value>
            </HeartRateBpm>
            <Extensions>
              <ns3:TPX>
                <ns3:Speed>0.5789999961853027</ns3:Speed>
              </ns3:TPX>
            </Extensions>
          </Trackpoint>
          <Trackpoint>
            <Time>2026-07-29T23:35:29.000Z</Time>
            <Position>
              <LatitudeDegrees>44.29040031507611</LatitudeDegrees>
              <LongitudeDegrees>-81.59854930825531</LongitudeDegrees>
            </Position>
            <AltitudeMeters>178.60000610351562</AltitudeMeters>
            <DistanceMeters>2314.4599609375</DistanceMeters>
            <HeartRateBpm>
              <Value>89</Value>
            </HeartRateBpm>
            <Extensions>
              <ns3:TPX>
                <ns3:Speed>0.6899999976158142</ns3:Speed>
              </ns3:TPX>
            </Extensions>
          </Trackpoint>
          <Trackpoint>
            <Time>2026-07-29T23:35:30.000Z</Time>
            <Position>
              <LatitudeDegrees>44.290391597896814</LatitudeDegrees>
              <LongitudeDegrees>-81.5985498111695</LongitudeDegrees>
            </Position>
            <AltitudeMeters>178.60000610351562</AltitudeMeters>
            <DistanceMeters>2315.429931640625</DistanceMeters>
            <HeartRateBpm>
              <Value>89</Value>
            </HeartRateBpm>
            <Extensions>
              <ns3:TPX>
                <ns3:Speed>0.9800000190734863</ns3:Speed>
              </ns3:TPX>
            </Extensions>
          </Trackpoint>
          <Trackpoint>
            <Time>2026-07-29T23:35:31.000Z</Time>
            <Position>
              <LatitudeDegrees>44.29038221016526</LatitudeDegrees>
              <LongitudeDegrees>-81.59855115227401</LongitudeDegrees>
            </Position>
            <AltitudeMeters>178.60000610351562</AltitudeMeters>
            <DistanceMeters>2316.469970703125</DistanceMeters>
            <HeartRateBpm>
              <Value>89</Value>
            </HeartRateBpm>
            <Extensions>
              <ns3:TPX>
                <ns3:Speed>0.8579999804496765</ns3:Speed>
              </ns3:TPX>
            </Extensions>
          </Trackpoint>
          <Trackpoint>
            <Time>2026-07-29T23:35:41.000Z</Time>
            <Position>
              <LatitudeDegrees>44.29028154350817</LatitudeDegrees>
              <LongitudeDegrees>-81.59855676814914</LongitudeDegrees>
            </Position>
            <AltitudeMeters>178.60000610351562</AltitudeMeters>
            <DistanceMeters>2327.679931640625</DistanceMeters>
            <HeartRateBpm>
              <Value>88</Value>
            </HeartRateBpm>
            <Extensions>
              <ns3:TPX>
                <ns3:Speed>1.1660000085830688</ns3:Speed>
              </ns3:TPX>
            </Extensions>
          </Trackpoint>
          <Trackpoint>
            <Time>2026-07-29T23:35:54.000Z</Time>
            <Position>
              <LatitudeDegrees>44.29014567285776</LatitudeDegrees>
              <LongitudeDegrees>-81.59859633073211</LongitudeDegrees>
            </Position>
            <AltitudeMeters>178.60000610351562</AltitudeMeters>
            <DistanceMeters>2343.419921875</DistanceMeters>
            <HeartRateBpm>
              <Value>88</Value>
            </HeartRateBpm>
            <Extensions>
              <ns3:TPX>
                <ns3:Speed>1.25</ns3:Speed>
              </ns3:TPX>
            </Extensions>
          </Trackpoint>
          <Trackpoint>
            <Time>2026-07-29T23:36:09.000Z</Time>
            <Position>
              <LatitudeDegrees>44.29000494070351</LatitudeDegrees>
              <LongitudeDegrees>-81.5986793115735</LongitudeDegrees>
            </Position>
            <AltitudeMeters>178.39999389648438</AltitudeMeters>
            <DistanceMeters>2360.52001953125</DistanceMeters>
            <HeartRateBpm>
              <Value>86</Value>
            </HeartRateBpm>
            <Extensions>
              <ns3:TPX>
                <ns3:Speed>1.222000002861023</ns3:Speed>
              </ns3:TPX>
            </Extensions>
          </Trackpoint>
          <Trackpoint>
            <Time>2026-07-29T23:36:21.000Z</Time>
            <Position>
              <LatitudeDegrees>44.28989362902939</LatitudeDegrees>
              <LongitudeDegrees>-81.59871585667133</LongitudeDegrees>
            </Position>
            <AltitudeMeters>178.60000610351562</AltitudeMeters>
            <DistanceMeters>2373.280029296875</DistanceMeters>
            <HeartRateBpm>
              <Value>86</Value>
            </HeartRateBpm>
            <Extensions>
              <ns3:TPX>
                <ns3:Speed>1.0449999570846558</ns3:Speed>
              </ns3:TPX>
            </Extensions>
          </Trackpoint>
          <Trackpoint>
            <Time>2026-07-29T23:36:30.000Z</Time>
            <Position>
              <LatitudeDegrees>44.289812576025724</LatitudeDegrees>
              <LongitudeDegrees>-81.5987313631922</LongitudeDegrees>
            </Position>
            <AltitudeMeters>178.60000610351562</AltitudeMeters>
            <DistanceMeters>2382.429931640625</DistanceMeters>
            <HeartRateBpm>
              <Value>83</Value>
            </HeartRateBpm>
            <Extensions>
              <ns3:TPX>
                <ns3:Speed>1.0169999599456787</ns3:Speed>
              </ns3:TPX>
            </Extensions>
          </Trackpoint>
          <Trackpoint>
            <Time>2026-07-29T23:36:31.000Z</Time>
            <Position>
              <LatitudeDegrees>44.28980654105544</LatitudeDegrees>
              <LongitudeDegrees>-81.59873186610639</LongitudeDegrees>
            </Position>
            <AltitudeMeters>178.60000610351562</AltitudeMeters>
            <DistanceMeters>2383.090087890625</DistanceMeters>
            <HeartRateBpm>
              <Value>83</Value>
            </HeartRateBpm>
            <Extensions>
              <ns3:TPX>
                <ns3:Speed>1.0360000133514404</ns3:Speed>
              </ns3:TPX>
            </Extensions>
          </Trackpoint>
          <Trackpoint>
            <Time>2026-07-29T23:36:38.000Z</Time>
            <Position>
              <LatitudeDegrees>44.28976220078766</LatitudeDegrees>
              <LongitudeDegrees>-81.59873044118285</LongitudeDegrees>
            </Position>
            <AltitudeMeters>178.60000610351562</AltitudeMeters>
            <DistanceMeters>2388.1298828125</DistanceMeters>
            <HeartRateBpm>
              <Value>81</Value>
            </HeartRateBpm>
            <Extensions>
              <ns3:TPX>
                <ns3:Speed>0.8489999771118164</ns3:Speed>
              </ns3:TPX>
            </Extensions>
          </Trackpoint>
          <Trackpoint>
            <Time>2026-07-29T23:36:48.000Z</Time>
            <Position>
              <LatitudeDegrees>44.28970050998032</LatitudeDegrees>
              <LongitudeDegrees>-81.59870638512075</LongitudeDegrees>
            </Position>
            <AltitudeMeters>178.60000610351562</AltitudeMeters>
            <DistanceMeters>2395.489990234375</DistanceMeters>
            <HeartRateBpm>
              <Value>80</Value>
            </HeartRateBpm>
            <Extensions>
              <ns3:TPX>
                <ns3:Speed>0.7649999856948853</ns3:Speed>
              </ns3:TPX>
            </Extensions>
          </Trackpoint>
          <Trackpoint>
            <Time>2026-07-29T23:36:59.000Z</Time>
            <Position>
              <LatitudeDegrees>44.289615266025066</LatitudeDegrees>
              <LongitudeDegrees>-81.59869020804763</LongitudeDegrees>
            </Position>
            <AltitudeMeters>178.1999969482422</AltitudeMeters>
            <DistanceMeters>2405.590087890625</DistanceMeters>
            <HeartRateBpm>
              <Value>82</Value>
            </HeartRateBpm>
            <Extensions>
              <ns3:TPX>
                <ns3:Speed>0.8019999861717224</ns3:Speed>
              </ns3:TPX>
            </Extensions>
          </Trackpoint>
          <Trackpoint>
            <Time>2026-07-29T23:37:05.000Z</Time>
            <Position>
              <LatitudeDegrees>44.289570674300194</LatitudeDegrees>
              <LongitudeDegrees>-81.59873086027801</LongitudeDegrees>
            </Position>
            <AltitudeMeters>178.1999969482422</AltitudeMeters>
            <DistanceMeters>2411.52001953125</DistanceMeters>
            <HeartRateBpm>
              <Value>85</Value>
            </HeartRateBpm>
            <Extensions>
              <ns3:TPX>
                <ns3:Speed>1.0449999570846558</ns3:Speed>
              </ns3:TPX>
            </Extensions>
          </Trackpoint>
          <Trackpoint>
            <Time>2026-07-29T23:37:07.000Z</Time>
            <Position>
              <LatitudeDegrees>44.28955625742674</LatitudeDegrees>
              <LongitudeDegrees>-81.59874343313277</LongitudeDegrees>
            </Position>
            <AltitudeMeters>178.1999969482422</AltitudeMeters>
            <DistanceMeters>2413.419921875</DistanceMeters>
            <HeartRateBpm>
              <Value>85</Value>
            </HeartRateBpm>
            <Extensions>
              <ns3:TPX>
                <ns3:Speed>1.0080000162124634</ns3:Speed>
              </ns3:TPX>
            </Extensions>
          </Trackpoint>
          <Trackpoint>
            <Time>2026-07-29T23:37:16.000Z</Time>
            <Position>
              <LatitudeDegrees>44.28947235457599</LatitudeDegrees>
              <LongitudeDegrees>-81.59880839288235</LongitudeDegrees>
            </Position>
            <AltitudeMeters>178.39999389648438</AltitudeMeters>
            <DistanceMeters>2424.239990234375</DistanceMeters>
            <HeartRateBpm>
              <Value>83</Value>
            </HeartRateBpm>
            <Extensions>
              <ns3:TPX>
                <ns3:Speed>1.2039999961853027</ns3:Speed>
              </ns3:TPX>
            </Extensions>
          </Trackpoint>
          <Trackpoint>
            <Time>2026-07-29T23:37:23.000Z</Time>
            <Position>
              <LatitudeDegrees>44.28940077312291</LatitudeDegrees>
              <LongitudeDegrees>-81.59885449334979</LongitudeDegrees>
            </Position>
            <AltitudeMeters>178.1999969482422</AltitudeMeters>
            <DistanceMeters>2433.179931640625</DistanceMeters>
            <HeartRateBpm>
              <Value>86</Value>
            </HeartRateBpm>
            <Extensions>
              <ns3:TPX>
                <ns3:Speed>1.2039999961853027</ns3:Speed>
              </ns3:TPX>
            </Extensions>
          </Trackpoint>
          <Trackpoint>
            <Time>2026-07-29T23:37:26.000Z</Time>
            <Position>
              <LatitudeDegrees>44.28937361575663</LatitudeDegrees>
              <LongitudeDegrees>-81.59888165071607</LongitudeDegrees>
            </Position>
            <AltitudeMeters>178.1999969482422</AltitudeMeters>
            <DistanceMeters>2436.8798828125</DistanceMeters>
            <HeartRateBpm>
              <Value>89</Value>
            </HeartRateBpm>
            <Extensions>
              <ns3:TPX>
                <ns3:Speed>1.194000005722046</ns3:Speed>
              </ns3:TPX>
            </Extensions>
          </Trackpoint>
          <Trackpoint>
            <Time>2026-07-29T23:37:27.000Z</Time>
            <Position>
              <LatitudeDegrees>44.28936422802508</LatitudeDegrees>
              <LongitudeDegrees>-81.59888827241957</LongitudeDegrees>
            </Position>
            <AltitudeMeters>178.1999969482422</AltitudeMeters>
            <DistanceMeters>2438.050048828125</DistanceMeters>
            <HeartRateBpm>
              <Value>89</Value>
            </HeartRateBpm>
            <Extensions>
              <ns3:TPX>
                <ns3:Speed>1.194000005722046</ns3:Speed>
              </ns3:TPX>
            </Extensions>
          </Trackpoint>
          <Trackpoint>
            <Time>2026-07-29T23:37:40.000Z</Time>
            <Position>
              <LatitudeDegrees>44.289202792569995</LatitudeDegrees>
              <LongitudeDegrees>-81.59896647557616</LongitudeDegrees>
            </Position>
            <AltitudeMeters>178.1999969482422</AltitudeMeters>
            <DistanceMeters>2457.1201171875</DistanceMeters>
            <HeartRateBpm>
              <Value>91</Value>
            </HeartRateBpm>
            <Extensions>
              <ns3:TPX>
                <ns3:Speed>1.4459999799728394</ns3:Speed>
              </ns3:TPX>
            </Extensions>
          </Trackpoint>
          <Trackpoint>
            <Time>2026-07-29T23:37:54.000Z</Time>
            <Position>
              <LatitudeDegrees>44.289019564166665</LatitudeDegrees>
              <LongitudeDegrees>-81.59900335595012</LongitudeDegrees>
            </Position>
            <AltitudeMeters>178.1999969482422</AltitudeMeters>
            <DistanceMeters>2477.719970703125</DistanceMeters>
            <HeartRateBpm>
              <Value>92</Value>
            </HeartRateBpm>
            <Extensions>
              <ns3:TPX>
                <ns3:Speed>1.3339999914169312</ns3:Speed>
              </ns3:TPX>
            </Extensions>
          </Trackpoint>
          <Trackpoint>
            <Time>2026-07-29T23:37:59.000Z</Time>
            <Position>
              <LatitudeDegrees>44.28896122612059</LatitudeDegrees>
              <LongitudeDegrees>-81.5990160126239</LongitudeDegrees>
            </Position>
            <AltitudeMeters>178.1999969482422</AltitudeMeters>
            <DistanceMeters>2484.2900390625</DistanceMeters>
            <HeartRateBpm>
              <Value>89</Value>
            </HeartRateBpm>
            <Extensions>
              <ns3:TPX>
                <ns3:Speed>1.3339999914169312</ns3:Speed>
              </ns3:TPX>
            </Extensions>
          </Trackpoint>
          <Trackpoint>
            <Time>2026-07-29T23:38:03.000Z</Time>
            <Position>
              <LatitudeDegrees>44.28891277872026</LatitudeDegrees>
              <LongitudeDegrees>-81.59900830127299</LongitudeDegrees>
            </Position>
            <AltitudeMeters>178.0</AltitudeMeters>
            <DistanceMeters>2489.85009765625</DistanceMeters>
            <HeartRateBpm>
              <Value>87</Value>
            </HeartRateBpm>
            <Extensions>
              <ns3:TPX>
                <ns3:Speed>1.305999994277954</ns3:Speed>
              </ns3:TPX>
            </Extensions>
          </Trackpoint>
          <Trackpoint>
            <Time>2026-07-29T23:38:05.000Z</Time>
            <Position>
              <LatitudeDegrees>44.28889274597168</LatitudeDegrees>
              <LongitudeDegrees>-81.59898298792541</LongitudeDegrees>
            </Position>
            <AltitudeMeters>178.0</AltitudeMeters>
            <DistanceMeters>2492.840087890625</DistanceMeters>
            <HeartRateBpm>
              <Value>87</Value>
            </HeartRateBpm>
            <Extensions>
              <ns3:TPX>
                <ns3:Speed>1.305999994277954</ns3:Speed>
              </ns3:TPX>
            </Extensions>
          </Trackpoint>
          <Trackpoint>
            <Time>2026-07-29T23:38:09.000Z</Time>
            <Position>
              <LatitudeDegrees>44.288868103176355</LatitudeDegrees>
              <LongitudeDegrees>-81.5989539027214</LongitudeDegrees>
            </Position>
            <AltitudeMeters>177.8000030517578</AltitudeMeters>
            <DistanceMeters>2496.5400390625</DistanceMeters>
            <HeartRateBpm>
              <Value>84</Value>
            </HeartRateBpm>
            <Extensions>
              <ns3:TPX>
                <ns3:Speed>1.2879999876022339</ns3:Speed>
              </ns3:TPX>
            </Extensions>
          </Trackpoint>
          <Trackpoint>
            <Time>2026-07-29T23:38:14.000Z</Time>
            <Position>
              <LatitudeDegrees>44.288850501179695</LatitudeDegrees>
              <LongitudeDegrees>-81.59889556467533</LongitudeDegrees>
            </Position>
            <AltitudeMeters>178.0</AltitudeMeters>
            <DistanceMeters>2501.590087890625</DistanceMeters>
            <HeartRateBpm>
              <Value>84</Value>
            </HeartRateBpm>
            <Extensions>
              <ns3:TPX>
                <ns3:Speed>0.7739999890327454</ns3:Speed>
              </ns3:TPX>
            </Extensions>
          </Trackpoint>
          <Trackpoint>
            <Time>2026-07-29T23:38:23.000Z</Time>
            <Position>
              <LatitudeDegrees>44.288863157853484</LatitudeDegrees>
              <LongitudeDegrees>-81.5987535752356</LongitudeDegrees>
            </Position>
            <AltitudeMeters>178.0</AltitudeMeters>
            <DistanceMeters>2512.77001953125</DistanceMeters>
            <HeartRateBpm>
              <Value>87</Value>
            </HeartRateBpm>
            <Extensions>
              <ns3:TPX>
                <ns3:Speed>1.4179999828338623</ns3:Speed>
              </ns3:TPX>
            </Extensions>
          </Trackpoint>
          <Trackpoint>
            <Time>2026-07-29T23:38:28.000Z</Time>
            <Position>
              <LatitudeDegrees>44.28887338377535</LatitudeDegrees>
              <LongitudeDegrees>-81.59864963963628</LongitudeDegrees>
            </Position>
            <AltitudeMeters>178.39999389648438</AltitudeMeters>
            <DistanceMeters>2521.169921875</DistanceMeters>
            <HeartRateBpm>
              <Value>90</Value>
            </HeartRateBpm>
            <Extensions>
              <ns3:TPX>
                <ns3:Speed>1.6050000190734863</ns3:Speed>
              </ns3:TPX>
            </Extensions>
          </Trackpoint>
          <Trackpoint>
            <Time>2026-07-29T23:38:33.000Z</Time>
            <Position>
              <LatitudeDegrees>44.2888967692852</LatitudeDegrees>
              <LongitudeDegrees>-81.59853002987802</LongitudeDegrees>
            </Position>
            <AltitudeMeters>178.39999389648438</AltitudeMeters>
            <DistanceMeters>2531.080078125</DistanceMeters>
            <HeartRateBpm>
              <Value>87</Value>
            </HeartRateBpm>
            <Extensions>
              <ns3:TPX>
                <ns3:Speed>1.6419999599456787</ns3:Speed>
              </ns3:TPX>
            </Extensions>
          </Trackpoint>
          <Trackpoint>
            <Time>2026-07-29T23:38:34.000Z</Time>
            <Position>
              <LatitudeDegrees>44.28890054114163</LatitudeDegrees>
              <LongitudeDegrees>-81.59850505180657</LongitudeDegrees>
            </Position>
            <AltitudeMeters>178.39999389648438</AltitudeMeters>
            <DistanceMeters>2533.1201171875</DistanceMeters>
            <HeartRateBpm>
              <Value>91</Value>
            </HeartRateBpm>
            <Extensions>
              <ns3:TPX>
                <ns3:Speed>1.781999945640564</ns3:Speed>
              </ns3:TPX>
            </Extensions>
          </Trackpoint>
          <Trackpoint>
            <Time>2026-07-29T23:38:37.000Z</Time>
            <Position>
              <LatitudeDegrees>44.288901798427105</LatitudeDegrees>
              <LongitudeDegrees>-81.59841494634748</LongitudeDegrees>
            </Position>
            <AltitudeMeters>178.0</AltitudeMeters>
            <DistanceMeters>2540.320068359375</DistanceMeters>
            <HeartRateBpm>
              <Value>88</Value>
            </HeartRateBpm>
            <Extensions>
              <ns3:TPX>
                <ns3:Speed>2.127000093460083</ns3:Speed>
              </ns3:TPX>
            </Extensions>
          </Trackpoint>
          <Trackpoint>
            <Time>2026-07-29T23:38:38.000Z</Time>
            <Position>
              <LatitudeDegrees>44.288902720436454</LatitudeDegrees>
              <LongitudeDegrees>-81.5983877889812</LongitudeDegrees>
            </Position>
            <AltitudeMeters>177.8000030517578</AltitudeMeters>
            <DistanceMeters>2542.489990234375</DistanceMeters>
            <HeartRateBpm>
              <Value>88</Value>
            </HeartRateBpm>
            <Extensions>
              <ns3:TPX>
                <ns3:Speed>2.127000093460083</ns3:Speed>
              </ns3:TPX>
            </Extensions>
          </Trackpoint>
          <Trackpoint>
            <Time>2026-07-29T23:38:39.000Z</Time>
            <Position>
              <LatitudeDegrees>44.28890464827418</LatitudeDegrees>
              <LongitudeDegrees>-81.59836482256651</LongitudeDegrees>
            </Position>
            <AltitudeMeters>177.8000030517578</AltitudeMeters>
            <DistanceMeters>2544.330078125</DistanceMeters>
            <HeartRateBpm>
              <Value>91</Value>
            </HeartRateBpm>
            <Extensions>
              <ns3:TPX>
                <ns3:Speed>2.127000093460083</ns3:Speed>
              </ns3:TPX>
            </Extensions>
          </Trackpoint>
          <Trackpoint>
            <Time>2026-07-29T23:38:40.000Z</Time>
            <Position>
              <LatitudeDegrees>44.28890531882644</LatitudeDegrees>
              <LongitudeDegrees>-81.59833749756217</LongitudeDegrees>
            </Position>
            <AltitudeMeters>178.0</AltitudeMeters>
            <DistanceMeters>2546.510009765625</DistanceMeters>
            <HeartRateBpm>
              <Value>87</Value>
            </HeartRateBpm>
            <Extensions>
              <ns3:TPX>
                <ns3:Speed>2.13700008392334</ns3:Speed>
              </ns3:TPX>
            </Extensions>
          </Trackpoint>
          <Trackpoint>
            <Time>2026-07-29T23:38:42.000Z</Time>
            <Position>
              <LatitudeDegrees>44.2889157962054</LatitudeDegrees>
              <LongitudeDegrees>-81.5982823446393</LongitudeDegrees>
            </Position>
            <AltitudeMeters>178.0</AltitudeMeters>
            <DistanceMeters>2551.070068359375</DistanceMeters>
            <HeartRateBpm>
              <Value>90</Value>
            </HeartRateBpm>
            <Extensions>
              <ns3:TPX>
                <ns3:Speed>2.2209999561309814</ns3:Speed>
              </ns3:TPX>
            </Extensions>
          </Trackpoint>
          <Trackpoint>
            <Time>2026-07-29T23:38:46.000Z</Time>
            <Position>
              <LatitudeDegrees>44.28892937488854</LatitudeDegrees>
              <LongitudeDegrees>-81.59819165244699</LongitudeDegrees>
            </Position>
            <AltitudeMeters>178.0</AltitudeMeters>
            <DistanceMeters>2558.469970703125</DistanceMeters>
            <HeartRateBpm>
              <Value>93</Value>
            </HeartRateBpm>
            <Extensions>
              <ns3:TPX>
                <ns3:Speed>2.2109999656677246</ns3:Speed>
              </ns3:TPX>
            </Extensions>
          </Trackpoint>
          <Trackpoint>
            <Time>2026-07-29T23:38:55.000Z</Time>
            <Position>
              <LatitudeDegrees>44.2889520060271</LatitudeDegrees>
              <LongitudeDegrees>-81.5979580488056</LongitudeDegrees>
            </Position>
            <AltitudeMeters>178.1999969482422</AltitudeMeters>
            <DistanceMeters>2577.260009765625</DistanceMeters>
            <HeartRateBpm>
              <Value>93</Value>
            </HeartRateBpm>
            <Extensions>
              <ns3:TPX>
                <ns3:Speed>2.071000099182129</ns3:Speed>
              </ns3:TPX>
            </Extensions>
          </Trackpoint>
          <Trackpoint>
            <Time>2026-07-29T23:39:03.000Z</Time>
            <Position>
              <LatitudeDegrees>44.28897321224213</LatitudeDegrees>
              <LongitudeDegrees>-81.5977645944804</LongitudeDegrees>
            </Position>
            <AltitudeMeters>178.0</AltitudeMeters>
            <DistanceMeters>2592.949951171875</DistanceMeters>
            <HeartRateBpm>
              <Value>91</Value>
            </HeartRateBpm>
            <Extensions>
              <ns3:TPX>
                <ns3:Speed>2.052999973297119</ns3:Speed>
              </ns3:TPX>
            </Extensions>
          </Trackpoint>
          <Trackpoint>
            <Time>2026-07-29T23:39:10.000Z</Time>
            <Position>
              <LatitudeDegrees>44.288996094837785</LatitudeDegrees>
              <LongitudeDegrees>-81.5976229403168</LongitudeDegrees>
            </Position>
            <AltitudeMeters>178.0</AltitudeMeters>
            <DistanceMeters>2604.570068359375</DistanceMeters>
            <HeartRateBpm>
              <Value>88</Value>
            </HeartRateBpm>
            <Extensions>
              <ns3:TPX>
                <ns3:Speed>1.7170000076293945</ns3:Speed>
              </ns3:TPX>
            </Extensions>
          </Trackpoint>
          <Trackpoint>
            <Time>2026-07-29T23:39:19.000Z</Time>
            <Position>
              <LatitudeDegrees>44.28901981562376</LatitudeDegrees>
              <LongitudeDegrees>-81.59744977019727</LongitudeDegrees>
            </Position>
            <AltitudeMeters>178.1999969482422</AltitudeMeters>
            <DistanceMeters>2618.659912109375</DistanceMeters>
            <HeartRateBpm>
              <Value>84</Value>
            </HeartRateBpm>
            <Extensions>
              <ns3:TPX>
                <ns3:Speed>1.819000005722046</ns3:Speed>
              </ns3:TPX>
            </Extensions>
          </Trackpoint>
          <Trackpoint>
            <Time>2026-07-29T23:39:25.000Z</Time>
            <Position>
              <LatitudeDegrees>44.28904814645648</LatitudeDegrees>
              <LongitudeDegrees>-81.59731666557491</LongitudeDegrees>
            </Position>
            <AltitudeMeters>178.1999969482422</AltitudeMeters>
            <DistanceMeters>2629.830078125</DistanceMeters>
            <HeartRateBpm>
              <Value>86</Value>
            </HeartRateBpm>
            <Extensions>
              <ns3:TPX>
                <ns3:Speed>1.6330000162124634</ns3:Speed>
              </ns3:TPX>
            </Extensions>
          </Trackpoint>
          <Trackpoint>
            <Time>2026-07-29T23:39:34.000Z</Time>
            <Position>
              <LatitudeDegrees>44.289070861414075</LatitudeDegrees>
              <LongitudeDegrees>-81.59712606109679</LongitudeDegrees>
            </Position>
            <AltitudeMeters>178.60000610351562</AltitudeMeters>
            <DistanceMeters>2645.3798828125</DistanceMeters>
            <HeartRateBpm>
              <Value>84</Value>
            </HeartRateBpm>
            <Extensions>
              <ns3:TPX>
                <ns3:Speed>1.6419999599456787</ns3:Speed>
              </ns3:TPX>
            </Extensions>
          </Trackpoint>
          <Trackpoint>
            <Time>2026-07-29T23:39:44.000Z</Time>
            <Position>
              <LatitudeDegrees>44.28909424692392</LatitudeDegrees>
              <LongitudeDegrees>-81.59689270891249</LongitudeDegrees>
            </Position>
            <AltitudeMeters>178.60000610351562</AltitudeMeters>
            <DistanceMeters>2664.169921875</DistanceMeters>
            <HeartRateBpm>
              <Value>81</Value>
            </HeartRateBpm>
            <Extensions>
              <ns3:TPX>
                <ns3:Speed>1.8289999961853027</ns3:Speed>
              </ns3:TPX>
            </Extensions>
          </Trackpoint>
          <Trackpoint>
            <Time>2026-07-29T23:39:46.000Z</Time>
            <Position>
              <LatitudeDegrees>44.28909843787551</LatitudeDegrees>
              <LongitudeDegrees>-81.59684417769313</LongitudeDegrees>
            </Position>
            <AltitudeMeters>178.39999389648438</AltitudeMeters>
            <DistanceMeters>2668.070068359375</DistanceMeters>
            <HeartRateBpm>
              <Value>83</Value>
            </HeartRateBpm>
            <Extensions>
              <ns3:TPX>
                <ns3:Speed>1.7359999418258667</ns3:Speed>
              </ns3:TPX>
            </Extensions>
          </Trackpoint>
          <Trackpoint>
            <Time>2026-07-29T23:39:54.000Z</Time>
            <Position>
              <LatitudeDegrees>44.28911394439638</LatitudeDegrees>
              <LongitudeDegrees>-81.59666748717427</LongitudeDegrees>
            </Position>
            <AltitudeMeters>178.39999389648438</AltitudeMeters>
            <DistanceMeters>2682.2900390625</DistanceMeters>
            <HeartRateBpm>
              <Value>80</Value>
            </HeartRateBpm>
            <Extensions>
              <ns3:TPX>
                <ns3:Speed>1.7450000047683716</ns3:Speed>
              </ns3:TPX>
            </Extensions>
          </Trackpoint>
          <Trackpoint>
            <Time>2026-07-29T23:39:58.000Z</Time>
            <Position>
              <LatitudeDegrees>44.289118805900216</LatitudeDegrees>
              <LongitudeDegrees>-81.59658777527511</LongitudeDegrees>
            </Position>
            <AltitudeMeters>178.39999389648438</AltitudeMeters>
            <DistanceMeters>2688.6201171875</DistanceMeters>
            <HeartRateBpm>
              <Value>79</Value>
            </HeartRateBpm>
            <Extensions>
              <ns3:TPX>
                <ns3:Speed>1.7450000047683716</ns3:Speed>
              </ns3:TPX>
            </Extensions>
          </Trackpoint>
          <Trackpoint>
            <Time>2026-07-29T23:40:07.000Z</Time>
            <Position>
              <LatitudeDegrees>44.28912911564112</LatitudeDegrees>
              <LongitudeDegrees>-81.5963982604444</LongitudeDegrees>
            </Position>
            <AltitudeMeters>178.39999389648438</AltitudeMeters>
            <DistanceMeters>2703.7900390625</DistanceMeters>
            <HeartRateBpm>
              <Value>76</Value>
            </HeartRateBpm>
            <Extensions>
              <ns3:TPX>
                <ns3:Speed>1.5299999713897705</ns3:Speed>
              </ns3:TPX>
            </Extensions>
          </Trackpoint>
          <Trackpoint>
            <Time>2026-07-29T23:40:12.000Z</Time>
            <Position>
              <LatitudeDegrees>44.28913707844913</LatitudeDegrees>
              <LongitudeDegrees>-81.59629667177796</LongitudeDegrees>
            </Position>
            <AltitudeMeters>178.39999389648438</AltitudeMeters>
            <DistanceMeters>2711.93994140625</DistanceMeters>
            <HeartRateBpm>
              <Value>73</Value>
            </HeartRateBpm>
            <Extensions>
              <ns3:TPX>
                <ns3:Speed>1.5490000247955322</ns3:Speed>
              </ns3:TPX>
            </Extensions>
          </Trackpoint>
          <Trackpoint>
            <Time>2026-07-29T23:40:19.000Z</Time>
            <Position>
              <LatitudeDegrees>44.289140766486526</LatitudeDegrees>
              <LongitudeDegrees>-81.59616314806044</LongitudeDegrees>
            </Position>
            <AltitudeMeters>178.39999389648438</AltitudeMeters>
            <DistanceMeters>2722.60009765625</DistanceMeters>
            <HeartRateBpm>
              <Value>73</Value>
            </HeartRateBpm>
            <Extensions>
              <ns3:TPX>
                <ns3:Speed>1.5490000247955322</ns3:Speed>
              </ns3:TPX>
            </Extensions>
          </Trackpoint>
          <Trackpoint>
            <Time>2026-07-29T23:40:31.000Z</Time>
            <Position>
              <LatitudeDegrees>44.28916750475764</LatitudeDegrees>
              <LongitudeDegrees>-81.5959233418107</LongitudeDegrees>
            </Position>
            <AltitudeMeters>178.39999389648438</AltitudeMeters>
            <DistanceMeters>2741.97998046875</DistanceMeters>
            <HeartRateBpm>
              <Value>74</Value>
            </HeartRateBpm>
            <Extensions>
              <ns3:TPX>
                <ns3:Speed>1.6239999532699585</ns3:Speed>
              </ns3:TPX>
            </Extensions>
          </Trackpoint>
          <Trackpoint>
            <Time>2026-07-29T23:40:39.000Z</Time>
            <Position>
              <LatitudeDegrees>44.28917236626148</LatitudeDegrees>
              <LongitudeDegrees>-81.59575310535729</LongitudeDegrees>
            </Position>
            <AltitudeMeters>178.1999969482422</AltitudeMeters>
            <DistanceMeters>2755.550048828125</DistanceMeters>
            <HeartRateBpm>
              <Value>73</Value>
            </HeartRateBpm>
            <Extensions>
              <ns3:TPX>
                <ns3:Speed>1.6419999599456787</ns3:Speed>
              </ns3:TPX>
            </Extensions>
          </Trackpoint>
          <Trackpoint>
            <Time>2026-07-29T23:40:48.000Z</Time>
            <Position>
              <LatitudeDegrees>44.289181334897876</LatitudeDegrees>
              <LongitudeDegrees>-81.59553417004645</LongitudeDegrees>
            </Position>
            <AltitudeMeters>178.1999969482422</AltitudeMeters>
            <DistanceMeters>2773.070068359375</DistanceMeters>
            <HeartRateBpm>
              <Value>76</Value>
            </HeartRateBpm>
            <Extensions>
              <ns3:TPX>
                <ns3:Speed>2.015000104904175</ns3:Speed>
              </ns3:TPX>
            </Extensions>
          </Trackpoint>
          <Trackpoint>
            <Time>2026-07-29T23:40:50.000Z</Time>
            <Position>
              <LatitudeDegrees>44.289183262735605</LatitudeDegrees>
              <LongitudeDegrees>-81.59547859802842</LongitudeDegrees>
            </Position>
            <AltitudeMeters>178.1999969482422</AltitudeMeters>
            <DistanceMeters>2777.510009765625</DistanceMeters>
            <HeartRateBpm>
              <Value>78</Value>
            </HeartRateBpm>
            <Extensions>
              <ns3:TPX>
                <ns3:Speed>2.0899999141693115</ns3:Speed>
              </ns3:TPX>
            </Extensions>
          </Trackpoint>
          <Trackpoint>
            <Time>2026-07-29T23:40:59.000Z</Time>
            <Position>
              <LatitudeDegrees>44.28919969126582</LatitudeDegrees>
              <LongitudeDegrees>-81.59524566493928</LongitudeDegrees>
            </Position>
            <AltitudeMeters>177.60000610351562</AltitudeMeters>
            <DistanceMeters>2796.2099609375</DistanceMeters>
            <HeartRateBpm>
              <Value>77</Value>
            </HeartRateBpm>
            <Extensions>
              <ns3:TPX>
                <ns3:Speed>2.0429999828338623</ns3:Speed>
              </ns3:TPX>
            </Extensions>
          </Trackpoint>
          <Trackpoint>
            <Time>2026-07-29T23:41:07.000Z</Time>
            <Position>
              <LatitudeDegrees>44.28921268321574</LatitudeDegrees>
              <LongitudeDegrees>-81.59508934244514</LongitudeDegrees>
            </Position>
            <AltitudeMeters>177.8000030517578</AltitudeMeters>
            <DistanceMeters>2808.81005859375</DistanceMeters>
            <HeartRateBpm>
              <Value>80</Value>
            </HeartRateBpm>
            <Extensions>
              <ns3:TPX>
                <ns3:Speed>1.6890000104904175</ns3:Speed>
              </ns3:TPX>
            </Extensions>
          </Trackpoint>
          <Trackpoint>
            <Time>2026-07-29T23:41:17.000Z</Time>
            <Position>
              <LatitudeDegrees>44.289221316576004</LatitudeDegrees>
              <LongitudeDegrees>-81.59489094279706</LongitudeDegrees>
            </Position>
            <AltitudeMeters>178.0</AltitudeMeters>
            <DistanceMeters>2824.719970703125</DistanceMeters>
            <HeartRateBpm>
              <Value>80</Value>
            </HeartRateBpm>
            <Extensions>
              <ns3:TPX>
                <ns3:Speed>1.6419999599456787</ns3:Speed>
              </ns3:TPX>
            </Extensions>
          </Trackpoint>
          <Trackpoint>
            <Time>2026-07-29T23:41:20.000Z</Time>
            <Position>
              <LatitudeDegrees>44.2892250046134</LatitudeDegrees>
              <LongitudeDegrees>-81.5948268212378</LongitudeDegrees>
            </Position>
            <AltitudeMeters>178.0</AltitudeMeters>
            <DistanceMeters>2829.8701171875</DistanceMeters>
            <HeartRateBpm>
              <Value>77</Value>
            </HeartRateBpm>
            <Extensions>
              <ns3:TPX>
                <ns3:Speed>1.6890000104904175</ns3:Speed>
              </ns3:TPX>
            </Extensions>
          </Trackpoint>
          <Trackpoint>
            <Time>2026-07-29T23:41:28.000Z</Time>
            <Position>
              <LatitudeDegrees>44.28923171013594</LatitudeDegrees>
              <LongitudeDegrees>-81.59466521814466</LongitudeDegrees>
            </Position>
            <AltitudeMeters>177.8000030517578</AltitudeMeters>
            <DistanceMeters>2842.800048828125</DistanceMeters>
            <HeartRateBpm>
              <Value>77</Value>
            </HeartRateBpm>
            <Extensions>
              <ns3:TPX>
                <ns3:Speed>1.5959999561309814</ns3:Speed>
              </ns3:TPX>
            </Extensions>
          </Trackpoint>
          <Trackpoint>
            <Time>2026-07-29T23:41:37.000Z</Time>
            <Position>
              <LatitudeDegrees>44.2892440315336</LatitudeDegrees>
              <LongitudeDegrees>-81.59452188760042</LongitudeDegrees>
            </Position>
            <AltitudeMeters>177.8000030517578</AltitudeMeters>
            <DistanceMeters>2854.3701171875</DistanceMeters>
            <HeartRateBpm>
              <Value>78</Value>
            </HeartRateBpm>
            <Extensions>
              <ns3:TPX>
                <ns3:Speed>1.3899999856948853</ns3:Speed>
              </ns3:TPX>
            </Extensions>
          </Trackpoint>
          <Trackpoint>
            <Time>2026-07-29T23:41:44.000Z</Time>
            <Position>
              <LatitudeDegrees>44.28924461826682</LatitudeDegrees>
              <LongitudeDegrees>-81.59441367723048</LongitudeDegrees>
            </Position>
            <AltitudeMeters>177.8000030517578</AltitudeMeters>
            <DistanceMeters>2863.0</DistanceMeters>
            <HeartRateBpm>
              <Value>75</Value>
            </HeartRateBpm>
            <Extensions>
              <ns3:TPX>
                <ns3:Speed>1.2039999961853027</ns3:Speed>
              </ns3:TPX>
            </Extensions>
          </Trackpoint>
          <Trackpoint>
            <Time>2026-07-29T23:41:46.000Z</Time>
            <Position>
              <LatitudeDegrees>44.28924344480038</LatitudeDegrees>
              <LongitudeDegrees>-81.59437914378941</LongitudeDegrees>
            </Position>
            <AltitudeMeters>177.8000030517578</AltitudeMeters>
            <DistanceMeters>2865.719970703125</DistanceMeters>
            <HeartRateBpm>
              <Value>74</Value>
            </HeartRateBpm>
            <Extensions>
              <ns3:TPX>
                <ns3:Speed>1.222000002861023</ns3:Speed>
              </ns3:TPX>
            </Extensions>
          </Trackpoint>
          <Trackpoint>
            <Time>2026-07-29T23:41:54.000Z</Time>
            <Position>
              <LatitudeDegrees>44.28925727494061</LatitudeDegrees>
              <LongitudeDegrees>-81.59424612298608</LongitudeDegrees>
            </Position>
            <AltitudeMeters>177.60000610351562</AltitudeMeters>
            <DistanceMeters>2876.6201171875</DistanceMeters>
            <HeartRateBpm>
              <Value>75</Value>
            </HeartRateBpm>
            <Extensions>
              <ns3:TPX>
                <ns3:Speed>1.277999997138977</ns3:Speed>
              </ns3:TPX>
            </Extensions>
          </Trackpoint>
          <Trackpoint>
            <Time>2026-07-29T23:41:58.000Z</Time>
            <Position>
              <LatitudeDegrees>44.289255598559976</LatitudeDegrees>
              <LongitudeDegrees>-81.594163980335</LongitudeDegrees>
            </Position>
            <AltitudeMeters>177.39999389648438</AltitudeMeters>
            <DistanceMeters>2883.169921875</DistanceMeters>
            <HeartRateBpm>
              <Value>72</Value>
            </HeartRateBpm>
            <Extensions>
              <ns3:TPX>
                <ns3:Speed>1.4559999704360962</ns3:Speed>
              </ns3:TPX>
            </Extensions>
          </Trackpoint>
          <Trackpoint>
            <Time>2026-07-29T23:42:01.000Z</Time>
            <Position>
              <LatitudeDegrees>44.28925517946482</LatitudeDegrees>
              <LongitudeDegrees>-81.5941037144512</LongitudeDegrees>
            </Position>
            <AltitudeMeters>177.39999389648438</AltitudeMeters>
            <DistanceMeters>2887.929931640625</DistanceMeters>
            <HeartRateBpm>
              <Value>75</Value>
            </HeartRateBpm>
            <Extensions>
              <ns3:TPX>
                <ns3:Speed>1.465000033378601</ns3:Speed>
              </ns3:TPX>
            </Extensions>
          </Trackpoint>
          <Trackpoint>
            <Time>2026-07-29T23:42:04.000Z</Time>
            <Position>
              <LatitudeDegrees>44.28925769403577</LatitudeDegrees>
              <LongitudeDegrees>-81.59402274526656</LongitudeDegrees>
            </Position>
            <AltitudeMeters>177.39999389648438</AltitudeMeters>
            <DistanceMeters>2894.389892578125</DistanceMeters>
            <HeartRateBpm>
              <Value>75</Value>
            </HeartRateBpm>
            <Extensions>
              <ns3:TPX>
                <ns3:Speed>1.753999948501587</ns3:Speed>
              </ns3:TPX>
            </Extensions>
          </Trackpoint>
          <Trackpoint>
            <Time>2026-07-29T23:42:06.000Z</Time>
            <Position>
              <LatitudeDegrees>44.28925191052258</LatitudeDegrees>
              <LongitudeDegrees>-81.59398284740746</LongitudeDegrees>
            </Position>
            <AltitudeMeters>177.1999969482422</AltitudeMeters>
            <DistanceMeters>2897.6298828125</DistanceMeters>
            <HeartRateBpm>
              <Value>75</Value>
            </HeartRateBpm>
            <Extensions>
              <ns3:TPX>
                <ns3:Speed>1.753999948501587</ns3:Speed>
              </ns3:TPX>
            </Extensions>
          </Trackpoint>
          <Trackpoint>
            <Time>2026-07-29T23:42:11.000Z</Time>
            <Position>
              <LatitudeDegrees>44.28923673927784</LatitudeDegrees>
              <LongitudeDegrees>-81.59387044608593</LongitudeDegrees>
            </Position>
            <AltitudeMeters>177.0</AltitudeMeters>
            <DistanceMeters>2906.760009765625</DistanceMeters>
            <HeartRateBpm>
              <Value>76</Value>
            </HeartRateBpm>
            <Extensions>
              <ns3:TPX>
                <ns3:Speed>1.819000005722046</ns3:Speed>
              </ns3:TPX>
            </Extensions>
          </Trackpoint>
          <Trackpoint>
            <Time>2026-07-29T23:42:23.000Z</Time>
            <Position>
              <LatitudeDegrees>44.289222406223416</LatitudeDegrees>
              <LongitudeDegrees>-81.59360440447927</LongitudeDegrees>
            </Position>
            <AltitudeMeters>176.60000610351562</AltitudeMeters>
            <DistanceMeters>2928.159912109375</DistanceMeters>
            <HeartRateBpm>
              <Value>77</Value>
            </HeartRateBpm>
            <Extensions>
              <ns3:TPX>
                <ns3:Speed>1.7730000019073486</ns3:Speed>
              </ns3:TPX>
            </Extensions>
          </Trackpoint>
          <Trackpoint>
            <Time>2026-07-29T23:42:33.000Z</Time>
            <Position>
              <LatitudeDegrees>44.28920740261674</LatitudeDegrees>
              <LongitudeDegrees>-81.59338094294071</LongitudeDegrees>
            </Position>
            <AltitudeMeters>176.60000610351562</AltitudeMeters>
            <DistanceMeters>2946.139892578125</DistanceMeters>
            <HeartRateBpm>
              <Value>77</Value>
            </HeartRateBpm>
            <Extensions>
              <ns3:TPX>
                <ns3:Speed>1.6050000190734863</ns3:Speed>
              </ns3:TPX>
            </Extensions>
          </Trackpoint>
          <Trackpoint>
            <Time>2026-07-29T23:42:42.000Z</Time>
            <Position>
              <LatitudeDegrees>44.28921662271023</LatitudeDegrees>
              <LongitudeDegrees>-81.59319235011935</LongitudeDegrees>
            </Position>
            <AltitudeMeters>176.1999969482422</AltitudeMeters>
            <DistanceMeters>2961.389892578125</DistanceMeters>
            <HeartRateBpm>
              <Value>77</Value>
            </HeartRateBpm>
            <Extensions>
              <ns3:TPX>
                <ns3:Speed>1.4279999732971191</ns3:Speed>
              </ns3:TPX>
            </Extensions>
          </Trackpoint>
          <Trackpoint>
            <Time>2026-07-29T23:42:52.000Z</Time>
            <Position>
              <LatitudeDegrees>44.289215952157974</LatitudeDegrees>
              <LongitudeDegrees>-81.59298615530133</LongitudeDegrees>
            </Position>
            <AltitudeMeters>176.0</AltitudeMeters>
            <DistanceMeters>2977.840087890625</DistanceMeters>
            <HeartRateBpm>
              <Value>77</Value>
            </HeartRateBpm>
            <Extensions>
              <ns3:TPX>
                <ns3:Speed>1.5399999618530273</ns3:Speed>
              </ns3:TPX>
            </Extensions>
          </Trackpoint>
          <Trackpoint>
            <Time>2026-07-29T23:43:01.000Z</Time>
            <Position>
              <LatitudeDegrees>44.28921150974929</LatitudeDegrees>
              <LongitudeDegrees>-81.59279169514775</LongitudeDegrees>
            </Position>
            <AltitudeMeters>175.8000030517578</AltitudeMeters>
            <DistanceMeters>2993.3701171875</DistanceMeters>
            <HeartRateBpm>
              <Value>75</Value>
            </HeartRateBpm>
            <Extensions>
              <ns3:TPX>
                <ns3:Speed>1.7259999513626099</ns3:Speed>
              </ns3:TPX>
            </Extensions>
          </Trackpoint>
          <Trackpoint>
            <Time>2026-07-29T23:43:11.000Z</Time>
            <Position>
              <LatitudeDegrees>44.28919424302876</LatitudeDegrees>
              <LongitudeDegrees>-81.59254183061421</LongitudeDegrees>
            </Position>
            <AltitudeMeters>175.39999389648438</AltitudeMeters>
            <DistanceMeters>3013.43994140625</DistanceMeters>
            <HeartRateBpm>
              <Value>74</Value>
            </HeartRateBpm>
            <Extensions>
              <ns3:TPX>
                <ns3:Speed>1.930999994277954</ns3:Speed>
              </ns3:TPX>
            </Extensions>
          </Trackpoint>
          <Trackpoint>
            <Time>2026-07-29T23:43:15.000Z</Time>
            <Position>
              <LatitudeDegrees>44.28918577730656</LatitudeDegrees>
              <LongitudeDegrees>-81.59244460053742</LongitudeDegrees>
            </Position>
            <AltitudeMeters>175.1999969482422</AltitudeMeters>
            <DistanceMeters>3021.2099609375</DistanceMeters>
            <HeartRateBpm>
              <Value>72</Value>
            </HeartRateBpm>
            <Extensions>
              <ns3:TPX>
                <ns3:Speed>1.940999984741211</ns3:Speed>
              </ns3:TPX>
            </Extensions>
          </Trackpoint>
          <Trackpoint>
            <Time>2026-07-29T23:43:18.000Z</Time>
            <Position>
              <LatitudeDegrees>44.28917312063277</LatitudeDegrees>
              <LongitudeDegrees>-81.5923647210002</LongitudeDegrees>
            </Position>
            <AltitudeMeters>175.1999969482422</AltitudeMeters>
            <DistanceMeters>3027.739990234375</DistanceMeters>
            <HeartRateBpm>
              <Value>69</Value>
            </HeartRateBpm>
            <Extensions>
              <ns3:TPX>
                <ns3:Speed>2.0810000896453857</ns3:Speed>
              </ns3:TPX>
            </Extensions>
          </Trackpoint>
          <Trackpoint>
            <Time>2026-07-29T23:43:24.000Z</Time>
            <Position>
              <LatitudeDegrees>44.2891557700932</LatitudeDegrees>
              <LongitudeDegrees>-81.59221208654344</LongitudeDegrees>
            </Position>
            <AltitudeMeters>175.1999969482422</AltitudeMeters>
            <DistanceMeters>3040.080078125</DistanceMeters>
            <HeartRateBpm>
              <Value>66</Value>
            </HeartRateBpm>
            <Extensions>
              <ns3:TPX>
                <ns3:Speed>2.0899999141693115</ns3:Speed>
              </ns3:TPX>
            </Extensions>
          </Trackpoint>
          <Trackpoint>
            <Time>2026-07-29T23:43:26.000Z</Time>
            <Position>
              <LatitudeDegrees>44.28915116004646</LatitudeDegrees>
              <LongitudeDegrees>-81.59215710125864</LongitudeDegrees>
            </Position>
            <AltitudeMeters>175.1999969482422</AltitudeMeters>
            <DistanceMeters>3044.47998046875</DistanceMeters>
            <HeartRateBpm>
              <Value>67</Value>
            </HeartRateBpm>
            <Extensions>
              <ns3:TPX>
                <ns3:Speed>2.127000093460083</ns3:Speed>
              </ns3:TPX>
            </Extensions>
          </Trackpoint>
          <Trackpoint>
            <Time>2026-07-29T23:43:35.000Z</Time>
            <Position>
              <LatitudeDegrees>44.289130540564656</LatitudeDegrees>
              <LongitudeDegrees>-81.59189525060356</LongitudeDegrees>
            </Position>
            <AltitudeMeters>175.0</AltitudeMeters>
            <DistanceMeters>3065.52001953125</DistanceMeters>
            <HeartRateBpm>
              <Value>66</Value>
            </HeartRateBpm>
            <Extensions>
              <ns3:TPX>
                <ns3:Speed>2.305000066757202</ns3:Speed>
              </ns3:TPX>
            </Extensions>
          </Trackpoint>
          <Trackpoint>
            <Time>2026-07-29T23:43:42.000Z</Time>
            <Position>
              <LatitudeDegrees>44.28912341594696</LatitudeDegrees>
              <LongitudeDegrees>-81.59173121675849</LongitudeDegrees>
            </Position>
            <AltitudeMeters>175.1999969482422</AltitudeMeters>
            <DistanceMeters>3078.699951171875</DistanceMeters>
            <HeartRateBpm>
              <Value>65</Value>
            </HeartRateBpm>
            <Extensions>
              <ns3:TPX>
                <ns3:Speed>1.0080000162124634</ns3:Speed>
              </ns3:TPX>
            </Extensions>
          </Trackpoint>
          <Trackpoint>
            <Time>2026-07-29T23:43:47.000Z</Time>
            <Position>
              <LatitudeDegrees>44.289141772314906</LatitudeDegrees>
              <LongitudeDegrees>-81.5917235892266</LongitudeDegrees>
            </Position>
            <AltitudeMeters>175.39999389648438</AltitudeMeters>
            <DistanceMeters>3081.429931640625</DistanceMeters>
            <HeartRateBpm>
              <Value>64</Value>
            </HeartRateBpm>
            <Extensions>
              <ns3:TPX>
                <ns3:Speed>0.9139999747276306</ns3:Speed>
              </ns3:TPX>
            </Extensions>
          </Trackpoint>
          <Trackpoint>
            <Time>2026-07-29T23:43:52.000Z</Time>
            <Position>
              <LatitudeDegrees>44.28916247561574</LatitudeDegrees>
              <LongitudeDegrees>-81.59166575409472</LongitudeDegrees>
            </Position>
            <AltitudeMeters>175.39999389648438</AltitudeMeters>
            <DistanceMeters>3086.530029296875</DistanceMeters>
            <HeartRateBpm>
              <Value>62</Value>
            </HeartRateBpm>
            <Extensions>
              <ns3:TPX>
                <ns3:Speed>1.2130000591278076</ns3:Speed>
              </ns3:TPX>
            </Extensions>
          </Trackpoint>
          <Trackpoint>
            <Time>2026-07-29T23:43:58.000Z</Time>
            <Position>
              <LatitudeDegrees>44.28916457109153</LatitudeDegrees>
              <LongitudeDegrees>-81.59160481765866</LongitudeDegrees>
            </Position>
            <AltitudeMeters>175.60000610351562</AltitudeMeters>
            <DistanceMeters>3091.699951171875</DistanceMeters>
            <HeartRateBpm>
              <Value>65</Value>
            </HeartRateBpm>
            <Extensions>
              <ns3:TPX>
                <ns3:Speed>1.1480000019073486</ns3:Speed>
              </ns3:TPX>
            </Extensions>
          </Trackpoint>
          <Trackpoint>
            <Time>2026-07-29T23:44:01.000Z</Time>
            <Position>
              <LatitudeDegrees>44.289149483665824</LatitudeDegrees>
              <LongitudeDegrees>-81.59159853123128</LongitudeDegrees>
            </Position>
            <AltitudeMeters>176.1999969482422</AltitudeMeters>
            <DistanceMeters>3093.47998046875</DistanceMeters>
            <HeartRateBpm>
              <Value>65</Value>
            </HeartRateBpm>
            <Extensions>
              <ns3:TPX>
                <ns3:Speed>1.1480000019073486</ns3:Speed>
              </ns3:TPX>
            </Extensions>
          </Trackpoint>
          <Trackpoint>
            <Time>2026-07-29T23:44:02.000Z</Time>
            <Position>
              <LatitudeDegrees>44.28914244286716</LatitudeDegrees>
              <LongitudeDegrees>-81.59159492701292</LongitudeDegrees>
            </Position>
            <AltitudeMeters>176.1999969482422</AltitudeMeters>
            <DistanceMeters>3094.2900390625</DistanceMeters>
            <HeartRateBpm>
              <Value>65</Value>
            </HeartRateBpm>
            <Extensions>
              <ns3:TPX>
                <ns3:Speed>0.9800000190734863</ns3:Speed>
              </ns3:TPX>
            </Extensions>
          </Trackpoint>
          <Trackpoint>
            <Time>2026-07-29T23:44:07.000Z</Time>
            <Position>
              <LatitudeDegrees>44.28914286196232</LatitudeDegrees>
              <LongitudeDegrees>-81.5915438812226</LongitudeDegrees>
            </Position>
            <AltitudeMeters>177.0</AltitudeMeters>
            <DistanceMeters>3098.469970703125</DistanceMeters>
            <HeartRateBpm>
              <Value>68</Value>
            </HeartRateBpm>
            <Extensions>
              <ns3:TPX>
                <ns3:Speed>0.8209999799728394</ns3:Speed>
              </ns3:TPX>
            </Extensions>
          </Trackpoint>
          <Trackpoint>
            <Time>2026-07-29T23:44:08.000Z</Time>
            <Position>
              <LatitudeDegrees>44.289139341562986</LatitudeDegrees>
              <LongitudeDegrees>-81.59153122454882</LongitudeDegrees>
            </Position>
            <AltitudeMeters>177.0</AltitudeMeters>
            <DistanceMeters>3099.5400390625</DistanceMeters>
            <HeartRateBpm>
              <Value>68</Value>
            </HeartRateBpm>
            <Extensions>
              <ns3:TPX>
                <ns3:Speed>0.8209999799728394</ns3:Speed>
              </ns3:TPX>
            </Extensions>
          </Trackpoint>
          <Trackpoint>
            <Time>2026-07-29T23:44:09.000Z</Time>
            <Position>
              <LatitudeDegrees>44.28913598880172</LatitudeDegrees>
              <LongitudeDegrees>-81.59151865169406</LongitudeDegrees>
            </Position>
            <AltitudeMeters>177.0</AltitudeMeters>
            <DistanceMeters>3100.56005859375</DistanceMeters>
            <HeartRateBpm>
              <Value>69</Value>
            </HeartRateBpm>
            <Extensions>
              <ns3:TPX>
                <ns3:Speed>1.1009999513626099</ns3:Speed>
              </ns3:TPX>
            </Extensions>
          </Trackpoint>
          <Trackpoint>
            <Time>2026-07-29T23:44:11.000Z</Time>
            <Position>
              <LatitudeDegrees>44.289135904982686</LatitudeDegrees>
              <LongitudeDegrees>-81.59149291925132</LongitudeDegrees>
            </Position>
            <AltitudeMeters>177.1999969482422</AltitudeMeters>
            <DistanceMeters>3102.590087890625</DistanceMeters>
            <HeartRateBpm>
              <Value>70</Value>
            </HeartRateBpm>
            <Extensions>
              <ns3:TPX>
                <ns3:Speed>0.9890000224113464</ns3:Speed>
              </ns3:TPX>
            </Extensions>
          </Trackpoint>
          <Trackpoint>
            <Time>2026-07-29T23:44:15.000Z</Time>
            <Position>
              <LatitudeDegrees>44.289127606898546</LatitudeDegrees>
              <LongitudeDegrees>-81.59144639968872</LongitudeDegrees>
            </Position>
            <AltitudeMeters>177.60000610351562</AltitudeMeters>
            <DistanceMeters>3106.47998046875</DistanceMeters>
            <HeartRateBpm>
              <Value>74</Value>
            </HeartRateBpm>
            <Extensions>
              <ns3:TPX>
                <ns3:Speed>0.8859999775886536</ns3:Speed>
              </ns3:TPX>
            </Extensions>
          </Trackpoint>
          <Trackpoint>
            <Time>2026-07-29T23:44:16.000Z</Time>
            <Position>
              <LatitudeDegrees>44.2891248408705</LatitudeDegrees>
              <LongitudeDegrees>-81.59143785014749</LongitudeDegrees>
            </Position>
            <AltitudeMeters>177.60000610351562</AltitudeMeters>
            <DistanceMeters>3107.219970703125</DistanceMeters>
            <HeartRateBpm>
              <Value>71</Value>
            </HeartRateBpm>
            <Extensions>
              <ns3:TPX>
                <ns3:Speed>0.6899999976158142</ns3:Speed>
              </ns3:TPX>
            </Extensions>
          </Trackpoint>
          <Trackpoint>
            <Time>2026-07-29T23:44:17.000Z</Time>
            <Position>
              <LatitudeDegrees>44.28912148810923</LatitudeDegrees>
              <LongitudeDegrees>-81.59143039025366</LongitudeDegrees>
            </Position>
            <AltitudeMeters>177.8000030517578</AltitudeMeters>
            <DistanceMeters>3107.89990234375</DistanceMeters>
            <HeartRateBpm>
              <Value>75</Value>
            </HeartRateBpm>
            <Extensions>
              <ns3:TPX>
                <ns3:Speed>0.6159999966621399</ns3:Speed>
              </ns3:TPX>
            </Extensions>
          </Trackpoint>
          <Trackpoint>
            <Time>2026-07-29T23:44:21.000Z</Time>
            <Position>
              <LatitudeDegrees>44.28911620751023</LatitudeDegrees>
              <LongitudeDegrees>-81.59142410382628</LongitudeDegrees>
            </Position>
            <AltitudeMeters>178.0</AltitudeMeters>
            <DistanceMeters>3108.739990234375</DistanceMeters>
            <HeartRateBpm>
              <Value>74</Value>
            </HeartRateBpm>
            <Extensions>
              <ns3:TPX>
                <ns3:Speed>0.0</ns3:Speed>
              </ns3:TPX>
            </Extensions>
          </Trackpoint>
          <Trackpoint>
            <Time>2026-07-29T23:44:25.000Z</Time>
            <Position>
              <LatitudeDegrees>44.28912517614663</LatitudeDegrees>
              <LongitudeDegrees>-81.59141387790442</LongitudeDegrees>
            </Position>
            <AltitudeMeters>178.1999969482422</AltitudeMeters>
            <DistanceMeters>3110.090087890625</DistanceMeters>
            <HeartRateBpm>
              <Value>74</Value>
            </HeartRateBpm>
            <Extensions>
              <ns3:TPX>
                <ns3:Speed>0.0</ns3:Speed>
              </ns3:TPX>
            </Extensions>
          </Trackpoint>
          <Trackpoint>
            <Time>2026-07-29T23:44:26.000Z</Time>
            <Position>
              <LatitudeDegrees>44.28912593051791</LatitudeDegrees>
              <LongitudeDegrees>-81.59141220152378</LongitudeDegrees>
            </Position>
            <AltitudeMeters>178.1999969482422</AltitudeMeters>
            <DistanceMeters>3110.239990234375</DistanceMeters>
            <HeartRateBpm>
              <Value>74</Value>
            </HeartRateBpm>
            <Extensions>
              <ns3:TPX>
                <ns3:Speed>0.0</ns3:Speed>
              </ns3:TPX>
            </Extensions>
          </Trackpoint>
          <Trackpoint>
            <Time>2026-07-29T23:44:32.000Z</Time>
            <Position>
              <LatitudeDegrees>44.289141185581684</LatitudeDegrees>
              <LongitudeDegrees>-81.59142737276852</LongitudeDegrees>
            </Position>
            <AltitudeMeters>178.1999969482422</AltitudeMeters>
            <DistanceMeters>3113.169921875</DistanceMeters>
            <HeartRateBpm>
              <Value>74</Value>
            </HeartRateBpm>
            <Extensions>
              <ns3:TPX>
                <ns3:Speed>0.8769999742507935</ns3:Speed>
              </ns3:TPX>
            </Extensions>
          </Trackpoint>
          <Trackpoint>
            <Time>2026-07-29T23:44:33.000Z</Time>
            <Position>
              <LatitudeDegrees>44.28914789110422</LatitudeDegrees>
              <LongitudeDegrees>-81.59143164753914</LongitudeDegrees>
            </Position>
            <AltitudeMeters>178.1999969482422</AltitudeMeters>
            <DistanceMeters>3113.989990234375</DistanceMeters>
            <HeartRateBpm>
              <Value>74</Value>
            </HeartRateBpm>
            <Extensions>
              <ns3:TPX>
                <ns3:Speed>0.9139999747276306</ns3:Speed>
              </ns3:TPX>
            </Extensions>
          </Trackpoint>
          <Trackpoint>
            <Time>2026-07-29T23:44:38.000Z</Time>
            <Position>
              <LatitudeDegrees>44.28916188888252</LatitudeDegrees>
              <LongitudeDegrees>-81.5914526861161</LongitudeDegrees>
            </Position>
            <AltitudeMeters>178.0</AltitudeMeters>
            <DistanceMeters>3116.169921875</DistanceMeters>
            <HeartRateBpm>
              <Value>73</Value>
            </HeartRateBpm>
            <Extensions>
              <ns3:TPX>
                <ns3:Speed>0.0</ns3:Speed>
              </ns3:TPX>
            </Extensions>
          </Trackpoint>
          <Trackpoint>
            <Time>2026-07-29T23:44:46.000Z</Time>
            <Position>
              <LatitudeDegrees>44.28915903903544</LatitudeDegrees>
              <LongitudeDegrees>-81.59144908189774</LongitudeDegrees>
            </Position>
            <AltitudeMeters>178.1999969482422</AltitudeMeters>
            <DistanceMeters>3116.60009765625</DistanceMeters>
            <HeartRateBpm>
              <Value>75</Value>
            </HeartRateBpm>
            <Extensions>
              <ns3:TPX>
                <ns3:Speed>0.0</ns3:Speed>
              </ns3:TPX>
            </Extensions>
          </Trackpoint>
          <Trackpoint>
            <Time>2026-07-29T23:44:52.000Z</Time>
            <Position>
              <LatitudeDegrees>44.28915903903544</LatitudeDegrees>
              <LongitudeDegrees>-81.59144908189774</LongitudeDegrees>
            </Position>
            <AltitudeMeters>178.1999969482422</AltitudeMeters>
            <DistanceMeters>3116.60009765625</DistanceMeters>
            <HeartRateBpm>
              <Value>78</Value>
            </HeartRateBpm>
            <Extensions>
              <ns3:TPX>
                <ns3:Speed>0.0</ns3:Speed>
              </ns3:TPX>
            </Extensions>
          </Trackpoint>
          <Trackpoint>
            <Time>2026-07-29T23:44:58.000Z</Time>
            <Position>
              <LatitudeDegrees>44.2891523335129</LatitudeDegrees>
              <LongitudeDegrees>-81.59144480712712</LongitudeDegrees>
            </Position>
            <AltitudeMeters>178.1999969482422</AltitudeMeters>
            <DistanceMeters>3117.419921875</DistanceMeters>
            <HeartRateBpm>
              <Value>81</Value>
            </HeartRateBpm>
            <Extensions>
              <ns3:TPX>
                <ns3:Speed>0.0</ns3:Speed>
              </ns3:TPX>
            </Extensions>
          </Trackpoint>
          <Trackpoint>
            <Time>2026-07-29T23:45:01.000Z</Time>
            <Position>
              <LatitudeDegrees>44.28914864547551</LatitudeDegrees>
              <LongitudeDegrees>-81.59144472330809</LongitudeDegrees>
            </Position>
            <AltitudeMeters>178.39999389648438</AltitudeMeters>
            <DistanceMeters>3117.800048828125</DistanceMeters>
            <HeartRateBpm>
              <Value>84</Value>
            </HeartRateBpm>
            <Extensions>
              <ns3:TPX>
                <ns3:Speed>0.0</ns3:Speed>
              </ns3:TPX>
            </Extensions>
          </Trackpoint>
          <Trackpoint>
            <Time>2026-07-29T23:45:05.000Z</Time>
            <Position>
              <LatitudeDegrees>44.28914747200906</LatitudeDegrees>
              <LongitudeDegrees>-81.59144455567002</LongitudeDegrees>
            </Position>
            <AltitudeMeters>178.39999389648438</AltitudeMeters>
            <DistanceMeters>3117.929931640625</DistanceMeters>
            <HeartRateBpm>
              <Value>88</Value>
            </HeartRateBpm>
            <Extensions>
              <ns3:TPX>
                <ns3:Speed>0.0</ns3:Speed>
              </ns3:TPX>
            </Extensions>
          </Trackpoint>
          <Trackpoint>
            <Time>2026-07-29T23:45:11.000Z</Time>
            <Position>
              <LatitudeDegrees>44.28914478980005</LatitudeDegrees>
              <LongitudeDegrees>-81.59144380129874</LongitudeDegrees>
            </Position>
            <AltitudeMeters>178.0</AltitudeMeters>
            <DistanceMeters>3118.22998046875</DistanceMeters>
            <HeartRateBpm>
              <Value>85</Value>
            </HeartRateBpm>
            <Extensions>
              <ns3:TPX>
                <ns3:Speed>0.0</ns3:Speed>
              </ns3:TPX>
            </Extensions>
          </Trackpoint>
          <Trackpoint>
            <Time>2026-07-29T23:45:13.000Z</Time>
            <Position>
              <LatitudeDegrees>44.28914445452392</LatitudeDegrees>
              <LongitudeDegrees>-81.59144380129874</LongitudeDegrees>
            </Position>
            <AltitudeMeters>178.1999969482422</AltitudeMeters>
            <DistanceMeters>3118.25</DistanceMeters>
            <HeartRateBpm>
              <Value>88</Value>
            </HeartRateBpm>
            <Extensions>
              <ns3:TPX>
                <ns3:Speed>0.0</ns3:Speed>
              </ns3:TPX>
            </Extensions>
          </Trackpoint>
          <Trackpoint>
            <Time>2026-07-29T23:45:16.000Z</Time>
            <Position>
              <LatitudeDegrees>44.28914428688586</LatitudeDegrees>
              <LongitudeDegrees>-81.59144489094615</LongitudeDegrees>
            </Position>
            <AltitudeMeters>178.39999389648438</AltitudeMeters>
            <DistanceMeters>3118.260009765625</DistanceMeters>
            <HeartRateBpm>
              <Value>92</Value>
            </HeartRateBpm>
            <Extensions>
              <ns3:TPX>
                <ns3:Speed>0.0</ns3:Speed>
              </ns3:TPX>
            </Extensions>
          </Trackpoint>
          <Trackpoint>
            <Time>2026-07-29T23:45:24.000Z</Time>
            <Position>
              <LatitudeDegrees>44.289144203066826</LatitudeDegrees>
              <LongitudeDegrees>-81.59144799225032</LongitudeDegrees>
            </Position>
            <AltitudeMeters>178.0</AltitudeMeters>
            <DistanceMeters>3118.260009765625</DistanceMeters>
            <HeartRateBpm>
              <Value>95</Value>
            </HeartRateBpm>
            <Extensions>
              <ns3:TPX>
                <ns3:Speed>0.0</ns3:Speed>
              </ns3:TPX>
            </Extensions>
          </Trackpoint>
          <Trackpoint>
            <Time>2026-07-29T23:45:26.000Z</Time>
            <Position>
              <LatitudeDegrees>44.28914378397167</LatitudeDegrees>
              <LongitudeDegrees>-81.59144799225032</LongitudeDegrees>
            </Position>
            <AltitudeMeters>178.0</AltitudeMeters>
            <DistanceMeters>3118.300048828125</DistanceMeters>
            <HeartRateBpm>
              <Value>92</Value>
            </HeartRateBpm>
            <Extensions>
              <ns3:TPX>
                <ns3:Speed>0.0</ns3:Speed>
              </ns3:TPX>
            </Extensions>
          </Trackpoint>
          <Trackpoint>
            <Time>2026-07-29T23:45:27.000Z</Time>
            <Position>
              <LatitudeDegrees>44.289143113419414</LatitudeDegrees>
              <LongitudeDegrees>-81.59144799225032</LongitudeDegrees>
            </Position>
            <AltitudeMeters>178.0</AltitudeMeters>
            <DistanceMeters>3118.3701171875</DistanceMeters>
            <HeartRateBpm>
              <Value>95</Value>
            </HeartRateBpm>
            <Extensions>
              <ns3:TPX>
                <ns3:Speed>0.0</ns3:Speed>
              </ns3:TPX>
            </Extensions>
          </Trackpoint>
          <Trackpoint>
            <Time>2026-07-29T23:45:29.000Z</Time>
            <Position>
              <LatitudeDegrees>44.28914277814329</LatitudeDegrees>
              <LongitudeDegrees>-81.59144799225032</LongitudeDegrees>
            </Position>
            <AltitudeMeters>178.0</AltitudeMeters>
            <DistanceMeters>3118.409912109375</DistanceMeters>
            <HeartRateBpm>
              <Value>90</Value>
            </HeartRateBpm>
            <Extensions>
              <ns3:TPX>
                <ns3:Speed>0.0</ns3:Speed>
              </ns3:TPX>
            </Extensions>
          </Trackpoint>
          <Trackpoint>
            <Time>2026-07-29T23:45:58.000Z</Time>
            <Position>
              <LatitudeDegrees>44.28913380950689</LatitudeDegrees>
              <LongitudeDegrees>-81.59143189899623</LongitudeDegrees>
            </Position>
            <AltitudeMeters>178.0</AltitudeMeters>
            <DistanceMeters>3119.820068359375</DistanceMeters>
            <HeartRateBpm>
              <Value>87</Value>
            </HeartRateBpm>
            <Extensions>
              <ns3:TPX>
                <ns3:Speed>0.0</ns3:Speed>
              </ns3:TPX>
            </Extensions>
          </Trackpoint>
          <Trackpoint>
            <Time>2026-07-29T23:46:03.000Z</Time>
            <Position>
              <LatitudeDegrees>44.28913129493594</LatitudeDegrees>
              <LongitudeDegrees>-81.59142745658755</LongitudeDegrees>
            </Position>
            <AltitudeMeters>178.0</AltitudeMeters>
            <DistanceMeters>3120.199951171875</DistanceMeters>
            <HeartRateBpm>
              <Value>91</Value>
            </HeartRateBpm>
            <Extensions>
              <ns3:TPX>
                <ns3:Speed>0.0</ns3:Speed>
              </ns3:TPX>
            </Extensions>
          </Trackpoint>
          <Trackpoint>
            <Time>2026-07-29T23:46:25.000Z</Time>
            <Position>
              <LatitudeDegrees>44.28912433795631</LatitudeDegrees>
              <LongitudeDegrees>-81.5914114471525</LongitudeDegrees>
            </Position>
            <AltitudeMeters>178.0</AltitudeMeters>
            <DistanceMeters>3121.39990234375</DistanceMeters>
            <HeartRateBpm>
              <Value>94</Value>
            </HeartRateBpm>
            <Extensions>
              <ns3:TPX>
                <ns3:Speed>0.0</ns3:Speed>
              </ns3:TPX>
            </Extensions>
          </Trackpoint>
          <Trackpoint>
            <Time>2026-07-29T23:46:50.000Z</Time>
            <Position>
              <LatitudeDegrees>44.289125595241785</LatitudeDegrees>
              <LongitudeDegrees>-81.59140666946769</LongitudeDegrees>
            </Position>
            <AltitudeMeters>178.0</AltitudeMeters>
            <DistanceMeters>3121.8701171875</DistanceMeters>
            <HeartRateBpm>
              <Value>98</Value>
            </HeartRateBpm>
            <Extensions>
              <ns3:TPX>
                <ns3:Speed>0.0</ns3:Speed>
              </ns3:TPX>
            </Extensions>
          </Trackpoint>
          <Trackpoint>
            <Time>2026-07-29T23:46:51.000Z</Time>
            <Position>
              <LatitudeDegrees>44.28912576287985</LatitudeDegrees>
              <LongitudeDegrees>-81.59140583127737</LongitudeDegrees>
            </Position>
            <AltitudeMeters>178.0</AltitudeMeters>
            <DistanceMeters>3121.8701171875</DistanceMeters>
            <HeartRateBpm>
              <Value>95</Value>
            </HeartRateBpm>
            <Extensions>
              <ns3:TPX>
                <ns3:Speed>0.0</ns3:Speed>
              </ns3:TPX>
            </Extensions>
          </Trackpoint>
          <Trackpoint>
            <Time>2026-07-29T23:47:01.000Z</Time>
            <Position>
              <LatitudeDegrees>44.28912626579404</LatitudeDegrees>
              <LongitudeDegrees>-81.59140080213547</LongitudeDegrees>
            </Position>
            <AltitudeMeters>178.0</AltitudeMeters>
            <DistanceMeters>3122.030029296875</DistanceMeters>
            <HeartRateBpm>
              <Value>92</Value>
            </HeartRateBpm>
            <Extensions>
              <ns3:TPX>
                <ns3:Speed>0.0</ns3:Speed>
              </ns3:TPX>
            </Extensions>
          </Trackpoint>
          <Trackpoint>
            <Time>2026-07-29T23:47:04.000Z</Time>
            <Position>
              <LatitudeDegrees>44.28912542760372</LatitudeDegrees>
              <LongitudeDegrees>-81.59139661118388</LongitudeDegrees>
            </Position>
            <AltitudeMeters>178.0</AltitudeMeters>
            <DistanceMeters>3122.239990234375</DistanceMeters>
            <HeartRateBpm>
              <Value>88</Value>
            </HeartRateBpm>
            <Extensions>
              <ns3:TPX>
                <ns3:Speed>0.0</ns3:Speed>
              </ns3:TPX>
            </Extensions>
          </Trackpoint>
          <Trackpoint>
            <Time>2026-07-29T23:47:27.000Z</Time>
            <Position>
              <LatitudeDegrees>44.28911553695798</LatitudeDegrees>
              <LongitudeDegrees>-81.591388983652</LongitudeDegrees>
            </Position>
            <AltitudeMeters>178.0</AltitudeMeters>
            <DistanceMeters>3123.5</DistanceMeters>
            <HeartRateBpm>
              <Value>91</Value>
            </HeartRateBpm>
            <Extensions>
              <ns3:TPX>
                <ns3:Speed>0.0</ns3:Speed>
              </ns3:TPX>
            </Extensions>
          </Trackpoint>
          <Trackpoint>
            <Time>2026-07-29T23:47:29.000Z</Time>
            <Position>
              <LatitudeDegrees>44.28911495022476</LatitudeDegrees>
              <LongitudeDegrees>-81.59139166586101</LongitudeDegrees>
            </Position>
            <AltitudeMeters>178.0</AltitudeMeters>
            <DistanceMeters>3123.5</DistanceMeters>
            <HeartRateBpm>
              <Value>86</Value>
            </HeartRateBpm>
            <Extensions>
              <ns3:TPX>
                <ns3:Speed>0.0</ns3:Speed>
              </ns3:TPX>
            </Extensions>
          </Trackpoint>
          <Trackpoint>
            <Time>2026-07-29T23:47:31.000Z</Time>
            <Position>
              <LatitudeDegrees>44.289114363491535</LatitudeDegrees>
              <LongitudeDegrees>-81.59139418043196</LongitudeDegrees>
            </Position>
            <AltitudeMeters>178.0</AltitudeMeters>
            <DistanceMeters>3123.5</DistanceMeters>
            <HeartRateBpm>
              <Value>90</Value>
            </HeartRateBpm>
            <Extensions>
              <ns3:TPX>
                <ns3:Speed>0.0</ns3:Speed>
              </ns3:TPX>
            </Extensions>
          </Trackpoint>
          <Trackpoint>
            <Time>2026-07-29T23:47:34.000Z</Time>
            <Position>
              <LatitudeDegrees>44.28911394439638</LatitudeDegrees>
              <LongitudeDegrees>-81.59140080213547</LongitudeDegrees>
            </Position>
            <AltitudeMeters>178.0</AltitudeMeters>
            <DistanceMeters>3123.5</DistanceMeters>
            <HeartRateBpm>
              <Value>93</Value>
            </HeartRateBpm>
            <Extensions>
              <ns3:TPX>
                <ns3:Speed>0.0</ns3:Speed>
              </ns3:TPX>
            </Extensions>
          </Trackpoint>
          <Trackpoint>
            <Time>2026-07-29T23:47:35.000Z</Time>
            <Position>
              <LatitudeDegrees>44.289113860577345</LatitudeDegrees>
              <LongitudeDegrees>-81.59140331670642</LongitudeDegrees>
            </Position>
            <AltitudeMeters>178.0</AltitudeMeters>
            <DistanceMeters>3123.5</DistanceMeters>
            <HeartRateBpm>
              <Value>90</Value>
            </HeartRateBpm>
            <Extensions>
              <ns3:TPX>
                <ns3:Speed>0.0</ns3:Speed>
              </ns3:TPX>
            </Extensions>
          </Trackpoint>
          <Trackpoint>
            <Time>2026-07-29T23:47:41.000Z</Time>
            <Position>
              <LatitudeDegrees>44.28911352530122</LatitudeDegrees>
              <LongitudeDegrees>-81.59141479991376</LongitudeDegrees>
            </Position>
            <AltitudeMeters>178.0</AltitudeMeters>
            <DistanceMeters>3123.5</DistanceMeters>
            <HeartRateBpm>
              <Value>93</Value>
            </HeartRateBpm>
            <Extensions>
              <ns3:TPX>
                <ns3:Speed>0.0</ns3:Speed>
              </ns3:TPX>
            </Extensions>
          </Trackpoint>
          <Trackpoint>
            <Time>2026-07-29T23:47:48.000Z</Time>
            <Position>
              <LatitudeDegrees>44.28911377675831</LatitudeDegrees>
              <LongitudeDegrees>-81.59142209216952</LongitudeDegrees>
            </Position>
            <AltitudeMeters>178.0</AltitudeMeters>
            <DistanceMeters>3123.5</DistanceMeters>
            <HeartRateBpm>
              <Value>96</Value>
            </HeartRateBpm>
            <Extensions>
              <ns3:TPX>
                <ns3:Speed>0.0</ns3:Speed>
              </ns3:TPX>
            </Extensions>
          </Trackpoint>
          <Trackpoint>
            <Time>2026-07-29T23:47:56.000Z</Time>
            <Position>
              <LatitudeDegrees>44.28911503404379</LatitudeDegrees>
              <LongitudeDegrees>-81.59142569638789</LongitudeDegrees>
            </Position>
            <AltitudeMeters>178.0</AltitudeMeters>
            <DistanceMeters>3123.5</DistanceMeters>
            <HeartRateBpm>
              <Value>93</Value>
            </HeartRateBpm>
            <Extensions>
              <ns3:TPX>
                <ns3:Speed>0.0</ns3:Speed>
              </ns3:TPX>
            </Extensions>
          </Trackpoint>
          <Trackpoint>
            <Time>2026-07-29T23:48:01.000Z</Time>
            <Position>
              <LatitudeDegrees>44.28911352530122</LatitudeDegrees>
              <LongitudeDegrees>-81.5914251934737</LongitudeDegrees>
            </Position>
            <AltitudeMeters>178.0</AltitudeMeters>
            <DistanceMeters>3123.719970703125</DistanceMeters>
            <HeartRateBpm>
              <Value>90</Value>
            </HeartRateBpm>
            <Extensions>
              <ns3:TPX>
                <ns3:Speed>1.2690000534057617</ns3:Speed>
              </ns3:TPX>
            </Extensions>
          </Trackpoint>
          <Trackpoint>
            <Time>2026-07-29T23:48:05.000Z</Time>
            <Position>
              <LatitudeDegrees>44.28905954584479</LatitudeDegrees>
              <LongitudeDegrees>-81.59139778465033</LongitudeDegrees>
            </Position>
            <AltitudeMeters>178.0</AltitudeMeters>
            <DistanceMeters>3130.10009765625</DistanceMeters>
            <HeartRateBpm>
              <Value>89</Value>
            </HeartRateBpm>
            <Extensions>
              <ns3:TPX>
                <ns3:Speed>1.2690000534057617</ns3:Speed>
              </ns3:TPX>
            </Extensions>
          </Trackpoint>
          <Trackpoint>
            <Time>2026-07-29T23:48:13.000Z</Time>
            <Position>
              <LatitudeDegrees>44.28900958970189</LatitudeDegrees>
              <LongitudeDegrees>-81.59129762090743</LongitudeDegrees>
            </Position>
            <AltitudeMeters>179.0</AltitudeMeters>
            <DistanceMeters>3140.02001953125</DistanceMeters>
            <HeartRateBpm>
              <Value>91</Value>
            </HeartRateBpm>
            <Extensions>
              <ns3:TPX>
                <ns3:Speed>1.343999981880188</ns3:Speed>
              </ns3:TPX>
            </Extensions>
          </Trackpoint>
          <Trackpoint>
            <Time>2026-07-29T23:48:15.000Z</Time>
            <Position>
              <LatitudeDegrees>44.288991233333945</LatitudeDegrees>
              <LongitudeDegrees>-81.59127331338823</LongitudeDegrees>
            </Position>
            <AltitudeMeters>179.39999389648438</AltitudeMeters>
            <DistanceMeters>3142.830078125</DistanceMeters>
            <HeartRateBpm>
              <Value>91</Value>
            </HeartRateBpm>
            <Extensions>
              <ns3:TPX>
                <ns3:Speed>1.2879999876022339</ns3:Speed>
              </ns3:TPX>
            </Extensions>
          </Trackpoint>
          <Trackpoint>
            <Time>2026-07-29T23:48:17.000Z</Time>
            <Position>
              <LatitudeDegrees>44.28898788057268</LatitudeDegrees>
              <LongitudeDegrees>-81.59125587902963</LongitudeDegrees>
            </Position>
            <AltitudeMeters>179.60000610351562</AltitudeMeters>
            <DistanceMeters>3144.2900390625</DistanceMeters>
            <HeartRateBpm>
              <Value>91</Value>
            </HeartRateBpm>
            <Extensions>
              <ns3:TPX>
                <ns3:Speed>1.222000002861023</ns3:Speed>
              </ns3:TPX>
            </Extensions>
          </Trackpoint>
          <Trackpoint>
            <Time>2026-07-29T23:48:20.000Z</Time>
            <Position>
              <LatitudeDegrees>44.28898327052593</LatitudeDegrees>
              <LongitudeDegrees>-81.59123576246202</LongitudeDegrees>
            </Position>
            <AltitudeMeters>180.1999969482422</AltitudeMeters>
            <DistanceMeters>3146.360107421875</DistanceMeters>
            <HeartRateBpm>
              <Value>92</Value>
            </HeartRateBpm>
            <Extensions>
              <ns3:TPX>
                <ns3:Speed>0.9049999713897705</ns3:Speed>
              </ns3:TPX>
            </Extensions>
          </Trackpoint>
          <Trackpoint>
            <Time>2026-07-29T23:48:26.000Z</Time>
            <Position>
              <LatitudeDegrees>44.28899894468486</LatitudeDegrees>
              <LongitudeDegrees>-81.59123442135751</LongitudeDegrees>
            </Position>
            <AltitudeMeters>180.1999969482422</AltitudeMeters>
            <DistanceMeters>3149.3701171875</DistanceMeters>
            <HeartRateBpm>
              <Value>93</Value>
            </HeartRateBpm>
            <Extensions>
              <ns3:TPX>
                <ns3:Speed>0.5410000085830688</ns3:Speed>
              </ns3:TPX>
            </Extensions>
          </Trackpoint>
          <Trackpoint>
            <Time>2026-07-29T23:48:30.000Z</Time>
            <Position>
              <LatitudeDegrees>44.288999028503895</LatitudeDegrees>
              <LongitudeDegrees>-81.59124473109841</LongitudeDegrees>
            </Position>
            <AltitudeMeters>180.1999969482422</AltitudeMeters>
            <DistanceMeters>3150.52001953125</DistanceMeters>
            <HeartRateBpm>
              <Value>96</Value>
            </HeartRateBpm>
            <Extensions>
              <ns3:TPX>
                <ns3:Speed>0.6060000061988831</ns3:Speed>
              </ns3:TPX>
            </Extensions>
          </Trackpoint>
          <Trackpoint>
            <Time>2026-07-29T23:48:33.000Z</Time>
            <Position>
              <LatitudeDegrees>44.28900514729321</LatitudeDegrees>
              <LongitudeDegrees>-81.59125143662095</LongitudeDegrees>
            </Position>
            <AltitudeMeters>180.0</AltitudeMeters>
            <DistanceMeters>3151.3798828125</DistanceMeters>
            <HeartRateBpm>
              <Value>97</Value>
            </HeartRateBpm>
            <Extensions>
              <ns3:TPX>
                <ns3:Speed>0.0</ns3:Speed>
              </ns3:TPX>
            </Extensions>
          </Trackpoint>
          <Trackpoint>
            <Time>2026-07-29T23:48:40.000Z</Time>
            <Position>
              <LatitudeDegrees>44.28900372236967</LatitudeDegrees>
              <LongitudeDegrees>-81.5912608243525</LongitudeDegrees>
            </Position>
            <AltitudeMeters>179.60000610351562</AltitudeMeters>
            <DistanceMeters>3152.93994140625</DistanceMeters>
            <HeartRateBpm>
              <Value>100</Value>
            </HeartRateBpm>
            <Extensions>
              <ns3:TPX>
                <ns3:Speed>0.597000002861023</ns3:Speed>
              </ns3:TPX>
            </Extensions>
          </Trackpoint>
          <Trackpoint>
            <Time>2026-07-29T23:48:44.000Z</Time>
            <Position>
              <LatitudeDegrees>44.28898913785815</LatitudeDegrees>
              <LongitudeDegrees>-81.59128806553781</LongitudeDegrees>
            </Position>
            <AltitudeMeters>179.39999389648438</AltitudeMeters>
            <DistanceMeters>3155.360107421875</DistanceMeters>
            <HeartRateBpm>
              <Value>103</Value>
            </HeartRateBpm>
            <Extensions>
              <ns3:TPX>
                <ns3:Speed>0.6340000033378601</ns3:Speed>
              </ns3:TPX>
            </Extensions>
          </Trackpoint>
          <Trackpoint>
            <Time>2026-07-29T23:48:45.000Z</Time>
            <Position>
              <LatitudeDegrees>44.28897589445114</LatitudeDegrees>
              <LongitudeDegrees>-81.59130449406803</LongitudeDegrees>
            </Position>
            <AltitudeMeters>179.39999389648438</AltitudeMeters>
            <DistanceMeters>3157.320068359375</DistanceMeters>
            <HeartRateBpm>
              <Value>105</Value>
            </HeartRateBpm>
            <Extensions>
              <ns3:TPX>
                <ns3:Speed>1.184999942779541</ns3:Speed>
              </ns3:TPX>
            </Extensions>
          </Trackpoint>
          <Trackpoint>
            <Time>2026-07-29T23:48:46.000Z</Time>
            <Position>
              <LatitudeDegrees>44.28896591998637</LatitudeDegrees>
              <LongitudeDegrees>-81.59131589345634</LongitudeDegrees>
            </Position>
            <AltitudeMeters>179.39999389648438</AltitudeMeters>
            <DistanceMeters>3158.75</DistanceMeters>
            <HeartRateBpm>
              <Value>105</Value>
            </HeartRateBpm>
            <Extensions>
              <ns3:TPX>
                <ns3:Speed>1.184999942779541</ns3:Speed>
              </ns3:TPX>
            </Extensions>
          </Trackpoint>
          <Trackpoint>
            <Time>2026-07-29T23:48:52.000Z</Time>
            <Position>
              <LatitudeDegrees>44.2889522574842</LatitudeDegrees>
              <LongitudeDegrees>-81.59132184460759</LongitudeDegrees>
            </Position>
            <AltitudeMeters>179.39999389648438</AltitudeMeters>
            <DistanceMeters>3161.139892578125</DistanceMeters>
            <HeartRateBpm>
              <Value>108</Value>
            </HeartRateBpm>
            <Extensions>
              <ns3:TPX>
                <ns3:Speed>0.6340000033378601</ns3:Speed>
              </ns3:TPX>
            </Extensions>
          </Trackpoint>
          <Trackpoint>
            <Time>2026-07-29T23:48:53.000Z</Time>
            <Position>
              <LatitudeDegrees>44.28895032964647</LatitudeDegrees>
              <LongitudeDegrees>-81.59132259897888</LongitudeDegrees>
            </Position>
            <AltitudeMeters>179.39999389648438</AltitudeMeters>
            <DistanceMeters>3161.159912109375</DistanceMeters>
            <HeartRateBpm>
              <Value>109</Value>
            </HeartRateBpm>
            <Extensions>
              <ns3:TPX>
                <ns3:Speed>0.4950000047683716</ns3:Speed>
              </ns3:TPX>
            </Extensions>
          </Trackpoint>
          <Trackpoint>
            <Time>2026-07-29T23:48:59.000Z</Time>
            <Position>
              <LatitudeDegrees>44.28894563578069</LatitudeDegrees>
              <LongitudeDegrees>-81.59133408218622</LongitudeDegrees>
            </Position>
            <AltitudeMeters>179.1999969482422</AltitudeMeters>
            <DistanceMeters>3161.9599609375</DistanceMeters>
            <HeartRateBpm>
              <Value>108</Value>
            </HeartRateBpm>
            <Extensions>
              <ns3:TPX>
                <ns3:Speed>0.4950000047683716</ns3:Speed>
              </ns3:TPX>
            </Extensions>
          </Trackpoint>
          <Trackpoint>
            <Time>2026-07-29T23:49:04.000Z</Time>
            <Position>
              <LatitudeDegrees>44.288939433172345</LatitudeDegrees>
              <LongitudeDegrees>-81.59132746048272</LongitudeDegrees>
            </Position>
            <AltitudeMeters>179.8000030517578</AltitudeMeters>
            <DistanceMeters>3163.989990234375</DistanceMeters>
            <HeartRateBpm>
              <Value>107</Value>
            </HeartRateBpm>
            <Extensions>
              <ns3:TPX>
                <ns3:Speed>0.4480000138282776</ns3:Speed>
              </ns3:TPX>
            </Extensions>
          </Trackpoint>
          <Trackpoint>
            <Time>2026-07-29T23:49:10.000Z</Time>
            <Position>
              <LatitudeDegrees>44.288945300504565</LatitudeDegrees>
              <LongitudeDegrees>-81.59132938832045</LongitudeDegrees>
            </Position>
            <AltitudeMeters>180.0</AltitudeMeters>
            <DistanceMeters>3165.489990234375</DistanceMeters>
            <HeartRateBpm>
              <Value>106</Value>
            </HeartRateBpm>
            <Extensions>
              <ns3:TPX>
                <ns3:Speed>0.5040000081062317</ns3:Speed>
              </ns3:TPX>
            </Extensions>
          </Trackpoint>
          <Trackpoint>
            <Time>2026-07-29T23:49:19.000Z</Time>
            <Position>
              <LatitudeDegrees>44.28898813202977</LatitudeDegrees>
              <LongitudeDegrees>-81.59133709967136</LongitudeDegrees>
            </Position>
            <AltitudeMeters>180.1999969482422</AltitudeMeters>
            <DistanceMeters>3169.31005859375</DistanceMeters>
            <HeartRateBpm>
              <Value>104</Value>
            </HeartRateBpm>
            <Extensions>
              <ns3:TPX>
                <ns3:Speed>0.5320000052452087</ns3:Speed>
              </ns3:TPX>
            </Extensions>
          </Trackpoint>
          <Trackpoint>
            <Time>2026-07-29T23:49:24.000Z</Time>
            <Position>
              <LatitudeDegrees>44.28900280036032</LatitudeDegrees>
              <LongitudeDegrees>-81.59132787957788</LongitudeDegrees>
            </Position>
            <AltitudeMeters>179.8000030517578</AltitudeMeters>
            <DistanceMeters>3170.7900390625</DistanceMeters>
            <HeartRateBpm>
              <Value>105</Value>
            </HeartRateBpm>
            <Extensions>
              <ns3:TPX>
                <ns3:Speed>0.5600000023841858</ns3:Speed>
              </ns3:TPX>
            </Extensions>
          </Trackpoint>
          <Trackpoint>
            <Time>2026-07-29T23:49:30.000Z</Time>
            <Position>
              <LatitudeDegrees>44.28902953863144</LatitudeDegrees>
              <LongitudeDegrees>-81.5913007222116</LongitudeDegrees>
            </Position>
            <AltitudeMeters>179.8000030517578</AltitudeMeters>
            <DistanceMeters>3175.070068359375</DistanceMeters>
            <HeartRateBpm>
              <Value>104</Value>
            </HeartRateBpm>
            <Extensions>
              <ns3:TPX>
                <ns3:Speed>1.1200000047683716</ns3:Speed>
              </ns3:TPX>
            </Extensions>
          </Trackpoint>
          <Trackpoint>
            <Time>2026-07-29T23:49:31.000Z</Time>
            <Position>
              <LatitudeDegrees>44.28903691470623</LatitudeDegrees>
              <LongitudeDegrees>-81.59129921346903</LongitudeDegrees>
            </Position>
            <AltitudeMeters>179.8000030517578</AltitudeMeters>
            <DistanceMeters>3175.889892578125</DistanceMeters>
            <HeartRateBpm>
              <Value>104</Value>
            </HeartRateBpm>
            <Extensions>
              <ns3:TPX>
                <ns3:Speed>1.1200000047683716</ns3:Speed>
              </ns3:TPX>
            </Extensions>
          </Trackpoint>
          <Trackpoint>
            <Time>2026-07-29T23:49:36.000Z</Time>
            <Position>
              <LatitudeDegrees>44.28902274928987</LatitudeDegrees>
              <LongitudeDegrees>-81.59129904583097</LongitudeDegrees>
            </Position>
            <AltitudeMeters>179.8000030517578</AltitudeMeters>
            <DistanceMeters>3177.6298828125</DistanceMeters>
            <HeartRateBpm>
              <Value>103</Value>
            </HeartRateBpm>
            <Extensions>
              <ns3:TPX>
                <ns3:Speed>1.1380000114440918</ns3:Speed>
              </ns3:TPX>
            </Extensions>
          </Trackpoint>
          <Trackpoint>
            <Time>2026-07-29T23:49:41.000Z</Time>
            <Position>
              <LatitudeDegrees>44.28900824859738</LatitudeDegrees>
              <LongitudeDegrees>-81.59130122512579</LongitudeDegrees>
            </Position>
            <AltitudeMeters>180.0</AltitudeMeters>
            <DistanceMeters>3179.550048828125</DistanceMeters>
            <HeartRateBpm>
              <Value>103</Value>
            </HeartRateBpm>
            <Extensions>
              <ns3:TPX>
                <ns3:Speed>0.5600000023841858</ns3:Speed>
              </ns3:TPX>
            </Extensions>
          </Trackpoint>
          <Trackpoint>
            <Time>2026-07-29T23:49:46.000Z</Time>
            <Position>
              <LatitudeDegrees>44.28901009261608</LatitudeDegrees>
              <LongitudeDegrees>-81.59129980020225</LongitudeDegrees>
            </Position>
            <AltitudeMeters>180.1999969482422</AltitudeMeters>
            <DistanceMeters>3179.780029296875</DistanceMeters>
            <HeartRateBpm>
              <Value>104</Value>
            </HeartRateBpm>
            <Extensions>
              <ns3:TPX>
                <ns3:Speed>1.1009999513626099</ns3:Speed>
              </ns3:TPX>
            </Extensions>
          </Trackpoint>
          <Trackpoint>
            <Time>2026-07-29T23:49:47.000Z</Time>
            <Position>
              <LatitudeDegrees>44.28901151753962</LatitudeDegrees>
              <LongitudeDegrees>-81.59128680825233</LongitudeDegrees>
            </Position>
            <AltitudeMeters>180.1999969482422</AltitudeMeters>
            <DistanceMeters>3179.780029296875</DistanceMeters>
            <HeartRateBpm>
              <Value>104</Value>
            </HeartRateBpm>
            <Extensions>
              <ns3:TPX>
                <ns3:Speed>0.7279999852180481</ns3:Speed>
              </ns3:TPX>
            </Extensions>
          </Trackpoint>
          <Trackpoint>
            <Time>2026-07-29T23:49:52.000Z</Time>
            <Position>
              <LatitudeDegrees>44.289014702662826</LatitudeDegrees>
              <LongitudeDegrees>-81.59124657511711</LongitudeDegrees>
            </Position>
            <AltitudeMeters>180.0</AltitudeMeters>
            <DistanceMeters>3180.64990234375</DistanceMeters>
            <HeartRateBpm>
              <Value>104</Value>
            </HeartRateBpm>
            <Extensions>
              <ns3:TPX>
                <ns3:Speed>0.5509999990463257</ns3:Speed>
              </ns3:TPX>
            </Extensions>
          </Trackpoint>
          <Trackpoint>
            <Time>2026-07-29T23:49:56.000Z</Time>
            <Position>
              <LatitudeDegrees>44.28899425081909</LatitudeDegrees>
              <LongitudeDegrees>-81.59125621430576</LongitudeDegrees>
            </Position>
            <AltitudeMeters>179.8000030517578</AltitudeMeters>
            <DistanceMeters>3182.8701171875</DistanceMeters>
            <HeartRateBpm>
              <Value>104</Value>
            </HeartRateBpm>
            <Extensions>
              <ns3:TPX>
                <ns3:Speed>1.1759999990463257</ns3:Speed>
              </ns3:TPX>
            </Extensions>
          </Trackpoint>
          <Trackpoint>
            <Time>2026-07-29T23:49:57.000Z</Time>
            <Position>
              <LatitudeDegrees>44.28898452781141</LatitudeDegrees>
              <LongitudeDegrees>-81.59125839360058</LongitudeDegrees>
            </Position>
            <AltitudeMeters>179.8000030517578</AltitudeMeters>
            <DistanceMeters>3183.949951171875</DistanceMeters>
            <HeartRateBpm>
              <Value>104</Value>
            </HeartRateBpm>
            <Extensions>
              <ns3:TPX>
                <ns3:Speed>2.1649999618530273</ns3:Speed>
              </ns3:TPX>
            </Extensions>
          </Trackpoint>
          <Trackpoint>
            <Time>2026-07-29T23:49:59.000Z</Time>
            <Position>
              <LatitudeDegrees>44.28896659053862</LatitudeDegrees>
              <LongitudeDegrees>-81.59127281047404</LongitudeDegrees>
            </Position>
            <AltitudeMeters>179.60000610351562</AltitudeMeters>
            <DistanceMeters>3186.360107421875</DistanceMeters>
            <HeartRateBpm>
              <Value>106</Value>
            </HeartRateBpm>
            <Extensions>
              <ns3:TPX>
                <ns3:Speed>1.156999945640564</ns3:Speed>
              </ns3:TPX>
            </Extensions>
          </Trackpoint>
          <Trackpoint>
            <Time>2026-07-29T23:50:02.000Z</Time>
            <Position>
              <LatitudeDegrees>44.288950162008405</LatitudeDegrees>
              <LongitudeDegrees>-81.59127440303564</LongitudeDegrees>
            </Position>
            <AltitudeMeters>179.8000030517578</AltitudeMeters>
            <DistanceMeters>3188.1201171875</DistanceMeters>
            <HeartRateBpm>
              <Value>104</Value>
            </HeartRateBpm>
            <Extensions>
              <ns3:TPX>
                <ns3:Speed>1.0169999599456787</ns3:Speed>
              </ns3:TPX>
            </Extensions>
          </Trackpoint>
          <Trackpoint>
            <Time>2026-07-29T23:50:08.000Z</Time>
            <Position>
              <LatitudeDegrees>44.28896399214864</LatitudeDegrees>
              <LongitudeDegrees>-81.59125311300159</LongitudeDegrees>
            </Position>
            <AltitudeMeters>179.8000030517578</AltitudeMeters>
            <DistanceMeters>3193.1201171875</DistanceMeters>
            <HeartRateBpm>
              <Value>105</Value>
            </HeartRateBpm>
            <Extensions>
              <ns3:TPX>
                <ns3:Speed>2.4070000648498535</ns3:Speed>
              </ns3:TPX>
            </Extensions>
          </Trackpoint>
          <Trackpoint>
            <Time>2026-07-29T23:50:12.000Z</Time>
            <Position>
              <LatitudeDegrees>44.28898008540273</LatitudeDegrees>
              <LongitudeDegrees>-81.59125822596252</LongitudeDegrees>
            </Position>
            <AltitudeMeters>180.0</AltitudeMeters>
            <DistanceMeters>3194.9599609375</DistanceMeters>
            <HeartRateBpm>
              <Value>108</Value>
            </HeartRateBpm>
            <Extensions>
              <ns3:TPX>
                <ns3:Speed>0.8769999742507935</ns3:Speed>
              </ns3:TPX>
            </Extensions>
          </Trackpoint>
          <Trackpoint>
            <Time>2026-07-29T23:50:17.000Z</Time>
            <Position>
              <LatitudeDegrees>44.28898804821074</LatitudeDegrees>
              <LongitudeDegrees>-81.59122377634048</LongitudeDegrees>
            </Position>
            <AltitudeMeters>179.8000030517578</AltitudeMeters>
            <DistanceMeters>3199.72998046875</DistanceMeters>
            <HeartRateBpm>
              <Value>107</Value>
            </HeartRateBpm>
            <Extensions>
              <ns3:TPX>
                <ns3:Speed>1.1480000019073486</ns3:Speed>
              </ns3:TPX>
            </Extensions>
          </Trackpoint>
          <Trackpoint>
            <Time>2026-07-29T23:50:18.000Z</Time>
            <Position>
              <LatitudeDegrees>44.28898427635431</LatitudeDegrees>
              <LongitudeDegrees>-81.59121891483665</LongitudeDegrees>
            </Position>
            <AltitudeMeters>179.8000030517578</AltitudeMeters>
            <DistanceMeters>3200.2900390625</DistanceMeters>
            <HeartRateBpm>
              <Value>106</Value>
            </HeartRateBpm>
            <Extensions>
              <ns3:TPX>
                <ns3:Speed>2.1740000247955322</ns3:Speed>
              </ns3:TPX>
            </Extensions>
          </Trackpoint>
          <Trackpoint>
            <Time>2026-07-29T23:50:23.000Z</Time>
            <Position>
              <LatitudeDegrees>44.28897773846984</LatitudeDegrees>
              <LongitudeDegrees>-81.59121145494282</LongitudeDegrees>
            </Position>
            <AltitudeMeters>179.60000610351562</AltitudeMeters>
            <DistanceMeters>3203.64990234375</DistanceMeters>
            <HeartRateBpm>
              <Value>107</Value>
            </HeartRateBpm>
            <Extensions>
              <ns3:TPX>
                <ns3:Speed>0.7279999852180481</ns3:Speed>
              </ns3:TPX>
            </Extensions>
          </Trackpoint>
          <Trackpoint>
            <Time>2026-07-29T23:50:25.000Z</Time>
            <Position>
              <LatitudeDegrees>44.2889747209847</LatitudeDegrees>
              <LongitudeDegrees>-81.59118966199458</LongitudeDegrees>
            </Position>
            <AltitudeMeters>179.60000610351562</AltitudeMeters>
            <DistanceMeters>3205.530029296875</DistanceMeters>
            <HeartRateBpm>
              <Value>108</Value>
            </HeartRateBpm>
            <Extensions>
              <ns3:TPX>
                <ns3:Speed>1.2690000534057617</ns3:Speed>
              </ns3:TPX>
            </Extensions>
          </Trackpoint>
          <Trackpoint>
            <Time>2026-07-29T23:50:28.000Z</Time>
            <Position>
              <LatitudeDegrees>44.28899399936199</LatitudeDegrees>
              <LongitudeDegrees>-81.59113425761461</LongitudeDegrees>
            </Position>
            <AltitudeMeters>179.60000610351562</AltitudeMeters>
            <DistanceMeters>3210.3798828125</DistanceMeters>
            <HeartRateBpm>
              <Value>109</Value>
            </HeartRateBpm>
            <Extensions>
              <ns3:TPX>
                <ns3:Speed>1.437000036239624</ns3:Speed>
              </ns3:TPX>
            </Extensions>
          </Trackpoint>
          <Trackpoint>
            <Time>2026-07-29T23:50:32.000Z</Time>
            <Position>
              <LatitudeDegrees>44.288988802582026</LatitudeDegrees>
              <LongitudeDegrees>-81.59114817157388</LongitudeDegrees>
            </Position>
            <AltitudeMeters>179.60000610351562</AltitudeMeters>
            <DistanceMeters>3212.909912109375</DistanceMeters>
            <HeartRateBpm>
              <Value>110</Value>
            </HeartRateBpm>
            <Extensions>
              <ns3:TPX>
                <ns3:Speed>0.9330000281333923</ns3:Speed>
              </ns3:TPX>
            </Extensions>
          </Trackpoint>
          <Trackpoint>
            <Time>2026-07-29T23:50:34.000Z</Time>
            <Position>
              <LatitudeDegrees>44.28899425081909</LatitudeDegrees>
              <LongitudeDegrees>-81.59116242080927</LongitudeDegrees>
            </Position>
            <AltitudeMeters>179.60000610351562</AltitudeMeters>
            <DistanceMeters>3214.1298828125</DistanceMeters>
            <HeartRateBpm>
              <Value>110</Value>
            </HeartRateBpm>
            <Extensions>
              <ns3:TPX>
                <ns3:Speed>1.277999997138977</ns3:Speed>
              </ns3:TPX>
            </Extensions>
          </Trackpoint>
          <Trackpoint>
            <Time>2026-07-29T23:50:36.000Z</Time>
            <Position>
              <LatitudeDegrees>44.288998609408736</LatitudeDegrees>
              <LongitudeDegrees>-81.59117407165468</LongitudeDegrees>
            </Position>
            <AltitudeMeters>179.8000030517578</AltitudeMeters>
            <DistanceMeters>3215.39990234375</DistanceMeters>
            <HeartRateBpm>
              <Value>111</Value>
            </HeartRateBpm>
            <Extensions>
              <ns3:TPX>
                <ns3:Speed>1.3530000448226929</ns3:Speed>
              </ns3:TPX>
            </Extensions>
          </Trackpoint>
          <Trackpoint>
            <Time>2026-07-29T23:50:37.000Z</Time>
            <Position>
              <LatitudeDegrees>44.28899944759905</LatitudeDegrees>
              <LongitudeDegrees>-81.59117960371077</LongitudeDegrees>
            </Position>
            <AltitudeMeters>179.8000030517578</AltitudeMeters>
            <DistanceMeters>3215.830078125</DistanceMeters>
            <HeartRateBpm>
              <Value>110</Value>
            </HeartRateBpm>
            <Extensions>
              <ns3:TPX>
                <ns3:Speed>1.6139999628067017</ns3:Speed>
              </ns3:TPX>
            </Extensions>
          </Trackpoint>
          <Trackpoint>
            <Time>2026-07-29T23:50:38.000Z</Time>
            <Position>
              <LatitudeDegrees>44.28900497965515</LatitudeDegrees>
              <LongitudeDegrees>-81.59118480049074</LongitudeDegrees>
            </Position>
            <AltitudeMeters>179.8000030517578</AltitudeMeters>
            <DistanceMeters>3216.52001953125</DistanceMeters>
            <HeartRateBpm>
              <Value>110</Value>
            </HeartRateBpm>
            <Extensions>
              <ns3:TPX>
                <ns3:Speed>1.6139999628067017</ns3:Speed>
              </ns3:TPX>
            </Extensions>
          </Trackpoint>
          <Trackpoint>
            <Time>2026-07-29T23:50:41.000Z</Time>
            <Position>
              <LatitudeDegrees>44.288998106494546</LatitudeDegrees>
              <LongitudeDegrees>-81.59123475663364</LongitudeDegrees>
            </Position>
            <AltitudeMeters>179.8000030517578</AltitudeMeters>
            <DistanceMeters>3220.429931640625</DistanceMeters>
            <HeartRateBpm>
              <Value>108</Value>
            </HeartRateBpm>
            <Extensions>
              <ns3:TPX>
                <ns3:Speed>1.2130000591278076</ns3:Speed>
              </ns3:TPX>
            </Extensions>
          </Trackpoint>
          <Trackpoint>
            <Time>2026-07-29T23:50:46.000Z</Time>
            <Position>
              <LatitudeDegrees>44.288993244990706</LatitudeDegrees>
              <LongitudeDegrees>-81.5912140533328</LongitudeDegrees>
            </Position>
            <AltitudeMeters>179.8000030517578</AltitudeMeters>
            <DistanceMeters>3222.360107421875</DistanceMeters>
            <HeartRateBpm>
              <Value>102</Value>
            </HeartRateBpm>
            <Extensions>
              <ns3:TPX>
                <ns3:Speed>0.8119999766349792</ns3:Speed>
              </ns3:TPX>
            </Extensions>
          </Trackpoint>
          <Trackpoint>
            <Time>2026-07-29T23:50:47.000Z</Time>
            <Position>
              <LatitudeDegrees>44.28899383172393</LatitudeDegrees>
              <LongitudeDegrees>-81.5912018995732</LongitudeDegrees>
            </Position>
            <AltitudeMeters>179.8000030517578</AltitudeMeters>
            <DistanceMeters>3223.330078125</DistanceMeters>
            <HeartRateBpm>
              <Value>100</Value>
            </HeartRateBpm>
            <Extensions>
              <ns3:TPX>
                <ns3:Speed>0.6340000033378601</ns3:Speed>
              </ns3:TPX>
            </Extensions>
          </Trackpoint>
          <Trackpoint>
            <Time>2026-07-29T23:50:53.000Z</Time>
            <Position>
              <LatitudeDegrees>44.289017636328936</LatitudeDegrees>
              <LongitudeDegrees>-81.59119728952646</LongitudeDegrees>
            </Position>
            <AltitudeMeters>179.60000610351562</AltitudeMeters>
            <DistanceMeters>3226.889892578125</DistanceMeters>
            <HeartRateBpm>
              <Value>98</Value>
            </HeartRateBpm>
            <Extensions>
              <ns3:TPX>
                <ns3:Speed>0.6620000004768372</ns3:Speed>
              </ns3:TPX>
            </Extensions>
          </Trackpoint>
          <Trackpoint>
            <Time>2026-07-29T23:51:01.000Z</Time>
            <Position>
              <LatitudeDegrees>44.28902752697468</LatitudeDegrees>
              <LongitudeDegrees>-81.59122386015952</LongitudeDegrees>
            </Position>
            <AltitudeMeters>179.60000610351562</AltitudeMeters>
            <DistanceMeters>3229.3701171875</DistanceMeters>
            <HeartRateBpm>
              <Value>95</Value>
            </HeartRateBpm>
            <Extensions>
              <ns3:TPX>
                <ns3:Speed>0.5600000023841858</ns3:Speed>
              </ns3:TPX>
            </Extensions>
          </Trackpoint>
          <Trackpoint>
            <Time>2026-07-29T23:51:03.000Z</Time>
            <Position>
              <LatitudeDegrees>44.28903305903077</LatitudeDegrees>
              <LongitudeDegrees>-81.59121162258089</LongitudeDegrees>
            </Position>
            <AltitudeMeters>179.60000610351562</AltitudeMeters>
            <DistanceMeters>3231.179931640625</DistanceMeters>
            <HeartRateBpm>
              <Value>96</Value>
            </HeartRateBpm>
            <Extensions>
              <ns3:TPX>
                <ns3:Speed>1.6330000162124634</ns3:Speed>
              </ns3:TPX>
            </Extensions>
          </Trackpoint>
          <Trackpoint>
            <Time>2026-07-29T23:51:06.000Z</Time>
            <Position>
              <LatitudeDegrees>44.289037082344294</LatitudeDegrees>
              <LongitudeDegrees>-81.5911815315485</LongitudeDegrees>
            </Position>
            <AltitudeMeters>179.60000610351562</AltitudeMeters>
            <DistanceMeters>3231.2900390625</DistanceMeters>
            <HeartRateBpm>
              <Value>94</Value>
            </HeartRateBpm>
            <Extensions>
              <ns3:TPX>
                <ns3:Speed>0.5509999990463257</ns3:Speed>
              </ns3:TPX>
            </Extensions>
          </Trackpoint>
          <Trackpoint>
            <Time>2026-07-29T23:51:10.000Z</Time>
            <Position>
              <LatitudeDegrees>44.289035154506564</LatitudeDegrees>
              <LongitudeDegrees>-81.59117172472179</LongitudeDegrees>
            </Position>
            <AltitudeMeters>179.60000610351562</AltitudeMeters>
            <DistanceMeters>3231.68994140625</DistanceMeters>
            <HeartRateBpm>
              <Value>91</Value>
            </HeartRateBpm>
            <Extensions>
              <ns3:TPX>
                <ns3:Speed>0.5509999990463257</ns3:Speed>
              </ns3:TPX>
            </Extensions>
          </Trackpoint>
          <Trackpoint>
            <Time>2026-07-29T23:51:14.000Z</Time>
            <Position>
              <LatitudeDegrees>44.289008835330606</LatitudeDegrees>
              <LongitudeDegrees>-81.59116644412279</LongitudeDegrees>
            </Position>
            <AltitudeMeters>179.8000030517578</AltitudeMeters>
            <DistanceMeters>3234.590087890625</DistanceMeters>
            <HeartRateBpm>
              <Value>88</Value>
            </HeartRateBpm>
            <Extensions>
              <ns3:TPX>
                <ns3:Speed>0.4950000047683716</ns3:Speed>
              </ns3:TPX>
            </Extensions>
          </Trackpoint>
          <Trackpoint>
            <Time>2026-07-29T23:51:15.000Z</Time>
            <Position>
              <LatitudeDegrees>44.28900841623545</LatitudeDegrees>
              <LongitudeDegrees>-81.59117415547371</LongitudeDegrees>
            </Position>
            <AltitudeMeters>179.60000610351562</AltitudeMeters>
            <DistanceMeters>3234.7099609375</DistanceMeters>
            <HeartRateBpm>
              <Value>88</Value>
            </HeartRateBpm>
            <Extensions>
              <ns3:TPX>
                <ns3:Speed>0.4950000047683716</ns3:Speed>
              </ns3:TPX>
            </Extensions>
          </Trackpoint>
          <Trackpoint>
            <Time>2026-07-29T23:51:20.000Z</Time>
            <Position>
              <LatitudeDegrees>44.289016630500555</LatitudeDegrees>
              <LongitudeDegrees>-81.59121413715184</LongitudeDegrees>
            </Position>
            <AltitudeMeters>179.8000030517578</AltitudeMeters>
            <DistanceMeters>3235.3701171875</DistanceMeters>
            <HeartRateBpm>
              <Value>85</Value>
            </HeartRateBpm>
            <Extensions>
              <ns3:TPX>
                <ns3:Speed>0.4950000047683716</ns3:Speed>
              </ns3:TPX>
            </Extensions>
          </Trackpoint>
          <Trackpoint>
            <Time>2026-07-29T23:51:30.000Z</Time>
            <Position>
              <LatitudeDegrees>44.289017049595714</LatitudeDegrees>
              <LongitudeDegrees>-81.5912333317101</LongitudeDegrees>
            </Position>
            <AltitudeMeters>179.8000030517578</AltitudeMeters>
            <DistanceMeters>3236.3798828125</DistanceMeters>
            <HeartRateBpm>
              <Value>81</Value>
            </HeartRateBpm>
            <Extensions>
              <ns3:TPX>
                <ns3:Speed>0.0</ns3:Speed>
              </ns3:TPX>
            </Extensions>
          </Trackpoint>
          <Trackpoint>
            <Time>2026-07-29T23:51:31.000Z</Time>
            <Position>
              <LatitudeDegrees>44.28901185281575</LatitudeDegrees>
              <LongitudeDegrees>-81.59123534336686</LongitudeDegrees>
            </Position>
            <AltitudeMeters>179.8000030517578</AltitudeMeters>
            <DistanceMeters>3236.949951171875</DistanceMeters>
            <HeartRateBpm>
              <Value>80</Value>
            </HeartRateBpm>
            <Extensions>
              <ns3:TPX>
                <ns3:Speed>0.0</ns3:Speed>
              </ns3:TPX>
            </Extensions>
          </Trackpoint>
          <Trackpoint>
            <Time>2026-07-29T23:51:43.000Z</Time>
            <Position>
              <LatitudeDegrees>44.288995172828436</LatitudeDegrees>
              <LongitudeDegrees>-81.59125068224967</LongitudeDegrees>
            </Position>
            <AltitudeMeters>179.8000030517578</AltitudeMeters>
            <DistanceMeters>3239.9599609375</DistanceMeters>
            <HeartRateBpm>
              <Value>82</Value>
            </HeartRateBpm>
            <Extensions>
              <ns3:TPX>
                <ns3:Speed>0.5410000085830688</ns3:Speed>
              </ns3:TPX>
            </Extensions>
          </Trackpoint>
          <Trackpoint>
            <Time>2026-07-29T23:51:46.000Z</Time>
            <Position>
              <LatitudeDegrees>44.28899500519037</LatitudeDegrees>
              <LongitudeDegrees>-81.59123140387237</LongitudeDegrees>
            </Position>
            <AltitudeMeters>179.8000030517578</AltitudeMeters>
            <DistanceMeters>3240.47998046875</DistanceMeters>
            <HeartRateBpm>
              <Value>79</Value>
            </HeartRateBpm>
            <Extensions>
              <ns3:TPX>
                <ns3:Speed>0.5509999990463257</ns3:Speed>
              </ns3:TPX>
            </Extensions>
          </Trackpoint>
          <Trackpoint>
            <Time>2026-07-29T23:51:48.000Z</Time>
            <Position>
              <LatitudeDegrees>44.288991652429104</LatitudeDegrees>
              <LongitudeDegrees>-81.591227799654</LongitudeDegrees>
            </Position>
            <AltitudeMeters>179.8000030517578</AltitudeMeters>
            <DistanceMeters>3240.760009765625</DistanceMeters>
            <HeartRateBpm>
              <Value>76</Value>
            </HeartRateBpm>
            <Extensions>
              <ns3:TPX>
                <ns3:Speed>0.7369999885559082</ns3:Speed>
              </ns3:TPX>
            </Extensions>
          </Trackpoint>
          <Trackpoint>
            <Time>2026-07-29T23:51:50.000Z</Time>
            <Position>
              <LatitudeDegrees>44.28898327052593</LatitudeDegrees>
              <LongitudeDegrees>-81.59124850295484</LongitudeDegrees>
            </Position>
            <AltitudeMeters>179.8000030517578</AltitudeMeters>
            <DistanceMeters>3242.219970703125</DistanceMeters>
            <HeartRateBpm>
              <Value>79</Value>
            </HeartRateBpm>
            <Extensions>
              <ns3:TPX>
                <ns3:Speed>1.4839999675750732</ns3:Speed>
              </ns3:TPX>
            </Extensions>
          </Trackpoint>
          <Trackpoint>
            <Time>2026-07-29T23:51:53.000Z</Time>
            <Position>
              <LatitudeDegrees>44.288984360173345</LatitudeDegrees>
              <LongitudeDegrees>-81.59124565310776</LongitudeDegrees>
            </Position>
            <AltitudeMeters>179.8000030517578</AltitudeMeters>
            <DistanceMeters>3243.340087890625</DistanceMeters>
            <HeartRateBpm>
              <Value>79</Value>
            </HeartRateBpm>
            <Extensions>
              <ns3:TPX>
                <ns3:Speed>1.4839999675750732</ns3:Speed>
              </ns3:TPX>
            </Extensions>
          </Trackpoint>
          <Trackpoint>
            <Time>2026-07-29T23:52:02.000Z</Time>
            <Position>
              <LatitudeDegrees>44.288922753185034</LatitudeDegrees>
              <LongitudeDegrees>-81.59114473499358</LongitudeDegrees>
            </Position>
            <AltitudeMeters>179.1999969482422</AltitudeMeters>
            <DistanceMeters>3254.080078125</DistanceMeters>
            <HeartRateBpm>
              <Value>81</Value>
            </HeartRateBpm>
            <Extensions>
              <ns3:TPX>
                <ns3:Speed>1.0820000171661377</ns3:Speed>
              </ns3:TPX>
            </Extensions>
          </Trackpoint>
          <Trackpoint>
            <Time>2026-07-29T23:52:05.000Z</Time>
            <Position>
              <LatitudeDegrees>44.28892694413662</LatitudeDegrees>
              <LongitudeDegrees>-81.59111682325602</LongitudeDegrees>
            </Position>
            <AltitudeMeters>179.1999969482422</AltitudeMeters>
            <DistanceMeters>3255.1298828125</DistanceMeters>
            <HeartRateBpm>
              <Value>81</Value>
            </HeartRateBpm>
            <Extensions>
              <ns3:TPX>
                <ns3:Speed>1.184999942779541</ns3:Speed>
              </ns3:TPX>
            </Extensions>
          </Trackpoint>
          <Trackpoint>
            <Time>2026-07-29T23:52:10.000Z</Time>
            <Position>
              <LatitudeDegrees>44.28893884643912</LatitudeDegrees>
              <LongitudeDegrees>-81.59105303697288</LongitudeDegrees>
            </Position>
            <AltitudeMeters>179.39999389648438</AltitudeMeters>
            <DistanceMeters>3259.93994140625</DistanceMeters>
            <HeartRateBpm>
              <Value>78</Value>
            </HeartRateBpm>
            <Extensions>
              <ns3:TPX>
                <ns3:Speed>1.184999942779541</ns3:Speed>
              </ns3:TPX>
            </Extensions>
          </Trackpoint>
          <Trackpoint>
            <Time>2026-07-29T23:52:13.000Z</Time>
            <Position>
              <LatitudeDegrees>44.288929207250476</LatitudeDegrees>
              <LongitudeDegrees>-81.59112663008273</LongitudeDegrees>
            </Position>
            <AltitudeMeters>179.39999389648438</AltitudeMeters>
            <DistanceMeters>3260.2900390625</DistanceMeters>
            <HeartRateBpm>
              <Value>77</Value>
            </HeartRateBpm>
            <Extensions>
              <ns3:TPX>
                <ns3:Speed>1.184999942779541</ns3:Speed>
              </ns3:TPX>
            </Extensions>
          </Trackpoint>
          <Trackpoint>
            <Time>2026-07-29T23:52:21.000Z</Time>
            <Position>
              <LatitudeDegrees>44.28890448063612</LatitudeDegrees>
              <LongitudeDegrees>-81.5912576392293</LongitudeDegrees>
            </Position>
            <AltitudeMeters>179.39999389648438</AltitudeMeters>
            <DistanceMeters>3269.570068359375</DistanceMeters>
            <HeartRateBpm>
              <Value>76</Value>
            </HeartRateBpm>
            <Extensions>
              <ns3:TPX>
                <ns3:Speed>0.9800000190734863</ns3:Speed>
              </ns3:TPX>
            </Extensions>
          </Trackpoint>
          <Trackpoint>
            <Time>2026-07-29T23:52:24.000Z</Time>
            <Position>
              <LatitudeDegrees>44.28893029689789</LatitudeDegrees>
              <LongitudeDegrees>-81.59128303639591</LongitudeDegrees>
            </Position>
            <AltitudeMeters>180.1999969482422</AltitudeMeters>
            <DistanceMeters>3272.669921875</DistanceMeters>
            <HeartRateBpm>
              <Value>75</Value>
            </HeartRateBpm>
            <Extensions>
              <ns3:TPX>
                <ns3:Speed>1.0260000228881836</ns3:Speed>
              </ns3:TPX>
            </Extensions>
          </Trackpoint>
          <Trackpoint>
            <Time>2026-07-29T23:52:27.000Z</Time>
            <Position>
              <LatitudeDegrees>44.28894446231425</LatitudeDegrees>
              <LongitudeDegrees>-81.5912452340126</LongitudeDegrees>
            </Position>
            <AltitudeMeters>180.1999969482422</AltitudeMeters>
            <DistanceMeters>3272.81005859375</DistanceMeters>
            <HeartRateBpm>
              <Value>76</Value>
            </HeartRateBpm>
            <Extensions>
              <ns3:TPX>
                <ns3:Speed>0.8299999833106995</ns3:Speed>
              </ns3:TPX>
            </Extensions>
          </Trackpoint>
          <Trackpoint>
            <Time>2026-07-29T23:52:33.000Z</Time>
            <Position>
              <LatitudeDegrees>44.28896801546216</LatitudeDegrees>
              <LongitudeDegrees>-81.5912365168333</LongitudeDegrees>
            </Position>
            <AltitudeMeters>180.0</AltitudeMeters>
            <DistanceMeters>3275.1298828125</DistanceMeters>
            <HeartRateBpm>
              <Value>78</Value>
            </HeartRateBpm>
            <Extensions>
              <ns3:TPX>
                <ns3:Speed>0.7279999852180481</ns3:Speed>
              </ns3:TPX>
            </Extensions>
          </Trackpoint>
          <Trackpoint>
            <Time>2026-07-29T23:52:38.000Z</Time>
            <Position>
              <LatitudeDegrees>44.28896818310022</LatitudeDegrees>
              <LongitudeDegrees>-81.59122972749174</LongitudeDegrees>
            </Position>
            <AltitudeMeters>180.0</AltitudeMeters>
            <DistanceMeters>3276.070068359375</DistanceMeters>
            <HeartRateBpm>
              <Value>79</Value>
            </HeartRateBpm>
            <Extensions>
              <ns3:TPX>
                <ns3:Speed>0.5410000085830688</ns3:Speed>
              </ns3:TPX>
            </Extensions>
          </Trackpoint>
          <Trackpoint>
            <Time>2026-07-29T23:52:50.000Z</Time>
            <Position>
              <LatitudeDegrees>44.288980001583695</LatitudeDegrees>
              <LongitudeDegrees>-81.59119284711778</LongitudeDegrees>
            </Position>
            <AltitudeMeters>180.1999969482422</AltitudeMeters>
            <DistanceMeters>3279.06005859375</DistanceMeters>
            <HeartRateBpm>
              <Value>80</Value>
            </HeartRateBpm>
            <Extensions>
              <ns3:TPX>
                <ns3:Speed>1.0260000228881836</ns3:Speed>
              </ns3:TPX>
            </Extensions>
          </Trackpoint>
          <Trackpoint>
            <Time>2026-07-29T23:52:51.000Z</Time>
            <Position>
              <LatitudeDegrees>44.28898352198303</LatitudeDegrees>
              <LongitudeDegrees>-81.59119645133615</LongitudeDegrees>
            </Position>
            <AltitudeMeters>179.60000610351562</AltitudeMeters>
            <DistanceMeters>3279.469970703125</DistanceMeters>
            <HeartRateBpm>
              <Value>80</Value>
            </HeartRateBpm>
            <Extensions>
              <ns3:TPX>
                <ns3:Speed>1.0260000228881836</ns3:Speed>
              </ns3:TPX>
            </Extensions>
          </Trackpoint>
          <Trackpoint>
            <Time>2026-07-29T23:52:56.000Z</Time>
            <Position>
              <LatitudeDegrees>44.288998525589705</LatitudeDegrees>
              <LongitudeDegrees>-81.59120877273381</LongitudeDegrees>
            </Position>
            <AltitudeMeters>179.60000610351562</AltitudeMeters>
            <DistanceMeters>3281.260009765625</DistanceMeters>
            <HeartRateBpm>
              <Value>81</Value>
            </HeartRateBpm>
            <Extensions>
              <ns3:TPX>
                <ns3:Speed>0.4950000047683716</ns3:Speed>
              </ns3:TPX>
            </Extensions>
          </Trackpoint>
          <Trackpoint>
            <Time>2026-07-29T23:52:59.000Z</Time>
            <Position>
              <LatitudeDegrees>44.28899542428553</LatitudeDegrees>
              <LongitudeDegrees>-81.59120609052479</LongitudeDegrees>
            </Position>
            <AltitudeMeters>179.1999969482422</AltitudeMeters>
            <DistanceMeters>3283.320068359375</DistanceMeters>
            <HeartRateBpm>
              <Value>79</Value>
            </HeartRateBpm>
            <Extensions>
              <ns3:TPX>
                <ns3:Speed>0.9700000286102295</ns3:Speed>
              </ns3:TPX>
            </Extensions>
          </Trackpoint>
          <Trackpoint>
            <Time>2026-07-29T23:53:01.000Z</Time>
            <Position>
              <LatitudeDegrees>44.288984863087535</LatitudeDegrees>
              <LongitudeDegrees>-81.59123559482396</LongitudeDegrees>
            </Position>
            <AltitudeMeters>179.0</AltitudeMeters>
            <DistanceMeters>3285.93994140625</DistanceMeters>
            <HeartRateBpm>
              <Value>80</Value>
            </HeartRateBpm>
            <Extensions>
              <ns3:TPX>
                <ns3:Speed>1.25</ns3:Speed>
              </ns3:TPX>
            </Extensions>
          </Trackpoint>
          <Trackpoint>
            <Time>2026-07-29T23:53:04.000Z</Time>
            <Position>
              <LatitudeDegrees>44.2889625672251</LatitudeDegrees>
              <LongitudeDegrees>-81.59124531783164</LongitudeDegrees>
            </Position>
            <AltitudeMeters>179.8000030517578</AltitudeMeters>
            <DistanceMeters>3288.85009765625</DistanceMeters>
            <HeartRateBpm>
              <Value>79</Value>
            </HeartRateBpm>
            <Extensions>
              <ns3:TPX>
                <ns3:Speed>1.0080000162124634</ns3:Speed>
              </ns3:TPX>
            </Extensions>
          </Trackpoint>
          <Trackpoint>
            <Time>2026-07-29T23:53:06.000Z</Time>
            <Position>
              <LatitudeDegrees>44.28893951699138</LatitudeDegrees>
              <LongitudeDegrees>-81.59123743884265</LongitudeDegrees>
            </Position>
            <AltitudeMeters>179.8000030517578</AltitudeMeters>
            <DistanceMeters>3291.52001953125</DistanceMeters>
            <HeartRateBpm>
              <Value>79</Value>
            </HeartRateBpm>
            <Extensions>
              <ns3:TPX>
                <ns3:Speed>1.222000002861023</ns3:Speed>
              </ns3:TPX>
            </Extensions>
          </Trackpoint>
          <Trackpoint>
            <Time>2026-07-29T23:53:11.000Z</Time>
            <Position>
              <LatitudeDegrees>44.288962399587035</LatitudeDegrees>
              <LongitudeDegrees>-81.59123324789107</LongitudeDegrees>
            </Position>
            <AltitudeMeters>180.0</AltitudeMeters>
            <DistanceMeters>3292.760009765625</DistanceMeters>
            <HeartRateBpm>
              <Value>80</Value>
            </HeartRateBpm>
            <Extensions>
              <ns3:TPX>
                <ns3:Speed>0.652999997138977</ns3:Speed>
              </ns3:TPX>
            </Extensions>
          </Trackpoint>
          <Trackpoint>
            <Time>2026-07-29T23:53:19.000Z</Time>
            <Position>
              <LatitudeDegrees>44.288958460092545</LatitudeDegrees>
              <LongitudeDegrees>-81.59122545272112</LongitudeDegrees>
            </Position>
            <AltitudeMeters>179.8000030517578</AltitudeMeters>
            <DistanceMeters>3294.9599609375</DistanceMeters>
            <HeartRateBpm>
              <Value>78</Value>
            </HeartRateBpm>
            <Extensions>
              <ns3:TPX>
                <ns3:Speed>0.9049999713897705</ns3:Speed>
              </ns3:TPX>
            </Extensions>
          </Trackpoint>
          <Trackpoint>
            <Time>2026-07-29T23:53:20.000Z</Time>
            <Position>
              <LatitudeDegrees>44.2889554426074</LatitudeDegrees>
              <LongitudeDegrees>-81.59125093370676</LongitudeDegrees>
            </Position>
            <AltitudeMeters>179.8000030517578</AltitudeMeters>
            <DistanceMeters>3297.030029296875</DistanceMeters>
            <HeartRateBpm>
              <Value>78</Value>
            </HeartRateBpm>
            <Extensions>
              <ns3:TPX>
                <ns3:Speed>0.8209999799728394</ns3:Speed>
              </ns3:TPX>
            </Extensions>
          </Trackpoint>
          <Trackpoint>
            <Time>2026-07-29T23:53:27.000Z</Time>
            <Position>
              <LatitudeDegrees>44.288981007412076</LatitudeDegrees>
              <LongitudeDegrees>-81.59122059121728</LongitudeDegrees>
            </Position>
            <AltitudeMeters>179.60000610351562</AltitudeMeters>
            <DistanceMeters>3299.550048828125</DistanceMeters>
            <HeartRateBpm>
              <Value>75</Value>
            </HeartRateBpm>
            <Extensions>
              <ns3:TPX>
                <ns3:Speed>0.8209999799728394</ns3:Speed>
              </ns3:TPX>
            </Extensions>
          </Trackpoint>
          <Trackpoint>
            <Time>2026-07-29T23:53:28.000Z</Time>
            <Position>
              <LatitudeDegrees>44.28898469544947</LatitudeDegrees>
              <LongitudeDegrees>-81.5912076830864</LongitudeDegrees>
            </Position>
            <AltitudeMeters>179.8000030517578</AltitudeMeters>
            <DistanceMeters>3300.610107421875</DistanceMeters>
            <HeartRateBpm>
              <Value>78</Value>
            </HeartRateBpm>
            <Extensions>
              <ns3:TPX>
                <ns3:Speed>0.8209999799728394</ns3:Speed>
              </ns3:TPX>
            </Extensions>
          </Trackpoint>
          <Trackpoint>
            <Time>2026-07-29T23:53:34.000Z</Time>
            <Position>
              <LatitudeDegrees>44.28900187835097</LatitudeDegrees>
              <LongitudeDegrees>-81.59116342663765</LongitudeDegrees>
            </Position>
            <AltitudeMeters>179.60000610351562</AltitudeMeters>
            <DistanceMeters>3304.610107421875</DistanceMeters>
            <HeartRateBpm>
              <Value>78</Value>
            </HeartRateBpm>
            <Extensions>
              <ns3:TPX>
                <ns3:Speed>0.0</ns3:Speed>
              </ns3:TPX>
            </Extensions>
          </Trackpoint>
          <Trackpoint>
            <Time>2026-07-29T23:53:39.000Z</Time>
            <Position>
              <LatitudeDegrees>44.288997519761324</LatitudeDegrees>
              <LongitudeDegrees>-81.59116468392313</LongitudeDegrees>
            </Position>
            <AltitudeMeters>179.60000610351562</AltitudeMeters>
            <DistanceMeters>3305.830078125</DistanceMeters>
            <HeartRateBpm>
              <Value>77</Value>
            </HeartRateBpm>
            <Extensions>
              <ns3:TPX>
                <ns3:Speed>1.1100000143051147</ns3:Speed>
              </ns3:TPX>
            </Extensions>
          </Trackpoint>
          <Trackpoint>
            <Time>2026-07-29T23:53:41.000Z</Time>
            <Position>
              <LatitudeDegrees>44.28900070488453</LatitudeDegrees>
              <LongitudeDegrees>-81.59114305861294</LongitudeDegrees>
            </Position>
            <AltitudeMeters>179.60000610351562</AltitudeMeters>
            <DistanceMeters>3307.489990234375</DistanceMeters>
            <HeartRateBpm>
              <Value>77</Value>
            </HeartRateBpm>
            <Extensions>
              <ns3:TPX>
                <ns3:Speed>0.8489999771118164</ns3:Speed>
              </ns3:TPX>
            </Extensions>
          </Trackpoint>
          <Trackpoint>
            <Time>2026-07-29T23:53:49.000Z</Time>
            <Position>
              <LatitudeDegrees>44.289031801745296</LatitudeDegrees>
              <LongitudeDegrees>-81.59110450185835</LongitudeDegrees>
            </Position>
            <AltitudeMeters>179.60000610351562</AltitudeMeters>
            <DistanceMeters>3315.64990234375</DistanceMeters>
            <HeartRateBpm>
              <Value>76</Value>
            </HeartRateBpm>
            <Extensions>
              <ns3:TPX>
                <ns3:Speed>0.4480000138282776</ns3:Speed>
              </ns3:TPX>
            </Extensions>
          </Trackpoint>
          <Trackpoint>
            <Time>2026-07-29T23:53:51.000Z</Time>
            <Position>
              <LatitudeDegrees>44.28903238847852</LatitudeDegrees>
              <LongitudeDegrees>-81.59109762869775</LongitudeDegrees>
            </Position>
            <AltitudeMeters>179.60000610351562</AltitudeMeters>
            <DistanceMeters>3316.14990234375</DistanceMeters>
            <HeartRateBpm>
              <Value>73</Value>
            </HeartRateBpm>
            <Extensions>
              <ns3:TPX>
                <ns3:Speed>0.0</ns3:Speed>
              </ns3:TPX>
            </Extensions>
          </Trackpoint>
          <Trackpoint>
            <Time>2026-07-29T23:53:55.000Z</Time>
            <Position>
              <LatitudeDegrees>44.28904437460005</LatitudeDegrees>
              <LongitudeDegrees>-81.59107566811144</LongitudeDegrees>
            </Position>
            <AltitudeMeters>179.60000610351562</AltitudeMeters>
            <DistanceMeters>3318.590087890625</DistanceMeters>
            <HeartRateBpm>
              <Value>71</Value>
            </HeartRateBpm>
            <Extensions>
              <ns3:TPX>
                <ns3:Speed>1.0260000228881836</ns3:Speed>
              </ns3:TPX>
            </Extensions>
          </Trackpoint>
          <Trackpoint>
            <Time>2026-07-29T23:53:59.000Z</Time>
            <Position>
              <LatitudeDegrees>44.289032220840454</LatitudeDegrees>
              <LongitudeDegrees>-81.59108723513782</LongitudeDegrees>
            </Position>
            <AltitudeMeters>179.60000610351562</AltitudeMeters>
            <DistanceMeters>3318.590087890625</DistanceMeters>
            <HeartRateBpm>
              <Value>70</Value>
            </HeartRateBpm>
            <Extensions>
              <ns3:TPX>
                <ns3:Speed>0.48500001430511475</ns3:Speed>
              </ns3:TPX>
            </Extensions>
          </Trackpoint>
          <Trackpoint>
            <Time>2026-07-29T23:54:03.000Z</Time>
            <Position>
              <LatitudeDegrees>44.289023922756314</LatitudeDegrees>
              <LongitudeDegrees>-81.59110894426703</LongitudeDegrees>
            </Position>
            <AltitudeMeters>179.60000610351562</AltitudeMeters>
            <DistanceMeters>3318.639892578125</DistanceMeters>
            <HeartRateBpm>
              <Value>66</Value>
            </HeartRateBpm>
            <Extensions>
              <ns3:TPX>
                <ns3:Speed>0.0</ns3:Speed>
              </ns3:TPX>
            </Extensions>
          </Trackpoint>
          <Trackpoint>
            <Time>2026-07-29T23:54:04.000Z</Time>
            <Position>
              <LatitudeDegrees>44.289019983261824</LatitudeDegrees>
              <LongitudeDegrees>-81.59111355431378</LongitudeDegrees>
            </Position>
            <AltitudeMeters>179.8000030517578</AltitudeMeters>
            <DistanceMeters>3318.639892578125</DistanceMeters>
            <HeartRateBpm>
              <Value>70</Value>
            </HeartRateBpm>
            <Extensions>
              <ns3:TPX>
                <ns3:Speed>0.0</ns3:Speed>
              </ns3:TPX>
            </Extensions>
          </Trackpoint>
          <Trackpoint>
            <Time>2026-07-29T23:54:06.000Z</Time>
            <Position>
              <LatitudeDegrees>44.28901671431959</LatitudeDegrees>
              <LongitudeDegrees>-81.59112453460693</LongitudeDegrees>
            </Position>
            <AltitudeMeters>179.8000030517578</AltitudeMeters>
            <DistanceMeters>3318.639892578125</DistanceMeters>
            <HeartRateBpm>
              <Value>70</Value>
            </HeartRateBpm>
            <Extensions>
              <ns3:TPX>
                <ns3:Speed>0.9049999713897705</ns3:Speed>
              </ns3:TPX>
            </Extensions>
          </Trackpoint>
          <Trackpoint>
            <Time>2026-07-29T23:54:08.000Z</Time>
            <Position>
              <LatitudeDegrees>44.28901931270957</LatitudeDegrees>
              <LongitudeDegrees>-81.59112872555852</LongitudeDegrees>
            </Position>
            <AltitudeMeters>179.8000030517578</AltitudeMeters>
            <DistanceMeters>3319.030029296875</DistanceMeters>
            <HeartRateBpm>
              <Value>71</Value>
            </HeartRateBpm>
            <Extensions>
              <ns3:TPX>
                <ns3:Speed>0.9049999713897705</ns3:Speed>
              </ns3:TPX>
            </Extensions>
          </Trackpoint>
          <Trackpoint>
            <Time>2026-07-29T23:54:13.000Z</Time>
            <Position>
              <LatitudeDegrees>44.28902040235698</LatitudeDegrees>
              <LongitudeDegrees>-81.5911244507879</LongitudeDegrees>
            </Position>
            <AltitudeMeters>179.8000030517578</AltitudeMeters>
            <DistanceMeters>3320.4599609375</DistanceMeters>
            <HeartRateBpm>
              <Value>72</Value>
            </HeartRateBpm>
            <Extensions>
              <ns3:TPX>
                <ns3:Speed>0.48500001430511475</ns3:Speed>
              </ns3:TPX>
            </Extensions>
          </Trackpoint>
          <Trackpoint>
            <Time>2026-07-29T23:54:15.000Z</Time>
            <Position>
              <LatitudeDegrees>44.289022497832775</LatitudeDegrees>
              <LongitudeDegrees>-81.59112109802663</LongitudeDegrees>
            </Position>
            <AltitudeMeters>179.8000030517578</AltitudeMeters>
            <DistanceMeters>3321.159912109375</DistanceMeters>
            <HeartRateBpm>
              <Value>72</Value>
            </HeartRateBpm>
            <Extensions>
              <ns3:TPX>
                <ns3:Speed>1.1480000019073486</ns3:Speed>
              </ns3:TPX>
            </Extensions>
          </Trackpoint>
          <Trackpoint>
            <Time>2026-07-29T23:54:19.000Z</Time>
            <Position>
              <LatitudeDegrees>44.28904328495264</LatitudeDegrees>
              <LongitudeDegrees>-81.59112880937755</LongitudeDegrees>
            </Position>
            <AltitudeMeters>180.1999969482422</AltitudeMeters>
            <DistanceMeters>3324.10009765625</DistanceMeters>
            <HeartRateBpm>
              <Value>72</Value>
            </HeartRateBpm>
            <Extensions>
              <ns3:TPX>
                <ns3:Speed>0.8119999766349792</ns3:Speed>
              </ns3:TPX>
            </Extensions>
          </Trackpoint>
        </Track>
        <Extensions>
          <ns3:LX>
            <ns3:AvgSpeed>1.347000002861023</ns3:AvgSpeed>
          </ns3:LX>
        </Extensions>
      </Lap>
      <Creator xsi:type="Device_t">
        <Name>vívoactive 4</Name>
        <UnitId>3432774097</UnitId>
        <ProductID>3225</ProductID>
        <Version>
          <VersionMajor>8</VersionMajor>
          <VersionMinor>30</VersionMinor>
          <BuildMajor>0</BuildMajor>
          <BuildMinor>0</BuildMinor>
        </Version>
      </Creator>
    </Activity>
  </Activities>
  <Author xsi:type="Application_t">
    <Name>Connect Api</Name>
    <Build>
      <Version>
        <VersionMajor>26</VersionMajor>
        <VersionMinor>15</VersionMinor>
        <BuildMajor>0</BuildMajor>
        <BuildMinor>0</BuildMinor>
      </Version>
    </Build>
    <LangID>en</LangID>
    <PartNumber>006-D2449-00</PartNumber>
  </Author>
</TrainingCenterDatabase>
