<?xml version="1.0" encoding="UTF-8"?>
<TrainingCenterDatabase
  xsi:schemaLocation="http://www.garmin.com/xmlschemas/TrainingCenterDatabase/v2 http://www.garmin.com/xmlschemas/TrainingCenterDatabasev2.xsd"
  xmlns:ns5="http://www.garmin.com/xmlschemas/ActivityGoals/v1"
  xmlns:ns3="http://www.garmin.com/xmlschemas/ActivityExtension/v2"
  xmlns:ns2="http://www.garmin.com/xmlschemas/UserProfile/v2"
  xmlns="http://www.garmin.com/xmlschemas/TrainingCenterDatabase/v2"
  xmlns:xsi="http://www.w3.org/2001/XMLSchema-instance" xmlns:ns4="http://www.garmin.com/xmlschemas/ProfileExtension/v1">
  <Activities>
    <Activity Sport="Other">
      <Id>2026-07-31T17:15:11.000Z</Id>
      <Lap StartTime="2026-07-31T17:15:11.000Z">
        <TotalTimeSeconds>3972.181</TotalTimeSeconds>
        <DistanceMeters>8612.36</DistanceMeters>
        <MaximumSpeed>4.460000038146973</MaximumSpeed>
        <Calories>321</Calories>
        <AverageHeartRateBpm>
          <Value>90</Value>
        </AverageHeartRateBpm>
        <MaximumHeartRateBpm>
          <Value>120</Value>
        </MaximumHeartRateBpm>
        <Intensity>Active</Intensity>
        <TriggerMethod>Manual</TriggerMethod>
        <Track>
          <Trackpoint>
            <Time>2026-07-31T17:15:11.000Z</Time>
            <Position>
              <LatitudeDegrees>44.288815381005406</LatitudeDegrees>
              <LongitudeDegrees>-81.59156835637987</LongitudeDegrees>
            </Position>
            <AltitudeMeters>176.0</AltitudeMeters>
            <DistanceMeters>0.0</DistanceMeters>
            <HeartRateBpm>
              <Value>76</Value>
            </HeartRateBpm>
            <Extensions>
              <ns3:TPX>
                <ns3:Speed>1.4279999732971191</ns3:Speed>
              </ns3:TPX>
            </Extensions>
          </Trackpoint>
          <Trackpoint>
            <Time>2026-07-31T17:15:12.000Z</Time>
            <AltitudeMeters>176.0</AltitudeMeters>
            <DistanceMeters>0.0</DistanceMeters>
            <HeartRateBpm>
              <Value>76</Value>
            </HeartRateBpm>
            <Extensions>
              <ns3:TPX>
                <ns3:Speed>1.4279999732971191</ns3:Speed>
              </ns3:TPX>
            </Extensions>
          </Trackpoint>
          <Trackpoint>
            <Time>2026-07-31T17:15:16.000Z</Time>
            <Position>
              <LatitudeDegrees>44.2889070790261</LatitudeDegrees>
              <LongitudeDegrees>-81.59190757200122</LongitudeDegrees>
            </Position>
            <AltitudeMeters>176.0</AltitudeMeters>
            <DistanceMeters>27.209999084472656</DistanceMeters>
            <HeartRateBpm>
              <Value>78</Value>
            </HeartRateBpm>
            <Extensions>
              <ns3:TPX>
                <ns3:Speed>0.0</ns3:Speed>
              </ns3:TPX>
            </Extensions>
          </Trackpoint>
          <Trackpoint>
            <Time>2026-07-31T17:15:24.000Z</Time>
            <Position>
              <LatitudeDegrees>44.28894546814263</LatitudeDegrees>
              <LongitudeDegrees>-81.59167287871242</LongitudeDegrees>
            </Position>
            <AltitudeMeters>176.1999969482422</AltitudeMeters>
            <DistanceMeters>45.86000061035156</DistanceMeters>
            <HeartRateBpm>
              <Value>80</Value>
            </HeartRateBpm>
            <Extensions>
              <ns3:TPX>
                <ns3:Speed>0.0</ns3:Speed>
              </ns3:TPX>
            </Extensions>
          </Trackpoint>
          <Trackpoint>
            <Time>2026-07-31T17:15:32.000Z</Time>
            <Position>
              <LatitudeDegrees>44.289007326588035</LatitudeDegrees>
              <LongitudeDegrees>-81.59160951152444</LongitudeDegrees>
            </Position>
            <AltitudeMeters>176.0</AltitudeMeters>
            <DistanceMeters>54.220001220703125</DistanceMeters>
            <HeartRateBpm>
              <Value>79</Value>
            </HeartRateBpm>
            <Extensions>
              <ns3:TPX>
                <ns3:Speed>0.8769999742507935</ns3:Speed>
              </ns3:TPX>
            </Extensions>
          </Trackpoint>
          <Trackpoint>
            <Time>2026-07-31T17:15:37.000Z</Time>
            <Position>
              <LatitudeDegrees>44.289030376821756</LatitudeDegrees>
              <LongitudeDegrees>-81.59159341827035</LongitudeDegrees>
            </Position>
            <AltitudeMeters>176.1999969482422</AltitudeMeters>
            <DistanceMeters>57.18000030517578</DistanceMeters>
            <HeartRateBpm>
              <Value>77</Value>
            </HeartRateBpm>
            <Extensions>
              <ns3:TPX>
                <ns3:Speed>0.0</ns3:Speed>
              </ns3:TPX>
            </Extensions>
          </Trackpoint>
          <Trackpoint>
            <Time>2026-07-31T17:15:42.000Z</Time>
            <Position>
              <LatitudeDegrees>44.28901193663478</LatitudeDegrees>
              <LongitudeDegrees>-81.5915874671191</LongitudeDegrees>
            </Position>
            <AltitudeMeters>176.0</AltitudeMeters>
            <DistanceMeters>60.65999984741211</DistanceMeters>
            <HeartRateBpm>
              <Value>75</Value>
            </HeartRateBpm>
            <Extensions>
              <ns3:TPX>
                <ns3:Speed>0.0</ns3:Speed>
              </ns3:TPX>
            </Extensions>
          </Trackpoint>
          <Trackpoint>
            <Time>2026-07-31T17:15:49.000Z</Time>
            <Position>
              <LatitudeDegrees>44.28900011815131</LatitudeDegrees>
              <LongitudeDegrees>-81.59159484319389</LongitudeDegrees>
            </Position>
            <AltitudeMeters>176.0</AltitudeMeters>
            <DistanceMeters>62.0</DistanceMeters>
            <HeartRateBpm>
              <Value>75</Value>
            </HeartRateBpm>
            <Extensions>
              <ns3:TPX>
                <ns3:Speed>0.0</ns3:Speed>
              </ns3:TPX>
            </Extensions>
          </Trackpoint>
          <Trackpoint>
            <Time>2026-07-31T17:16:00.000Z</Time>
            <Position>
              <LatitudeDegrees>44.28900523111224</LatitudeDegrees>
              <LongitudeDegrees>-81.59158973023295</LongitudeDegrees>
            </Position>
            <AltitudeMeters>176.39999389648438</AltitudeMeters>
            <DistanceMeters>62.0</DistanceMeters>
            <HeartRateBpm>
              <Value>72</Value>
            </HeartRateBpm>
            <Extensions>
              <ns3:TPX>
                <ns3:Speed>0.0</ns3:Speed>
              </ns3:TPX>
            </Extensions>
          </Trackpoint>
          <Trackpoint>
            <Time>2026-07-31T17:16:08.000Z</Time>
            <Position>
              <LatitudeDegrees>44.28900523111224</LatitudeDegrees>
              <LongitudeDegrees>-81.59158947877586</LongitudeDegrees>
            </Position>
            <AltitudeMeters>175.8000030517578</AltitudeMeters>
            <DistanceMeters>62.0</DistanceMeters>
            <HeartRateBpm>
              <Value>75</Value>
            </HeartRateBpm>
            <Extensions>
              <ns3:TPX>
                <ns3:Speed>0.0</ns3:Speed>
              </ns3:TPX>
            </Extensions>
          </Trackpoint>
          <Trackpoint>
            <Time>2026-07-31T17:16:10.000Z</Time>
            <Position>
              <LatitudeDegrees>44.288998022675514</LatitudeDegrees>
              <LongitudeDegrees>-81.59159123897552</LongitudeDegrees>
            </Position>
            <AltitudeMeters>176.0</AltitudeMeters>
            <DistanceMeters>62.709999084472656</DistanceMeters>
            <HeartRateBpm>
              <Value>73</Value>
            </HeartRateBpm>
            <Extensions>
              <ns3:TPX>
                <ns3:Speed>1.1200000047683716</ns3:Speed>
              </ns3:TPX>
            </Extensions>
          </Trackpoint>
          <Trackpoint>
            <Time>2026-07-31T17:16:12.000Z</Time>
            <Position>
              <LatitudeDegrees>44.28899056278169</LatitudeDegrees>
              <LongitudeDegrees>-81.59159442409873</LongitudeDegrees>
            </Position>
            <AltitudeMeters>175.8000030517578</AltitudeMeters>
            <DistanceMeters>62.709999084472656</DistanceMeters>
            <HeartRateBpm>
              <Value>73</Value>
            </HeartRateBpm>
            <Extensions>
              <ns3:TPX>
                <ns3:Speed>0.48500001430511475</ns3:Speed>
              </ns3:TPX>
            </Extensions>
          </Trackpoint>
          <Trackpoint>
            <Time>2026-07-31T17:16:18.000Z</Time>
            <Position>
              <LatitudeDegrees>44.28895611315966</LatitudeDegrees>
              <LongitudeDegrees>-81.59160875715315</LongitudeDegrees>
            </Position>
            <AltitudeMeters>175.60000610351562</AltitudeMeters>
            <DistanceMeters>64.18000030517578</DistanceMeters>
            <HeartRateBpm>
              <Value>75</Value>
            </HeartRateBpm>
            <Extensions>
              <ns3:TPX>
                <ns3:Speed>0.0</ns3:Speed>
              </ns3:TPX>
            </Extensions>
          </Trackpoint>
          <Trackpoint>
            <Time>2026-07-31T17:16:26.000Z</Time>
            <Position>
              <LatitudeDegrees>44.28893976844847</LatitudeDegrees>
              <LongitudeDegrees>-81.59161462448537</LongitudeDegrees>
            </Position>
            <AltitudeMeters>175.60000610351562</AltitudeMeters>
            <DistanceMeters>66.11000061035156</DistanceMeters>
            <HeartRateBpm>
              <Value>77</Value>
            </HeartRateBpm>
            <Extensions>
              <ns3:TPX>
                <ns3:Speed>0.0</ns3:Speed>
              </ns3:TPX>
            </Extensions>
          </Trackpoint>
          <Trackpoint>
            <Time>2026-07-31T17:16:32.000Z</Time>
            <Position>
              <LatitudeDegrees>44.28892836906016</LatitudeDegrees>
              <LongitudeDegrees>-81.59165418706834</LongitudeDegrees>
            </Position>
            <AltitudeMeters>175.39999389648438</AltitudeMeters>
            <DistanceMeters>69.30000305175781</DistanceMeters>
            <HeartRateBpm>
              <Value>76</Value>
            </HeartRateBpm>
            <Extensions>
              <ns3:TPX>
                <ns3:Speed>0.5600000023841858</ns3:Speed>
              </ns3:TPX>
            </Extensions>
          </Trackpoint>
          <Trackpoint>
            <Time>2026-07-31T17:16:36.000Z</Time>
            <Position>
              <LatitudeDegrees>44.28892007097602</LatitudeDegrees>
              <LongitudeDegrees>-81.59168679267168</LongitudeDegrees>
            </Position>
            <AltitudeMeters>175.0</AltitudeMeters>
            <DistanceMeters>71.41000366210938</DistanceMeters>
            <HeartRateBpm>
              <Value>78</Value>
            </HeartRateBpm>
            <Extensions>
              <ns3:TPX>
                <ns3:Speed>0.5320000052452087</ns3:Speed>
              </ns3:TPX>
            </Extensions>
          </Trackpoint>
          <Trackpoint>
            <Time>2026-07-31T17:16:41.000Z</Time>
            <Position>
              <LatitudeDegrees>44.28891965188086</LatitudeDegrees>
              <LongitudeDegrees>-81.59170883707702</LongitudeDegrees>
            </Position>
            <AltitudeMeters>175.39999389648438</AltitudeMeters>
            <DistanceMeters>73.56999969482422</DistanceMeters>
            <HeartRateBpm>
              <Value>79</Value>
            </HeartRateBpm>
            <Extensions>
              <ns3:TPX>
                <ns3:Speed>0.5230000019073486</ns3:Speed>
              </ns3:TPX>
            </Extensions>
          </Trackpoint>
          <Trackpoint>
            <Time>2026-07-31T17:16:46.000Z</Time>
            <Position>
              <LatitudeDegrees>44.28895636461675</LatitudeDegrees>
              <LongitudeDegrees>-81.59175384789705</LongitudeDegrees>
            </Position>
            <AltitudeMeters>175.39999389648438</AltitudeMeters>
            <DistanceMeters>77.9000015258789</DistanceMeters>
            <HeartRateBpm>
              <Value>81</Value>
            </HeartRateBpm>
            <Extensions>
              <ns3:TPX>
                <ns3:Speed>1.0080000162124634</ns3:Speed>
              </ns3:TPX>
            </Extensions>
          </Trackpoint>
          <Trackpoint>
            <Time>2026-07-31T17:16:47.000Z</Time>
            <Position>
              <LatitudeDegrees>44.28896248340607</LatitudeDegrees>
              <LongitudeDegrees>-81.59175720065832</LongitudeDegrees>
            </Position>
            <AltitudeMeters>175.39999389648438</AltitudeMeters>
            <DistanceMeters>78.26000213623047</DistanceMeters>
            <HeartRateBpm>
              <Value>82</Value>
            </HeartRateBpm>
            <Extensions>
              <ns3:TPX>
                <ns3:Speed>0.0</ns3:Speed>
              </ns3:TPX>
            </Extensions>
          </Trackpoint>
          <Trackpoint>
            <Time>2026-07-31T17:16:53.000Z</Time>
            <Position>
              <LatitudeDegrees>44.28897421807051</LatitudeDegrees>
              <LongitudeDegrees>-81.59177337773144</LongitudeDegrees>
            </Position>
            <AltitudeMeters>175.39999389648438</AltitudeMeters>
            <DistanceMeters>79.88999938964844</DistanceMeters>
            <HeartRateBpm>
              <Value>85</Value>
            </HeartRateBpm>
            <Extensions>
              <ns3:TPX>
                <ns3:Speed>0.46700000762939453</ns3:Speed>
              </ns3:TPX>
            </Extensions>
          </Trackpoint>
          <Trackpoint>
            <Time>2026-07-31T17:16:54.000Z</Time>
            <Position>
              <LatitudeDegrees>44.28897245787084</LatitudeDegrees>
              <LongitudeDegrees>-81.59177924506366</LongitudeDegrees>
            </Position>
            <AltitudeMeters>175.39999389648438</AltitudeMeters>
            <DistanceMeters>80.37000274658203</DistanceMeters>
            <HeartRateBpm>
              <Value>86</Value>
            </HeartRateBpm>
            <Extensions>
              <ns3:TPX>
                <ns3:Speed>0.5410000085830688</ns3:Speed>
              </ns3:TPX>
            </Extensions>
          </Trackpoint>
          <Trackpoint>
            <Time>2026-07-31T17:17:00.000Z</Time>
            <Position>
              <LatitudeDegrees>44.288979498669505</LatitudeDegrees>
              <LongitudeDegrees>-81.59180707298219</LongitudeDegrees>
            </Position>
            <AltitudeMeters>175.0</AltitudeMeters>
            <DistanceMeters>83.69000244140625</DistanceMeters>
            <HeartRateBpm>
              <Value>86</Value>
            </HeartRateBpm>
            <Extensions>
              <ns3:TPX>
                <ns3:Speed>0.5410000085830688</ns3:Speed>
              </ns3:TPX>
            </Extensions>
          </Trackpoint>
          <Trackpoint>
            <Time>2026-07-31T17:17:05.000Z</Time>
            <Position>
              <LatitudeDegrees>44.28899626247585</LatitudeDegrees>
              <LongitudeDegrees>-81.59182920120656</LongitudeDegrees>
            </Position>
            <AltitudeMeters>175.0</AltitudeMeters>
            <DistanceMeters>87.01000213623047</DistanceMeters>
            <HeartRateBpm>
              <Value>84</Value>
            </HeartRateBpm>
            <Extensions>
              <ns3:TPX>
                <ns3:Speed>0.6620000004768372</ns3:Speed>
              </ns3:TPX>
            </Extensions>
          </Trackpoint>
          <Trackpoint>
            <Time>2026-07-31T17:17:11.000Z</Time>
            <Position>
              <LatitudeDegrees>44.2889900598675</LatitudeDegrees>
              <LongitudeDegrees>-81.5918877068907</LongitudeDegrees>
            </Position>
            <AltitudeMeters>174.8000030517578</AltitudeMeters>
            <DistanceMeters>91.7699966430664</DistanceMeters>
            <HeartRateBpm>
              <Value>85</Value>
            </HeartRateBpm>
            <Extensions>
              <ns3:TPX>
                <ns3:Speed>0.6439999938011169</ns3:Speed>
              </ns3:TPX>
            </Extensions>
          </Trackpoint>
          <Trackpoint>
            <Time>2026-07-31T17:17:15.000Z</Time>
            <Position>
              <LatitudeDegrees>44.289010260254145</LatitudeDegrees>
              <LongitudeDegrees>-81.59190891310573</LongitudeDegrees>
            </Position>
            <AltitudeMeters>175.0</AltitudeMeters>
            <DistanceMeters>94.56999969482422</DistanceMeters>
            <HeartRateBpm>
              <Value>88</Value>
            </HeartRateBpm>
            <Extensions>
              <ns3:TPX>
                <ns3:Speed>0.7369999885559082</ns3:Speed>
              </ns3:TPX>
            </Extensions>
          </Trackpoint>
          <Trackpoint>
            <Time>2026-07-31T17:17:17.000Z</Time>
            <Position>
              <LatitudeDegrees>44.28902903571725</LatitudeDegrees>
              <LongitudeDegrees>-81.59192978404462</LongitudeDegrees>
            </Position>
            <AltitudeMeters>175.0</AltitudeMeters>
            <DistanceMeters>97.2300033569336</DistanceMeters>
            <HeartRateBpm>
              <Value>89</Value>
            </HeartRateBpm>
            <Extensions>
              <ns3:TPX>
                <ns3:Speed>1.184999942779541</ns3:Speed>
              </ns3:TPX>
            </Extensions>
          </Trackpoint>
          <Trackpoint>
            <Time>2026-07-31T17:17:22.000Z</Time>
            <Position>
              <LatitudeDegrees>44.289065916091204</LatitudeDegrees>
              <LongitudeDegrees>-81.59202986396849</LongitudeDegrees>
            </Position>
            <AltitudeMeters>175.60000610351562</AltitudeMeters>
            <DistanceMeters>106.37000274658203</DistanceMeters>
            <HeartRateBpm>
              <Value>90</Value>
            </HeartRateBpm>
            <Extensions>
              <ns3:TPX>
                <ns3:Speed>1.409000039100647</ns3:Speed>
              </ns3:TPX>
            </Extensions>
          </Trackpoint>
          <Trackpoint>
            <Time>2026-07-31T17:17:29.000Z</Time>
            <Position>
              <LatitudeDegrees>44.2891145311296</LatitudeDegrees>
              <LongitudeDegrees>-81.59215425141156</LongitudeDegrees>
            </Position>
            <AltitudeMeters>175.39999389648438</AltitudeMeters>
            <DistanceMeters>117.9800033569336</DistanceMeters>
            <HeartRateBpm>
              <Value>90</Value>
            </HeartRateBpm>
            <Extensions>
              <ns3:TPX>
                <ns3:Speed>1.5119999647140503</ns3:Speed>
              </ns3:TPX>
            </Extensions>
          </Trackpoint>
          <Trackpoint>
            <Time>2026-07-31T17:17:36.000Z</Time>
            <Position>
              <LatitudeDegrees>44.28916624747217</LatitudeDegrees>
              <LongitudeDegrees>-81.59227838739753</LongitudeDegrees>
            </Position>
            <AltitudeMeters>175.39999389648438</AltitudeMeters>
            <DistanceMeters>129.92999267578125</DistanceMeters>
            <HeartRateBpm>
              <Value>89</Value>
            </HeartRateBpm>
            <Extensions>
              <ns3:TPX>
                <ns3:Speed>1.4559999704360962</ns3:Speed>
              </ns3:TPX>
            </Extensions>
          </Trackpoint>
          <Trackpoint>
            <Time>2026-07-31T17:17:43.000Z</Time>
            <Position>
              <LatitudeDegrees>44.28921561688185</LatitudeDegrees>
              <LongitudeDegrees>-81.59246203489602</LongitudeDegrees>
            </Position>
            <AltitudeMeters>175.1999969482422</AltitudeMeters>
            <DistanceMeters>145.6300048828125</DistanceMeters>
            <HeartRateBpm>
              <Value>87</Value>
            </HeartRateBpm>
            <Extensions>
              <ns3:TPX>
                <ns3:Speed>2.118000030517578</ns3:Speed>
              </ns3:TPX>
            </Extensions>
          </Trackpoint>
          <Trackpoint>
            <Time>2026-07-31T17:17:47.000Z</Time>
            <Position>
              <LatitudeDegrees>44.289249731227756</LatitudeDegrees>
              <LongitudeDegrees>-81.59257644787431</LongitudeDegrees>
            </Position>
            <AltitudeMeters>174.8000030517578</AltitudeMeters>
            <DistanceMeters>155.5500030517578</DistanceMeters>
            <HeartRateBpm>
              <Value>82</Value>
            </HeartRateBpm>
            <Extensions>
              <ns3:TPX>
                <ns3:Speed>2.313999891281128</ns3:Speed>
              </ns3:TPX>
            </Extensions>
          </Trackpoint>
          <Trackpoint>
            <Time>2026-07-31T17:17:51.000Z</Time>
            <Position>
              <LatitudeDegrees>44.28930723108351</LatitudeDegrees>
              <LongitudeDegrees>-81.59267107956111</LongitudeDegrees>
            </Position>
            <AltitudeMeters>175.0</AltitudeMeters>
            <DistanceMeters>165.4499969482422</DistanceMeters>
            <HeartRateBpm>
              <Value>84</Value>
            </HeartRateBpm>
            <Extensions>
              <ns3:TPX>
                <ns3:Speed>2.3980000019073486</ns3:Speed>
              </ns3:TPX>
            </Extensions>
          </Trackpoint>
          <Trackpoint>
            <Time>2026-07-31T17:17:55.000Z</Time>
            <Position>
              <LatitudeDegrees>44.28935601375997</LatitudeDegrees>
              <LongitudeDegrees>-81.59280971623957</LongitudeDegrees>
            </Position>
            <AltitudeMeters>176.0</AltitudeMeters>
            <DistanceMeters>177.75999450683594</DistanceMeters>
            <HeartRateBpm>
              <Value>82</Value>
            </HeartRateBpm>
            <Extensions>
              <ns3:TPX>
                <ns3:Speed>2.5850000381469727</ns3:Speed>
              </ns3:TPX>
            </Extensions>
          </Trackpoint>
          <Trackpoint>
            <Time>2026-07-31T17:17:58.000Z</Time>
            <Position>
              <LatitudeDegrees>44.289393899962306</LatitudeDegrees>
              <LongitudeDegrees>-81.59291272982955</LongitudeDegrees>
            </Position>
            <AltitudeMeters>176.60000610351562</AltitudeMeters>
            <DistanceMeters>186.99000549316406</DistanceMeters>
            <HeartRateBpm>
              <Value>80</Value>
            </HeartRateBpm>
            <Extensions>
              <ns3:TPX>
                <ns3:Speed>2.677999973297119</ns3:Speed>
              </ns3:TPX>
            </Extensions>
          </Trackpoint>
          <Trackpoint>
            <Time>2026-07-31T17:18:02.000Z</Time>
            <Position>
              <LatitudeDegrees>44.28943270817399</LatitudeDegrees>
              <LongitudeDegrees>-81.5930225327611</LongitudeDegrees>
            </Position>
            <AltitudeMeters>176.1999969482422</AltitudeMeters>
            <DistanceMeters>196.7899932861328</DistanceMeters>
            <HeartRateBpm>
              <Value>77</Value>
            </HeartRateBpm>
            <Extensions>
              <ns3:TPX>
                <ns3:Speed>2.6589999198913574</ns3:Speed>
              </ns3:TPX>
            </Extensions>
          </Trackpoint>
          <Trackpoint>
            <Time>2026-07-31T17:18:07.000Z</Time>
            <Position>
              <LatitudeDegrees>44.289458775892854</LatitudeDegrees>
              <LongitudeDegrees>-81.59314951859415</LongitudeDegrees>
            </Position>
            <AltitudeMeters>175.8000030517578</AltitudeMeters>
            <DistanceMeters>207.33999633789062</DistanceMeters>
            <HeartRateBpm>
              <Value>78</Value>
            </HeartRateBpm>
            <Extensions>
              <ns3:TPX>
                <ns3:Speed>2.2769999504089355</ns3:Speed>
              </ns3:TPX>
            </Extensions>
          </Trackpoint>
          <Trackpoint>
            <Time>2026-07-31T17:18:14.000Z</Time>
            <Position>
              <LatitudeDegrees>44.289524322375655</LatitudeDegrees>
              <LongitudeDegrees>-81.59335621632636</LongitudeDegrees>
            </Position>
            <AltitudeMeters>175.60000610351562</AltitudeMeters>
            <DistanceMeters>225.38999938964844</DistanceMeters>
            <HeartRateBpm>
              <Value>79</Value>
            </HeartRateBpm>
            <Extensions>
              <ns3:TPX>
                <ns3:Speed>2.2950000762939453</ns3:Speed>
              </ns3:TPX>
            </Extensions>
          </Trackpoint>
          <Trackpoint>
            <Time>2026-07-31T17:18:22.000Z</Time>
            <Position>
              <LatitudeDegrees>44.289576625451446</LatitudeDegrees>
              <LongitudeDegrees>-81.59360809251666</LongitudeDegrees>
            </Position>
            <AltitudeMeters>176.0</AltitudeMeters>
            <DistanceMeters>246.3699951171875</DistanceMeters>
            <HeartRateBpm>
              <Value>76</Value>
            </HeartRateBpm>
            <Extensions>
              <ns3:TPX>
                <ns3:Speed>2.5190000534057617</ns3:Speed>
              </ns3:TPX>
            </Extensions>
          </Trackpoint>
          <Trackpoint>
            <Time>2026-07-31T17:18:32.000Z</Time>
            <Position>
              <LatitudeDegrees>44.28964611142874</LatitudeDegrees>
              <LongitudeDegrees>-81.59392040222883</LongitudeDegrees>
            </Position>
            <AltitudeMeters>176.1999969482422</AltitudeMeters>
            <DistanceMeters>272.489990234375</DistanceMeters>
            <HeartRateBpm>
              <Value>74</Value>
            </HeartRateBpm>
            <Extensions>
              <ns3:TPX>
                <ns3:Speed>2.565999984741211</ns3:Speed>
              </ns3:TPX>
            </Extensions>
          </Trackpoint>
          <Trackpoint>
            <Time>2026-07-31T17:18:41.000Z</Time>
            <Position>
              <LatitudeDegrees>44.28975918330252</LatitudeDegrees>
              <LongitudeDegrees>-81.59420848824084</LongitudeDegrees>
            </Position>
            <AltitudeMeters>176.8000030517578</AltitudeMeters>
            <DistanceMeters>298.8299865722656</DistanceMeters>
            <HeartRateBpm>
              <Value>75</Value>
            </HeartRateBpm>
            <Extensions>
              <ns3:TPX>
                <ns3:Speed>2.818000078201294</ns3:Speed>
              </ns3:TPX>
            </Extensions>
          </Trackpoint>
          <Trackpoint>
            <Time>2026-07-31T17:18:44.000Z</Time>
            <Position>
              <LatitudeDegrees>44.28981006145477</LatitudeDegrees>
              <LongitudeDegrees>-81.59429046325386</LongitudeDegrees>
            </Position>
            <AltitudeMeters>176.8000030517578</AltitudeMeters>
            <DistanceMeters>307.4599914550781</DistanceMeters>
            <HeartRateBpm>
              <Value>72</Value>
            </HeartRateBpm>
            <Extensions>
              <ns3:TPX>
                <ns3:Speed>2.9110000133514404</ns3:Speed>
              </ns3:TPX>
            </Extensions>
          </Trackpoint>
          <Trackpoint>
            <Time>2026-07-31T17:18:48.000Z</Time>
            <Position>
              <LatitudeDegrees>44.2898865044117</LatitudeDegrees>
              <LongitudeDegrees>-81.59439473412931</LongitudeDegrees>
            </Position>
            <AltitudeMeters>176.8000030517578</AltitudeMeters>
            <DistanceMeters>319.3299865722656</DistanceMeters>
            <HeartRateBpm>
              <Value>75</Value>
            </HeartRateBpm>
            <Extensions>
              <ns3:TPX>
                <ns3:Speed>2.930000066757202</ns3:Speed>
              </ns3:TPX>
            </Extensions>
          </Trackpoint>
          <Trackpoint>
            <Time>2026-07-31T17:18:50.000Z</Time>
            <Position>
              <LatitudeDegrees>44.289918104186654</LatitudeDegrees>
              <LongitudeDegrees>-81.59445097669959</LongitudeDegrees>
            </Position>
            <AltitudeMeters>176.8000030517578</AltitudeMeters>
            <DistanceMeters>325.0400085449219</DistanceMeters>
            <HeartRateBpm>
              <Value>78</Value>
            </HeartRateBpm>
            <Extensions>
              <ns3:TPX>
                <ns3:Speed>2.930000066757202</ns3:Speed>
              </ns3:TPX>
            </Extensions>
          </Trackpoint>
          <Trackpoint>
            <Time>2026-07-31T17:18:56.000Z</Time>
            <Position>
              <LatitudeDegrees>44.28998767398298</LatitudeDegrees>
              <LongitudeDegrees>-81.59462498500943</LongitudeDegrees>
            </Position>
            <AltitudeMeters>176.8000030517578</AltitudeMeters>
            <DistanceMeters>340.9700012207031</DistanceMeters>
            <HeartRateBpm>
              <Value>77</Value>
            </HeartRateBpm>
            <Extensions>
              <ns3:TPX>
                <ns3:Speed>2.6689999103546143</ns3:Speed>
              </ns3:TPX>
            </Extensions>
          </Trackpoint>
          <Trackpoint>
            <Time>2026-07-31T17:19:03.000Z</Time>
            <Position>
              <LatitudeDegrees>44.29004282690585</LatitudeDegrees>
              <LongitudeDegrees>-81.59481584094465</LongitudeDegrees>
            </Position>
            <AltitudeMeters>176.60000610351562</AltitudeMeters>
            <DistanceMeters>357.3900146484375</DistanceMeters>
            <HeartRateBpm>
              <Value>79</Value>
            </HeartRateBpm>
            <Extensions>
              <ns3:TPX>
                <ns3:Speed>2.4170000553131104</ns3:Speed>
              </ns3:TPX>
            </Extensions>
          </Trackpoint>
          <Trackpoint>
            <Time>2026-07-31T17:19:10.000Z</Time>
            <Position>
              <LatitudeDegrees>44.29010954685509</LatitudeDegrees>
              <LongitudeDegrees>-81.5949774440378</LongitudeDegrees>
            </Position>
            <AltitudeMeters>176.8000030517578</AltitudeMeters>
            <DistanceMeters>372.2300109863281</DistanceMeters>
            <HeartRateBpm>
              <Value>81</Value>
            </HeartRateBpm>
            <Extensions>
              <ns3:TPX>
                <ns3:Speed>2.313999891281128</ns3:Speed>
              </ns3:TPX>
            </Extensions>
          </Trackpoint>
          <Trackpoint>
            <Time>2026-07-31T17:19:13.000Z</Time>
            <Position>
              <LatitudeDegrees>44.29011524654925</LatitudeDegrees>
              <LongitudeDegrees>-81.59505816176534</LongitudeDegrees>
            </Position>
            <AltitudeMeters>177.1999969482422</AltitudeMeters>
            <DistanceMeters>378.67999267578125</DistanceMeters>
            <HeartRateBpm>
              <Value>81</Value>
            </HeartRateBpm>
            <Extensions>
              <ns3:TPX>
                <ns3:Speed>2.0899999141693115</ns3:Speed>
              </ns3:TPX>
            </Extensions>
          </Trackpoint>
          <Trackpoint>
            <Time>2026-07-31T17:19:14.000Z</Time>
            <Position>
              <LatitudeDegrees>44.29010652936995</LatitudeDegrees>
              <LongitudeDegrees>-81.59507341682911</LongitudeDegrees>
            </Position>
            <AltitudeMeters>177.1999969482422</AltitudeMeters>
            <DistanceMeters>380.1000061035156</DistanceMeters>
            <HeartRateBpm>
              <Value>83</Value>
            </HeartRateBpm>
            <Extensions>
              <ns3:TPX>
                <ns3:Speed>1.315999984741211</ns3:Speed>
              </ns3:TPX>
            </Extensions>
          </Trackpoint>
          <Trackpoint>
            <Time>2026-07-31T17:19:19.000Z</Time>
            <Position>
              <LatitudeDegrees>44.29010812193155</LatitudeDegrees>
              <LongitudeDegrees>-81.59511968493462</LongitudeDegrees>
            </Position>
            <AltitudeMeters>177.39999389648438</AltitudeMeters>
            <DistanceMeters>383.6499938964844</DistanceMeters>
            <HeartRateBpm>
              <Value>82</Value>
            </HeartRateBpm>
            <Extensions>
              <ns3:TPX>
                <ns3:Speed>1.315999984741211</ns3:Speed>
              </ns3:TPX>
            </Extensions>
          </Trackpoint>
          <Trackpoint>
            <Time>2026-07-31T17:19:21.000Z</Time>
            <Position>
              <LatitudeDegrees>44.290113653987646</LatitudeDegrees>
              <LongitudeDegrees>-81.59514533355832</LongitudeDegrees>
            </Position>
            <AltitudeMeters>177.39999389648438</AltitudeMeters>
            <DistanceMeters>385.739990234375</DistanceMeters>
            <HeartRateBpm>
              <Value>82</Value>
            </HeartRateBpm>
            <Extensions>
              <ns3:TPX>
                <ns3:Speed>1.194000005722046</ns3:Speed>
              </ns3:TPX>
            </Extensions>
          </Trackpoint>
          <Trackpoint>
            <Time>2026-07-31T17:19:26.000Z</Time>
            <Position>
              <LatitudeDegrees>44.29011826403439</LatitudeDegrees>
              <LongitudeDegrees>-81.59523820504546</LongitudeDegrees>
            </Position>
            <AltitudeMeters>177.60000610351562</AltitudeMeters>
            <DistanceMeters>393.25</DistanceMeters>
            <HeartRateBpm>
              <Value>83</Value>
            </HeartRateBpm>
            <Extensions>
              <ns3:TPX>
                <ns3:Speed>1.222000002861023</ns3:Speed>
              </ns3:TPX>
            </Extensions>
          </Trackpoint>
          <Trackpoint>
            <Time>2026-07-31T17:19:30.000Z</Time>
            <Position>
              <LatitudeDegrees>44.290113570168614</LatitudeDegrees>
              <LongitudeDegrees>-81.5952985547483</LongitudeDegrees>
            </Position>
            <AltitudeMeters>177.8000030517578</AltitudeMeters>
            <DistanceMeters>398.2900085449219</DistanceMeters>
            <HeartRateBpm>
              <Value>83</Value>
            </HeartRateBpm>
            <Extensions>
              <ns3:TPX>
                <ns3:Speed>1.277999997138977</ns3:Speed>
              </ns3:TPX>
            </Extensions>
          </Trackpoint>
          <Trackpoint>
            <Time>2026-07-31T17:19:31.000Z</Time>
            <Position>
              <LatitudeDegrees>44.290113067254424</LatitudeDegrees>
              <LongitudeDegrees>-81.5953138936311</LongitudeDegrees>
            </Position>
            <AltitudeMeters>177.8000030517578</AltitudeMeters>
            <DistanceMeters>399.5</DistanceMeters>
            <HeartRateBpm>
              <Value>82</Value>
            </HeartRateBpm>
            <Extensions>
              <ns3:TPX>
                <ns3:Speed>1.2879999876022339</ns3:Speed>
              </ns3:TPX>
            </Extensions>
          </Trackpoint>
          <Trackpoint>
            <Time>2026-07-31T17:19:32.000Z</Time>
            <Position>
              <LatitudeDegrees>44.29011449217796</LatitudeDegrees>
              <LongitudeDegrees>-81.59532931633294</LongitudeDegrees>
            </Position>
            <AltitudeMeters>178.0</AltitudeMeters>
            <DistanceMeters>400.7300109863281</DistanceMeters>
            <HeartRateBpm>
              <Value>85</Value>
            </HeartRateBpm>
            <Extensions>
              <ns3:TPX>
                <ns3:Speed>1.2970000505447388</ns3:Speed>
              </ns3:TPX>
            </Extensions>
          </Trackpoint>
          <Trackpoint>
            <Time>2026-07-31T17:19:33.000Z</Time>
            <Position>
              <LatitudeDegrees>44.290116503834724</LatitudeDegrees>
              <LongitudeDegrees>-81.59534172154963</LongitudeDegrees>
            </Position>
            <AltitudeMeters>178.0</AltitudeMeters>
            <DistanceMeters>401.739990234375</DistanceMeters>
            <HeartRateBpm>
              <Value>82</Value>
            </HeartRateBpm>
            <Extensions>
              <ns3:TPX>
                <ns3:Speed>1.2970000505447388</ns3:Speed>
              </ns3:TPX>
            </Extensions>
          </Trackpoint>
          <Trackpoint>
            <Time>2026-07-31T17:19:34.000Z</Time>
            <Position>
              <LatitudeDegrees>44.2901161685586</LatitudeDegrees>
              <LongitudeDegrees>-81.59535798244178</LongitudeDegrees>
            </Position>
            <AltitudeMeters>178.1999969482422</AltitudeMeters>
            <DistanceMeters>403.0299987792969</DistanceMeters>
            <HeartRateBpm>
              <Value>82</Value>
            </HeartRateBpm>
            <Extensions>
              <ns3:TPX>
                <ns3:Speed>1.2970000505447388</ns3:Speed>
              </ns3:TPX>
            </Extensions>
          </Trackpoint>
          <Trackpoint>
            <Time>2026-07-31T17:19:37.000Z</Time>
            <Position>
              <LatitudeDegrees>44.29012128151953</LatitudeDegrees>
              <LongitudeDegrees>-81.59541573375463</LongitudeDegrees>
            </Position>
            <AltitudeMeters>178.1999969482422</AltitudeMeters>
            <DistanceMeters>407.6700134277344</DistanceMeters>
            <HeartRateBpm>
              <Value>81</Value>
            </HeartRateBpm>
            <Extensions>
              <ns3:TPX>
                <ns3:Speed>1.305999994277954</ns3:Speed>
              </ns3:TPX>
            </Extensions>
          </Trackpoint>
          <Trackpoint>
            <Time>2026-07-31T17:19:43.000Z</Time>
            <Position>
              <LatitudeDegrees>44.290153132751584</LatitudeDegrees>
              <LongitudeDegrees>-81.59552930854261</LongitudeDegrees>
            </Position>
            <AltitudeMeters>178.1999969482422</AltitudeMeters>
            <DistanceMeters>417.4200134277344</DistanceMeters>
            <HeartRateBpm>
              <Value>84</Value>
            </HeartRateBpm>
            <Extensions>
              <ns3:TPX>
                <ns3:Speed>1.5579999685287476</ns3:Speed>
              </ns3:TPX>
            </Extensions>
          </Trackpoint>
          <Trackpoint>
            <Time>2026-07-31T17:19:45.000Z</Time>
            <Position>
              <LatitudeDegrees>44.29016671143472</LatitudeDegrees>
              <LongitudeDegrees>-81.59557021223009</LongitudeDegrees>
            </Position>
            <AltitudeMeters>178.1999969482422</AltitudeMeters>
            <DistanceMeters>421.010009765625</DistanceMeters>
            <HeartRateBpm>
              <Value>85</Value>
            </HeartRateBpm>
            <Extensions>
              <ns3:TPX>
                <ns3:Speed>1.5679999589920044</ns3:Speed>
              </ns3:TPX>
            </Extensions>
          </Trackpoint>
          <Trackpoint>
            <Time>2026-07-31T17:19:55.000Z</Time>
            <Position>
              <LatitudeDegrees>44.290206860750914</LatitudeDegrees>
              <LongitudeDegrees>-81.59577053971589</LongitudeDegrees>
            </Position>
            <AltitudeMeters>178.1999969482422</AltitudeMeters>
            <DistanceMeters>437.7300109863281</DistanceMeters>
            <HeartRateBpm>
              <Value>87</Value>
            </HeartRateBpm>
            <Extensions>
              <ns3:TPX>
                <ns3:Speed>1.6979999542236328</ns3:Speed>
              </ns3:TPX>
            </Extensions>
          </Trackpoint>
          <Trackpoint>
            <Time>2026-07-31T17:19:56.000Z</Time>
            <Position>
              <LatitudeDegrees>44.29021239280701</LatitudeDegrees>
              <LongitudeDegrees>-81.59578830935061</LongitudeDegrees>
            </Position>
            <AltitudeMeters>178.0</AltitudeMeters>
            <DistanceMeters>439.260009765625</DistanceMeters>
            <HeartRateBpm>
              <Value>84</Value>
            </HeartRateBpm>
            <Extensions>
              <ns3:TPX>
                <ns3:Speed>1.6519999504089355</ns3:Speed>
              </ns3:TPX>
            </Extensions>
          </Trackpoint>
          <Trackpoint>
            <Time>2026-07-31T17:19:57.000Z</Time>
            <Position>
              <LatitudeDegrees>44.29021297954023</LatitudeDegrees>
              <LongitudeDegrees>-81.59580792300403</LongitudeDegrees>
            </Position>
            <AltitudeMeters>177.8000030517578</AltitudeMeters>
            <DistanceMeters>440.8299865722656</DistanceMeters>
            <HeartRateBpm>
              <Value>87</Value>
            </HeartRateBpm>
            <Extensions>
              <ns3:TPX>
                <ns3:Speed>1.5119999647140503</ns3:Speed>
              </ns3:TPX>
            </Extensions>
          </Trackpoint>
          <Trackpoint>
            <Time>2026-07-31T17:20:01.000Z</Time>
            <Position>
              <LatitudeDegrees>44.29021348245442</LatitudeDegrees>
              <LongitudeDegrees>-81.59588545560837</LongitudeDegrees>
            </Position>
            <AltitudeMeters>177.39999389648438</AltitudeMeters>
            <DistanceMeters>447.010009765625</DistanceMeters>
            <HeartRateBpm>
              <Value>88</Value>
            </HeartRateBpm>
            <Extensions>
              <ns3:TPX>
                <ns3:Speed>1.399999976158142</ns3:Speed>
              </ns3:TPX>
            </Extensions>
          </Trackpoint>
          <Trackpoint>
            <Time>2026-07-31T17:20:03.000Z</Time>
            <Position>
              <LatitudeDegrees>44.29020811803639</LatitudeDegrees>
              <LongitudeDegrees>-81.59591319970787</LongitudeDegrees>
            </Position>
            <AltitudeMeters>177.60000610351562</AltitudeMeters>
            <DistanceMeters>449.2799987792969</DistanceMeters>
            <HeartRateBpm>
              <Value>90</Value>
            </HeartRateBpm>
            <Extensions>
              <ns3:TPX>
                <ns3:Speed>1.3250000476837158</ns3:Speed>
              </ns3:TPX>
            </Extensions>
          </Trackpoint>
          <Trackpoint>
            <Time>2026-07-31T17:20:06.000Z</Time>
            <Position>
              <LatitudeDegrees>44.29021121934056</LatitudeDegrees>
              <LongitudeDegrees>-81.59593909978867</LongitudeDegrees>
            </Position>
            <AltitudeMeters>177.8000030517578</AltitudeMeters>
            <DistanceMeters>451.30999755859375</DistanceMeters>
            <HeartRateBpm>
              <Value>88</Value>
            </HeartRateBpm>
            <Extensions>
              <ns3:TPX>
                <ns3:Speed>1.277999997138977</ns3:Speed>
              </ns3:TPX>
            </Extensions>
          </Trackpoint>
          <Trackpoint>
            <Time>2026-07-31T17:20:09.000Z</Time>
            <Position>
              <LatitudeDegrees>44.29020568728447</LatitudeDegrees>
              <LongitudeDegrees>-81.59595251083374</LongitudeDegrees>
            </Position>
            <AltitudeMeters>177.60000610351562</AltitudeMeters>
            <DistanceMeters>452.489990234375</DistanceMeters>
            <HeartRateBpm>
              <Value>88</Value>
            </HeartRateBpm>
            <Extensions>
              <ns3:TPX>
                <ns3:Speed>0.47600001096725464</ns3:Speed>
              </ns3:TPX>
            </Extensions>
          </Trackpoint>
          <Trackpoint>
            <Time>2026-07-31T17:20:14.000Z</Time>
            <Position>
              <LatitudeDegrees>44.29021214134991</LatitudeDegrees>
              <LongitudeDegrees>-81.59598369151354</LongitudeDegrees>
            </Position>
            <AltitudeMeters>177.8000030517578</AltitudeMeters>
            <DistanceMeters>455.0</DistanceMeters>
            <HeartRateBpm>
              <Value>87</Value>
            </HeartRateBpm>
            <Extensions>
              <ns3:TPX>
                <ns3:Speed>0.625</ns3:Speed>
              </ns3:TPX>
            </Extensions>
          </Trackpoint>
          <Trackpoint>
            <Time>2026-07-31T17:20:19.000Z</Time>
            <Position>
              <LatitudeDegrees>44.29022337310016</LatitudeDegrees>
              <LongitudeDegrees>-81.59604295156896</LongitudeDegrees>
            </Position>
            <AltitudeMeters>177.60000610351562</AltitudeMeters>
            <DistanceMeters>459.94000244140625</DistanceMeters>
            <HeartRateBpm>
              <Value>88</Value>
            </HeartRateBpm>
            <Extensions>
              <ns3:TPX>
                <ns3:Speed>0.9890000224113464</ns3:Speed>
              </ns3:TPX>
            </Extensions>
          </Trackpoint>
          <Trackpoint>
            <Time>2026-07-31T17:20:22.000Z</Time>
            <Position>
              <LatitudeDegrees>44.29024131037295</LatitudeDegrees>
              <LongitudeDegrees>-81.59609533846378</LongitudeDegrees>
            </Position>
            <AltitudeMeters>177.60000610351562</AltitudeMeters>
            <DistanceMeters>464.69000244140625</DistanceMeters>
            <HeartRateBpm>
              <Value>88</Value>
            </HeartRateBpm>
            <Extensions>
              <ns3:TPX>
                <ns3:Speed>1.6699999570846558</ns3:Speed>
              </ns3:TPX>
            </Extensions>
          </Trackpoint>
          <Trackpoint>
            <Time>2026-07-31T17:20:28.000Z</Time>
            <Position>
              <LatitudeDegrees>44.2903096228838</LatitudeDegrees>
              <LongitudeDegrees>-81.59620857797563</LongitudeDegrees>
            </Position>
            <AltitudeMeters>177.8000030517578</AltitudeMeters>
            <DistanceMeters>476.5199890136719</DistanceMeters>
            <HeartRateBpm>
              <Value>87</Value>
            </HeartRateBpm>
            <Extensions>
              <ns3:TPX>
                <ns3:Speed>1.6979999542236328</ns3:Speed>
              </ns3:TPX>
            </Extensions>
          </Trackpoint>
          <Trackpoint>
            <Time>2026-07-31T17:20:35.000Z</Time>
            <Position>
              <LatitudeDegrees>44.290394615381956</LatitudeDegrees>
              <LongitudeDegrees>-81.59638334065676</LongitudeDegrees>
            </Position>
            <AltitudeMeters>177.39999389648438</AltitudeMeters>
            <DistanceMeters>493.2799987792969</DistanceMeters>
            <HeartRateBpm>
              <Value>88</Value>
            </HeartRateBpm>
            <Extensions>
              <ns3:TPX>
                <ns3:Speed>2.1649999618530273</ns3:Speed>
              </ns3:TPX>
            </Extensions>
          </Trackpoint>
          <Trackpoint>
            <Time>2026-07-31T17:20:42.000Z</Time>
            <Position>
              <LatitudeDegrees>44.290475249290466</LatitudeDegrees>
              <LongitudeDegrees>-81.59654092043638</LongitudeDegrees>
            </Position>
            <AltitudeMeters>178.0</AltitudeMeters>
            <DistanceMeters>508.75</DistanceMeters>
            <HeartRateBpm>
              <Value>87</Value>
            </HeartRateBpm>
            <Extensions>
              <ns3:TPX>
                <ns3:Speed>2.313999891281128</ns3:Speed>
              </ns3:TPX>
            </Extensions>
          </Trackpoint>
          <Trackpoint>
            <Time>2026-07-31T17:20:50.000Z</Time>
            <Position>
              <LatitudeDegrees>44.290543058887124</LatitudeDegrees>
              <LongitudeDegrees>-81.59673923626542</LongitudeDegrees>
            </Position>
            <AltitudeMeters>178.0</AltitudeMeters>
            <DistanceMeters>526.219970703125</DistanceMeters>
            <HeartRateBpm>
              <Value>88</Value>
            </HeartRateBpm>
            <Extensions>
              <ns3:TPX>
                <ns3:Speed>2.2950000762939453</ns3:Speed>
              </ns3:TPX>
            </Extensions>
          </Trackpoint>
          <Trackpoint>
            <Time>2026-07-31T17:20:58.000Z</Time>
            <Position>
              <LatitudeDegrees>44.29063802585006</LatitudeDegrees>
              <LongitudeDegrees>-81.59694459289312</LongitudeDegrees>
            </Position>
            <AltitudeMeters>178.1999969482422</AltitudeMeters>
            <DistanceMeters>545.719970703125</DistanceMeters>
            <HeartRateBpm>
              <Value>88</Value>
            </HeartRateBpm>
            <Extensions>
              <ns3:TPX>
                <ns3:Speed>2.3980000019073486</ns3:Speed>
              </ns3:TPX>
            </Extensions>
          </Trackpoint>
          <Trackpoint>
            <Time>2026-07-31T17:21:05.000Z</Time>
            <Position>
              <LatitudeDegrees>44.29072855040431</LatitudeDegrees>
              <LongitudeDegrees>-81.59712145105004</LongitudeDegrees>
            </Position>
            <AltitudeMeters>178.1999969482422</AltitudeMeters>
            <DistanceMeters>563.0599975585938</DistanceMeters>
            <HeartRateBpm>
              <Value>88</Value>
            </HeartRateBpm>
            <Extensions>
              <ns3:TPX>
                <ns3:Speed>2.3420000076293945</ns3:Speed>
              </ns3:TPX>
            </Extensions>
          </Trackpoint>
          <Trackpoint>
            <Time>2026-07-31T17:21:13.000Z</Time>
            <Position>
              <LatitudeDegrees>44.29083944298327</LatitudeDegrees>
              <LongitudeDegrees>-81.59731674939394</LongitudeDegrees>
            </Position>
            <AltitudeMeters>178.60000610351562</AltitudeMeters>
            <DistanceMeters>582.9299926757812</DistanceMeters>
            <HeartRateBpm>
              <Value>86</Value>
            </HeartRateBpm>
            <Extensions>
              <ns3:TPX>
                <ns3:Speed>2.5380001068115234</ns3:Speed>
              </ns3:TPX>
            </Extensions>
          </Trackpoint>
          <Trackpoint>
            <Time>2026-07-31T17:21:19.000Z</Time>
            <Position>
              <LatitudeDegrees>44.29090800695121</LatitudeDegrees>
              <LongitudeDegrees>-81.59747315570712</LongitudeDegrees>
            </Position>
            <AltitudeMeters>178.60000610351562</AltitudeMeters>
            <DistanceMeters>597.5800170898438</DistanceMeters>
            <HeartRateBpm>
              <Value>87</Value>
            </HeartRateBpm>
            <Extensions>
              <ns3:TPX>
                <ns3:Speed>2.4630000591278076</ns3:Speed>
              </ns3:TPX>
            </Extensions>
          </Trackpoint>
          <Trackpoint>
            <Time>2026-07-31T17:21:26.000Z</Time>
            <Position>
              <LatitudeDegrees>44.29098880849779</LatitudeDegrees>
              <LongitudeDegrees>-81.59766619093716</LongitudeDegrees>
            </Position>
            <AltitudeMeters>179.0</AltitudeMeters>
            <DistanceMeters>615.4199829101562</DistanceMeters>
            <HeartRateBpm>
              <Value>87</Value>
            </HeartRateBpm>
            <Extensions>
              <ns3:TPX>
                <ns3:Speed>2.4630000591278076</ns3:Speed>
              </ns3:TPX>
            </Extensions>
          </Trackpoint>
          <Trackpoint>
            <Time>2026-07-31T17:21:28.000Z</Time>
            <Position>
              <LatitudeDegrees>44.291011691093445</LatitudeDegrees>
              <LongitudeDegrees>-81.59771673381329</LongitudeDegrees>
            </Position>
            <AltitudeMeters>179.1999969482422</AltitudeMeters>
            <DistanceMeters>620.1699829101562</DistanceMeters>
            <HeartRateBpm>
              <Value>87</Value>
            </HeartRateBpm>
            <Extensions>
              <ns3:TPX>
                <ns3:Speed>2.3329999446868896</ns3:Speed>
              </ns3:TPX>
            </Extensions>
          </Trackpoint>
          <Trackpoint>
            <Time>2026-07-31T17:21:34.000Z</Time>
            <Position>
              <LatitudeDegrees>44.29107170552015</LatitudeDegrees>
              <LongitudeDegrees>-81.59786886535585</LongitudeDegrees>
            </Position>
            <AltitudeMeters>179.0</AltitudeMeters>
            <DistanceMeters>634.0499877929688</DistanceMeters>
            <HeartRateBpm>
              <Value>87</Value>
            </HeartRateBpm>
            <Extensions>
              <ns3:TPX>
                <ns3:Speed>2.313999891281128</ns3:Speed>
              </ns3:TPX>
            </Extensions>
          </Trackpoint>
          <Trackpoint>
            <Time>2026-07-31T17:21:43.000Z</Time>
            <Position>
              <LatitudeDegrees>44.291161727160215</LatitudeDegrees>
              <LongitudeDegrees>-81.59811839461327</LongitudeDegrees>
            </Position>
            <AltitudeMeters>179.0</AltitudeMeters>
            <DistanceMeters>656.3499755859375</DistanceMeters>
            <HeartRateBpm>
              <Value>84</Value>
            </HeartRateBpm>
            <Extensions>
              <ns3:TPX>
                <ns3:Speed>2.3420000076293945</ns3:Speed>
              </ns3:TPX>
            </Extensions>
          </Trackpoint>
          <Trackpoint>
            <Time>2026-07-31T17:21:45.000Z</Time>
            <Position>
              <LatitudeDegrees>44.291184609755874</LatitudeDegrees>
              <LongitudeDegrees>-81.59817514009774</LongitudeDegrees>
            </Position>
            <AltitudeMeters>179.1999969482422</AltitudeMeters>
            <DistanceMeters>661.5499877929688</DistanceMeters>
            <HeartRateBpm>
              <Value>83</Value>
            </HeartRateBpm>
            <Extensions>
              <ns3:TPX>
                <ns3:Speed>2.369999885559082</ns3:Speed>
              </ns3:TPX>
            </Extensions>
          </Trackpoint>
          <Trackpoint>
            <Time>2026-07-31T17:21:51.000Z</Time>
            <Position>
              <LatitudeDegrees>44.29125778377056</LatitudeDegrees>
              <LongitudeDegrees>-81.5983224939555</LongitudeDegrees>
            </Position>
            <AltitudeMeters>179.39999389648438</AltitudeMeters>
            <DistanceMeters>675.8300170898438</DistanceMeters>
            <HeartRateBpm>
              <Value>80</Value>
            </HeartRateBpm>
            <Extensions>
              <ns3:TPX>
                <ns3:Speed>2.3510000705718994</ns3:Speed>
              </ns3:TPX>
            </Extensions>
          </Trackpoint>
          <Trackpoint>
            <Time>2026-07-31T17:21:54.000Z</Time>
            <Position>
              <LatitudeDegrees>44.291296591982245</LatitudeDegrees>
              <LongitudeDegrees>-81.59840597771108</LongitudeDegrees>
            </Position>
            <AltitudeMeters>179.39999389648438</AltitudeMeters>
            <DistanceMeters>683.77001953125</DistanceMeters>
            <HeartRateBpm>
              <Value>77</Value>
            </HeartRateBpm>
            <Extensions>
              <ns3:TPX>
                <ns3:Speed>2.500999927520752</ns3:Speed>
              </ns3:TPX>
            </Extensions>
          </Trackpoint>
          <Trackpoint>
            <Time>2026-07-31T17:21:56.000Z</Time>
            <Position>
              <LatitudeDegrees>44.29132115095854</LatitudeDegrees>
              <LongitudeDegrees>-81.5984599571675</LongitudeDegrees>
            </Position>
            <AltitudeMeters>179.39999389648438</AltitudeMeters>
            <DistanceMeters>688.8800048828125</DistanceMeters>
            <HeartRateBpm>
              <Value>76</Value>
            </HeartRateBpm>
            <Extensions>
              <ns3:TPX>
                <ns3:Speed>2.5290000438690186</ns3:Speed>
              </ns3:TPX>
            </Extensions>
          </Trackpoint>
          <Trackpoint>
            <Time>2026-07-31T17:22:04.000Z</Time>
            <Position>
              <LatitudeDegrees>44.291408993303776</LatitudeDegrees>
              <LongitudeDegrees>-81.5986898727715</LongitudeDegrees>
            </Position>
            <AltitudeMeters>179.60000610351562</AltitudeMeters>
            <DistanceMeters>709.7000122070312</DistanceMeters>
            <HeartRateBpm>
              <Value>76</Value>
            </HeartRateBpm>
            <Extensions>
              <ns3:TPX>
                <ns3:Speed>2.5290000438690186</ns3:Speed>
              </ns3:TPX>
            </Extensions>
          </Trackpoint>
          <Trackpoint>
            <Time>2026-07-31T17:22:10.000Z</Time>
            <Position>
              <LatitudeDegrees>44.291464230045676</LatitudeDegrees>
              <LongitudeDegrees>-81.59884233959019</LongitudeDegrees>
            </Position>
            <AltitudeMeters>179.60000610351562</AltitudeMeters>
            <DistanceMeters>723.3099975585938</DistanceMeters>
            <HeartRateBpm>
              <Value>76</Value>
            </HeartRateBpm>
            <Extensions>
              <ns3:TPX>
                <ns3:Speed>2.444999933242798</ns3:Speed>
              </ns3:TPX>
            </Extensions>
          </Trackpoint>
          <Trackpoint>
            <Time>2026-07-31T17:22:17.000Z</Time>
            <Position>
              <LatitudeDegrees>44.29151812568307</LatitudeDegrees>
              <LongitudeDegrees>-81.59901458770037</LongitudeDegrees>
            </Position>
            <AltitudeMeters>179.60000610351562</AltitudeMeters>
            <DistanceMeters>738.280029296875</DistanceMeters>
            <HeartRateBpm>
              <Value>76</Value>
            </HeartRateBpm>
            <Extensions>
              <ns3:TPX>
                <ns3:Speed>2.1549999713897705</ns3:Speed>
              </ns3:TPX>
            </Extensions>
          </Trackpoint>
          <Trackpoint>
            <Time>2026-07-31T17:22:24.000Z</Time>
            <Position>
              <LatitudeDegrees>44.291569674387574</LatitudeDegrees>
              <LongitudeDegrees>-81.59920435398817</LongitudeDegrees>
            </Position>
            <AltitudeMeters>179.60000610351562</AltitudeMeters>
            <DistanceMeters>754.5900268554688</DistanceMeters>
            <HeartRateBpm>
              <Value>78</Value>
            </HeartRateBpm>
            <Extensions>
              <ns3:TPX>
                <ns3:Speed>2.2300000190734863</ns3:Speed>
              </ns3:TPX>
            </Extensions>
          </Trackpoint>
          <Trackpoint>
            <Time>2026-07-31T17:22:26.000Z</Time>
            <Position>
              <LatitudeDegrees>44.29158476181328</LatitudeDegrees>
              <LongitudeDegrees>-81.59925481304526</LongitudeDegrees>
            </Position>
            <AltitudeMeters>179.60000610351562</AltitudeMeters>
            <DistanceMeters>758.9400024414062</DistanceMeters>
            <HeartRateBpm>
              <Value>81</Value>
            </HeartRateBpm>
            <Extensions>
              <ns3:TPX>
                <ns3:Speed>2.2109999656677246</ns3:Speed>
              </ns3:TPX>
            </Extensions>
          </Trackpoint>
          <Trackpoint>
            <Time>2026-07-31T17:22:29.000Z</Time>
            <Position>
              <LatitudeDegrees>44.29161351174116</LatitudeDegrees>
              <LongitudeDegrees>-81.59933125600219</LongitudeDegrees>
            </Position>
            <AltitudeMeters>179.60000610351562</AltitudeMeters>
            <DistanceMeters>765.75</DistanceMeters>
            <HeartRateBpm>
              <Value>76</Value>
            </HeartRateBpm>
            <Extensions>
              <ns3:TPX>
                <ns3:Speed>2.1459999084472656</ns3:Speed>
              </ns3:TPX>
            </Extensions>
          </Trackpoint>
          <Trackpoint>
            <Time>2026-07-31T17:22:30.000Z</Time>
            <Position>
              <LatitudeDegrees>44.29162382148206</LatitudeDegrees>
              <LongitudeDegrees>-81.59935439005494</LongitudeDegrees>
            </Position>
            <AltitudeMeters>179.60000610351562</AltitudeMeters>
            <DistanceMeters>767.8900146484375</DistanceMeters>
            <HeartRateBpm>
              <Value>77</Value>
            </HeartRateBpm>
            <Extensions>
              <ns3:TPX>
                <ns3:Speed>2.0899999141693115</ns3:Speed>
              </ns3:TPX>
            </Extensions>
          </Trackpoint>
          <Trackpoint>
            <Time>2026-07-31T17:22:31.000Z</Time>
            <Position>
              <LatitudeDegrees>44.29163161665201</LatitudeDegrees>
              <LongitudeDegrees>-81.59938003867865</LongitudeDegrees>
            </Position>
            <AltitudeMeters>179.60000610351562</AltitudeMeters>
            <DistanceMeters>770.0999755859375</DistanceMeters>
            <HeartRateBpm>
              <Value>77</Value>
            </HeartRateBpm>
            <Extensions>
              <ns3:TPX>
                <ns3:Speed>2.1459999084472656</ns3:Speed>
              </ns3:TPX>
            </Extensions>
          </Trackpoint>
          <Trackpoint>
            <Time>2026-07-31T17:22:39.000Z</Time>
            <Position>
              <LatitudeDegrees>44.2916910443455</LatitudeDegrees>
              <LongitudeDegrees>-81.59959327429533</LongitudeDegrees>
            </Position>
            <AltitudeMeters>179.39999389648438</AltitudeMeters>
            <DistanceMeters>788.27001953125</DistanceMeters>
            <HeartRateBpm>
              <Value>78</Value>
            </HeartRateBpm>
            <Extensions>
              <ns3:TPX>
                <ns3:Speed>2.1459999084472656</ns3:Speed>
              </ns3:TPX>
            </Extensions>
          </Trackpoint>
          <Trackpoint>
            <Time>2026-07-31T17:22:44.000Z</Time>
            <Position>
              <LatitudeDegrees>44.291714346036315</LatitudeDegrees>
              <LongitudeDegrees>-81.59969167783856</LongitudeDegrees>
            </Position>
            <AltitudeMeters>180.39999389648438</AltitudeMeters>
            <DistanceMeters>796.5800170898438</DistanceMeters>
            <HeartRateBpm>
              <Value>80</Value>
            </HeartRateBpm>
            <Extensions>
              <ns3:TPX>
                <ns3:Speed>1.1380000114440918</ns3:Speed>
              </ns3:TPX>
            </Extensions>
          </Trackpoint>
          <Trackpoint>
            <Time>2026-07-31T17:22:45.000Z</Time>
            <Position>
              <LatitudeDegrees>44.291717698797584</LatitudeDegrees>
              <LongitudeDegrees>-81.59969855099916</LongitudeDegrees>
            </Position>
            <AltitudeMeters>180.60000610351562</AltitudeMeters>
            <DistanceMeters>797.239990234375</DistanceMeters>
            <HeartRateBpm>
              <Value>79</Value>
            </HeartRateBpm>
            <Extensions>
              <ns3:TPX>
                <ns3:Speed>0.8019999861717224</ns3:Speed>
              </ns3:TPX>
            </Extensions>
          </Trackpoint>
          <Trackpoint>
            <Time>2026-07-31T17:22:50.000Z</Time>
            <Position>
              <LatitudeDegrees>44.29171610623598</LatitudeDegrees>
              <LongitudeDegrees>-81.59969419240952</LongitudeDegrees>
            </Position>
            <AltitudeMeters>180.8000030517578</AltitudeMeters>
            <DistanceMeters>798.0900268554688</DistanceMeters>
            <HeartRateBpm>
              <Value>82</Value>
            </HeartRateBpm>
            <Extensions>
              <ns3:TPX>
                <ns3:Speed>0.0</ns3:Speed>
              </ns3:TPX>
            </Extensions>
          </Trackpoint>
          <Trackpoint>
            <Time>2026-07-31T17:22:51.000Z</Time>
            <Position>
              <LatitudeDegrees>44.29171015508473</LatitudeDegrees>
              <LongitudeDegrees>-81.59969067201018</LongitudeDegrees>
            </Position>
            <AltitudeMeters>181.1999969482422</AltitudeMeters>
            <DistanceMeters>798.7999877929688</DistanceMeters>
            <HeartRateBpm>
              <Value>78</Value>
            </HeartRateBpm>
            <Extensions>
              <ns3:TPX>
                <ns3:Speed>0.0</ns3:Speed>
              </ns3:TPX>
            </Extensions>
          </Trackpoint>
          <Trackpoint>
            <Time>2026-07-31T17:22:52.000Z</Time>
            <Position>
              <LatitudeDegrees>44.29170738905668</LatitudeDegrees>
              <LongitudeDegrees>-81.5996846370399</LongitudeDegrees>
            </Position>
            <AltitudeMeters>181.39999389648438</AltitudeMeters>
            <DistanceMeters>799.2899780273438</DistanceMeters>
            <HeartRateBpm>
              <Value>80</Value>
            </HeartRateBpm>
            <Extensions>
              <ns3:TPX>
                <ns3:Speed>0.0</ns3:Speed>
              </ns3:TPX>
            </Extensions>
          </Trackpoint>
          <Trackpoint>
            <Time>2026-07-31T17:22:56.000Z</Time>
            <Position>
              <LatitudeDegrees>44.291693894192576</LatitudeDegrees>
              <LongitudeDegrees>-81.59965395927429</LongitudeDegrees>
            </Position>
            <AltitudeMeters>181.8000030517578</AltitudeMeters>
            <DistanceMeters>802.1500244140625</DistanceMeters>
            <HeartRateBpm>
              <Value>81</Value>
            </HeartRateBpm>
            <Extensions>
              <ns3:TPX>
                <ns3:Speed>0.9520000219345093</ns3:Speed>
              </ns3:TPX>
            </Extensions>
          </Trackpoint>
          <Trackpoint>
            <Time>2026-07-31T17:23:00.000Z</Time>
            <Position>
              <LatitudeDegrees>44.29163203574717</LatitudeDegrees>
              <LongitudeDegrees>-81.59961456432939</LongitudeDegrees>
            </Position>
            <AltitudeMeters>182.1999969482422</AltitudeMeters>
            <DistanceMeters>809.7100219726562</DistanceMeters>
            <HeartRateBpm>
              <Value>84</Value>
            </HeartRateBpm>
            <Extensions>
              <ns3:TPX>
                <ns3:Speed>1.996999979019165</ns3:Speed>
              </ns3:TPX>
            </Extensions>
          </Trackpoint>
          <Trackpoint>
            <Time>2026-07-31T17:23:02.000Z</Time>
            <Position>
              <LatitudeDegrees>44.291590293869376</LatitudeDegrees>
              <LongitudeDegrees>-81.5995847247541</LongitudeDegrees>
            </Position>
            <AltitudeMeters>182.1999969482422</AltitudeMeters>
            <DistanceMeters>814.8900146484375</DistanceMeters>
            <HeartRateBpm>
              <Value>85</Value>
            </HeartRateBpm>
            <Extensions>
              <ns3:TPX>
                <ns3:Speed>2.378999948501587</ns3:Speed>
              </ns3:TPX>
            </Extensions>
          </Trackpoint>
          <Trackpoint>
            <Time>2026-07-31T17:23:06.000Z</Time>
            <Position>
              <LatitudeDegrees>44.29152156226337</LatitudeDegrees>
              <LongitudeDegrees>-81.5994859021157</LongitudeDegrees>
            </Position>
            <AltitudeMeters>181.8000030517578</AltitudeMeters>
            <DistanceMeters>826.010009765625</DistanceMeters>
            <HeartRateBpm>
              <Value>88</Value>
            </HeartRateBpm>
            <Extensions>
              <ns3:TPX>
                <ns3:Speed>2.4630000591278076</ns3:Speed>
              </ns3:TPX>
            </Extensions>
          </Trackpoint>
          <Trackpoint>
            <Time>2026-07-31T17:23:08.000Z</Time>
            <Position>
              <LatitudeDegrees>44.29150211624801</LatitudeDegrees>
              <LongitudeDegrees>-81.59942161291838</LongitudeDegrees>
            </Position>
            <AltitudeMeters>181.8000030517578</AltitudeMeters>
            <DistanceMeters>831.5499877929688</DistanceMeters>
            <HeartRateBpm>
              <Value>89</Value>
            </HeartRateBpm>
            <Extensions>
              <ns3:TPX>
                <ns3:Speed>2.500999927520752</ns3:Speed>
              </ns3:TPX>
            </Extensions>
          </Trackpoint>
          <Trackpoint>
            <Time>2026-07-31T17:23:17.000Z</Time>
            <Position>
              <LatitudeDegrees>44.29137605242431</LatitudeDegrees>
              <LongitudeDegrees>-81.59910737536848</LongitudeDegrees>
            </Position>
            <AltitudeMeters>181.8000030517578</AltitudeMeters>
            <DistanceMeters>860.3200073242188</DistanceMeters>
            <HeartRateBpm>
              <Value>90</Value>
            </HeartRateBpm>
            <Extensions>
              <ns3:TPX>
                <ns3:Speed>3.0880000591278076</ns3:Speed>
              </ns3:TPX>
            </Extensions>
          </Trackpoint>
          <Trackpoint>
            <Time>2026-07-31T17:23:23.000Z</Time>
            <Position>
              <LatitudeDegrees>44.29129533469677</LatitudeDegrees>
              <LongitudeDegrees>-81.59890981391072</LongitudeDegrees>
            </Position>
            <AltitudeMeters>181.8000030517578</AltitudeMeters>
            <DistanceMeters>878.469970703125</DistanceMeters>
            <HeartRateBpm>
              <Value>89</Value>
            </HeartRateBpm>
            <Extensions>
              <ns3:TPX>
                <ns3:Speed>3.171999931335449</ns3:Speed>
              </ns3:TPX>
            </Extensions>
          </Trackpoint>
          <Trackpoint>
            <Time>2026-07-31T17:23:30.000Z</Time>
            <Position>
              <LatitudeDegrees>44.29118486121297</LatitudeDegrees>
              <LongitudeDegrees>-81.59865190275013</LongitudeDegrees>
            </Position>
            <AltitudeMeters>181.8000030517578</AltitudeMeters>
            <DistanceMeters>902.4600219726562</DistanceMeters>
            <HeartRateBpm>
              <Value>85</Value>
            </HeartRateBpm>
            <Extensions>
              <ns3:TPX>
                <ns3:Speed>3.3499999046325684</ns3:Speed>
              </ns3:TPX>
            </Extensions>
          </Trackpoint>
          <Trackpoint>
            <Time>2026-07-31T17:23:31.000Z</Time>
            <Position>
              <LatitudeDegrees>44.291169103235006</LatitudeDegrees>
              <LongitudeDegrees>-81.59861678257585</LongitudeDegrees>
            </Position>
            <AltitudeMeters>181.8000030517578</AltitudeMeters>
            <DistanceMeters>905.760009765625</DistanceMeters>
            <HeartRateBpm>
              <Value>87</Value>
            </HeartRateBpm>
            <Extensions>
              <ns3:TPX>
                <ns3:Speed>3.3499999046325684</ns3:Speed>
              </ns3:TPX>
            </Extensions>
          </Trackpoint>
          <Trackpoint>
            <Time>2026-07-31T17:23:37.000Z</Time>
            <Position>
              <LatitudeDegrees>44.291055696085095</LatitudeDegrees>
              <LongitudeDegrees>-81.59840689972043</LongitudeDegrees>
            </Position>
            <AltitudeMeters>181.60000610351562</AltitudeMeters>
            <DistanceMeters>926.719970703125</DistanceMeters>
            <HeartRateBpm>
              <Value>84</Value>
            </HeartRateBpm>
            <Extensions>
              <ns3:TPX>
                <ns3:Speed>3.2939999103546143</ns3:Speed>
              </ns3:TPX>
            </Extensions>
          </Trackpoint>
          <Trackpoint>
            <Time>2026-07-31T17:23:40.000Z</Time>
            <Position>
              <LatitudeDegrees>44.29100154899061</LatitudeDegrees>
              <LongitudeDegrees>-81.59829642623663</LongitudeDegrees>
            </Position>
            <AltitudeMeters>181.60000610351562</AltitudeMeters>
            <DistanceMeters>937.4199829101562</DistanceMeters>
            <HeartRateBpm>
              <Value>82</Value>
            </HeartRateBpm>
            <Extensions>
              <ns3:TPX>
                <ns3:Speed>3.2939999103546143</ns3:Speed>
              </ns3:TPX>
            </Extensions>
          </Trackpoint>
          <Trackpoint>
            <Time>2026-07-31T17:23:45.000Z</Time>
            <Position>
              <LatitudeDegrees>44.29092611186206</LatitudeDegrees>
              <LongitudeDegrees>-81.59810875542462</LongitudeDegrees>
            </Position>
            <AltitudeMeters>181.60000610351562</AltitudeMeters>
            <DistanceMeters>954.5700073242188</DistanceMeters>
            <HeartRateBpm>
              <Value>78</Value>
            </HeartRateBpm>
            <Extensions>
              <ns3:TPX>
                <ns3:Speed>3.3589999675750732</ns3:Speed>
              </ns3:TPX>
            </Extensions>
          </Trackpoint>
          <Trackpoint>
            <Time>2026-07-31T17:23:51.000Z</Time>
            <Position>
              <LatitudeDegrees>44.29083860479295</LatitudeDegrees>
              <LongitudeDegrees>-81.59789090976119</LongitudeDegrees>
            </Position>
            <AltitudeMeters>181.60000610351562</AltitudeMeters>
            <DistanceMeters>974.489990234375</DistanceMeters>
            <HeartRateBpm>
              <Value>78</Value>
            </HeartRateBpm>
            <Extensions>
              <ns3:TPX>
                <ns3:Speed>3.3589999675750732</ns3:Speed>
              </ns3:TPX>
            </Extensions>
          </Trackpoint>
          <Trackpoint>
            <Time>2026-07-31T17:23:59.000Z</Time>
            <Position>
              <LatitudeDegrees>44.290743973106146</LatitudeDegrees>
              <LongitudeDegrees>-81.59762755036354</LongitudeDegrees>
            </Position>
            <AltitudeMeters>181.39999389648438</AltitudeMeters>
            <DistanceMeters>997.9299926757812</DistanceMeters>
            <HeartRateBpm>
              <Value>77</Value>
            </HeartRateBpm>
            <Extensions>
              <ns3:TPX>
                <ns3:Speed>2.9579999446868896</ns3:Speed>
              </ns3:TPX>
            </Extensions>
          </Trackpoint>
          <Trackpoint>
            <Time>2026-07-31T17:24:05.000Z</Time>
            <Position>
              <LatitudeDegrees>44.2906653508544</LatitudeDegrees>
              <LongitudeDegrees>-81.59741481766105</LongitudeDegrees>
            </Position>
            <AltitudeMeters>181.60000610351562</AltitudeMeters>
            <DistanceMeters>1017.02001953125</DistanceMeters>
            <HeartRateBpm>
              <Value>74</Value>
            </HeartRateBpm>
            <Extensions>
              <ns3:TPX>
                <ns3:Speed>2.994999885559082</ns3:Speed>
              </ns3:TPX>
            </Extensions>
          </Trackpoint>
          <Trackpoint>
            <Time>2026-07-31T17:24:06.000Z</Time>
            <Position>
              <LatitudeDegrees>44.290648167952895</LatitudeDegrees>
              <LongitudeDegrees>-81.59738506190479</LongitudeDegrees>
            </Position>
            <AltitudeMeters>181.60000610351562</AltitudeMeters>
            <DistanceMeters>1020.0399780273438</DistanceMeters>
            <HeartRateBpm>
              <Value>72</Value>
            </HeartRateBpm>
            <Extensions>
              <ns3:TPX>
                <ns3:Speed>3.0320000648498535</ns3:Speed>
              </ns3:TPX>
            </Extensions>
          </Trackpoint>
          <Trackpoint>
            <Time>2026-07-31T17:24:15.000Z</Time>
            <Position>
              <LatitudeDegrees>44.2905340064317</LatitudeDegrees>
              <LongitudeDegrees>-81.59709555096924</LongitudeDegrees>
            </Position>
            <AltitudeMeters>181.39999389648438</AltitudeMeters>
            <DistanceMeters>1046.530029296875</DistanceMeters>
            <HeartRateBpm>
              <Value>69</Value>
            </HeartRateBpm>
            <Extensions>
              <ns3:TPX>
                <ns3:Speed>2.994999885559082</ns3:Speed>
              </ns3:TPX>
            </Extensions>
          </Trackpoint>
          <Trackpoint>
            <Time>2026-07-31T17:24:16.000Z</Time>
            <Position>
              <LatitudeDegrees>44.29052051156759</LatitudeDegrees>
              <LongitudeDegrees>-81.59706361591816</LongitudeDegrees>
            </Position>
            <AltitudeMeters>181.39999389648438</AltitudeMeters>
            <DistanceMeters>1049.47998046875</DistanceMeters>
            <HeartRateBpm>
              <Value>72</Value>
            </HeartRateBpm>
            <Extensions>
              <ns3:TPX>
                <ns3:Speed>2.9860000610351562</ns3:Speed>
              </ns3:TPX>
            </Extensions>
          </Trackpoint>
          <Trackpoint>
            <Time>2026-07-31T17:24:17.000Z</Time>
            <Position>
              <LatitudeDegrees>44.29050483740866</LatitudeDegrees>
              <LongitudeDegrees>-81.59703344106674</LongitudeDegrees>
            </Position>
            <AltitudeMeters>181.39999389648438</AltitudeMeters>
            <DistanceMeters>1052.449951171875</DistanceMeters>
            <HeartRateBpm>
              <Value>67</Value>
            </HeartRateBpm>
            <Extensions>
              <ns3:TPX>
                <ns3:Speed>2.9860000610351562</ns3:Speed>
              </ns3:TPX>
            </Extensions>
          </Trackpoint>
          <Trackpoint>
            <Time>2026-07-31T17:24:18.000Z</Time>
            <Position>
              <LatitudeDegrees>44.29049050435424</LatitudeDegrees>
              <LongitudeDegrees>-81.59700175747275</LongitudeDegrees>
            </Position>
            <AltitudeMeters>181.39999389648438</AltitudeMeters>
            <DistanceMeters>1055.43994140625</DistanceMeters>
            <HeartRateBpm>
              <Value>70</Value>
            </HeartRateBpm>
            <Extensions>
              <ns3:TPX>
                <ns3:Speed>3.069999933242798</ns3:Speed>
              </ns3:TPX>
            </Extensions>
          </Trackpoint>
          <Trackpoint>
            <Time>2026-07-31T17:24:25.000Z</Time>
            <Position>
              <LatitudeDegrees>44.29042361676693</LatitudeDegrees>
              <LongitudeDegrees>-81.59680210053921</LongitudeDegrees>
            </Position>
            <AltitudeMeters>181.1999969482422</AltitudeMeters>
            <DistanceMeters>1073.0</DistanceMeters>
            <HeartRateBpm>
              <Value>69</Value>
            </HeartRateBpm>
            <Extensions>
              <ns3:TPX>
                <ns3:Speed>2.7060000896453857</ns3:Speed>
              </ns3:TPX>
            </Extensions>
          </Trackpoint>
          <Trackpoint>
            <Time>2026-07-31T17:24:33.000Z</Time>
            <Position>
              <LatitudeDegrees>44.29034415632486</LatitudeDegrees>
              <LongitudeDegrees>-81.59659255295992</LongitudeDegrees>
            </Position>
            <AltitudeMeters>181.0</AltitudeMeters>
            <DistanceMeters>1091.780029296875</DistanceMeters>
            <HeartRateBpm>
              <Value>71</Value>
            </HeartRateBpm>
            <Extensions>
              <ns3:TPX>
                <ns3:Speed>2.546999931335449</ns3:Speed>
              </ns3:TPX>
            </Extensions>
          </Trackpoint>
          <Trackpoint>
            <Time>2026-07-31T17:24:34.000Z</Time>
            <Position>
              <LatitudeDegrees>44.290332924574614</LatitudeDegrees>
              <LongitudeDegrees>-81.5965695027262</LongitudeDegrees>
            </Position>
            <AltitudeMeters>181.0</AltitudeMeters>
            <DistanceMeters>1094.0</DistanceMeters>
            <HeartRateBpm>
              <Value>71</Value>
            </HeartRateBpm>
            <Extensions>
              <ns3:TPX>
                <ns3:Speed>2.546999931335449</ns3:Speed>
              </ns3:TPX>
            </Extensions>
          </Trackpoint>
          <Trackpoint>
            <Time>2026-07-31T17:24:37.000Z</Time>
            <Position>
              <LatitudeDegrees>44.29028883576393</LatitudeDegrees>
              <LongitudeDegrees>-81.59649406559765</LongitudeDegrees>
            </Position>
            <AltitudeMeters>181.0</AltitudeMeters>
            <DistanceMeters>1101.81005859375</DistanceMeters>
            <HeartRateBpm>
              <Value>68</Value>
            </HeartRateBpm>
            <Extensions>
              <ns3:TPX>
                <ns3:Speed>2.575000047683716</ns3:Speed>
              </ns3:TPX>
            </Extensions>
          </Trackpoint>
          <Trackpoint>
            <Time>2026-07-31T17:24:42.000Z</Time>
            <Position>
              <LatitudeDegrees>44.290245585143566</LatitudeDegrees>
              <LongitudeDegrees>-81.59636498428881</LongitudeDegrees>
            </Position>
            <AltitudeMeters>181.0</AltitudeMeters>
            <DistanceMeters>1113.1400146484375</DistanceMeters>
            <HeartRateBpm>
              <Value>69</Value>
            </HeartRateBpm>
            <Extensions>
              <ns3:TPX>
                <ns3:Speed>2.2669999599456787</ns3:Speed>
              </ns3:TPX>
            </Extensions>
          </Trackpoint>
          <Trackpoint>
            <Time>2026-07-31T17:24:52.000Z</Time>
            <Position>
              <LatitudeDegrees>44.29014718160033</LatitudeDegrees>
              <LongitudeDegrees>-81.59611713141203</LongitudeDegrees>
            </Position>
            <AltitudeMeters>180.8000030517578</AltitudeMeters>
            <DistanceMeters>1135.6800537109375</DistanceMeters>
            <HeartRateBpm>
              <Value>68</Value>
            </HeartRateBpm>
            <Extensions>
              <ns3:TPX>
                <ns3:Speed>2.2209999561309814</ns3:Speed>
              </ns3:TPX>
            </Extensions>
          </Trackpoint>
          <Trackpoint>
            <Time>2026-07-31T17:25:02.000Z</Time>
            <Position>
              <LatitudeDegrees>44.29003335535526</LatitudeDegrees>
              <LongitudeDegrees>-81.59583818167448</LongitudeDegrees>
            </Position>
            <AltitudeMeters>180.60000610351562</AltitudeMeters>
            <DistanceMeters>1161.2900390625</DistanceMeters>
            <HeartRateBpm>
              <Value>66</Value>
            </HeartRateBpm>
            <Extensions>
              <ns3:TPX>
                <ns3:Speed>2.378999948501587</ns3:Speed>
              </ns3:TPX>
            </Extensions>
          </Trackpoint>
          <Trackpoint>
            <Time>2026-07-31T17:25:10.000Z</Time>
            <Position>
              <LatitudeDegrees>44.28995900787413</LatitudeDegrees>
              <LongitudeDegrees>-81.59559804014862</LongitudeDegrees>
            </Position>
            <AltitudeMeters>180.60000610351562</AltitudeMeters>
            <DistanceMeters>1182.199951171875</DistanceMeters>
            <HeartRateBpm>
              <Value>64</Value>
            </HeartRateBpm>
            <Extensions>
              <ns3:TPX>
                <ns3:Speed>2.6029999256134033</ns3:Speed>
              </ns3:TPX>
            </Extensions>
          </Trackpoint>
          <Trackpoint>
            <Time>2026-07-31T17:25:16.000Z</Time>
            <Position>
              <LatitudeDegrees>44.28991433233023</LatitudeDegrees>
              <LongitudeDegrees>-81.59543543122709</LongitudeDegrees>
            </Position>
            <AltitudeMeters>180.60000610351562</AltitudeMeters>
            <DistanceMeters>1196.3499755859375</DistanceMeters>
            <HeartRateBpm>
              <Value>65</Value>
            </HeartRateBpm>
            <Extensions>
              <ns3:TPX>
                <ns3:Speed>2.3889999389648438</ns3:Speed>
              </ns3:TPX>
            </Extensions>
          </Trackpoint>
          <Trackpoint>
            <Time>2026-07-31T17:25:22.000Z</Time>
            <Position>
              <LatitudeDegrees>44.28986513055861</LatitudeDegrees>
              <LongitudeDegrees>-81.595279276371</LongitudeDegrees>
            </Position>
            <AltitudeMeters>180.60000610351562</AltitudeMeters>
            <DistanceMeters>1209.9300537109375</DistanceMeters>
            <HeartRateBpm>
              <Value>65</Value>
            </HeartRateBpm>
            <Extensions>
              <ns3:TPX>
                <ns3:Speed>2.378999948501587</ns3:Speed>
              </ns3:TPX>
            </Extensions>
          </Trackpoint>
          <Trackpoint>
            <Time>2026-07-31T17:25:25.000Z</Time>
            <Position>
              <LatitudeDegrees>44.28983244113624</LatitudeDegrees>
              <LongitudeDegrees>-81.59519545733929</LongitudeDegrees>
            </Position>
            <AltitudeMeters>180.60000610351562</AltitudeMeters>
            <DistanceMeters>1217.550048828125</DistanceMeters>
            <HeartRateBpm>
              <Value>69</Value>
            </HeartRateBpm>
            <Extensions>
              <ns3:TPX>
                <ns3:Speed>2.378999948501587</ns3:Speed>
              </ns3:TPX>
            </Extensions>
          </Trackpoint>
          <Trackpoint>
            <Time>2026-07-31T17:25:26.000Z</Time>
            <Position>
              <LatitudeDegrees>44.28982540033758</LatitudeDegrees>
              <LongitudeDegrees>-81.59517232328653</LongitudeDegrees>
            </Position>
            <AltitudeMeters>180.60000610351562</AltitudeMeters>
            <DistanceMeters>1219.550048828125</DistanceMeters>
            <HeartRateBpm>
              <Value>66</Value>
            </HeartRateBpm>
            <Extensions>
              <ns3:TPX>
                <ns3:Speed>2.378999948501587</ns3:Speed>
              </ns3:TPX>
            </Extensions>
          </Trackpoint>
          <Trackpoint>
            <Time>2026-07-31T17:25:31.000Z</Time>
            <Position>
              <LatitudeDegrees>44.28979589603841</LatitudeDegrees>
              <LongitudeDegrees>-81.59505732357502</LongitudeDegrees>
            </Position>
            <AltitudeMeters>180.39999389648438</AltitudeMeters>
            <DistanceMeters>1229.300048828125</DistanceMeters>
            <HeartRateBpm>
              <Value>65</Value>
            </HeartRateBpm>
            <Extensions>
              <ns3:TPX>
                <ns3:Speed>2.2109999656677246</ns3:Speed>
              </ns3:TPX>
            </Extensions>
          </Trackpoint>
          <Trackpoint>
            <Time>2026-07-31T17:25:37.000Z</Time>
            <Position>
              <LatitudeDegrees>44.289760356768966</LatitudeDegrees>
              <LongitudeDegrees>-81.59491835162044</LongitudeDegrees>
            </Position>
            <AltitudeMeters>180.60000610351562</AltitudeMeters>
            <DistanceMeters>1241.2099609375</DistanceMeters>
            <HeartRateBpm>
              <Value>65</Value>
            </HeartRateBpm>
            <Extensions>
              <ns3:TPX>
                <ns3:Speed>1.9589999914169312</ns3:Speed>
              </ns3:TPX>
            </Extensions>
          </Trackpoint>
          <Trackpoint>
            <Time>2026-07-31T17:25:44.000Z</Time>
            <Position>
              <LatitudeDegrees>44.28971358574927</LatitudeDegrees>
              <LongitudeDegrees>-81.5947647113353</LongitudeDegrees>
            </Position>
            <AltitudeMeters>180.60000610351562</AltitudeMeters>
            <DistanceMeters>1254.56005859375</DistanceMeters>
            <HeartRateBpm>
              <Value>65</Value>
            </HeartRateBpm>
            <Extensions>
              <ns3:TPX>
                <ns3:Speed>2.071000099182129</ns3:Speed>
              </ns3:TPX>
            </Extensions>
          </Trackpoint>
          <Trackpoint>
            <Time>2026-07-31T17:25:52.000Z</Time>
            <Position>
              <LatitudeDegrees>44.28964661434293</LatitudeDegrees>
              <LongitudeDegrees>-81.59458952955902</LongitudeDegrees>
            </Position>
            <AltitudeMeters>180.60000610351562</AltitudeMeters>
            <DistanceMeters>1270.4100341796875</DistanceMeters>
            <HeartRateBpm>
              <Value>67</Value>
            </HeartRateBpm>
            <Extensions>
              <ns3:TPX>
                <ns3:Speed>2.0810000896453857</ns3:Speed>
              </ns3:TPX>
            </Extensions>
          </Trackpoint>
          <Trackpoint>
            <Time>2026-07-31T17:26:01.000Z</Time>
            <Position>
              <LatitudeDegrees>44.28958961740136</LatitudeDegrees>
              <LongitudeDegrees>-81.59438987262547</LongitudeDegrees>
            </Position>
            <AltitudeMeters>180.39999389648438</AltitudeMeters>
            <DistanceMeters>1287.550048828125</DistanceMeters>
            <HeartRateBpm>
              <Value>66</Value>
            </HeartRateBpm>
            <Extensions>
              <ns3:TPX>
                <ns3:Speed>2.1549999713897705</ns3:Speed>
              </ns3:TPX>
            </Extensions>
          </Trackpoint>
          <Trackpoint>
            <Time>2026-07-31T17:26:12.000Z</Time>
            <Position>
              <LatitudeDegrees>44.289526753127575</LatitudeDegrees>
              <LongitudeDegrees>-81.5940881241113</LongitudeDegrees>
            </Position>
            <AltitudeMeters>180.60000610351562</AltitudeMeters>
            <DistanceMeters>1312.75</DistanceMeters>
            <HeartRateBpm>
              <Value>67</Value>
            </HeartRateBpm>
            <Extensions>
              <ns3:TPX>
                <ns3:Speed>2.118000030517578</ns3:Speed>
              </ns3:TPX>
            </Extensions>
          </Trackpoint>
          <Trackpoint>
            <Time>2026-07-31T17:26:24.000Z</Time>
            <Position>
              <LatitudeDegrees>44.2894443590194</LatitudeDegrees>
              <LongitudeDegrees>-81.59380389377475</LongitudeDegrees>
            </Position>
            <AltitudeMeters>180.8000030517578</AltitudeMeters>
            <DistanceMeters>1337.260009765625</DistanceMeters>
            <HeartRateBpm>
              <Value>68</Value>
            </HeartRateBpm>
            <Extensions>
              <ns3:TPX>
                <ns3:Speed>2.118000030517578</ns3:Speed>
              </ns3:TPX>
            </Extensions>
          </Trackpoint>
          <Trackpoint>
            <Time>2026-07-31T17:26:31.000Z</Time>
            <Position>
              <LatitudeDegrees>44.28938769735396</LatitudeDegrees>
              <LongitudeDegrees>-81.5936386026442</LongitudeDegrees>
            </Position>
            <AltitudeMeters>180.8000030517578</AltitudeMeters>
            <DistanceMeters>1351.8800048828125</DistanceMeters>
            <HeartRateBpm>
              <Value>71</Value>
            </HeartRateBpm>
            <Extensions>
              <ns3:TPX>
                <ns3:Speed>2.193000078201294</ns3:Speed>
              </ns3:TPX>
            </Extensions>
          </Trackpoint>
          <Trackpoint>
            <Time>2026-07-31T17:26:34.000Z</Time>
            <Position>
              <LatitudeDegrees>44.28936464712024</LatitudeDegrees>
              <LongitudeDegrees>-81.59357179887593</LongitudeDegrees>
            </Position>
            <AltitudeMeters>180.8000030517578</AltitudeMeters>
            <DistanceMeters>1357.800048828125</DistanceMeters>
            <HeartRateBpm>
              <Value>74</Value>
            </HeartRateBpm>
            <Extensions>
              <ns3:TPX>
                <ns3:Speed>2.0989999771118164</ns3:Speed>
              </ns3:TPX>
            </Extensions>
          </Trackpoint>
          <Trackpoint>
            <Time>2026-07-31T17:26:43.000Z</Time>
            <Position>
              <LatitudeDegrees>44.28929985500872</LatitudeDegrees>
              <LongitudeDegrees>-81.59337474033237</LongitudeDegrees>
            </Position>
            <AltitudeMeters>180.60000610351562</AltitudeMeters>
            <DistanceMeters>1375.1500244140625</DistanceMeters>
            <HeartRateBpm>
              <Value>75</Value>
            </HeartRateBpm>
            <Extensions>
              <ns3:TPX>
                <ns3:Speed>2.0339999198913574</ns3:Speed>
              </ns3:TPX>
            </Extensions>
          </Trackpoint>
          <Trackpoint>
            <Time>2026-07-31T17:26:47.000Z</Time>
            <Position>
              <LatitudeDegrees>44.28927253000438</LatitudeDegrees>
              <LongitudeDegrees>-81.59327516332269</LongitudeDegrees>
            </Position>
            <AltitudeMeters>180.39999389648438</AltitudeMeters>
            <DistanceMeters>1383.6400146484375</DistanceMeters>
            <HeartRateBpm>
              <Value>78</Value>
            </HeartRateBpm>
            <Extensions>
              <ns3:TPX>
                <ns3:Speed>2.193000078201294</ns3:Speed>
              </ns3:TPX>
            </Extensions>
          </Trackpoint>
          <Trackpoint>
            <Time>2026-07-31T17:26:54.000Z</Time>
            <Position>
              <LatitudeDegrees>44.28921737708151</LatitudeDegrees>
              <LongitudeDegrees>-81.59308849833906</LongitudeDegrees>
            </Position>
            <AltitudeMeters>180.1999969482422</AltitudeMeters>
            <DistanceMeters>1399.77001953125</DistanceMeters>
            <HeartRateBpm>
              <Value>80</Value>
            </HeartRateBpm>
            <Extensions>
              <ns3:TPX>
                <ns3:Speed>2.2300000190734863</ns3:Speed>
              </ns3:TPX>
            </Extensions>
          </Trackpoint>
          <Trackpoint>
            <Time>2026-07-31T17:27:05.000Z</Time>
            <Position>
              <LatitudeDegrees>44.28915409371257</LatitudeDegrees>
              <LongitudeDegrees>-81.59279865212739</LongitudeDegrees>
            </Position>
            <AltitudeMeters>180.1999969482422</AltitudeMeters>
            <DistanceMeters>1423.9599609375</DistanceMeters>
            <HeartRateBpm>
              <Value>78</Value>
            </HeartRateBpm>
            <Extensions>
              <ns3:TPX>
                <ns3:Speed>2.1459999084472656</ns3:Speed>
              </ns3:TPX>
            </Extensions>
          </Trackpoint>
          <Trackpoint>
            <Time>2026-07-31T17:27:17.000Z</Time>
            <Position>
              <LatitudeDegrees>44.28908276371658</LatitudeDegrees>
              <LongitudeDegrees>-81.59250142984092</LongitudeDegrees>
            </Position>
            <AltitudeMeters>180.1999969482422</AltitudeMeters>
            <DistanceMeters>1448.8499755859375</DistanceMeters>
            <HeartRateBpm>
              <Value>75</Value>
            </HeartRateBpm>
            <Extensions>
              <ns3:TPX>
                <ns3:Speed>2.193000078201294</ns3:Speed>
              </ns3:TPX>
            </Extensions>
          </Trackpoint>
          <Trackpoint>
            <Time>2026-07-31T17:27:18.000Z</Time>
            <Position>
              <LatitudeDegrees>44.2890783213079</LatitudeDegrees>
              <LongitudeDegrees>-81.59247326664627</LongitudeDegrees>
            </Position>
            <AltitudeMeters>180.1999969482422</AltitudeMeters>
            <DistanceMeters>1451.1400146484375</DistanceMeters>
            <HeartRateBpm>
              <Value>75</Value>
            </HeartRateBpm>
            <Extensions>
              <ns3:TPX>
                <ns3:Speed>2.249000072479248</ns3:Speed>
              </ns3:TPX>
            </Extensions>
          </Trackpoint>
          <Trackpoint>
            <Time>2026-07-31T17:27:22.000Z</Time>
            <Position>
              <LatitudeDegrees>44.289056695997715</LatitudeDegrees>
              <LongitudeDegrees>-81.59237042069435</LongitudeDegrees>
            </Position>
            <AltitudeMeters>180.1999969482422</AltitudeMeters>
            <DistanceMeters>1459.7099609375</DistanceMeters>
            <HeartRateBpm>
              <Value>78</Value>
            </HeartRateBpm>
            <Extensions>
              <ns3:TPX>
                <ns3:Speed>2.193000078201294</ns3:Speed>
              </ns3:TPX>
            </Extensions>
          </Trackpoint>
          <Trackpoint>
            <Time>2026-07-31T17:27:23.000Z</Time>
            <Position>
              <LatitudeDegrees>44.289053259417415</LatitudeDegrees>
              <LongitudeDegrees>-81.59234267659485</LongitudeDegrees>
            </Position>
            <AltitudeMeters>180.1999969482422</AltitudeMeters>
            <DistanceMeters>1461.949951171875</DistanceMeters>
            <HeartRateBpm>
              <Value>75</Value>
            </HeartRateBpm>
            <Extensions>
              <ns3:TPX>
                <ns3:Speed>2.193000078201294</ns3:Speed>
              </ns3:TPX>
            </Extensions>
          </Trackpoint>
          <Trackpoint>
            <Time>2026-07-31T17:27:30.000Z</Time>
            <Position>
              <LatitudeDegrees>44.28903289139271</LatitudeDegrees>
              <LongitudeDegrees>-81.59214645624161</LongitudeDegrees>
            </Position>
            <AltitudeMeters>180.1999969482422</AltitudeMeters>
            <DistanceMeters>1477.7900390625</DistanceMeters>
            <HeartRateBpm>
              <Value>75</Value>
            </HeartRateBpm>
            <Extensions>
              <ns3:TPX>
                <ns3:Speed>2.183000087738037</ns3:Speed>
              </ns3:TPX>
            </Extensions>
          </Trackpoint>
          <Trackpoint>
            <Time>2026-07-31T17:27:35.000Z</Time>
            <Position>
              <LatitudeDegrees>44.289018558338284</LatitudeDegrees>
              <LongitudeDegrees>-81.59199734218419</LongitudeDegrees>
            </Position>
            <AltitudeMeters>180.0</AltitudeMeters>
            <DistanceMeters>1489.800048828125</DistanceMeters>
            <HeartRateBpm>
              <Value>78</Value>
            </HeartRateBpm>
            <Extensions>
              <ns3:TPX>
                <ns3:Speed>2.193000078201294</ns3:Speed>
              </ns3:TPX>
            </Extensions>
          </Trackpoint>
          <Trackpoint>
            <Time>2026-07-31T17:27:42.000Z</Time>
            <Position>
              <LatitudeDegrees>44.2890040576458</LatitudeDegrees>
              <LongitudeDegrees>-81.59181729890406</LongitudeDegrees>
            </Position>
            <AltitudeMeters>180.0</AltitudeMeters>
            <DistanceMeters>1504.27001953125</DistanceMeters>
            <HeartRateBpm>
              <Value>77</Value>
            </HeartRateBpm>
            <Extensions>
              <ns3:TPX>
                <ns3:Speed>2.118000030517578</ns3:Speed>
              </ns3:TPX>
            </Extensions>
          </Trackpoint>
          <Trackpoint>
            <Time>2026-07-31T17:27:50.000Z</Time>
            <Position>
              <LatitudeDegrees>44.28899575956166</LatitudeDegrees>
              <LongitudeDegrees>-81.59168880432844</LongitudeDegrees>
            </Position>
            <AltitudeMeters>180.1999969482422</AltitudeMeters>
            <DistanceMeters>1514.5799560546875</DistanceMeters>
            <HeartRateBpm>
              <Value>77</Value>
            </HeartRateBpm>
            <Extensions>
              <ns3:TPX>
                <ns3:Speed>1.343999981880188</ns3:Speed>
              </ns3:TPX>
            </Extensions>
          </Trackpoint>
          <Trackpoint>
            <Time>2026-07-31T17:27:56.000Z</Time>
            <Position>
              <LatitudeDegrees>44.2889934964478</LatitudeDegrees>
              <LongitudeDegrees>-81.59166248515248</LongitudeDegrees>
            </Position>
            <AltitudeMeters>180.1999969482422</AltitudeMeters>
            <DistanceMeters>1516.6300048828125</DistanceMeters>
            <HeartRateBpm>
              <Value>77</Value>
            </HeartRateBpm>
            <Extensions>
              <ns3:TPX>
                <ns3:Speed>0.0</ns3:Speed>
              </ns3:TPX>
            </Extensions>
          </Trackpoint>
          <Trackpoint>
            <Time>2026-07-31T17:28:04.000Z</Time>
            <Position>
              <LatitudeDegrees>44.288992742076516</LatitudeDegrees>
              <LongitudeDegrees>-81.59162987954915</LongitudeDegrees>
            </Position>
            <AltitudeMeters>180.1999969482422</AltitudeMeters>
            <DistanceMeters>1519.47998046875</DistanceMeters>
            <HeartRateBpm>
              <Value>78</Value>
            </HeartRateBpm>
            <Extensions>
              <ns3:TPX>
                <ns3:Speed>0.671999990940094</ns3:Speed>
              </ns3:TPX>
            </Extensions>
          </Trackpoint>
          <Trackpoint>
            <Time>2026-07-31T17:28:09.000Z</Time>
            <Position>
              <LatitudeDegrees>44.288992239162326</LatitudeDegrees>
              <LongitudeDegrees>-81.591608338058</LongitudeDegrees>
            </Position>
            <AltitudeMeters>180.1999969482422</AltitudeMeters>
            <DistanceMeters>1521.3399658203125</DistanceMeters>
            <HeartRateBpm>
              <Value>81</Value>
            </HeartRateBpm>
            <Extensions>
              <ns3:TPX>
                <ns3:Speed>0.0</ns3:Speed>
              </ns3:TPX>
            </Extensions>
          </Trackpoint>
          <Trackpoint>
            <Time>2026-07-31T17:28:11.000Z</Time>
            <Position>
              <LatitudeDegrees>44.28899156861007</LatitudeDegrees>
              <LongitudeDegrees>-81.5916080866009</LongitudeDegrees>
            </Position>
            <AltitudeMeters>180.1999969482422</AltitudeMeters>
            <DistanceMeters>1521.4000244140625</DistanceMeters>
            <HeartRateBpm>
              <Value>79</Value>
            </HeartRateBpm>
            <Extensions>
              <ns3:TPX>
                <ns3:Speed>0.0</ns3:Speed>
              </ns3:TPX>
            </Extensions>
          </Trackpoint>
          <Trackpoint>
            <Time>2026-07-31T17:28:20.000Z</Time>
            <Position>
              <LatitudeDegrees>44.28899156861007</LatitudeDegrees>
              <LongitudeDegrees>-81.5916080866009</LongitudeDegrees>
            </Position>
            <AltitudeMeters>180.1999969482422</AltitudeMeters>
            <DistanceMeters>1521.4000244140625</DistanceMeters>
            <HeartRateBpm>
              <Value>82</Value>
            </HeartRateBpm>
            <Extensions>
              <ns3:TPX>
                <ns3:Speed>0.0</ns3:Speed>
              </ns3:TPX>
            </Extensions>
          </Trackpoint>
          <Trackpoint>
            <Time>2026-07-31T17:28:22.000Z</Time>
            <Position>
              <LatitudeDegrees>44.28899156861007</LatitudeDegrees>
              <LongitudeDegrees>-81.5916080866009</LongitudeDegrees>
            </Position>
            <AltitudeMeters>180.1999969482422</AltitudeMeters>
            <DistanceMeters>1521.4000244140625</DistanceMeters>
            <HeartRateBpm>
              <Value>79</Value>
            </HeartRateBpm>
            <Extensions>
              <ns3:TPX>
                <ns3:Speed>0.0</ns3:Speed>
              </ns3:TPX>
            </Extensions>
          </Trackpoint>
          <Trackpoint>
            <Time>2026-07-31T17:28:24.000Z</Time>
            <Position>
              <LatitudeDegrees>44.28899014368653</LatitudeDegrees>
              <LongitudeDegrees>-81.59160314127803</LongitudeDegrees>
            </Position>
            <AltitudeMeters>180.1999969482422</AltitudeMeters>
            <DistanceMeters>1521.72998046875</DistanceMeters>
            <HeartRateBpm>
              <Value>79</Value>
            </HeartRateBpm>
            <Extensions>
              <ns3:TPX>
                <ns3:Speed>1.128999948501587</ns3:Speed>
              </ns3:TPX>
            </Extensions>
          </Trackpoint>
          <Trackpoint>
            <Time>2026-07-31T17:28:27.000Z</Time>
            <Position>
              <LatitudeDegrees>44.28899156861007</LatitudeDegrees>
              <LongitudeDegrees>-81.59154740162194</LongitudeDegrees>
            </Position>
            <AltitudeMeters>180.1999969482422</AltitudeMeters>
            <DistanceMeters>1526.0699462890625</DistanceMeters>
            <HeartRateBpm>
              <Value>75</Value>
            </HeartRateBpm>
            <Extensions>
              <ns3:TPX>
                <ns3:Speed>1.2319999933242798</ns3:Speed>
              </ns3:TPX>
            </Extensions>
          </Trackpoint>
          <Trackpoint>
            <Time>2026-07-31T17:28:28.000Z</Time>
            <Position>
              <LatitudeDegrees>44.288988802582026</LatitudeDegrees>
              <LongitudeDegrees>-81.59152912907302</LongitudeDegrees>
            </Position>
            <AltitudeMeters>180.1999969482422</AltitudeMeters>
            <DistanceMeters>1527.52001953125</DistanceMeters>
            <HeartRateBpm>
              <Value>77</Value>
            </HeartRateBpm>
            <Extensions>
              <ns3:TPX>
                <ns3:Speed>0.9980000257492065</ns3:Speed>
              </ns3:TPX>
            </Extensions>
          </Trackpoint>
          <Trackpoint>
            <Time>2026-07-31T17:28:31.000Z</Time>
            <Position>
              <LatitudeDegrees>44.2889847792685</LatitudeDegrees>
              <LongitudeDegrees>-81.59146685153246</LongitudeDegrees>
            </Position>
            <AltitudeMeters>181.8000030517578</AltitudeMeters>
            <DistanceMeters>1532.47998046875</DistanceMeters>
            <HeartRateBpm>
              <Value>75</Value>
            </HeartRateBpm>
            <Extensions>
              <ns3:TPX>
                <ns3:Speed>1.128999948501587</ns3:Speed>
              </ns3:TPX>
            </Extensions>
          </Trackpoint>
          <Trackpoint>
            <Time>2026-07-31T17:28:36.000Z</Time>
            <Position>
              <LatitudeDegrees>44.28897916339338</LatitudeDegrees>
              <LongitudeDegrees>-81.5913953538984</LongitudeDegrees>
            </Position>
            <AltitudeMeters>182.39999389648438</AltitudeMeters>
            <DistanceMeters>1538.1099853515625</DistanceMeters>
            <HeartRateBpm>
              <Value>78</Value>
            </HeartRateBpm>
            <Extensions>
              <ns3:TPX>
                <ns3:Speed>0.9980000257492065</ns3:Speed>
              </ns3:TPX>
            </Extensions>
          </Trackpoint>
          <Trackpoint>
            <Time>2026-07-31T17:28:39.000Z</Time>
            <Position>
              <LatitudeDegrees>44.288987377658486</LatitudeDegrees>
              <LongitudeDegrees>-81.59134958870709</LongitudeDegrees>
            </Position>
            <AltitudeMeters>182.8000030517578</AltitudeMeters>
            <DistanceMeters>1541.8599853515625</DistanceMeters>
            <HeartRateBpm>
              <Value>75</Value>
            </HeartRateBpm>
            <Extensions>
              <ns3:TPX>
                <ns3:Speed>1.128999948501587</ns3:Speed>
              </ns3:TPX>
            </Extensions>
          </Trackpoint>
          <Trackpoint>
            <Time>2026-07-31T17:28:40.000Z</Time>
            <Position>
              <LatitudeDegrees>44.288985366001725</LatitudeDegrees>
              <LongitudeDegrees>-81.59134363755584</LongitudeDegrees>
            </Position>
            <AltitudeMeters>182.8000030517578</AltitudeMeters>
            <DistanceMeters>1542.3900146484375</DistanceMeters>
            <HeartRateBpm>
              <Value>75</Value>
            </HeartRateBpm>
            <Extensions>
              <ns3:TPX>
                <ns3:Speed>0.7649999856948853</ns3:Speed>
              </ns3:TPX>
            </Extensions>
          </Trackpoint>
          <Trackpoint>
            <Time>2026-07-31T17:28:41.000Z</Time>
            <Position>
              <LatitudeDegrees>44.28898511454463</LatitudeDegrees>
              <LongitudeDegrees>-81.59133726730943</LongitudeDegrees>
            </Position>
            <AltitudeMeters>183.0</AltitudeMeters>
            <DistanceMeters>1542.8900146484375</DistanceMeters>
            <HeartRateBpm>
              <Value>79</Value>
            </HeartRateBpm>
            <Extensions>
              <ns3:TPX>
                <ns3:Speed>0.0</ns3:Speed>
              </ns3:TPX>
            </Extensions>
          </Trackpoint>
          <Trackpoint>
            <Time>2026-07-31T17:28:44.000Z</Time>
            <Position>
              <LatitudeDegrees>44.28899626247585</LatitudeDegrees>
              <LongitudeDegrees>-81.59131564199924</LongitudeDegrees>
            </Position>
            <AltitudeMeters>183.39999389648438</AltitudeMeters>
            <DistanceMeters>1545.02001953125</DistanceMeters>
            <HeartRateBpm>
              <Value>80</Value>
            </HeartRateBpm>
            <Extensions>
              <ns3:TPX>
                <ns3:Speed>0.8489999771118164</ns3:Speed>
              </ns3:TPX>
            </Extensions>
          </Trackpoint>
          <Trackpoint>
            <Time>2026-07-31T17:28:45.000Z</Time>
            <Position>
              <LatitudeDegrees>44.28900187835097</LatitudeDegrees>
              <LongitudeDegrees>-81.591304410249</LongitudeDegrees>
            </Position>
            <AltitudeMeters>183.39999389648438</AltitudeMeters>
            <DistanceMeters>1546.1099853515625</DistanceMeters>
            <HeartRateBpm>
              <Value>80</Value>
            </HeartRateBpm>
            <Extensions>
              <ns3:TPX>
                <ns3:Speed>0.9330000281333923</ns3:Speed>
              </ns3:TPX>
            </Extensions>
          </Trackpoint>
          <Trackpoint>
            <Time>2026-07-31T17:28:49.000Z</Time>
            <Position>
              <LatitudeDegrees>44.288998525589705</LatitudeDegrees>
              <LongitudeDegrees>-81.59127004444599</LongitudeDegrees>
            </Position>
            <AltitudeMeters>183.8000030517578</AltitudeMeters>
            <DistanceMeters>1549.0400390625</DistanceMeters>
            <HeartRateBpm>
              <Value>81</Value>
            </HeartRateBpm>
            <Extensions>
              <ns3:TPX>
                <ns3:Speed>0.7839999794960022</ns3:Speed>
              </ns3:TPX>
            </Extensions>
          </Trackpoint>
          <Trackpoint>
            <Time>2026-07-31T17:28:50.000Z</Time>
            <Position>
              <LatitudeDegrees>44.28899969905615</LatitudeDegrees>
              <LongitudeDegrees>-81.59126149490476</LongitudeDegrees>
            </Position>
            <AltitudeMeters>183.8000030517578</AltitudeMeters>
            <DistanceMeters>1549.72998046875</DistanceMeters>
            <HeartRateBpm>
              <Value>81</Value>
            </HeartRateBpm>
            <Extensions>
              <ns3:TPX>
                <ns3:Speed>0.6620000004768372</ns3:Speed>
              </ns3:TPX>
            </Extensions>
          </Trackpoint>
          <Trackpoint>
            <Time>2026-07-31T17:28:54.000Z</Time>
            <Position>
              <LatitudeDegrees>44.28899064660072</LatitudeDegrees>
              <LongitudeDegrees>-81.5912457369268</LongitudeDegrees>
            </Position>
            <AltitudeMeters>184.39999389648438</AltitudeMeters>
            <DistanceMeters>1551.449951171875</DistanceMeters>
            <HeartRateBpm>
              <Value>85</Value>
            </HeartRateBpm>
            <Extensions>
              <ns3:TPX>
                <ns3:Speed>0.5879999995231628</ns3:Speed>
              </ns3:TPX>
            </Extensions>
          </Trackpoint>
          <Trackpoint>
            <Time>2026-07-31T17:28:55.000Z</Time>
            <Position>
              <LatitudeDegrees>44.288989724591374</LatitudeDegrees>
              <LongitudeDegrees>-81.59124397672713</LongitudeDegrees>
            </Position>
            <AltitudeMeters>184.39999389648438</AltitudeMeters>
            <DistanceMeters>1551.6199951171875</DistanceMeters>
            <HeartRateBpm>
              <Value>84</Value>
            </HeartRateBpm>
            <Extensions>
              <ns3:TPX>
                <ns3:Speed>0.0</ns3:Speed>
              </ns3:TPX>
            </Extensions>
          </Trackpoint>
          <Trackpoint>
            <Time>2026-07-31T17:29:00.000Z</Time>
            <Position>
              <LatitudeDegrees>44.28899307735264</LatitudeDegrees>
              <LongitudeDegrees>-81.59124238416553</LongitudeDegrees>
            </Position>
            <AltitudeMeters>184.39999389648438</AltitudeMeters>
            <DistanceMeters>1552.199951171875</DistanceMeters>
            <HeartRateBpm>
              <Value>87</Value>
            </HeartRateBpm>
            <Extensions>
              <ns3:TPX>
                <ns3:Speed>0.0</ns3:Speed>
              </ns3:TPX>
            </Extensions>
          </Trackpoint>
          <Trackpoint>
            <Time>2026-07-31T17:29:04.000Z</Time>
            <Position>
              <LatitudeDegrees>44.2889934964478</LatitudeDegrees>
              <LongitudeDegrees>-81.59124246798456</LongitudeDegrees>
            </Position>
            <AltitudeMeters>184.39999389648438</AltitudeMeters>
            <DistanceMeters>1552.239990234375</DistanceMeters>
            <HeartRateBpm>
              <Value>90</Value>
            </HeartRateBpm>
            <Extensions>
              <ns3:TPX>
                <ns3:Speed>0.0</ns3:Speed>
              </ns3:TPX>
            </Extensions>
          </Trackpoint>
          <Trackpoint>
            <Time>2026-07-31T17:29:08.000Z</Time>
            <Position>
              <LatitudeDegrees>44.2889934964478</LatitudeDegrees>
              <LongitudeDegrees>-81.59124246798456</LongitudeDegrees>
            </Position>
            <AltitudeMeters>184.1999969482422</AltitudeMeters>
            <DistanceMeters>1552.239990234375</DistanceMeters>
            <HeartRateBpm>
              <Value>93</Value>
            </HeartRateBpm>
            <Extensions>
              <ns3:TPX>
                <ns3:Speed>0.0</ns3:Speed>
              </ns3:TPX>
            </Extensions>
          </Trackpoint>
          <Trackpoint>
            <Time>2026-07-31T17:29:14.000Z</Time>
            <Position>
              <LatitudeDegrees>44.2889934964478</LatitudeDegrees>
              <LongitudeDegrees>-81.59124246798456</LongitudeDegrees>
            </Position>
            <AltitudeMeters>184.1999969482422</AltitudeMeters>
            <DistanceMeters>1552.239990234375</DistanceMeters>
            <HeartRateBpm>
              <Value>96</Value>
            </HeartRateBpm>
            <Extensions>
              <ns3:TPX>
                <ns3:Speed>0.0</ns3:Speed>
              </ns3:TPX>
            </Extensions>
          </Trackpoint>
          <Trackpoint>
            <Time>2026-07-31T17:29:15.000Z</Time>
            <Position>
              <LatitudeDegrees>44.288992658257484</LatitudeDegrees>
              <LongitudeDegrees>-81.59124741330743</LongitudeDegrees>
            </Position>
            <AltitudeMeters>184.1999969482422</AltitudeMeters>
            <DistanceMeters>1552.6500244140625</DistanceMeters>
            <HeartRateBpm>
              <Value>97</Value>
            </HeartRateBpm>
            <Extensions>
              <ns3:TPX>
                <ns3:Speed>1.902999997138977</ns3:Speed>
              </ns3:TPX>
            </Extensions>
          </Trackpoint>
          <Trackpoint>
            <Time>2026-07-31T17:29:18.000Z</Time>
            <Position>
              <LatitudeDegrees>44.28899341262877</LatitudeDegrees>
              <LongitudeDegrees>-81.59133114852011</LongitudeDegrees>
            </Position>
            <AltitudeMeters>183.1999969482422</AltitudeMeters>
            <DistanceMeters>1559.3399658203125</DistanceMeters>
            <HeartRateBpm>
              <Value>99</Value>
            </HeartRateBpm>
            <Extensions>
              <ns3:TPX>
                <ns3:Speed>1.847000002861023</ns3:Speed>
              </ns3:TPX>
            </Extensions>
          </Trackpoint>
          <Trackpoint>
            <Time>2026-07-31T17:29:29.000Z</Time>
            <Position>
              <LatitudeDegrees>44.28898377344012</LatitudeDegrees>
              <LongitudeDegrees>-81.59156550653279</LongitudeDegrees>
            </Position>
            <AltitudeMeters>183.1999969482422</AltitudeMeters>
            <DistanceMeters>1578.18994140625</DistanceMeters>
            <HeartRateBpm>
              <Value>102</Value>
            </HeartRateBpm>
            <Extensions>
              <ns3:TPX>
                <ns3:Speed>0.7649999856948853</ns3:Speed>
              </ns3:TPX>
            </Extensions>
          </Trackpoint>
          <Trackpoint>
            <Time>2026-07-31T17:29:31.000Z</Time>
            <Position>
              <LatitudeDegrees>44.288982851430774</LatitudeDegrees>
              <LongitudeDegrees>-81.59157657064497</LongitudeDegrees>
            </Position>
            <AltitudeMeters>182.60000610351562</AltitudeMeters>
            <DistanceMeters>1579.0699462890625</DistanceMeters>
            <HeartRateBpm>
              <Value>103</Value>
            </HeartRateBpm>
            <Extensions>
              <ns3:TPX>
                <ns3:Speed>0.4390000104904175</ns3:Speed>
              </ns3:TPX>
            </Extensions>
          </Trackpoint>
          <Trackpoint>
            <Time>2026-07-31T17:29:33.000Z</Time>
            <Position>
              <LatitudeDegrees>44.28898176178336</LatitudeDegrees>
              <LongitudeDegrees>-81.59157799556851</LongitudeDegrees>
            </Position>
            <AltitudeMeters>182.39999389648438</AltitudeMeters>
            <DistanceMeters>1579.25</DistanceMeters>
            <HeartRateBpm>
              <Value>106</Value>
            </HeartRateBpm>
            <Extensions>
              <ns3:TPX>
                <ns3:Speed>0.0</ns3:Speed>
              </ns3:TPX>
            </Extensions>
          </Trackpoint>
          <Trackpoint>
            <Time>2026-07-31T17:29:35.000Z</Time>
            <Position>
              <LatitudeDegrees>44.288978492841125</LatitudeDegrees>
              <LongitudeDegrees>-81.59157464280725</LongitudeDegrees>
            </Position>
            <AltitudeMeters>182.1999969482422</AltitudeMeters>
            <DistanceMeters>1579.6400146484375</DistanceMeters>
            <HeartRateBpm>
              <Value>107</Value>
            </HeartRateBpm>
            <Extensions>
              <ns3:TPX>
                <ns3:Speed>0.0</ns3:Speed>
              </ns3:TPX>
            </Extensions>
          </Trackpoint>
          <Trackpoint>
            <Time>2026-07-31T17:29:42.000Z</Time>
            <Position>
              <LatitudeDegrees>44.28897539153695</LatitudeDegrees>
              <LongitudeDegrees>-81.59158294089139</LongitudeDegrees>
            </Position>
            <AltitudeMeters>182.1999969482422</AltitudeMeters>
            <DistanceMeters>1580.43994140625</DistanceMeters>
            <HeartRateBpm>
              <Value>102</Value>
            </HeartRateBpm>
            <Extensions>
              <ns3:TPX>
                <ns3:Speed>0.0</ns3:Speed>
              </ns3:TPX>
            </Extensions>
          </Trackpoint>
          <Trackpoint>
            <Time>2026-07-31T17:29:43.000Z</Time>
            <Position>
              <LatitudeDegrees>44.28897539153695</LatitudeDegrees>
              <LongitudeDegrees>-81.59158294089139</LongitudeDegrees>
            </Position>
            <AltitudeMeters>182.1999969482422</AltitudeMeters>
            <DistanceMeters>1580.43994140625</DistanceMeters>
            <HeartRateBpm>
              <Value>104</Value>
            </HeartRateBpm>
            <Extensions>
              <ns3:TPX>
                <ns3:Speed>0.0</ns3:Speed>
              </ns3:TPX>
            </Extensions>
          </Trackpoint>
          <Trackpoint>
            <Time>2026-07-31T17:29:47.000Z</Time>
            <Position>
              <LatitudeDegrees>44.28897539153695</LatitudeDegrees>
              <LongitudeDegrees>-81.59158294089139</LongitudeDegrees>
            </Position>
            <AltitudeMeters>182.1999969482422</AltitudeMeters>
            <DistanceMeters>1580.43994140625</DistanceMeters>
            <HeartRateBpm>
              <Value>101</Value>
            </HeartRateBpm>
            <Extensions>
              <ns3:TPX>
                <ns3:Speed>0.0</ns3:Speed>
              </ns3:TPX>
            </Extensions>
          </Trackpoint>
          <Trackpoint>
            <Time>2026-07-31T17:29:57.000Z</Time>
            <Position>
              <LatitudeDegrees>44.288976565003395</LatitudeDegrees>
              <LongitudeDegrees>-81.59157522954047</LongitudeDegrees>
            </Position>
            <AltitudeMeters>181.8000030517578</AltitudeMeters>
            <DistanceMeters>1580.43994140625</DistanceMeters>
            <HeartRateBpm>
              <Value>98</Value>
            </HeartRateBpm>
            <Extensions>
              <ns3:TPX>
                <ns3:Speed>0.0</ns3:Speed>
              </ns3:TPX>
            </Extensions>
          </Trackpoint>
          <Trackpoint>
            <Time>2026-07-31T17:29:59.000Z</Time>
            <Position>
              <LatitudeDegrees>44.288976565003395</LatitudeDegrees>
              <LongitudeDegrees>-81.59157522954047</LongitudeDegrees>
            </Position>
            <AltitudeMeters>181.60000610351562</AltitudeMeters>
            <DistanceMeters>1580.43994140625</DistanceMeters>
            <HeartRateBpm>
              <Value>98</Value>
            </HeartRateBpm>
            <Extensions>
              <ns3:TPX>
                <ns3:Speed>0.0</ns3:Speed>
              </ns3:TPX>
            </Extensions>
          </Trackpoint>
          <Trackpoint>
            <Time>2026-07-31T17:30:16.000Z</Time>
            <Position>
              <LatitudeDegrees>44.2889401037246</LatitudeDegrees>
              <LongitudeDegrees>-81.59159769304097</LongitudeDegrees>
            </Position>
            <AltitudeMeters>181.60000610351562</AltitudeMeters>
            <DistanceMeters>1580.739990234375</DistanceMeters>
            <HeartRateBpm>
              <Value>95</Value>
            </HeartRateBpm>
            <Extensions>
              <ns3:TPX>
                <ns3:Speed>0.0</ns3:Speed>
              </ns3:TPX>
            </Extensions>
          </Trackpoint>
          <Trackpoint>
            <Time>2026-07-31T17:30:35.000Z</Time>
            <Position>
              <LatitudeDegrees>44.288938008248806</LatitudeDegrees>
              <LongitudeDegrees>-81.59162401221693</LongitudeDegrees>
            </Position>
            <AltitudeMeters>181.8000030517578</AltitudeMeters>
            <DistanceMeters>1582.469970703125</DistanceMeters>
            <HeartRateBpm>
              <Value>92</Value>
            </HeartRateBpm>
            <Extensions>
              <ns3:TPX>
                <ns3:Speed>0.0</ns3:Speed>
              </ns3:TPX>
            </Extensions>
          </Trackpoint>
          <Trackpoint>
            <Time>2026-07-31T17:30:39.000Z</Time>
            <Position>
              <LatitudeDegrees>44.28893683478236</LatitudeDegrees>
              <LongitudeDegrees>-81.59162434749305</LongitudeDegrees>
            </Position>
            <AltitudeMeters>181.60000610351562</AltitudeMeters>
            <DistanceMeters>1582.489990234375</DistanceMeters>
            <HeartRateBpm>
              <Value>89</Value>
            </HeartRateBpm>
            <Extensions>
              <ns3:TPX>
                <ns3:Speed>0.0</ns3:Speed>
              </ns3:TPX>
            </Extensions>
          </Trackpoint>
          <Trackpoint>
            <Time>2026-07-31T17:30:42.000Z</Time>
            <Position>
              <LatitudeDegrees>44.2889366671443</LatitudeDegrees>
              <LongitudeDegrees>-81.59162434749305</LongitudeDegrees>
            </Position>
            <AltitudeMeters>181.60000610351562</AltitudeMeters>
            <DistanceMeters>1582.489990234375</DistanceMeters>
            <HeartRateBpm>
              <Value>86</Value>
            </HeartRateBpm>
            <Extensions>
              <ns3:TPX>
                <ns3:Speed>0.0</ns3:Speed>
              </ns3:TPX>
            </Extensions>
          </Trackpoint>
          <Trackpoint>
            <Time>2026-07-31T17:30:44.000Z</Time>
            <Position>
              <LatitudeDegrees>44.2889366671443</LatitudeDegrees>
              <LongitudeDegrees>-81.5916234254837</LongitudeDegrees>
            </Position>
            <AltitudeMeters>181.60000610351562</AltitudeMeters>
            <DistanceMeters>1582.489990234375</DistanceMeters>
            <HeartRateBpm>
              <Value>83</Value>
            </HeartRateBpm>
            <Extensions>
              <ns3:TPX>
                <ns3:Speed>0.0</ns3:Speed>
              </ns3:TPX>
            </Extensions>
          </Trackpoint>
          <Trackpoint>
            <Time>2026-07-31T17:30:46.000Z</Time>
            <Position>
              <LatitudeDegrees>44.28893934935331</LatitudeDegrees>
              <LongitudeDegrees>-81.59161848016083</LongitudeDegrees>
            </Position>
            <AltitudeMeters>181.8000030517578</AltitudeMeters>
            <DistanceMeters>1582.949951171875</DistanceMeters>
            <HeartRateBpm>
              <Value>82</Value>
            </HeartRateBpm>
            <Extensions>
              <ns3:TPX>
                <ns3:Speed>1.2130000591278076</ns3:Speed>
              </ns3:TPX>
            </Extensions>
          </Trackpoint>
          <Trackpoint>
            <Time>2026-07-31T17:30:50.000Z</Time>
            <Position>
              <LatitudeDegrees>44.288988299667835</LatitudeDegrees>
              <LongitudeDegrees>-81.59155888482928</LongitudeDegrees>
            </Position>
            <AltitudeMeters>180.1999969482422</AltitudeMeters>
            <DistanceMeters>1590.1700439453125</DistanceMeters>
            <HeartRateBpm>
              <Value>82</Value>
            </HeartRateBpm>
            <Extensions>
              <ns3:TPX>
                <ns3:Speed>0.9800000190734863</ns3:Speed>
              </ns3:TPX>
            </Extensions>
          </Trackpoint>
          <Trackpoint>
            <Time>2026-07-31T17:30:54.000Z</Time>
            <Position>
              <LatitudeDegrees>44.28899651393294</LatitudeDegrees>
              <LongitudeDegrees>-81.59153776243329</LongitudeDegrees>
            </Position>
            <AltitudeMeters>180.1999969482422</AltitudeMeters>
            <DistanceMeters>1591.2099609375</DistanceMeters>
            <HeartRateBpm>
              <Value>83</Value>
            </HeartRateBpm>
            <Extensions>
              <ns3:TPX>
                <ns3:Speed>0.0</ns3:Speed>
              </ns3:TPX>
            </Extensions>
          </Trackpoint>
          <Trackpoint>
            <Time>2026-07-31T17:31:01.000Z</Time>
            <Position>
              <LatitudeDegrees>44.2889987770468</LatitudeDegrees>
              <LongitudeDegrees>-81.59154698252678</LongitudeDegrees>
            </Position>
            <AltitudeMeters>180.39999389648438</AltitudeMeters>
            <DistanceMeters>1592.8299560546875</DistanceMeters>
            <HeartRateBpm>
              <Value>84</Value>
            </HeartRateBpm>
            <Extensions>
              <ns3:TPX>
                <ns3:Speed>0.0</ns3:Speed>
              </ns3:TPX>
            </Extensions>
          </Trackpoint>
          <Trackpoint>
            <Time>2026-07-31T17:31:04.000Z</Time>
            <Position>
              <LatitudeDegrees>44.28900254890323</LatitudeDegrees>
              <LongitudeDegrees>-81.5915462281555</LongitudeDegrees>
            </Position>
            <AltitudeMeters>180.1999969482422</AltitudeMeters>
            <DistanceMeters>1593.22998046875</DistanceMeters>
            <HeartRateBpm>
              <Value>87</Value>
            </HeartRateBpm>
            <Extensions>
              <ns3:TPX>
                <ns3:Speed>0.0</ns3:Speed>
              </ns3:TPX>
            </Extensions>
          </Trackpoint>
          <Trackpoint>
            <Time>2026-07-31T17:31:08.000Z</Time>
            <Position>
              <LatitudeDegrees>44.289002465084195</LatitudeDegrees>
              <LongitudeDegrees>-81.5915459766984</LongitudeDegrees>
            </Position>
            <AltitudeMeters>180.0</AltitudeMeters>
            <DistanceMeters>1593.22998046875</DistanceMeters>
            <HeartRateBpm>
              <Value>90</Value>
            </HeartRateBpm>
            <Extensions>
              <ns3:TPX>
                <ns3:Speed>0.0</ns3:Speed>
              </ns3:TPX>
            </Extensions>
          </Trackpoint>
          <Trackpoint>
            <Time>2026-07-31T17:31:19.000Z</Time>
            <Position>
              <LatitudeDegrees>44.2889987770468</LatitudeDegrees>
              <LongitudeDegrees>-81.59154689870775</LongitudeDegrees>
            </Position>
            <AltitudeMeters>180.0</AltitudeMeters>
            <DistanceMeters>1593.22998046875</DistanceMeters>
            <HeartRateBpm>
              <Value>91</Value>
            </HeartRateBpm>
            <Extensions>
              <ns3:TPX>
                <ns3:Speed>0.0</ns3:Speed>
              </ns3:TPX>
            </Extensions>
          </Trackpoint>
          <Trackpoint>
            <Time>2026-07-31T17:31:27.000Z</Time>
            <Position>
              <LatitudeDegrees>44.2889934964478</LatitudeDegrees>
              <LongitudeDegrees>-81.59154740162194</LongitudeDegrees>
            </Position>
            <AltitudeMeters>180.1999969482422</AltitudeMeters>
            <DistanceMeters>1593.22998046875</DistanceMeters>
            <HeartRateBpm>
              <Value>88</Value>
            </HeartRateBpm>
            <Extensions>
              <ns3:TPX>
                <ns3:Speed>0.0</ns3:Speed>
              </ns3:TPX>
            </Extensions>
          </Trackpoint>
          <Trackpoint>
            <Time>2026-07-31T17:31:40.000Z</Time>
            <Position>
              <LatitudeDegrees>44.288977989926934</LatitudeDegrees>
              <LongitudeDegrees>-81.59154891036451</LongitudeDegrees>
            </Position>
            <AltitudeMeters>180.39999389648438</AltitudeMeters>
            <DistanceMeters>1593.22998046875</DistanceMeters>
            <HeartRateBpm>
              <Value>84</Value>
            </HeartRateBpm>
            <Extensions>
              <ns3:TPX>
                <ns3:Speed>0.0</ns3:Speed>
              </ns3:TPX>
            </Extensions>
          </Trackpoint>
          <Trackpoint>
            <Time>2026-07-31T17:31:46.000Z</Time>
            <Position>
              <LatitudeDegrees>44.28896307013929</LatitudeDegrees>
              <LongitudeDegrees>-81.59155201166868</LongitudeDegrees>
            </Position>
            <AltitudeMeters>180.39999389648438</AltitudeMeters>
            <DistanceMeters>1593.699951171875</DistanceMeters>
            <HeartRateBpm>
              <Value>82</Value>
            </HeartRateBpm>
            <Extensions>
              <ns3:TPX>
                <ns3:Speed>1.3339999914169312</ns3:Speed>
              </ns3:TPX>
            </Extensions>
          </Trackpoint>
          <Trackpoint>
            <Time>2026-07-31T17:31:48.000Z</Time>
            <Position>
              <LatitudeDegrees>44.2889453843236</LatitudeDegrees>
              <LongitudeDegrees>-81.59157841466367</LongitudeDegrees>
            </Position>
            <AltitudeMeters>182.0</AltitudeMeters>
            <DistanceMeters>1596.5799560546875</DistanceMeters>
            <HeartRateBpm>
              <Value>82</Value>
            </HeartRateBpm>
            <Extensions>
              <ns3:TPX>
                <ns3:Speed>0.8399999737739563</ns3:Speed>
              </ns3:TPX>
            </Extensions>
          </Trackpoint>
          <Trackpoint>
            <Time>2026-07-31T17:31:49.000Z</Time>
            <Position>
              <LatitudeDegrees>44.28893658332527</LatitudeDegrees>
              <LongitudeDegrees>-81.5915927477181</LongitudeDegrees>
            </Position>
            <AltitudeMeters>182.0</AltitudeMeters>
            <DistanceMeters>1598.0799560546875</DistanceMeters>
            <HeartRateBpm>
              <Value>81</Value>
            </HeartRateBpm>
            <Extensions>
              <ns3:TPX>
                <ns3:Speed>0.8579999804496765</ns3:Speed>
              </ns3:TPX>
            </Extensions>
          </Trackpoint>
          <Trackpoint>
            <Time>2026-07-31T17:31:54.000Z</Time>
            <Position>
              <LatitudeDegrees>44.288922753185034</LatitudeDegrees>
              <LongitudeDegrees>-81.59164228476584</LongitudeDegrees>
            </Position>
            <AltitudeMeters>181.60000610351562</AltitudeMeters>
            <DistanceMeters>1601.6500244140625</DistanceMeters>
            <HeartRateBpm>
              <Value>82</Value>
            </HeartRateBpm>
            <Extensions>
              <ns3:TPX>
                <ns3:Speed>0.8579999804496765</ns3:Speed>
              </ns3:TPX>
            </Extensions>
          </Trackpoint>
          <Trackpoint>
            <Time>2026-07-31T17:32:01.000Z</Time>
            <Position>
              <LatitudeDegrees>44.28893758915365</LatitudeDegrees>
              <LongitudeDegrees>-81.59169140271842</LongitudeDegrees>
            </Position>
            <AltitudeMeters>181.8000030517578</AltitudeMeters>
            <DistanceMeters>1605.9599609375</DistanceMeters>
            <HeartRateBpm>
              <Value>83</Value>
            </HeartRateBpm>
            <Extensions>
              <ns3:TPX>
                <ns3:Speed>0.0</ns3:Speed>
              </ns3:TPX>
            </Extensions>
          </Trackpoint>
          <Trackpoint>
            <Time>2026-07-31T17:32:05.000Z</Time>
            <Position>
              <LatitudeDegrees>44.28895049728453</LatitudeDegrees>
              <LongitudeDegrees>-81.5917082503438</LongitudeDegrees>
            </Position>
            <AltitudeMeters>181.8000030517578</AltitudeMeters>
            <DistanceMeters>1607.699951171875</DistanceMeters>
            <HeartRateBpm>
              <Value>86</Value>
            </HeartRateBpm>
            <Extensions>
              <ns3:TPX>
                <ns3:Speed>0.6439999938011169</ns3:Speed>
              </ns3:TPX>
            </Extensions>
          </Trackpoint>
          <Trackpoint>
            <Time>2026-07-31T17:32:07.000Z</Time>
            <Position>
              <LatitudeDegrees>44.28895678371191</LatitudeDegrees>
              <LongitudeDegrees>-81.59172560088336</LongitudeDegrees>
            </Position>
            <AltitudeMeters>181.8000030517578</AltitudeMeters>
            <DistanceMeters>1609.2900390625</DistanceMeters>
            <HeartRateBpm>
              <Value>87</Value>
            </HeartRateBpm>
            <Extensions>
              <ns3:TPX>
                <ns3:Speed>0.6439999938011169</ns3:Speed>
              </ns3:TPX>
            </Extensions>
          </Trackpoint>
          <Trackpoint>
            <Time>2026-07-31T17:32:15.000Z</Time>
            <Position>
              <LatitudeDegrees>44.28895862773061</LatitudeDegrees>
              <LongitudeDegrees>-81.59177438355982</LongitudeDegrees>
            </Position>
            <AltitudeMeters>181.60000610351562</AltitudeMeters>
            <DistanceMeters>1613.3199462890625</DistanceMeters>
            <HeartRateBpm>
              <Value>85</Value>
            </HeartRateBpm>
            <Extensions>
              <ns3:TPX>
                <ns3:Speed>0.625</ns3:Speed>
              </ns3:TPX>
            </Extensions>
          </Trackpoint>
          <Trackpoint>
            <Time>2026-07-31T17:32:22.000Z</Time>
            <Position>
              <LatitudeDegrees>44.28895577788353</LatitudeDegrees>
              <LongitudeDegrees>-81.59181579016149</LongitudeDegrees>
            </Position>
            <AltitudeMeters>181.39999389648438</AltitudeMeters>
            <DistanceMeters>1617.6700439453125</DistanceMeters>
            <HeartRateBpm>
              <Value>85</Value>
            </HeartRateBpm>
            <Extensions>
              <ns3:TPX>
                <ns3:Speed>0.6159999966621399</ns3:Speed>
              </ns3:TPX>
            </Extensions>
          </Trackpoint>
          <Trackpoint>
            <Time>2026-07-31T17:32:28.000Z</Time>
            <Position>
              <LatitudeDegrees>44.28895519115031</LatitudeDegrees>
              <LongitudeDegrees>-81.59184613265097</LongitudeDegrees>
            </Position>
            <AltitudeMeters>181.60000610351562</AltitudeMeters>
            <DistanceMeters>1620.06005859375</DistanceMeters>
            <HeartRateBpm>
              <Value>86</Value>
            </HeartRateBpm>
            <Extensions>
              <ns3:TPX>
                <ns3:Speed>0.5230000019073486</ns3:Speed>
              </ns3:TPX>
            </Extensions>
          </Trackpoint>
          <Trackpoint>
            <Time>2026-07-31T17:32:39.000Z</Time>
            <Position>
              <LatitudeDegrees>44.28897715173662</LatitudeDegrees>
              <LongitudeDegrees>-81.59191402606666</LongitudeDegrees>
            </Position>
            <AltitudeMeters>181.8000030517578</AltitudeMeters>
            <DistanceMeters>1626.02001953125</DistanceMeters>
            <HeartRateBpm>
              <Value>88</Value>
            </HeartRateBpm>
            <Extensions>
              <ns3:TPX>
                <ns3:Speed>0.0</ns3:Speed>
              </ns3:TPX>
            </Extensions>
          </Trackpoint>
          <Trackpoint>
            <Time>2026-07-31T17:32:47.000Z</Time>
            <Position>
              <LatitudeDegrees>44.28898268379271</LatitudeDegrees>
              <LongitudeDegrees>-81.5919170435518</LongitudeDegrees>
            </Position>
            <AltitudeMeters>181.60000610351562</AltitudeMeters>
            <DistanceMeters>1626.9599609375</DistanceMeters>
            <HeartRateBpm>
              <Value>87</Value>
            </HeartRateBpm>
            <Extensions>
              <ns3:TPX>
                <ns3:Speed>0.0</ns3:Speed>
              </ns3:TPX>
            </Extensions>
          </Trackpoint>
          <Trackpoint>
            <Time>2026-07-31T17:33:02.000Z</Time>
            <Position>
              <LatitudeDegrees>44.288982851430774</LatitudeDegrees>
              <LongitudeDegrees>-81.5919172950089</LongitudeDegrees>
            </Position>
            <AltitudeMeters>181.39999389648438</AltitudeMeters>
            <DistanceMeters>1626.969970703125</DistanceMeters>
            <HeartRateBpm>
              <Value>84</Value>
            </HeartRateBpm>
            <Extensions>
              <ns3:TPX>
                <ns3:Speed>0.0</ns3:Speed>
              </ns3:TPX>
            </Extensions>
          </Trackpoint>
          <Trackpoint>
            <Time>2026-07-31T17:33:05.000Z</Time>
            <Position>
              <LatitudeDegrees>44.28898754529655</LatitudeDegrees>
              <LongitudeDegrees>-81.59192450344563</LongitudeDegrees>
            </Position>
            <AltitudeMeters>181.8000030517578</AltitudeMeters>
            <DistanceMeters>1627.6099853515625</DistanceMeters>
            <HeartRateBpm>
              <Value>85</Value>
            </HeartRateBpm>
            <Extensions>
              <ns3:TPX>
                <ns3:Speed>1.2970000505447388</ns3:Speed>
              </ns3:TPX>
            </Extensions>
          </Trackpoint>
          <Trackpoint>
            <Time>2026-07-31T17:33:08.000Z</Time>
            <Position>
              <LatitudeDegrees>44.28901394829154</LatitudeDegrees>
              <LongitudeDegrees>-81.59201293252409</LongitudeDegrees>
            </Position>
            <AltitudeMeters>180.1999969482422</AltitudeMeters>
            <DistanceMeters>1635.0899658203125</DistanceMeters>
            <HeartRateBpm>
              <Value>86</Value>
            </HeartRateBpm>
            <Extensions>
              <ns3:TPX>
                <ns3:Speed>1.9220000505447388</ns3:Speed>
              </ns3:TPX>
            </Extensions>
          </Trackpoint>
          <Trackpoint>
            <Time>2026-07-31T17:33:16.000Z</Time>
            <Position>
              <LatitudeDegrees>44.28908586502075</LatitudeDegrees>
              <LongitudeDegrees>-81.59225961193442</LongitudeDegrees>
            </Position>
            <AltitudeMeters>181.0</AltitudeMeters>
            <DistanceMeters>1656.1199951171875</DistanceMeters>
            <HeartRateBpm>
              <Value>86</Value>
            </HeartRateBpm>
            <Extensions>
              <ns3:TPX>
                <ns3:Speed>2.0339999198913574</ns3:Speed>
              </ns3:TPX>
            </Extensions>
          </Trackpoint>
          <Trackpoint>
            <Time>2026-07-31T17:33:24.000Z</Time>
            <Position>
              <LatitudeDegrees>44.289157362654805</LatitudeDegrees>
              <LongitudeDegrees>-81.59248081035912</LongitudeDegrees>
            </Position>
            <AltitudeMeters>180.8000030517578</AltitudeMeters>
            <DistanceMeters>1675.5799560546875</DistanceMeters>
            <HeartRateBpm>
              <Value>88</Value>
            </HeartRateBpm>
            <Extensions>
              <ns3:TPX>
                <ns3:Speed>2.322999954223633</ns3:Speed>
              </ns3:TPX>
            </Extensions>
          </Trackpoint>
          <Trackpoint>
            <Time>2026-07-31T17:33:34.000Z</Time>
            <Position>
              <LatitudeDegrees>44.28926507011056</LatitudeDegrees>
              <LongitudeDegrees>-81.59276763908565</LongitudeDegrees>
            </Position>
            <AltitudeMeters>180.8000030517578</AltitudeMeters>
            <DistanceMeters>1701.3599853515625</DistanceMeters>
            <HeartRateBpm>
              <Value>89</Value>
            </HeartRateBpm>
            <Extensions>
              <ns3:TPX>
                <ns3:Speed>2.4730000495910645</ns3:Speed>
              </ns3:TPX>
            </Extensions>
          </Trackpoint>
          <Trackpoint>
            <Time>2026-07-31T17:33:37.000Z</Time>
            <Position>
              <LatitudeDegrees>44.289288371801376</LatitudeDegrees>
              <LongitudeDegrees>-81.59284953027964</LongitudeDegrees>
            </Position>
            <AltitudeMeters>180.8000030517578</AltitudeMeters>
            <DistanceMeters>1708.43994140625</DistanceMeters>
            <HeartRateBpm>
              <Value>92</Value>
            </HeartRateBpm>
            <Extensions>
              <ns3:TPX>
                <ns3:Speed>2.369999885559082</ns3:Speed>
              </ns3:TPX>
            </Extensions>
          </Trackpoint>
          <Trackpoint>
            <Time>2026-07-31T17:33:41.000Z</Time>
            <Position>
              <LatitudeDegrees>44.2893201392144</LatitudeDegrees>
              <LongitudeDegrees>-81.59295690245926</LongitudeDegrees>
            </Position>
            <AltitudeMeters>180.8000030517578</AltitudeMeters>
            <DistanceMeters>1717.6800537109375</DistanceMeters>
            <HeartRateBpm>
              <Value>94</Value>
            </HeartRateBpm>
            <Extensions>
              <ns3:TPX>
                <ns3:Speed>2.369999885559082</ns3:Speed>
              </ns3:TPX>
            </Extensions>
          </Trackpoint>
          <Trackpoint>
            <Time>2026-07-31T17:33:48.000Z</Time>
            <Position>
              <LatitudeDegrees>44.289380237460136</LatitudeDegrees>
              <LongitudeDegrees>-81.59314725548029</LongitudeDegrees>
            </Position>
            <AltitudeMeters>181.1999969482422</AltitudeMeters>
            <DistanceMeters>1734.260009765625</DistanceMeters>
            <HeartRateBpm>
              <Value>96</Value>
            </HeartRateBpm>
            <Extensions>
              <ns3:TPX>
                <ns3:Speed>2.2950000762939453</ns3:Speed>
              </ns3:TPX>
            </Extensions>
          </Trackpoint>
          <Trackpoint>
            <Time>2026-07-31T17:33:50.000Z</Time>
            <Position>
              <LatitudeDegrees>44.2893959954381</LatitudeDegrees>
              <LongitudeDegrees>-81.59320576116443</LongitudeDegrees>
            </Position>
            <AltitudeMeters>181.0</AltitudeMeters>
            <DistanceMeters>1739.239990234375</DistanceMeters>
            <HeartRateBpm>
              <Value>96</Value>
            </HeartRateBpm>
            <Extensions>
              <ns3:TPX>
                <ns3:Speed>2.369999885559082</ns3:Speed>
              </ns3:TPX>
            </Extensions>
          </Trackpoint>
          <Trackpoint>
            <Time>2026-07-31T17:33:58.000Z</Time>
            <Position>
              <LatitudeDegrees>44.28947067819536</LatitudeDegrees>
              <LongitudeDegrees>-81.59339376725256</LongitudeDegrees>
            </Position>
            <AltitudeMeters>180.8000030517578</AltitudeMeters>
            <DistanceMeters>1756.449951171875</DistanceMeters>
            <HeartRateBpm>
              <Value>100</Value>
            </HeartRateBpm>
            <Extensions>
              <ns3:TPX>
                <ns3:Speed>1.875</ns3:Speed>
              </ns3:TPX>
            </Extensions>
          </Trackpoint>
          <Trackpoint>
            <Time>2026-07-31T17:33:59.000Z</Time>
            <Position>
              <LatitudeDegrees>44.28947478532791</LatitudeDegrees>
              <LongitudeDegrees>-81.59341304562986</LongitudeDegrees>
            </Position>
            <AltitudeMeters>180.8000030517578</AltitudeMeters>
            <DistanceMeters>1758.06005859375</DistanceMeters>
            <HeartRateBpm>
              <Value>97</Value>
            </HeartRateBpm>
            <Extensions>
              <ns3:TPX>
                <ns3:Speed>2.2109999656677246</ns3:Speed>
              </ns3:TPX>
            </Extensions>
          </Trackpoint>
          <Trackpoint>
            <Time>2026-07-31T17:34:05.000Z</Time>
            <Position>
              <LatitudeDegrees>44.28949540480971</LatitudeDegrees>
              <LongitudeDegrees>-81.59353567287326</LongitudeDegrees>
            </Position>
            <AltitudeMeters>181.0</AltitudeMeters>
            <DistanceMeters>1768.1300048828125</DistanceMeters>
            <HeartRateBpm>
              <Value>98</Value>
            </HeartRateBpm>
            <Extensions>
              <ns3:TPX>
                <ns3:Speed>1.7079999446868896</ns3:Speed>
              </ns3:TPX>
            </Extensions>
          </Trackpoint>
          <Trackpoint>
            <Time>2026-07-31T17:34:13.000Z</Time>
            <Position>
              <LatitudeDegrees>44.28953572176397</LatitudeDegrees>
              <LongitudeDegrees>-81.59372066147625</LongitudeDegrees>
            </Position>
            <AltitudeMeters>180.8000030517578</AltitudeMeters>
            <DistanceMeters>1783.6400146484375</DistanceMeters>
            <HeartRateBpm>
              <Value>95</Value>
            </HeartRateBpm>
            <Extensions>
              <ns3:TPX>
                <ns3:Speed>1.940999984741211</ns3:Speed>
              </ns3:TPX>
            </Extensions>
          </Trackpoint>
          <Trackpoint>
            <Time>2026-07-31T17:34:15.000Z</Time>
            <Position>
              <LatitudeDegrees>44.28953790105879</LatitudeDegrees>
              <LongitudeDegrees>-81.59376014024019</LongitudeDegrees>
            </Position>
            <AltitudeMeters>180.8000030517578</AltitudeMeters>
            <DistanceMeters>1786.68994140625</DistanceMeters>
            <HeartRateBpm>
              <Value>96</Value>
            </HeartRateBpm>
            <Extensions>
              <ns3:TPX>
                <ns3:Speed>1.940999984741211</ns3:Speed>
              </ns3:TPX>
            </Extensions>
          </Trackpoint>
          <Trackpoint>
            <Time>2026-07-31T17:34:24.000Z</Time>
            <Position>
              <LatitudeDegrees>44.28960956633091</LatitudeDegrees>
              <LongitudeDegrees>-81.59393440000713</LongitudeDegrees>
            </Position>
            <AltitudeMeters>181.1999969482422</AltitudeMeters>
            <DistanceMeters>1802.72998046875</DistanceMeters>
            <HeartRateBpm>
              <Value>93</Value>
            </HeartRateBpm>
            <Extensions>
              <ns3:TPX>
                <ns3:Speed>1.8009999990463257</ns3:Speed>
              </ns3:TPX>
            </Extensions>
          </Trackpoint>
          <Trackpoint>
            <Time>2026-07-31T17:34:35.000Z</Time>
            <Position>
              <LatitudeDegrees>44.28969070315361</LatitudeDegrees>
              <LongitudeDegrees>-81.59414805471897</LongitudeDegrees>
            </Position>
            <AltitudeMeters>181.39999389648438</AltitudeMeters>
            <DistanceMeters>1822.06005859375</DistanceMeters>
            <HeartRateBpm>
              <Value>90</Value>
            </HeartRateBpm>
            <Extensions>
              <ns3:TPX>
                <ns3:Speed>1.6799999475479126</ns3:Speed>
              </ns3:TPX>
            </Extensions>
          </Trackpoint>
          <Trackpoint>
            <Time>2026-07-31T17:34:37.000Z</Time>
            <Position>
              <LatitudeDegrees>44.28970050998032</LatitudeDegrees>
              <LongitudeDegrees>-81.59419432282448</LongitudeDegrees>
            </Position>
            <AltitudeMeters>181.1999969482422</AltitudeMeters>
            <DistanceMeters>1825.9000244140625</DistanceMeters>
            <HeartRateBpm>
              <Value>89</Value>
            </HeartRateBpm>
            <Extensions>
              <ns3:TPX>
                <ns3:Speed>1.6890000104904175</ns3:Speed>
              </ns3:TPX>
            </Extensions>
          </Trackpoint>
          <Trackpoint>
            <Time>2026-07-31T17:34:47.000Z</Time>
            <Position>
              <LatitudeDegrees>44.289775444194674</LatitudeDegrees>
              <LongitudeDegrees>-81.5944557543844</LongitudeDegrees>
            </Position>
            <AltitudeMeters>181.39999389648438</AltitudeMeters>
            <DistanceMeters>1848.4599609375</DistanceMeters>
            <HeartRateBpm>
              <Value>86</Value>
            </HeartRateBpm>
            <Extensions>
              <ns3:TPX>
                <ns3:Speed>2.1549999713897705</ns3:Speed>
              </ns3:TPX>
            </Extensions>
          </Trackpoint>
          <Trackpoint>
            <Time>2026-07-31T17:34:52.000Z</Time>
            <Position>
              <LatitudeDegrees>44.289810648187995</LatitudeDegrees>
              <LongitudeDegrees>-81.59459564834833</LongitudeDegrees>
            </Position>
            <AltitudeMeters>181.1999969482422</AltitudeMeters>
            <DistanceMeters>1860.3199462890625</DistanceMeters>
            <HeartRateBpm>
              <Value>89</Value>
            </HeartRateBpm>
            <Extensions>
              <ns3:TPX>
                <ns3:Speed>2.313999891281128</ns3:Speed>
              </ns3:TPX>
            </Extensions>
          </Trackpoint>
          <Trackpoint>
            <Time>2026-07-31T17:34:59.000Z</Time>
            <Position>
              <LatitudeDegrees>44.28987359628081</LatitudeDegrees>
              <LongitudeDegrees>-81.59478072077036</LongitudeDegrees>
            </Position>
            <AltitudeMeters>181.39999389648438</AltitudeMeters>
            <DistanceMeters>1876.6500244140625</DistanceMeters>
            <HeartRateBpm>
              <Value>85</Value>
            </HeartRateBpm>
            <Extensions>
              <ns3:TPX>
                <ns3:Speed>2.313999891281128</ns3:Speed>
              </ns3:TPX>
            </Extensions>
          </Trackpoint>
          <Trackpoint>
            <Time>2026-07-31T17:35:02.000Z</Time>
            <Position>
              <LatitudeDegrees>44.289905447512865</LatitudeDegrees>
              <LongitudeDegrees>-81.59485917538404</LongitudeDegrees>
            </Position>
            <AltitudeMeters>181.39999389648438</AltitudeMeters>
            <DistanceMeters>1883.8499755859375</DistanceMeters>
            <HeartRateBpm>
              <Value>82</Value>
            </HeartRateBpm>
            <Extensions>
              <ns3:TPX>
                <ns3:Speed>2.3610000610351562</ns3:Speed>
              </ns3:TPX>
            </Extensions>
          </Trackpoint>
          <Trackpoint>
            <Time>2026-07-31T17:35:05.000Z</Time>
            <Position>
              <LatitudeDegrees>44.28994618356228</LatitudeDegrees>
              <LongitudeDegrees>-81.5949441678822</LongitudeDegrees>
            </Position>
            <AltitudeMeters>181.39999389648438</AltitudeMeters>
            <DistanceMeters>1892.010009765625</DistanceMeters>
            <HeartRateBpm>
              <Value>79</Value>
            </HeartRateBpm>
            <Extensions>
              <ns3:TPX>
                <ns3:Speed>2.3889999389648438</ns3:Speed>
              </ns3:TPX>
            </Extensions>
          </Trackpoint>
          <Trackpoint>
            <Time>2026-07-31T17:35:08.000Z</Time>
            <Position>
              <LatitudeDegrees>44.28997736424208</LatitudeDegrees>
              <LongitudeDegrees>-81.59502287395298</LongitudeDegrees>
            </Position>
            <AltitudeMeters>181.60000610351562</AltitudeMeters>
            <DistanceMeters>1899.1700439453125</DistanceMeters>
            <HeartRateBpm>
              <Value>76</Value>
            </HeartRateBpm>
            <Extensions>
              <ns3:TPX>
                <ns3:Speed>2.4170000553131104</ns3:Speed>
              </ns3:TPX>
            </Extensions>
          </Trackpoint>
          <Trackpoint>
            <Time>2026-07-31T17:35:16.000Z</Time>
            <Position>
              <LatitudeDegrees>44.29004483856261</LatitudeDegrees>
              <LongitudeDegrees>-81.59523434937</LongitudeDegrees>
            </Position>
            <AltitudeMeters>181.39999389648438</AltitudeMeters>
            <DistanceMeters>1917.719970703125</DistanceMeters>
            <HeartRateBpm>
              <Value>74</Value>
            </HeartRateBpm>
            <Extensions>
              <ns3:TPX>
                <ns3:Speed>2.2109999656677246</ns3:Speed>
              </ns3:TPX>
            </Extensions>
          </Trackpoint>
          <Trackpoint>
            <Time>2026-07-31T17:35:22.000Z</Time>
            <Position>
              <LatitudeDegrees>44.29007585160434</LatitudeDegrees>
              <LongitudeDegrees>-81.59538564272225</LongitudeDegrees>
            </Position>
            <AltitudeMeters>181.1999969482422</AltitudeMeters>
            <DistanceMeters>1930.3599853515625</DistanceMeters>
            <HeartRateBpm>
              <Value>77</Value>
            </HeartRateBpm>
            <Extensions>
              <ns3:TPX>
                <ns3:Speed>2.2019999027252197</ns3:Speed>
              </ns3:TPX>
            </Extensions>
          </Trackpoint>
          <Trackpoint>
            <Time>2026-07-31T17:35:24.000Z</Time>
            <Position>
              <LatitudeDegrees>44.290091106668115</LatitudeDegrees>
              <LongitudeDegrees>-81.59544247202575</LongitudeDegrees>
            </Position>
            <AltitudeMeters>181.1999969482422</AltitudeMeters>
            <DistanceMeters>1935.199951171875</DistanceMeters>
            <HeartRateBpm>
              <Value>78</Value>
            </HeartRateBpm>
            <Extensions>
              <ns3:TPX>
                <ns3:Speed>2.2109999656677246</ns3:Speed>
              </ns3:TPX>
            </Extensions>
          </Trackpoint>
          <Trackpoint>
            <Time>2026-07-31T17:35:30.000Z</Time>
            <Position>
              <LatitudeDegrees>44.290183475241065</LatitudeDegrees>
              <LongitudeDegrees>-81.59561681561172</LongitudeDegrees>
            </Position>
            <AltitudeMeters>181.39999389648438</AltitudeMeters>
            <DistanceMeters>1952.489990234375</DistanceMeters>
            <HeartRateBpm>
              <Value>80</Value>
            </HeartRateBpm>
            <Extensions>
              <ns3:TPX>
                <ns3:Speed>2.490999937057495</ns3:Speed>
              </ns3:TPX>
            </Extensions>
          </Trackpoint>
          <Trackpoint>
            <Time>2026-07-31T17:35:37.000Z</Time>
            <Position>
              <LatitudeDegrees>44.2902662884444</LatitudeDegrees>
              <LongitudeDegrees>-81.59581437706947</LongitudeDegrees>
            </Position>
            <AltitudeMeters>180.8000030517578</AltitudeMeters>
            <DistanceMeters>1970.8199462890625</DistanceMeters>
            <HeartRateBpm>
              <Value>83</Value>
            </HeartRateBpm>
            <Extensions>
              <ns3:TPX>
                <ns3:Speed>2.5190000534057617</ns3:Speed>
              </ns3:TPX>
            </Extensions>
          </Trackpoint>
          <Trackpoint>
            <Time>2026-07-31T17:35:38.000Z</Time>
            <Position>
              <LatitudeDegrees>44.290281627327204</LatitudeDegrees>
              <LongitudeDegrees>-81.59584170207381</LongitudeDegrees>
            </Position>
            <AltitudeMeters>181.0</AltitudeMeters>
            <DistanceMeters>1973.5799560546875</DistanceMeters>
            <HeartRateBpm>
              <Value>83</Value>
            </HeartRateBpm>
            <Extensions>
              <ns3:TPX>
                <ns3:Speed>2.5190000534057617</ns3:Speed>
              </ns3:TPX>
            </Extensions>
          </Trackpoint>
          <Trackpoint>
            <Time>2026-07-31T17:35:49.000Z</Time>
            <Position>
              <LatitudeDegrees>44.29044281132519</LatitudeDegrees>
              <LongitudeDegrees>-81.59615593962371</LongitudeDegrees>
            </Position>
            <AltitudeMeters>182.0</AltitudeMeters>
            <DistanceMeters>2004.3699951171875</DistanceMeters>
            <HeartRateBpm>
              <Value>83</Value>
            </HeartRateBpm>
            <Extensions>
              <ns3:TPX>
                <ns3:Speed>2.7249999046325684</ns3:Speed>
              </ns3:TPX>
            </Extensions>
          </Trackpoint>
          <Trackpoint>
            <Time>2026-07-31T17:35:58.000Z</Time>
            <Position>
              <LatitudeDegrees>44.290548004209995</LatitudeDegrees>
              <LongitudeDegrees>-81.59640027210116</LongitudeDegrees>
            </Position>
            <AltitudeMeters>182.1999969482422</AltitudeMeters>
            <DistanceMeters>2027.1199951171875</DistanceMeters>
            <HeartRateBpm>
              <Value>85</Value>
            </HeartRateBpm>
            <Extensions>
              <ns3:TPX>
                <ns3:Speed>2.509999990463257</ns3:Speed>
              </ns3:TPX>
            </Extensions>
          </Trackpoint>
          <Trackpoint>
            <Time>2026-07-31T17:35:59.000Z</Time>
            <Position>
              <LatitudeDegrees>44.2905617505312</LatitudeDegrees>
              <LongitudeDegrees>-81.59643002785742</LongitudeDegrees>
            </Position>
            <AltitudeMeters>182.1999969482422</AltitudeMeters>
            <DistanceMeters>2029.93994140625</DistanceMeters>
            <HeartRateBpm>
              <Value>86</Value>
            </HeartRateBpm>
            <Extensions>
              <ns3:TPX>
                <ns3:Speed>2.509999990463257</ns3:Speed>
              </ns3:TPX>
            </Extensions>
          </Trackpoint>
          <Trackpoint>
            <Time>2026-07-31T17:36:09.000Z</Time>
            <Position>
              <LatitudeDegrees>44.29070231504738</LatitudeDegrees>
              <LongitudeDegrees>-81.59672004170716</LongitudeDegrees>
            </Position>
            <AltitudeMeters>182.1999969482422</AltitudeMeters>
            <DistanceMeters>2057.8701171875</DistanceMeters>
            <HeartRateBpm>
              <Value>86</Value>
            </HeartRateBpm>
            <Extensions>
              <ns3:TPX>
                <ns3:Speed>2.7339999675750732</ns3:Speed>
              </ns3:TPX>
            </Extensions>
          </Trackpoint>
          <Trackpoint>
            <Time>2026-07-31T17:36:18.000Z</Time>
            <Position>
              <LatitudeDegrees>44.29078864865005</LatitudeDegrees>
              <LongitudeDegrees>-81.59696630202234</LongitudeDegrees>
            </Position>
            <AltitudeMeters>182.0</AltitudeMeters>
            <DistanceMeters>2079.719970703125</DistanceMeters>
            <HeartRateBpm>
              <Value>85</Value>
            </HeartRateBpm>
            <Extensions>
              <ns3:TPX>
                <ns3:Speed>2.4820001125335693</ns3:Speed>
              </ns3:TPX>
            </Extensions>
          </Trackpoint>
          <Trackpoint>
            <Time>2026-07-31T17:36:22.000Z</Time>
            <Position>
              <LatitudeDegrees>44.29080977104604</LatitudeDegrees>
              <LongitudeDegrees>-81.59706587903202</LongitudeDegrees>
            </Position>
            <AltitudeMeters>181.8000030517578</AltitudeMeters>
            <DistanceMeters>2088.010009765625</DistanceMeters>
            <HeartRateBpm>
              <Value>82</Value>
            </HeartRateBpm>
            <Extensions>
              <ns3:TPX>
                <ns3:Speed>2.3980000019073486</ns3:Speed>
              </ns3:TPX>
            </Extensions>
          </Trackpoint>
          <Trackpoint>
            <Time>2026-07-31T17:36:26.000Z</Time>
            <Position>
              <LatitudeDegrees>44.29084623232484</LatitudeDegrees>
              <LongitudeDegrees>-81.59717073664069</LongitudeDegrees>
            </Position>
            <AltitudeMeters>181.60000610351562</AltitudeMeters>
            <DistanceMeters>2097.510009765625</DistanceMeters>
            <HeartRateBpm>
              <Value>82</Value>
            </HeartRateBpm>
            <Extensions>
              <ns3:TPX>
                <ns3:Speed>2.3889999389648438</ns3:Speed>
              </ns3:TPX>
            </Extensions>
          </Trackpoint>
          <Trackpoint>
            <Time>2026-07-31T17:36:34.000Z</Time>
            <Position>
              <LatitudeDegrees>44.2909396905452</LatitudeDegrees>
              <LongitudeDegrees>-81.59737844020128</LongitudeDegrees>
            </Position>
            <AltitudeMeters>181.39999389648438</AltitudeMeters>
            <DistanceMeters>2117.25</DistanceMeters>
            <HeartRateBpm>
              <Value>81</Value>
            </HeartRateBpm>
            <Extensions>
              <ns3:TPX>
                <ns3:Speed>2.4820001125335693</ns3:Speed>
              </ns3:TPX>
            </Extensions>
          </Trackpoint>
          <Trackpoint>
            <Time>2026-07-31T17:36:42.000Z</Time>
            <Position>
              <LatitudeDegrees>44.29105251096189</LatitudeDegrees>
              <LongitudeDegrees>-81.59760097973049</LongitudeDegrees>
            </Position>
            <AltitudeMeters>181.39999389648438</AltitudeMeters>
            <DistanceMeters>2138.969970703125</DistanceMeters>
            <HeartRateBpm>
              <Value>84</Value>
            </HeartRateBpm>
            <Extensions>
              <ns3:TPX>
                <ns3:Speed>2.6589999198913574</ns3:Speed>
              </ns3:TPX>
            </Extensions>
          </Trackpoint>
          <Trackpoint>
            <Time>2026-07-31T17:36:45.000Z</Time>
            <Position>
              <LatitudeDegrees>44.291089894250035</LatitudeDegrees>
              <LongitudeDegrees>-81.59768496640027</LongitudeDegrees>
            </Position>
            <AltitudeMeters>181.60000610351562</AltitudeMeters>
            <DistanceMeters>2146.85009765625</DistanceMeters>
            <HeartRateBpm>
              <Value>85</Value>
            </HeartRateBpm>
            <Extensions>
              <ns3:TPX>
                <ns3:Speed>2.6589999198913574</ns3:Speed>
              </ns3:TPX>
            </Extensions>
          </Trackpoint>
          <Trackpoint>
            <Time>2026-07-31T17:36:54.000Z</Time>
            <Position>
              <LatitudeDegrees>44.29114085622132</LatitudeDegrees>
              <LongitudeDegrees>-81.59792200662196</LongitudeDegrees>
            </Position>
            <AltitudeMeters>181.1999969482422</AltitudeMeters>
            <DistanceMeters>2166.7099609375</DistanceMeters>
            <HeartRateBpm>
              <Value>85</Value>
            </HeartRateBpm>
            <Extensions>
              <ns3:TPX>
                <ns3:Speed>2.2669999599456787</ns3:Speed>
              </ns3:TPX>
            </Extensions>
          </Trackpoint>
          <Trackpoint>
            <Time>2026-07-31T17:37:02.000Z</Time>
            <Position>
              <LatitudeDegrees>44.29119290784001</LatitudeDegrees>
              <LongitudeDegrees>-81.59814345650375</LongitudeDegrees>
            </Position>
            <AltitudeMeters>181.1999969482422</AltitudeMeters>
            <DistanceMeters>2185.409912109375</DistanceMeters>
            <HeartRateBpm>
              <Value>84</Value>
            </HeartRateBpm>
            <Extensions>
              <ns3:TPX>
                <ns3:Speed>2.3329999446868896</ns3:Speed>
              </ns3:TPX>
            </Extensions>
          </Trackpoint>
          <Trackpoint>
            <Time>2026-07-31T17:37:12.000Z</Time>
            <Position>
              <LatitudeDegrees>44.29128360003233</LatitudeDegrees>
              <LongitudeDegrees>-81.59843028523028</LongitudeDegrees>
            </Position>
            <AltitudeMeters>181.1999969482422</AltitudeMeters>
            <DistanceMeters>2210.43994140625</DistanceMeters>
            <HeartRateBpm>
              <Value>87</Value>
            </HeartRateBpm>
            <Extensions>
              <ns3:TPX>
                <ns3:Speed>2.4070000648498535</ns3:Speed>
              </ns3:TPX>
            </Extensions>
          </Trackpoint>
          <Trackpoint>
            <Time>2026-07-31T17:37:16.000Z</Time>
            <Position>
              <LatitudeDegrees>44.291318552568555</LatitudeDegrees>
              <LongitudeDegrees>-81.59852684475482</LongitudeDegrees>
            </Position>
            <AltitudeMeters>181.1999969482422</AltitudeMeters>
            <DistanceMeters>2219.06005859375</DistanceMeters>
            <HeartRateBpm>
              <Value>90</Value>
            </HeartRateBpm>
            <Extensions>
              <ns3:TPX>
                <ns3:Speed>2.305000066757202</ns3:Speed>
              </ns3:TPX>
            </Extensions>
          </Trackpoint>
          <Trackpoint>
            <Time>2026-07-31T17:37:22.000Z</Time>
            <Position>
              <LatitudeDegrees>44.29136850871146</LatitudeDegrees>
              <LongitudeDegrees>-81.59866346977651</LongitudeDegrees>
            </Position>
            <AltitudeMeters>181.60000610351562</AltitudeMeters>
            <DistanceMeters>2231.2900390625</DistanceMeters>
            <HeartRateBpm>
              <Value>93</Value>
            </HeartRateBpm>
            <Extensions>
              <ns3:TPX>
                <ns3:Speed>2.118000030517578</ns3:Speed>
              </ns3:TPX>
            </Extensions>
          </Trackpoint>
          <Trackpoint>
            <Time>2026-07-31T17:37:23.000Z</Time>
            <Position>
              <LatitudeDegrees>44.29137219674885</LatitudeDegrees>
              <LongitudeDegrees>-81.5986898727715</LongitudeDegrees>
            </Position>
            <AltitudeMeters>181.60000610351562</AltitudeMeters>
            <DistanceMeters>2233.409912109375</DistanceMeters>
            <HeartRateBpm>
              <Value>93</Value>
            </HeartRateBpm>
            <Extensions>
              <ns3:TPX>
                <ns3:Speed>2.118000030517578</ns3:Speed>
              </ns3:TPX>
            </Extensions>
          </Trackpoint>
          <Trackpoint>
            <Time>2026-07-31T17:37:29.000Z</Time>
            <Position>
              <LatitudeDegrees>44.2914457898587</LatitudeDegrees>
              <LongitudeDegrees>-81.59885114058852</LongitudeDegrees>
            </Position>
            <AltitudeMeters>181.60000610351562</AltitudeMeters>
            <DistanceMeters>2248.679931640625</DistanceMeters>
            <HeartRateBpm>
              <Value>95</Value>
            </HeartRateBpm>
            <Extensions>
              <ns3:TPX>
                <ns3:Speed>2.947999954223633</ns3:Speed>
              </ns3:TPX>
            </Extensions>
          </Trackpoint>
          <Trackpoint>
            <Time>2026-07-31T17:37:37.000Z</Time>
            <Position>
              <LatitudeDegrees>44.291576547548175</LatitudeDegrees>
              <LongitudeDegrees>-81.59910720773041</LongitudeDegrees>
            </Position>
            <AltitudeMeters>182.1999969482422</AltitudeMeters>
            <DistanceMeters>2273.7099609375</DistanceMeters>
            <HeartRateBpm>
              <Value>95</Value>
            </HeartRateBpm>
            <Extensions>
              <ns3:TPX>
                <ns3:Speed>3.2190001010894775</ns3:Speed>
              </ns3:TPX>
            </Extensions>
          </Trackpoint>
          <Trackpoint>
            <Time>2026-07-31T17:37:44.000Z</Time>
            <Position>
              <LatitudeDegrees>44.29172004573047</LatitudeDegrees>
              <LongitudeDegrees>-81.59933460876346</LongitudeDegrees>
            </Position>
            <AltitudeMeters>182.39999389648438</AltitudeMeters>
            <DistanceMeters>2297.81005859375</DistanceMeters>
            <HeartRateBpm>
              <Value>92</Value>
            </HeartRateBpm>
            <Extensions>
              <ns3:TPX>
                <ns3:Speed>3.2279999256134033</ns3:Speed>
              </ns3:TPX>
            </Extensions>
          </Trackpoint>
          <Trackpoint>
            <Time>2026-07-31T17:37:46.000Z</Time>
            <Position>
              <LatitudeDegrees>44.291767571121454</LatitudeDegrees>
              <LongitudeDegrees>-81.59938984550536</LongitudeDegrees>
            </Position>
            <AltitudeMeters>182.39999389648438</AltitudeMeters>
            <DistanceMeters>2304.68994140625</DistanceMeters>
            <HeartRateBpm>
              <Value>89</Value>
            </HeartRateBpm>
            <Extensions>
              <ns3:TPX>
                <ns3:Speed>3.23799991607666</ns3:Speed>
              </ns3:TPX>
            </Extensions>
          </Trackpoint>
          <Trackpoint>
            <Time>2026-07-31T17:37:55.000Z</Time>
            <Position>
              <LatitudeDegrees>44.291942082345486</LatitudeDegrees>
              <LongitudeDegrees>-81.59960500895977</LongitudeDegrees>
            </Position>
            <AltitudeMeters>182.0</AltitudeMeters>
            <DistanceMeters>2330.6201171875</DistanceMeters>
            <HeartRateBpm>
              <Value>89</Value>
            </HeartRateBpm>
            <Extensions>
              <ns3:TPX>
                <ns3:Speed>2.9670000076293945</ns3:Speed>
              </ns3:TPX>
            </Extensions>
          </Trackpoint>
          <Trackpoint>
            <Time>2026-07-31T17:38:05.000Z</Time>
            <Position>
              <LatitudeDegrees>44.2921242211014</LatitudeDegrees>
              <LongitudeDegrees>-81.5998815279454</LongitudeDegrees>
            </Position>
            <AltitudeMeters>182.0</AltitudeMeters>
            <DistanceMeters>2360.570068359375</DistanceMeters>
            <HeartRateBpm>
              <Value>90</Value>
            </HeartRateBpm>
            <Extensions>
              <ns3:TPX>
                <ns3:Speed>3.0230000019073486</ns3:Speed>
              </ns3:TPX>
            </Extensions>
          </Trackpoint>
          <Trackpoint>
            <Time>2026-07-31T17:38:14.000Z</Time>
            <Position>
              <LatitudeDegrees>44.29227098822594</LatitudeDegrees>
              <LongitudeDegrees>-81.60012686625123</LongitudeDegrees>
            </Position>
            <AltitudeMeters>182.0</AltitudeMeters>
            <DistanceMeters>2386.070068359375</DistanceMeters>
            <HeartRateBpm>
              <Value>90</Value>
            </HeartRateBpm>
            <Extensions>
              <ns3:TPX>
                <ns3:Speed>2.7709999084472656</ns3:Speed>
              </ns3:TPX>
            </Extensions>
          </Trackpoint>
          <Trackpoint>
            <Time>2026-07-31T17:38:22.000Z</Time>
            <Position>
              <LatitudeDegrees>44.292404847219586</LatitudeDegrees>
              <LongitudeDegrees>-81.60034026950598</LongitudeDegrees>
            </Position>
            <AltitudeMeters>181.8000030517578</AltitudeMeters>
            <DistanceMeters>2408.669921875</DistanceMeters>
            <HeartRateBpm>
              <Value>93</Value>
            </HeartRateBpm>
            <Extensions>
              <ns3:TPX>
                <ns3:Speed>2.818000078201294</ns3:Speed>
              </ns3:TPX>
            </Extensions>
          </Trackpoint>
          <Trackpoint>
            <Time>2026-07-31T17:38:25.000Z</Time>
            <Position>
              <LatitudeDegrees>44.29245924577117</LatitudeDegrees>
              <LongitudeDegrees>-81.60041461698711</LongitudeDegrees>
            </Position>
            <AltitudeMeters>182.1999969482422</AltitudeMeters>
            <DistanceMeters>2417.139892578125</DistanceMeters>
            <HeartRateBpm>
              <Value>95</Value>
            </HeartRateBpm>
            <Extensions>
              <ns3:TPX>
                <ns3:Speed>2.818000078201294</ns3:Speed>
              </ns3:TPX>
            </Extensions>
          </Trackpoint>
          <Trackpoint>
            <Time>2026-07-31T17:38:29.000Z</Time>
            <Position>
              <LatitudeDegrees>44.29248481057584</LatitudeDegrees>
              <LongitudeDegrees>-81.60051058977842</LongitudeDegrees>
            </Position>
            <AltitudeMeters>182.60000610351562</AltitudeMeters>
            <DistanceMeters>2425.239990234375</DistanceMeters>
            <HeartRateBpm>
              <Value>98</Value>
            </HeartRateBpm>
            <Extensions>
              <ns3:TPX>
                <ns3:Speed>2.687000036239624</ns3:Speed>
              </ns3:TPX>
            </Extensions>
          </Trackpoint>
          <Trackpoint>
            <Time>2026-07-31T17:38:31.000Z</Time>
            <Position>
              <LatitudeDegrees>44.29249771870673</LatitudeDegrees>
              <LongitudeDegrees>-81.60056331194937</LongitudeDegrees>
            </Position>
            <AltitudeMeters>182.60000610351562</AltitudeMeters>
            <DistanceMeters>2429.68994140625</DistanceMeters>
            <HeartRateBpm>
              <Value>99</Value>
            </HeartRateBpm>
            <Extensions>
              <ns3:TPX>
                <ns3:Speed>2.575000047683716</ns3:Speed>
              </ns3:TPX>
            </Extensions>
          </Trackpoint>
          <Trackpoint>
            <Time>2026-07-31T17:38:36.000Z</Time>
            <Position>
              <LatitudeDegrees>44.2925283126533</LatitudeDegrees>
              <LongitudeDegrees>-81.60065450705588</LongitudeDegrees>
            </Position>
            <AltitudeMeters>182.39999389648438</AltitudeMeters>
            <DistanceMeters>2437.580078125</DistanceMeters>
            <HeartRateBpm>
              <Value>98</Value>
            </HeartRateBpm>
            <Extensions>
              <ns3:TPX>
                <ns3:Speed>0.9890000224113464</ns3:Speed>
              </ns3:TPX>
            </Extensions>
          </Trackpoint>
          <Trackpoint>
            <Time>2026-07-31T17:38:40.000Z</Time>
            <Position>
              <LatitudeDegrees>44.29254365153611</LatitudeDegrees>
              <LongitudeDegrees>-81.60064646042883</LongitudeDegrees>
            </Position>
            <AltitudeMeters>182.39999389648438</AltitudeMeters>
            <DistanceMeters>2439.550048828125</DistanceMeters>
            <HeartRateBpm>
              <Value>95</Value>
            </HeartRateBpm>
            <Extensions>
              <ns3:TPX>
                <ns3:Speed>0.5690000057220459</ns3:Speed>
              </ns3:TPX>
            </Extensions>
          </Trackpoint>
          <Trackpoint>
            <Time>2026-07-31T17:38:42.000Z</Time>
            <Position>
              <LatitudeDegrees>44.29253694601357</LatitudeDegrees>
              <LongitudeDegrees>-81.60063858143985</LongitudeDegrees>
            </Position>
            <AltitudeMeters>182.39999389648438</AltitudeMeters>
            <DistanceMeters>2440.6201171875</DistanceMeters>
            <HeartRateBpm>
              <Value>95</Value>
            </HeartRateBpm>
            <Extensions>
              <ns3:TPX>
                <ns3:Speed>0.0</ns3:Speed>
              </ns3:TPX>
            </Extensions>
          </Trackpoint>
          <Trackpoint>
            <Time>2026-07-31T17:38:48.000Z</Time>
            <Position>
              <LatitudeDegrees>44.29252227768302</LatitudeDegrees>
              <LongitudeDegrees>-81.60060589201748</LongitudeDegrees>
            </Position>
            <AltitudeMeters>182.1999969482422</AltitudeMeters>
            <DistanceMeters>2443.72998046875</DistanceMeters>
            <HeartRateBpm>
              <Value>96</Value>
            </HeartRateBpm>
            <Extensions>
              <ns3:TPX>
                <ns3:Speed>0.5690000057220459</ns3:Speed>
              </ns3:TPX>
            </Extensions>
          </Trackpoint>
          <Trackpoint>
            <Time>2026-07-31T17:38:55.000Z</Time>
            <Position>
              <LatitudeDegrees>44.29245153442025</LatitudeDegrees>
              <LongitudeDegrees>-81.60057328641415</LongitudeDegrees>
            </Position>
            <AltitudeMeters>182.1999969482422</AltitudeMeters>
            <DistanceMeters>2452.010009765625</DistanceMeters>
            <HeartRateBpm>
              <Value>98</Value>
            </HeartRateBpm>
            <Extensions>
              <ns3:TPX>
                <ns3:Speed>1.0169999599456787</ns3:Speed>
              </ns3:TPX>
            </Extensions>
          </Trackpoint>
          <Trackpoint>
            <Time>2026-07-31T17:39:00.000Z</Time>
            <Position>
              <LatitudeDegrees>44.29237953387201</LatitudeDegrees>
              <LongitudeDegrees>-81.60055057145655</LongitudeDegrees>
            </Position>
            <AltitudeMeters>182.1999969482422</AltitudeMeters>
            <DistanceMeters>2460.239990234375</DistanceMeters>
            <HeartRateBpm>
              <Value>101</Value>
            </HeartRateBpm>
            <Extensions>
              <ns3:TPX>
                <ns3:Speed>1.5679999589920044</ns3:Speed>
              </ns3:TPX>
            </Extensions>
          </Trackpoint>
          <Trackpoint>
            <Time>2026-07-31T17:39:03.000Z</Time>
            <Position>
              <LatitudeDegrees>44.29232337512076</LatitudeDegrees>
              <LongitudeDegrees>-81.6005395911634</LongitudeDegrees>
            </Position>
            <AltitudeMeters>182.1999969482422</AltitudeMeters>
            <DistanceMeters>2466.5400390625</DistanceMeters>
            <HeartRateBpm>
              <Value>101</Value>
            </HeartRateBpm>
            <Extensions>
              <ns3:TPX>
                <ns3:Speed>1.5679999589920044</ns3:Speed>
              </ns3:TPX>
            </Extensions>
          </Trackpoint>
          <Trackpoint>
            <Time>2026-07-31T17:39:11.000Z</Time>
            <Position>
              <LatitudeDegrees>44.29214408621192</LatitudeDegrees>
              <LongitudeDegrees>-81.60048980265856</LongitudeDegrees>
            </Position>
            <AltitudeMeters>182.1999969482422</AltitudeMeters>
            <DistanceMeters>2486.89990234375</DistanceMeters>
            <HeartRateBpm>
              <Value>101</Value>
            </HeartRateBpm>
            <Extensions>
              <ns3:TPX>
                <ns3:Speed>2.4170000553131104</ns3:Speed>
              </ns3:TPX>
            </Extensions>
          </Trackpoint>
          <Trackpoint>
            <Time>2026-07-31T17:39:21.000Z</Time>
            <Position>
              <LatitudeDegrees>44.29192313924432</LatitudeDegrees>
              <LongitudeDegrees>-81.60043749958277</LongitudeDegrees>
            </Position>
            <AltitudeMeters>182.1999969482422</AltitudeMeters>
            <DistanceMeters>2511.929931640625</DistanceMeters>
            <HeartRateBpm>
              <Value>100</Value>
            </HeartRateBpm>
            <Extensions>
              <ns3:TPX>
                <ns3:Speed>2.5290000438690186</ns3:Speed>
              </ns3:TPX>
            </Extensions>
          </Trackpoint>
          <Trackpoint>
            <Time>2026-07-31T17:39:26.000Z</Time>
            <Position>
              <LatitudeDegrees>44.29181492887437</LatitudeDegrees>
              <LongitudeDegrees>-81.60041553899646</LongitudeDegrees>
            </Position>
            <AltitudeMeters>182.39999389648438</AltitudeMeters>
            <DistanceMeters>2524.090087890625</DistanceMeters>
            <HeartRateBpm>
              <Value>97</Value>
            </HeartRateBpm>
            <Extensions>
              <ns3:TPX>
                <ns3:Speed>2.5190000534057617</ns3:Speed>
              </ns3:TPX>
            </Extensions>
          </Trackpoint>
          <Trackpoint>
            <Time>2026-07-31T17:39:34.000Z</Time>
            <Position>
              <LatitudeDegrees>44.29164779372513</LatitudeDegrees>
              <LongitudeDegrees>-81.60038972273469</LongitudeDegrees>
            </Position>
            <AltitudeMeters>182.1999969482422</AltitudeMeters>
            <DistanceMeters>2542.7900390625</DistanceMeters>
            <HeartRateBpm>
              <Value>94</Value>
            </HeartRateBpm>
            <Extensions>
              <ns3:TPX>
                <ns3:Speed>2.305000066757202</ns3:Speed>
              </ns3:TPX>
            </Extensions>
          </Trackpoint>
          <Trackpoint>
            <Time>2026-07-31T17:39:35.000Z</Time>
            <Position>
              <LatitudeDegrees>44.29162851534784</LatitudeDegrees>
              <LongitudeDegrees>-81.60038284957409</LongitudeDegrees>
            </Position>
            <AltitudeMeters>182.1999969482422</AltitudeMeters>
            <DistanceMeters>2544.989990234375</DistanceMeters>
            <HeartRateBpm>
              <Value>94</Value>
            </HeartRateBpm>
            <Extensions>
              <ns3:TPX>
                <ns3:Speed>2.305000066757202</ns3:Speed>
              </ns3:TPX>
            </Extensions>
          </Trackpoint>
          <Trackpoint>
            <Time>2026-07-31T17:39:43.000Z</Time>
            <Position>
              <LatitudeDegrees>44.291468085721135</LatitudeDegrees>
              <LongitudeDegrees>-81.60028788261116</LongitudeDegrees>
            </Position>
            <AltitudeMeters>182.1999969482422</AltitudeMeters>
            <DistanceMeters>2564.52001953125</DistanceMeters>
            <HeartRateBpm>
              <Value>93</Value>
            </HeartRateBpm>
            <Extensions>
              <ns3:TPX>
                <ns3:Speed>2.434999942779541</ns3:Speed>
              </ns3:TPX>
            </Extensions>
          </Trackpoint>
          <Trackpoint>
            <Time>2026-07-31T17:39:52.000Z</Time>
            <Position>
              <LatitudeDegrees>44.29129525087774</LatitudeDegrees>
              <LongitudeDegrees>-81.60014614462852</LongitudeDegrees>
            </Position>
            <AltitudeMeters>182.1999969482422</AltitudeMeters>
            <DistanceMeters>2586.85009765625</DistanceMeters>
            <HeartRateBpm>
              <Value>90</Value>
            </HeartRateBpm>
            <Extensions>
              <ns3:TPX>
                <ns3:Speed>2.434999942779541</ns3:Speed>
              </ns3:TPX>
            </Extensions>
          </Trackpoint>
          <Trackpoint>
            <Time>2026-07-31T17:39:53.000Z</Time>
            <Position>
              <LatitudeDegrees>44.2912766430527</LatitudeDegrees>
              <LongitudeDegrees>-81.60013449378312</LongitudeDegrees>
            </Position>
            <AltitudeMeters>182.1999969482422</AltitudeMeters>
            <DistanceMeters>2589.1201171875</DistanceMeters>
            <HeartRateBpm>
              <Value>93</Value>
            </HeartRateBpm>
            <Extensions>
              <ns3:TPX>
                <ns3:Speed>2.4070000648498535</ns3:Speed>
              </ns3:TPX>
            </Extensions>
          </Trackpoint>
          <Trackpoint>
            <Time>2026-07-31T17:39:56.000Z</Time>
            <Position>
              <LatitudeDegrees>44.29121914319694</LatitudeDegrees>
              <LongitudeDegrees>-81.60008914768696</LongitudeDegrees>
            </Position>
            <AltitudeMeters>182.1999969482422</AltitudeMeters>
            <DistanceMeters>2596.449951171875</DistanceMeters>
            <HeartRateBpm>
              <Value>90</Value>
            </HeartRateBpm>
            <Extensions>
              <ns3:TPX>
                <ns3:Speed>2.4630000591278076</ns3:Speed>
              </ns3:TPX>
            </Extensions>
          </Trackpoint>
          <Trackpoint>
            <Time>2026-07-31T17:39:57.000Z</Time>
            <Position>
              <LatitudeDegrees>44.291198858991265</LatitudeDegrees>
              <LongitudeDegrees>-81.60007615573704</LongitudeDegrees>
            </Position>
            <AltitudeMeters>182.1999969482422</AltitudeMeters>
            <DistanceMeters>2598.93994140625</DistanceMeters>
            <HeartRateBpm>
              <Value>90</Value>
            </HeartRateBpm>
            <Extensions>
              <ns3:TPX>
                <ns3:Speed>2.4730000495910645</ns3:Speed>
              </ns3:TPX>
            </Extensions>
          </Trackpoint>
          <Trackpoint>
            <Time>2026-07-31T17:40:05.000Z</Time>
            <Position>
              <LatitudeDegrees>44.29101990535855</LatitudeDegrees>
              <LongitudeDegrees>-81.59998454153538</LongitudeDegrees>
            </Position>
            <AltitudeMeters>182.1999969482422</AltitudeMeters>
            <DistanceMeters>2620.179931640625</DistanceMeters>
            <HeartRateBpm>
              <Value>87</Value>
            </HeartRateBpm>
            <Extensions>
              <ns3:TPX>
                <ns3:Speed>2.500999927520752</ns3:Speed>
              </ns3:TPX>
            </Extensions>
          </Trackpoint>
          <Trackpoint>
            <Time>2026-07-31T17:40:09.000Z</Time>
            <Position>
              <LatitudeDegrees>44.29093524813652</LatitudeDegrees>
              <LongitudeDegrees>-81.59996023401618</LongitudeDegrees>
            </Position>
            <AltitudeMeters>182.1999969482422</AltitudeMeters>
            <DistanceMeters>2629.780029296875</DistanceMeters>
            <HeartRateBpm>
              <Value>87</Value>
            </HeartRateBpm>
            <Extensions>
              <ns3:TPX>
                <ns3:Speed>2.4730000495910645</ns3:Speed>
              </ns3:TPX>
            </Extensions>
          </Trackpoint>
          <Trackpoint>
            <Time>2026-07-31T17:40:20.000Z</Time>
            <Position>
              <LatitudeDegrees>44.290741542354226</LatitudeDegrees>
              <LongitudeDegrees>-81.5999298915267</LongitudeDegrees>
            </Position>
            <AltitudeMeters>182.1999969482422</AltitudeMeters>
            <DistanceMeters>2651.469970703125</DistanceMeters>
            <HeartRateBpm>
              <Value>89</Value>
            </HeartRateBpm>
            <Extensions>
              <ns3:TPX>
                <ns3:Speed>1.9589999914169312</ns3:Speed>
              </ns3:TPX>
            </Extensions>
          </Trackpoint>
          <Trackpoint>
            <Time>2026-07-31T17:40:31.000Z</Time>
            <Position>
              <LatitudeDegrees>44.29058186709881</LatitudeDegrees>
              <LongitudeDegrees>-81.59990072250366</LongitudeDegrees>
            </Position>
            <AltitudeMeters>182.1999969482422</AltitudeMeters>
            <DistanceMeters>2669.409912109375</DistanceMeters>
            <HeartRateBpm>
              <Value>90</Value>
            </HeartRateBpm>
            <Extensions>
              <ns3:TPX>
                <ns3:Speed>1.6419999599456787</ns3:Speed>
              </ns3:TPX>
            </Extensions>
          </Trackpoint>
          <Trackpoint>
            <Time>2026-07-31T17:40:43.000Z</Time>
            <Position>
              <LatitudeDegrees>44.29039956070483</LatitudeDegrees>
              <LongitudeDegrees>-81.5998588129878</LongitudeDegrees>
            </Position>
            <AltitudeMeters>182.1999969482422</AltitudeMeters>
            <DistanceMeters>2690.080078125</DistanceMeters>
            <HeartRateBpm>
              <Value>89</Value>
            </HeartRateBpm>
            <Extensions>
              <ns3:TPX>
                <ns3:Speed>1.1200000047683716</ns3:Speed>
              </ns3:TPX>
            </Extensions>
          </Trackpoint>
          <Trackpoint>
            <Time>2026-07-31T17:40:46.000Z</Time>
            <Position>
              <LatitudeDegrees>44.29036544635892</LatitudeDegrees>
              <LongitudeDegrees>-81.59987708553672</LongitudeDegrees>
            </Position>
            <AltitudeMeters>182.1999969482422</AltitudeMeters>
            <DistanceMeters>2694.1298828125</DistanceMeters>
            <HeartRateBpm>
              <Value>89</Value>
            </HeartRateBpm>
            <Extensions>
              <ns3:TPX>
                <ns3:Speed>1.4279999732971191</ns3:Speed>
              </ns3:TPX>
            </Extensions>
          </Trackpoint>
          <Trackpoint>
            <Time>2026-07-31T17:40:48.000Z</Time>
            <Position>
              <LatitudeDegrees>44.29036561399698</LatitudeDegrees>
              <LongitudeDegrees>-81.59986610524356</LongitudeDegrees>
            </Position>
            <AltitudeMeters>182.0</AltitudeMeters>
            <DistanceMeters>2694.97998046875</DistanceMeters>
            <HeartRateBpm>
              <Value>88</Value>
            </HeartRateBpm>
            <Extensions>
              <ns3:TPX>
                <ns3:Speed>0.5410000085830688</ns3:Speed>
              </ns3:TPX>
            </Extensions>
          </Trackpoint>
          <Trackpoint>
            <Time>2026-07-31T17:40:52.000Z</Time>
            <Position>
              <LatitudeDegrees>44.290396543219686</LatitudeDegrees>
              <LongitudeDegrees>-81.59989661537111</LongitudeDegrees>
            </Position>
            <AltitudeMeters>181.8000030517578</AltitudeMeters>
            <DistanceMeters>2698.89990234375</DistanceMeters>
            <HeartRateBpm>
              <Value>88</Value>
            </HeartRateBpm>
            <Extensions>
              <ns3:TPX>
                <ns3:Speed>1.0449999570846558</ns3:Speed>
              </ns3:TPX>
            </Extensions>
          </Trackpoint>
          <Trackpoint>
            <Time>2026-07-31T17:40:59.000Z</Time>
            <Position>
              <LatitudeDegrees>44.290482960641384</LatitudeDegrees>
              <LongitudeDegrees>-81.60002569667995</LongitudeDegrees>
            </Position>
            <AltitudeMeters>181.8000030517578</AltitudeMeters>
            <DistanceMeters>2713.18994140625</DistanceMeters>
            <HeartRateBpm>
              <Value>88</Value>
            </HeartRateBpm>
            <Extensions>
              <ns3:TPX>
                <ns3:Speed>2.546999931335449</ns3:Speed>
              </ns3:TPX>
            </Extensions>
          </Trackpoint>
          <Trackpoint>
            <Time>2026-07-31T17:41:06.000Z</Time>
            <Position>
              <LatitudeDegrees>44.290586141869426</LatitudeDegrees>
              <LongitudeDegrees>-81.60023365169764</LongitudeDegrees>
            </Position>
            <AltitudeMeters>181.60000610351562</AltitudeMeters>
            <DistanceMeters>2733.449951171875</DistanceMeters>
            <HeartRateBpm>
              <Value>91</Value>
            </HeartRateBpm>
            <Extensions>
              <ns3:TPX>
                <ns3:Speed>2.677999973297119</ns3:Speed>
              </ns3:TPX>
            </Extensions>
          </Trackpoint>
          <Trackpoint>
            <Time>2026-07-31T17:41:07.000Z</Time>
            <Position>
              <LatitudeDegrees>44.29060156457126</LatitudeDegrees>
              <LongitudeDegrees>-81.60026617348194</LongitudeDegrees>
            </Position>
            <AltitudeMeters>181.8000030517578</AltitudeMeters>
            <DistanceMeters>2736.5400390625</DistanceMeters>
            <HeartRateBpm>
              <Value>90</Value>
            </HeartRateBpm>
            <Extensions>
              <ns3:TPX>
                <ns3:Speed>2.7899999618530273</ns3:Speed>
              </ns3:TPX>
            </Extensions>
          </Trackpoint>
          <Trackpoint>
            <Time>2026-07-31T17:41:15.000Z</Time>
            <Position>
              <LatitudeDegrees>44.29069728590548</LatitudeDegrees>
              <LongitudeDegrees>-81.60051109269261</LongitudeDegrees>
            </Position>
            <AltitudeMeters>182.0</AltitudeMeters>
            <DistanceMeters>2758.800048828125</DistanceMeters>
            <HeartRateBpm>
              <Value>91</Value>
            </HeartRateBpm>
            <Extensions>
              <ns3:TPX>
                <ns3:Speed>2.7339999675750732</ns3:Speed>
              </ns3:TPX>
            </Extensions>
          </Trackpoint>
          <Trackpoint>
            <Time>2026-07-31T17:41:22.000Z</Time>
            <Position>
              <LatitudeDegrees>44.29077414795756</LatitudeDegrees>
              <LongitudeDegrees>-81.60071225836873</LongitudeDegrees>
            </Position>
            <AltitudeMeters>182.39999389648438</AltitudeMeters>
            <DistanceMeters>2777.010009765625</DistanceMeters>
            <HeartRateBpm>
              <Value>87</Value>
            </HeartRateBpm>
            <Extensions>
              <ns3:TPX>
                <ns3:Speed>2.61299991607666</ns3:Speed>
              </ns3:TPX>
            </Extensions>
          </Trackpoint>
          <Trackpoint>
            <Time>2026-07-31T17:41:23.000Z</Time>
            <Position>
              <LatitudeDegrees>44.29078437387943</LatitudeDegrees>
              <LongitudeDegrees>-81.60074804909527</LongitudeDegrees>
            </Position>
            <AltitudeMeters>182.39999389648438</AltitudeMeters>
            <DistanceMeters>2780.080078125</DistanceMeters>
            <HeartRateBpm>
              <Value>90</Value>
            </HeartRateBpm>
            <Extensions>
              <ns3:TPX>
                <ns3:Speed>2.61299991607666</ns3:Speed>
              </ns3:TPX>
            </Extensions>
          </Trackpoint>
          <Trackpoint>
            <Time>2026-07-31T17:41:25.000Z</Time>
            <Position>
              <LatitudeDegrees>44.290798706933856</LatitudeDegrees>
              <LongitudeDegrees>-81.60081317648292</LongitudeDegrees>
            </Position>
            <AltitudeMeters>182.39999389648438</AltitudeMeters>
            <DistanceMeters>2785.469970703125</DistanceMeters>
            <HeartRateBpm>
              <Value>89</Value>
            </HeartRateBpm>
            <Extensions>
              <ns3:TPX>
                <ns3:Speed>2.6029999256134033</ns3:Speed>
              </ns3:TPX>
            </Extensions>
          </Trackpoint>
          <Trackpoint>
            <Time>2026-07-31T17:41:31.000Z</Time>
            <Position>
              <LatitudeDegrees>44.290861235931516</LatitudeDegrees>
              <LongitudeDegrees>-81.60100998356938</LongitudeDegrees>
            </Position>
            <AltitudeMeters>182.39999389648438</AltitudeMeters>
            <DistanceMeters>2802.699951171875</DistanceMeters>
            <HeartRateBpm>
              <Value>86</Value>
            </HeartRateBpm>
            <Extensions>
              <ns3:TPX>
                <ns3:Speed>2.6589999198913574</ns3:Speed>
              </ns3:TPX>
            </Extensions>
          </Trackpoint>
          <Trackpoint>
            <Time>2026-07-31T17:41:33.000Z</Time>
            <Position>
              <LatitudeDegrees>44.2908794246614</LatitudeDegrees>
              <LongitudeDegrees>-81.60106991417706</LongitudeDegrees>
            </Position>
            <AltitudeMeters>182.39999389648438</AltitudeMeters>
            <DistanceMeters>2807.8798828125</DistanceMeters>
            <HeartRateBpm>
              <Value>85</Value>
            </HeartRateBpm>
            <Extensions>
              <ns3:TPX>
                <ns3:Speed>2.697000026702881</ns3:Speed>
              </ns3:TPX>
            </Extensions>
          </Trackpoint>
          <Trackpoint>
            <Time>2026-07-31T17:41:43.000Z</Time>
            <Position>
              <LatitudeDegrees>44.29098637774587</LatitudeDegrees>
              <LongitudeDegrees>-81.60135489888489</LongitudeDegrees>
            </Position>
            <AltitudeMeters>182.39999389648438</AltitudeMeters>
            <DistanceMeters>2833.60009765625</DistanceMeters>
            <HeartRateBpm>
              <Value>85</Value>
            </HeartRateBpm>
            <Extensions>
              <ns3:TPX>
                <ns3:Speed>2.546999931335449</ns3:Speed>
              </ns3:TPX>
            </Extensions>
          </Trackpoint>
          <Trackpoint>
            <Time>2026-07-31T17:41:52.000Z</Time>
            <Position>
              <LatitudeDegrees>44.29106215015054</LatitudeDegrees>
              <LongitudeDegrees>-81.6016120556742</LongitudeDegrees>
            </Position>
            <AltitudeMeters>181.8000030517578</AltitudeMeters>
            <DistanceMeters>2855.820068359375</DistanceMeters>
            <HeartRateBpm>
              <Value>88</Value>
            </HeartRateBpm>
            <Extensions>
              <ns3:TPX>
                <ns3:Speed>2.509999990463257</ns3:Speed>
              </ns3:TPX>
            </Extensions>
          </Trackpoint>
          <Trackpoint>
            <Time>2026-07-31T17:41:53.000Z</Time>
            <Position>
              <LatitudeDegrees>44.29107313044369</LatitudeDegrees>
              <LongitudeDegrees>-81.60164239816368</LongitudeDegrees>
            </Position>
            <AltitudeMeters>181.8000030517578</AltitudeMeters>
            <DistanceMeters>2858.530029296875</DistanceMeters>
            <HeartRateBpm>
              <Value>88</Value>
            </HeartRateBpm>
            <Extensions>
              <ns3:TPX>
                <ns3:Speed>2.546999931335449</ns3:Speed>
              </ns3:TPX>
            </Extensions>
          </Trackpoint>
          <Trackpoint>
            <Time>2026-07-31T17:41:58.000Z</Time>
            <Position>
              <LatitudeDegrees>44.291122583672404</LatitudeDegrees>
              <LongitudeDegrees>-81.60178815945983</LongitudeDegrees>
            </Position>
            <AltitudeMeters>181.8000030517578</AltitudeMeters>
            <DistanceMeters>2871.469970703125</DistanceMeters>
            <HeartRateBpm>
              <Value>92</Value>
            </HeartRateBpm>
            <Extensions>
              <ns3:TPX>
                <ns3:Speed>2.546999931335449</ns3:Speed>
              </ns3:TPX>
            </Extensions>
          </Trackpoint>
          <Trackpoint>
            <Time>2026-07-31T17:41:59.000Z</Time>
            <Position>
              <LatitudeDegrees>44.29113297723234</LatitudeDegrees>
              <LongitudeDegrees>-81.60182311199605</LongitudeDegrees>
            </Position>
            <AltitudeMeters>181.8000030517578</AltitudeMeters>
            <DistanceMeters>2874.489990234375</DistanceMeters>
            <HeartRateBpm>
              <Value>93</Value>
            </HeartRateBpm>
            <Extensions>
              <ns3:TPX>
                <ns3:Speed>2.575000047683716</ns3:Speed>
              </ns3:TPX>
            </Extensions>
          </Trackpoint>
          <Trackpoint>
            <Time>2026-07-31T17:42:09.000Z</Time>
            <Position>
              <LatitudeDegrees>44.291225764900446</LatitudeDegrees>
              <LongitudeDegrees>-81.6021139640361</LongitudeDegrees>
            </Position>
            <AltitudeMeters>181.8000030517578</AltitudeMeters>
            <DistanceMeters>2899.909912109375</DistanceMeters>
            <HeartRateBpm>
              <Value>93</Value>
            </HeartRateBpm>
            <Extensions>
              <ns3:TPX>
                <ns3:Speed>2.63100004196167</ns3:Speed>
              </ns3:TPX>
            </Extensions>
          </Trackpoint>
          <Trackpoint>
            <Time>2026-07-31T17:42:17.000Z</Time>
            <Position>
              <LatitudeDegrees>44.291278989985585</LatitudeDegrees>
              <LongitudeDegrees>-81.602319823578</LongitudeDegrees>
            </Position>
            <AltitudeMeters>181.8000030517578</AltitudeMeters>
            <DistanceMeters>2917.409912109375</DistanceMeters>
            <HeartRateBpm>
              <Value>91</Value>
            </HeartRateBpm>
            <Extensions>
              <ns3:TPX>
                <ns3:Speed>2.3610000610351562</ns3:Speed>
              </ns3:TPX>
            </Extensions>
          </Trackpoint>
          <Trackpoint>
            <Time>2026-07-31T17:42:25.000Z</Time>
            <Position>
              <LatitudeDegrees>44.29131377488375</LatitudeDegrees>
              <LongitudeDegrees>-81.60256457515061</LongitudeDegrees>
            </Position>
            <AltitudeMeters>181.8000030517578</AltitudeMeters>
            <DistanceMeters>2937.3798828125</DistanceMeters>
            <HeartRateBpm>
              <Value>88</Value>
            </HeartRateBpm>
            <Extensions>
              <ns3:TPX>
                <ns3:Speed>2.565999984741211</ns3:Speed>
              </ns3:TPX>
            </Extensions>
          </Trackpoint>
          <Trackpoint>
            <Time>2026-07-31T17:42:33.000Z</Time>
            <Position>
              <LatitudeDegrees>44.29138912819326</LatitudeDegrees>
              <LongitudeDegrees>-81.60280278883874</LongitudeDegrees>
            </Position>
            <AltitudeMeters>182.39999389648438</AltitudeMeters>
            <DistanceMeters>2958.169921875</DistanceMeters>
            <HeartRateBpm>
              <Value>89</Value>
            </HeartRateBpm>
            <Extensions>
              <ns3:TPX>
                <ns3:Speed>2.556999921798706</ns3:Speed>
              </ns3:TPX>
            </Extensions>
          </Trackpoint>
          <Trackpoint>
            <Time>2026-07-31T17:42:40.000Z</Time>
            <Position>
              <LatitudeDegrees>44.291478395462036</LatitudeDegrees>
              <LongitudeDegrees>-81.60300328396261</LongitudeDegrees>
            </Position>
            <AltitudeMeters>182.39999389648438</AltitudeMeters>
            <DistanceMeters>2977.0400390625</DistanceMeters>
            <HeartRateBpm>
              <Value>88</Value>
            </HeartRateBpm>
            <Extensions>
              <ns3:TPX>
                <ns3:Speed>2.743000030517578</ns3:Speed>
              </ns3:TPX>
            </Extensions>
          </Trackpoint>
          <Trackpoint>
            <Time>2026-07-31T17:42:49.000Z</Time>
            <Position>
              <LatitudeDegrees>44.29159867577255</LatitudeDegrees>
              <LongitudeDegrees>-81.6032797191292</LongitudeDegrees>
            </Position>
            <AltitudeMeters>182.39999389648438</AltitudeMeters>
            <DistanceMeters>3002.820068359375</DistanceMeters>
            <HeartRateBpm>
              <Value>91</Value>
            </HeartRateBpm>
            <Extensions>
              <ns3:TPX>
                <ns3:Speed>2.809000015258789</ns3:Speed>
              </ns3:TPX>
            </Extensions>
          </Trackpoint>
          <Trackpoint>
            <Time>2026-07-31T17:42:50.000Z</Time>
            <Position>
              <LatitudeDegrees>44.291610745713115</LatitudeDegrees>
              <LongitudeDegrees>-81.60331106744707</LongitudeDegrees>
            </Position>
            <AltitudeMeters>182.39999389648438</AltitudeMeters>
            <DistanceMeters>3005.659912109375</DistanceMeters>
            <HeartRateBpm>
              <Value>91</Value>
            </HeartRateBpm>
            <Extensions>
              <ns3:TPX>
                <ns3:Speed>2.8269999027252197</ns3:Speed>
              </ns3:TPX>
            </Extensions>
          </Trackpoint>
          <Trackpoint>
            <Time>2026-07-31T17:42:59.000Z</Time>
            <Position>
              <LatitudeDegrees>44.291710909456015</LatitudeDegrees>
              <LongitudeDegrees>-81.60357233136892</LongitudeDegrees>
            </Position>
            <AltitudeMeters>182.60000610351562</AltitudeMeters>
            <DistanceMeters>3029.31005859375</DistanceMeters>
            <HeartRateBpm>
              <Value>91</Value>
            </HeartRateBpm>
            <Extensions>
              <ns3:TPX>
                <ns3:Speed>2.7339999675750732</ns3:Speed>
              </ns3:TPX>
            </Extensions>
          </Trackpoint>
          <Trackpoint>
            <Time>2026-07-31T17:43:06.000Z</Time>
            <Position>
              <LatitudeDegrees>44.29179078899324</LatitudeDegrees>
              <LongitudeDegrees>-81.60379386506975</LongitudeDegrees>
            </Position>
            <AltitudeMeters>182.60000610351562</AltitudeMeters>
            <DistanceMeters>3049.10009765625</DistanceMeters>
            <HeartRateBpm>
              <Value>88</Value>
            </HeartRateBpm>
            <Extensions>
              <ns3:TPX>
                <ns3:Speed>2.7709999084472656</ns3:Speed>
              </ns3:TPX>
            </Extensions>
          </Trackpoint>
          <Trackpoint>
            <Time>2026-07-31T17:43:09.000Z</Time>
            <Position>
              <LatitudeDegrees>44.29182322695851</LatitudeDegrees>
              <LongitudeDegrees>-81.60388371907175</LongitudeDegrees>
            </Position>
            <AltitudeMeters>182.39999389648438</AltitudeMeters>
            <DistanceMeters>3057.1298828125</DistanceMeters>
            <HeartRateBpm>
              <Value>87</Value>
            </HeartRateBpm>
            <Extensions>
              <ns3:TPX>
                <ns3:Speed>2.8269999027252197</ns3:Speed>
              </ns3:TPX>
            </Extensions>
          </Trackpoint>
          <Trackpoint>
            <Time>2026-07-31T17:43:12.000Z</Time>
            <Position>
              <LatitudeDegrees>44.29185222834349</LatitudeDegrees>
              <LongitudeDegrees>-81.6039602458477</LongitudeDegrees>
            </Position>
            <AltitudeMeters>182.39999389648438</AltitudeMeters>
            <DistanceMeters>3064.0400390625</DistanceMeters>
            <HeartRateBpm>
              <Value>84</Value>
            </HeartRateBpm>
            <Extensions>
              <ns3:TPX>
                <ns3:Speed>2.6589999198913574</ns3:Speed>
              </ns3:TPX>
            </Extensions>
          </Trackpoint>
          <Trackpoint>
            <Time>2026-07-31T17:43:18.000Z</Time>
            <Position>
              <LatitudeDegrees>44.29190419614315</LatitudeDegrees>
              <LongitudeDegrees>-81.60412335768342</LongitudeDegrees>
            </Position>
            <AltitudeMeters>182.60000610351562</AltitudeMeters>
            <DistanceMeters>3078.340087890625</DistanceMeters>
            <HeartRateBpm>
              <Value>83</Value>
            </HeartRateBpm>
            <Extensions>
              <ns3:TPX>
                <ns3:Speed>2.3980000019073486</ns3:Speed>
              </ns3:TPX>
            </Extensions>
          </Trackpoint>
          <Trackpoint>
            <Time>2026-07-31T17:43:28.000Z</Time>
            <Position>
              <LatitudeDegrees>44.29195214062929</LatitudeDegrees>
              <LongitudeDegrees>-81.60440314561129</LongitudeDegrees>
            </Position>
            <AltitudeMeters>182.60000610351562</AltitudeMeters>
            <DistanceMeters>3101.300048828125</DistanceMeters>
            <HeartRateBpm>
              <Value>85</Value>
            </HeartRateBpm>
            <Extensions>
              <ns3:TPX>
                <ns3:Speed>2.313999891281128</ns3:Speed>
              </ns3:TPX>
            </Extensions>
          </Trackpoint>
          <Trackpoint>
            <Time>2026-07-31T17:43:36.000Z</Time>
            <Position>
              <LatitudeDegrees>44.29204107262194</LatitudeDegrees>
              <LongitudeDegrees>-81.60463741980493</LongitudeDegrees>
            </Position>
            <AltitudeMeters>182.39999389648438</AltitudeMeters>
            <DistanceMeters>3122.610107421875</DistanceMeters>
            <HeartRateBpm>
              <Value>84</Value>
            </HeartRateBpm>
            <Extensions>
              <ns3:TPX>
                <ns3:Speed>2.677999973297119</ns3:Speed>
              </ns3:TPX>
            </Extensions>
          </Trackpoint>
          <Trackpoint>
            <Time>2026-07-31T17:43:46.000Z</Time>
            <Position>
              <LatitudeDegrees>44.292125226929784</LatitudeDegrees>
              <LongitudeDegrees>-81.604941515252</LongitudeDegrees>
            </Position>
            <AltitudeMeters>182.60000610351562</AltitudeMeters>
            <DistanceMeters>3148.659912109375</DistanceMeters>
            <HeartRateBpm>
              <Value>83</Value>
            </HeartRateBpm>
            <Extensions>
              <ns3:TPX>
                <ns3:Speed>2.5940001010894775</ns3:Speed>
              </ns3:TPX>
            </Extensions>
          </Trackpoint>
          <Trackpoint>
            <Time>2026-07-31T17:44:01.000Z</Time>
            <Position>
              <LatitudeDegrees>44.292245507240295</LatitudeDegrees>
              <LongitudeDegrees>-81.60539941862226</LongitudeDegrees>
            </Position>
            <AltitudeMeters>182.8000030517578</AltitudeMeters>
            <DistanceMeters>3187.590087890625</DistanceMeters>
            <HeartRateBpm>
              <Value>81</Value>
            </HeartRateBpm>
            <Extensions>
              <ns3:TPX>
                <ns3:Speed>2.546999931335449</ns3:Speed>
              </ns3:TPX>
            </Extensions>
          </Trackpoint>
          <Trackpoint>
            <Time>2026-07-31T17:44:09.000Z</Time>
            <Position>
              <LatitudeDegrees>44.29230929352343</LatitudeDegrees>
              <LongitudeDegrees>-81.60564349964261</LongitudeDegrees>
            </Position>
            <AltitudeMeters>182.8000030517578</AltitudeMeters>
            <DistanceMeters>3208.330078125</DistanceMeters>
            <HeartRateBpm>
              <Value>83</Value>
            </HeartRateBpm>
            <Extensions>
              <ns3:TPX>
                <ns3:Speed>2.546999931335449</ns3:Speed>
              </ns3:TPX>
            </Extensions>
          </Trackpoint>
          <Trackpoint>
            <Time>2026-07-31T17:44:18.000Z</Time>
            <Position>
              <LatitudeDegrees>44.292355980724096</LatitudeDegrees>
              <LongitudeDegrees>-81.6059082839638</LongitudeDegrees>
            </Position>
            <AltitudeMeters>182.8000030517578</AltitudeMeters>
            <DistanceMeters>3230.10009765625</DistanceMeters>
            <HeartRateBpm>
              <Value>84</Value>
            </HeartRateBpm>
            <Extensions>
              <ns3:TPX>
                <ns3:Speed>2.4820001125335693</ns3:Speed>
              </ns3:TPX>
            </Extensions>
          </Trackpoint>
          <Trackpoint>
            <Time>2026-07-31T17:44:24.000Z</Time>
            <Position>
              <LatitudeDegrees>44.2923538852483</LatitudeDegrees>
              <LongitudeDegrees>-81.606017164886</LongitudeDegrees>
            </Position>
            <AltitudeMeters>182.60000610351562</AltitudeMeters>
            <DistanceMeters>3238.820068359375</DistanceMeters>
            <HeartRateBpm>
              <Value>87</Value>
            </HeartRateBpm>
            <Extensions>
              <ns3:TPX>
                <ns3:Speed>0.9610000252723694</ns3:Speed>
              </ns3:TPX>
            </Extensions>
          </Trackpoint>
          <Trackpoint>
            <Time>2026-07-31T17:44:27.000Z</Time>
            <Position>
              <LatitudeDegrees>44.292365619912744</LatitudeDegrees>
              <LongitudeDegrees>-81.60604792647064</LongitudeDegrees>
            </Position>
            <AltitudeMeters>182.1999969482422</AltitudeMeters>
            <DistanceMeters>3241.610107421875</DistanceMeters>
            <HeartRateBpm>
              <Value>86</Value>
            </HeartRateBpm>
            <Extensions>
              <ns3:TPX>
                <ns3:Speed>1.2410000562667847</ns3:Speed>
              </ns3:TPX>
            </Extensions>
          </Trackpoint>
          <Trackpoint>
            <Time>2026-07-31T17:44:30.000Z</Time>
            <Position>
              <LatitudeDegrees>44.29238053970039</LatitudeDegrees>
              <LongitudeDegrees>-81.60608522593975</LongitudeDegrees>
            </Position>
            <AltitudeMeters>182.39999389648438</AltitudeMeters>
            <DistanceMeters>3245.070068359375</DistanceMeters>
            <HeartRateBpm>
              <Value>83</Value>
            </HeartRateBpm>
            <Extensions>
              <ns3:TPX>
                <ns3:Speed>1.1660000085830688</ns3:Speed>
              </ns3:TPX>
            </Extensions>
          </Trackpoint>
          <Trackpoint>
            <Time>2026-07-31T17:44:31.000Z</Time>
            <Position>
              <LatitudeDegrees>44.292387161403894</LatitudeDegrees>
              <LongitudeDegrees>-81.60610056482255</LongitudeDegrees>
            </Position>
            <AltitudeMeters>182.39999389648438</AltitudeMeters>
            <DistanceMeters>3246.489990234375</DistanceMeters>
            <HeartRateBpm>
              <Value>83</Value>
            </HeartRateBpm>
            <Extensions>
              <ns3:TPX>
                <ns3:Speed>1.1660000085830688</ns3:Speed>
              </ns3:TPX>
            </Extensions>
          </Trackpoint>
          <Trackpoint>
            <Time>2026-07-31T17:44:36.000Z</Time>
            <Position>
              <LatitudeDegrees>44.292407277971506</LatitudeDegrees>
              <LongitudeDegrees>-81.60619930364192</LongitudeDegrees>
            </Position>
            <AltitudeMeters>182.39999389648438</AltitudeMeters>
            <DistanceMeters>3254.7099609375</DistanceMeters>
            <HeartRateBpm>
              <Value>86</Value>
            </HeartRateBpm>
            <Extensions>
              <ns3:TPX>
                <ns3:Speed>1.8660000562667847</ns3:Speed>
              </ns3:TPX>
            </Extensions>
          </Trackpoint>
          <Trackpoint>
            <Time>2026-07-31T17:44:37.000Z</Time>
            <Position>
              <LatitudeDegrees>44.292414989322424</LatitudeDegrees>
              <LongitudeDegrees>-81.60622629337013</LongitudeDegrees>
            </Position>
            <AltitudeMeters>182.39999389648438</AltitudeMeters>
            <DistanceMeters>3257.02001953125</DistanceMeters>
            <HeartRateBpm>
              <Value>83</Value>
            </HeartRateBpm>
            <Extensions>
              <ns3:TPX>
                <ns3:Speed>2.3510000705718994</ns3:Speed>
              </ns3:TPX>
            </Extensions>
          </Trackpoint>
          <Trackpoint>
            <Time>2026-07-31T17:44:39.000Z</Time>
            <Position>
              <LatitudeDegrees>44.29242982529104</LatitudeDegrees>
              <LongitudeDegrees>-81.60628706216812</LongitudeDegrees>
            </Position>
            <AltitudeMeters>182.60000610351562</AltitudeMeters>
            <DistanceMeters>3262.090087890625</DistanceMeters>
            <HeartRateBpm>
              <Value>86</Value>
            </HeartRateBpm>
            <Extensions>
              <ns3:TPX>
                <ns3:Speed>2.6500000953674316</ns3:Speed>
              </ns3:TPX>
            </Extensions>
          </Trackpoint>
          <Trackpoint>
            <Time>2026-07-31T17:44:44.000Z</Time>
            <Position>
              <LatitudeDegrees>44.292506938800216</LatitudeDegrees>
              <LongitudeDegrees>-81.60644665360451</LongitudeDegrees>
            </Position>
            <AltitudeMeters>183.0</AltitudeMeters>
            <DistanceMeters>3277.4599609375</DistanceMeters>
            <HeartRateBpm>
              <Value>89</Value>
            </HeartRateBpm>
            <Extensions>
              <ns3:TPX>
                <ns3:Speed>2.7809998989105225</ns3:Speed>
              </ns3:TPX>
            </Extensions>
          </Trackpoint>
          <Trackpoint>
            <Time>2026-07-31T17:44:45.000Z</Time>
            <Position>
              <LatitudeDegrees>44.292527474462986</LatitudeDegrees>
              <LongitudeDegrees>-81.60647925920784</LongitudeDegrees>
            </Position>
            <AltitudeMeters>182.8000030517578</AltitudeMeters>
            <DistanceMeters>3280.919921875</DistanceMeters>
            <HeartRateBpm>
              <Value>89</Value>
            </HeartRateBpm>
            <Extensions>
              <ns3:TPX>
                <ns3:Speed>2.865000009536743</ns3:Speed>
              </ns3:TPX>
            </Extensions>
          </Trackpoint>
          <Trackpoint>
            <Time>2026-07-31T17:44:55.000Z</Time>
            <Position>
              <LatitudeDegrees>44.29271866567433</LatitudeDegrees>
              <LongitudeDegrees>-81.60675628110766</LongitudeDegrees>
            </Position>
            <AltitudeMeters>182.39999389648438</AltitudeMeters>
            <DistanceMeters>3311.530029296875</DistanceMeters>
            <HeartRateBpm>
              <Value>91</Value>
            </HeartRateBpm>
            <Extensions>
              <ns3:TPX>
                <ns3:Speed>3.0320000648498535</ns3:Speed>
              </ns3:TPX>
            </Extensions>
          </Trackpoint>
          <Trackpoint>
            <Time>2026-07-31T17:44:59.000Z</Time>
            <Position>
              <LatitudeDegrees>44.29279527626932</LatitudeDegrees>
              <LongitudeDegrees>-81.60685384646058</LongitudeDegrees>
            </Position>
            <AltitudeMeters>182.60000610351562</AltitudeMeters>
            <DistanceMeters>3323.02001953125</DistanceMeters>
            <HeartRateBpm>
              <Value>94</Value>
            </HeartRateBpm>
            <Extensions>
              <ns3:TPX>
                <ns3:Speed>2.8369998931884766</ns3:Speed>
              </ns3:TPX>
            </Extensions>
          </Trackpoint>
          <Trackpoint>
            <Time>2026-07-31T17:45:03.000Z</Time>
            <Position>
              <LatitudeDegrees>44.29286979138851</LatitudeDegrees>
              <LongitudeDegrees>-81.60696909762919</LongitudeDegrees>
            </Position>
            <AltitudeMeters>182.60000610351562</AltitudeMeters>
            <DistanceMeters>3335.39990234375</DistanceMeters>
            <HeartRateBpm>
              <Value>95</Value>
            </HeartRateBpm>
            <Extensions>
              <ns3:TPX>
                <ns3:Speed>2.8369998931884766</ns3:Speed>
              </ns3:TPX>
            </Extensions>
          </Trackpoint>
          <Trackpoint>
            <Time>2026-07-31T17:45:12.000Z</Time>
            <Position>
              <LatitudeDegrees>44.29303198121488</LatitudeDegrees>
              <LongitudeDegrees>-81.60722223110497</LongitudeDegrees>
            </Position>
            <AltitudeMeters>182.8000030517578</AltitudeMeters>
            <DistanceMeters>3362.510009765625</DistanceMeters>
            <HeartRateBpm>
              <Value>97</Value>
            </HeartRateBpm>
            <Extensions>
              <ns3:TPX>
                <ns3:Speed>3.0139999389648438</ns3:Speed>
              </ns3:TPX>
            </Extensions>
          </Trackpoint>
          <Trackpoint>
            <Time>2026-07-31T17:45:18.000Z</Time>
            <Position>
              <LatitudeDegrees>44.2931639123708</LatitudeDegrees>
              <LongitudeDegrees>-81.6073605325073</LongitudeDegrees>
            </Position>
            <AltitudeMeters>182.8000030517578</AltitudeMeters>
            <DistanceMeters>3380.860107421875</DistanceMeters>
            <HeartRateBpm>
              <Value>100</Value>
            </HeartRateBpm>
            <Extensions>
              <ns3:TPX>
                <ns3:Speed>3.0139999389648438</ns3:Speed>
              </ns3:TPX>
            </Extensions>
          </Trackpoint>
          <Trackpoint>
            <Time>2026-07-31T17:45:22.000Z</Time>
            <Position>
              <LatitudeDegrees>44.293239852413535</LatitudeDegrees>
              <LongitudeDegrees>-81.60744820721447</LongitudeDegrees>
            </Position>
            <AltitudeMeters>182.60000610351562</AltitudeMeters>
            <DistanceMeters>3391.840087890625</DistanceMeters>
            <HeartRateBpm>
              <Value>103</Value>
            </HeartRateBpm>
            <Extensions>
              <ns3:TPX>
                <ns3:Speed>2.9760000705718994</ns3:Speed>
              </ns3:TPX>
            </Extensions>
          </Trackpoint>
          <Trackpoint>
            <Time>2026-07-31T17:45:23.000Z</Time>
            <Position>
              <LatitudeDegrees>44.293261393904686</LatitudeDegrees>
              <LongitudeDegrees>-81.60747922025621</LongitudeDegrees>
            </Position>
            <AltitudeMeters>182.60000610351562</AltitudeMeters>
            <DistanceMeters>3395.280029296875</DistanceMeters>
            <HeartRateBpm>
              <Value>103</Value>
            </HeartRateBpm>
            <Extensions>
              <ns3:TPX>
                <ns3:Speed>2.9760000705718994</ns3:Speed>
              </ns3:TPX>
            </Extensions>
          </Trackpoint>
          <Trackpoint>
            <Time>2026-07-31T17:45:31.000Z</Time>
            <Position>
              <LatitudeDegrees>44.29343783296645</LatitudeDegrees>
              <LongitudeDegrees>-81.6077574994415</LongitudeDegrees>
            </Position>
            <AltitudeMeters>182.8000030517578</AltitudeMeters>
            <DistanceMeters>3424.909912109375</DistanceMeters>
            <HeartRateBpm>
              <Value>106</Value>
            </HeartRateBpm>
            <Extensions>
              <ns3:TPX>
                <ns3:Speed>3.6480000019073486</ns3:Speed>
              </ns3:TPX>
            </Extensions>
          </Trackpoint>
          <Trackpoint>
            <Time>2026-07-31T17:45:36.000Z</Time>
            <Position>
              <LatitudeDegrees>44.29355677217245</LatitudeDegrees>
              <LongitudeDegrees>-81.60793804563582</LongitudeDegrees>
            </Position>
            <AltitudeMeters>183.1999969482422</AltitudeMeters>
            <DistanceMeters>3444.469970703125</DistanceMeters>
            <HeartRateBpm>
              <Value>107</Value>
            </HeartRateBpm>
            <Extensions>
              <ns3:TPX>
                <ns3:Speed>3.815999984741211</ns3:Speed>
              </ns3:TPX>
            </Extensions>
          </Trackpoint>
          <Trackpoint>
            <Time>2026-07-31T17:45:38.000Z</Time>
            <Position>
              <LatitudeDegrees>44.29360748268664</LatitudeDegrees>
              <LongitudeDegrees>-81.60801054909825</LongitudeDegrees>
            </Position>
            <AltitudeMeters>183.1999969482422</AltitudeMeters>
            <DistanceMeters>3452.5400390625</DistanceMeters>
            <HeartRateBpm>
              <Value>104</Value>
            </HeartRateBpm>
            <Extensions>
              <ns3:TPX>
                <ns3:Speed>3.927999973297119</ns3:Speed>
              </ns3:TPX>
            </Extensions>
          </Trackpoint>
          <Trackpoint>
            <Time>2026-07-31T17:45:40.000Z</Time>
            <Position>
              <LatitudeDegrees>44.29365777410567</LatitudeDegrees>
              <LongitudeDegrees>-81.60808640532196</LongitudeDegrees>
            </Position>
            <AltitudeMeters>183.1999969482422</AltitudeMeters>
            <DistanceMeters>3460.780029296875</DistanceMeters>
            <HeartRateBpm>
              <Value>101</Value>
            </HeartRateBpm>
            <Extensions>
              <ns3:TPX>
                <ns3:Speed>4.002999782562256</ns3:Speed>
              </ns3:TPX>
            </Extensions>
          </Trackpoint>
          <Trackpoint>
            <Time>2026-07-31T17:45:42.000Z</Time>
            <Position>
              <LatitudeDegrees>44.29370672442019</LatitudeDegrees>
              <LongitudeDegrees>-81.60815211944282</LongitudeDegrees>
            </Position>
            <AltitudeMeters>183.39999389648438</AltitudeMeters>
            <DistanceMeters>3468.330078125</DistanceMeters>
            <HeartRateBpm>
              <Value>101</Value>
            </HeartRateBpm>
            <Extensions>
              <ns3:TPX>
                <ns3:Speed>4.059000015258789</ns3:Speed>
              </ns3:TPX>
            </Extensions>
          </Trackpoint>
          <Trackpoint>
            <Time>2026-07-31T17:45:48.000Z</Time>
            <Position>
              <LatitudeDegrees>44.29383371025324</LatitudeDegrees>
              <LongitudeDegrees>-81.60835705697536</LongitudeDegrees>
            </Position>
            <AltitudeMeters>183.39999389648438</AltitudeMeters>
            <DistanceMeters>3489.929931640625</DistanceMeters>
            <HeartRateBpm>
              <Value>104</Value>
            </HeartRateBpm>
            <Extensions>
              <ns3:TPX>
                <ns3:Speed>3.6019999980926514</ns3:Speed>
              </ns3:TPX>
            </Extensions>
          </Trackpoint>
          <Trackpoint>
            <Time>2026-07-31T17:45:49.000Z</Time>
            <Position>
              <LatitudeDegrees>44.29385231807828</LatitudeDegrees>
              <LongitudeDegrees>-81.60839351825416</LongitudeDegrees>
            </Position>
            <AltitudeMeters>183.60000610351562</AltitudeMeters>
            <DistanceMeters>3493.5</DistanceMeters>
            <HeartRateBpm>
              <Value>104</Value>
            </HeartRateBpm>
            <Extensions>
              <ns3:TPX>
                <ns3:Speed>3.6019999980926514</ns3:Speed>
              </ns3:TPX>
            </Extensions>
          </Trackpoint>
          <Trackpoint>
            <Time>2026-07-31T17:45:53.000Z</Time>
            <Position>
              <LatitudeDegrees>44.29391736164689</LatitudeDegrees>
              <LongitudeDegrees>-81.60853785462677</LongitudeDegrees>
            </Position>
            <AltitudeMeters>183.8000030517578</AltitudeMeters>
            <DistanceMeters>3507.1201171875</DistanceMeters>
            <HeartRateBpm>
              <Value>107</Value>
            </HeartRateBpm>
            <Extensions>
              <ns3:TPX>
                <ns3:Speed>3.443000078201294</ns3:Speed>
              </ns3:TPX>
            </Extensions>
          </Trackpoint>
          <Trackpoint>
            <Time>2026-07-31T17:45:56.000Z</Time>
            <Position>
              <LatitudeDegrees>44.293964048847556</LatitudeDegrees>
              <LongitudeDegrees>-81.60864489153028</LongitudeDegrees>
            </Position>
            <AltitudeMeters>184.0</AltitudeMeters>
            <DistanceMeters>3517.110107421875</DistanceMeters>
            <HeartRateBpm>
              <Value>108</Value>
            </HeartRateBpm>
            <Extensions>
              <ns3:TPX>
                <ns3:Speed>3.4240000247955322</ns3:Speed>
              </ns3:TPX>
            </Extensions>
          </Trackpoint>
          <Trackpoint>
            <Time>2026-07-31T17:46:05.000Z</Time>
            <Position>
              <LatitudeDegrees>44.294167309999466</LatitudeDegrees>
              <LongitudeDegrees>-81.60898050293326</LongitudeDegrees>
            </Position>
            <AltitudeMeters>184.0</AltitudeMeters>
            <DistanceMeters>3552.18994140625</DistanceMeters>
            <HeartRateBpm>
              <Value>110</Value>
            </HeartRateBpm>
            <Extensions>
              <ns3:TPX>
                <ns3:Speed>3.8540000915527344</ns3:Speed>
              </ns3:TPX>
            </Extensions>
          </Trackpoint>
          <Trackpoint>
            <Time>2026-07-31T17:46:17.000Z</Time>
            <Position>
              <LatitudeDegrees>44.29443720728159</LatitudeDegrees>
              <LongitudeDegrees>-81.60943731665611</LongitudeDegrees>
            </Position>
            <AltitudeMeters>183.60000610351562</AltitudeMeters>
            <DistanceMeters>3599.449951171875</DistanceMeters>
            <HeartRateBpm>
              <Value>112</Value>
            </HeartRateBpm>
            <Extensions>
              <ns3:TPX>
                <ns3:Speed>3.9189999103546143</ns3:Speed>
              </ns3:TPX>
            </Extensions>
          </Trackpoint>
          <Trackpoint>
            <Time>2026-07-31T17:46:24.000Z</Time>
            <Position>
              <LatitudeDegrees>44.29456704296172</LatitudeDegrees>
              <LongitudeDegrees>-81.60968692973256</LongitudeDegrees>
            </Position>
            <AltitudeMeters>184.0</AltitudeMeters>
            <DistanceMeters>3624.090087890625</DistanceMeters>
            <HeartRateBpm>
              <Value>111</Value>
            </HeartRateBpm>
            <Extensions>
              <ns3:TPX>
                <ns3:Speed>3.5179998874664307</ns3:Speed>
              </ns3:TPX>
            </Extensions>
          </Trackpoint>
          <Trackpoint>
            <Time>2026-07-31T17:46:28.000Z</Time>
            <Position>
              <LatitudeDegrees>44.294620268046856</LatitudeDegrees>
              <LongitudeDegrees>-81.60981701686978</LongitudeDegrees>
            </Position>
            <AltitudeMeters>184.0</AltitudeMeters>
            <DistanceMeters>3636.050048828125</DistanceMeters>
            <HeartRateBpm>
              <Value>108</Value>
            </HeartRateBpm>
            <Extensions>
              <ns3:TPX>
                <ns3:Speed>3.2750000953674316</ns3:Speed>
              </ns3:TPX>
            </Extensions>
          </Trackpoint>
          <Trackpoint>
            <Time>2026-07-31T17:46:31.000Z</Time>
            <Position>
              <LatitudeDegrees>44.294650023803115</LatitudeDegrees>
              <LongitudeDegrees>-81.60991324111819</LongitudeDegrees>
            </Position>
            <AltitudeMeters>184.0</AltitudeMeters>
            <DistanceMeters>3644.3798828125</DistanceMeters>
            <HeartRateBpm>
              <Value>107</Value>
            </HeartRateBpm>
            <Extensions>
              <ns3:TPX>
                <ns3:Speed>3.0139999389648438</ns3:Speed>
              </ns3:TPX>
            </Extensions>
          </Trackpoint>
          <Trackpoint>
            <Time>2026-07-31T17:46:39.000Z</Time>
            <Position>
              <LatitudeDegrees>44.294772231951356</LatitudeDegrees>
              <LongitudeDegrees>-81.61017257720232</LongitudeDegrees>
            </Position>
            <AltitudeMeters>184.0</AltitudeMeters>
            <DistanceMeters>3669.22998046875</DistanceMeters>
            <HeartRateBpm>
              <Value>105</Value>
            </HeartRateBpm>
            <Extensions>
              <ns3:TPX>
                <ns3:Speed>2.9760000705718994</ns3:Speed>
              </ns3:TPX>
            </Extensions>
          </Trackpoint>
          <Trackpoint>
            <Time>2026-07-31T17:46:46.000Z</Time>
            <Position>
              <LatitudeDegrees>44.294860074296594</LatitudeDegrees>
              <LongitudeDegrees>-81.61038832738996</LongitudeDegrees>
            </Position>
            <AltitudeMeters>184.1999969482422</AltitudeMeters>
            <DistanceMeters>3689.0400390625</DistanceMeters>
            <HeartRateBpm>
              <Value>103</Value>
            </HeartRateBpm>
            <Extensions>
              <ns3:TPX>
                <ns3:Speed>2.818000078201294</ns3:Speed>
              </ns3:TPX>
            </Extensions>
          </Trackpoint>
          <Trackpoint>
            <Time>2026-07-31T17:46:47.000Z</Time>
            <Position>
              <LatitudeDegrees>44.29486820474267</LatitudeDegrees>
              <LongitudeDegrees>-81.61042126826942</LongitudeDegrees>
            </Position>
            <AltitudeMeters>184.1999969482422</AltitudeMeters>
            <DistanceMeters>3691.81005859375</DistanceMeters>
            <HeartRateBpm>
              <Value>103</Value>
            </HeartRateBpm>
            <Extensions>
              <ns3:TPX>
                <ns3:Speed>2.677999973297119</ns3:Speed>
              </ns3:TPX>
            </Extensions>
          </Trackpoint>
          <Trackpoint>
            <Time>2026-07-31T17:46:52.000Z</Time>
            <Position>
              <LatitudeDegrees>44.29488614201546</LatitudeDegrees>
              <LongitudeDegrees>-81.6105224378407</LongitudeDegrees>
            </Position>
            <AltitudeMeters>183.60000610351562</AltitudeMeters>
            <DistanceMeters>3700.1201171875</DistanceMeters>
            <HeartRateBpm>
              <Value>103</Value>
            </HeartRateBpm>
            <Extensions>
              <ns3:TPX>
                <ns3:Speed>1.3899999856948853</ns3:Speed>
              </ns3:TPX>
            </Extensions>
          </Trackpoint>
          <Trackpoint>
            <Time>2026-07-31T17:46:56.000Z</Time>
            <Position>
              <LatitudeDegrees>44.29489200934768</LatitudeDegrees>
              <LongitudeDegrees>-81.61055906675756</LongitudeDegrees>
            </Position>
            <AltitudeMeters>183.1999969482422</AltitudeMeters>
            <DistanceMeters>3703.2900390625</DistanceMeters>
            <HeartRateBpm>
              <Value>103</Value>
            </HeartRateBpm>
            <Extensions>
              <ns3:TPX>
                <ns3:Speed>1.3899999856948853</ns3:Speed>
              </ns3:TPX>
            </Extensions>
          </Trackpoint>
          <Trackpoint>
            <Time>2026-07-31T17:46:58.000Z</Time>
            <Position>
              <LatitudeDegrees>44.294898714870214</LatitudeDegrees>
              <LongitudeDegrees>-81.61055982112885</LongitudeDegrees>
            </Position>
            <AltitudeMeters>183.0</AltitudeMeters>
            <DistanceMeters>3704.02001953125</DistanceMeters>
            <HeartRateBpm>
              <Value>103</Value>
            </HeartRateBpm>
            <Extensions>
              <ns3:TPX>
                <ns3:Speed>1.184999942779541</ns3:Speed>
              </ns3:TPX>
            </Extensions>
          </Trackpoint>
          <Trackpoint>
            <Time>2026-07-31T17:47:05.000Z</Time>
            <Position>
              <LatitudeDegrees>44.294935427606106</LatitudeDegrees>
              <LongitudeDegrees>-81.610565520823</LongitudeDegrees>
            </Position>
            <AltitudeMeters>183.1999969482422</AltitudeMeters>
            <DistanceMeters>3708.2099609375</DistanceMeters>
            <HeartRateBpm>
              <Value>106</Value>
            </HeartRateBpm>
            <Extensions>
              <ns3:TPX>
                <ns3:Speed>0.7089999914169312</ns3:Speed>
              </ns3:TPX>
            </Extensions>
          </Trackpoint>
          <Trackpoint>
            <Time>2026-07-31T17:47:07.000Z</Time>
            <Position>
              <LatitudeDegrees>44.29494976066053</LatitudeDegrees>
              <LongitudeDegrees>-81.61058899015188</LongitudeDegrees>
            </Position>
            <AltitudeMeters>183.0</AltitudeMeters>
            <DistanceMeters>3710.659912109375</DistanceMeters>
            <HeartRateBpm>
              <Value>108</Value>
            </HeartRateBpm>
            <Extensions>
              <ns3:TPX>
                <ns3:Speed>1.1100000143051147</ns3:Speed>
              </ns3:TPX>
            </Extensions>
          </Trackpoint>
          <Trackpoint>
            <Time>2026-07-31T17:47:10.000Z</Time>
            <Position>
              <LatitudeDegrees>44.29496945813298</LatitudeDegrees>
              <LongitudeDegrees>-81.61064364016056</LongitudeDegrees>
            </Position>
            <AltitudeMeters>183.0</AltitudeMeters>
            <DistanceMeters>3715.530029296875</DistanceMeters>
            <HeartRateBpm>
              <Value>111</Value>
            </HeartRateBpm>
            <Extensions>
              <ns3:TPX>
                <ns3:Speed>1.7730000019073486</ns3:Speed>
              </ns3:TPX>
            </Extensions>
          </Trackpoint>
          <Trackpoint>
            <Time>2026-07-31T17:47:12.000Z</Time>
            <Position>
              <LatitudeDegrees>44.29497809149325</LatitudeDegrees>
              <LongitudeDegrees>-81.61067532375455</LongitudeDegrees>
            </Position>
            <AltitudeMeters>182.8000030517578</AltitudeMeters>
            <DistanceMeters>3718.239990234375</DistanceMeters>
            <HeartRateBpm>
              <Value>111</Value>
            </HeartRateBpm>
            <Extensions>
              <ns3:TPX>
                <ns3:Speed>1.2599999904632568</ns3:Speed>
              </ns3:TPX>
            </Extensions>
          </Trackpoint>
          <Trackpoint>
            <Time>2026-07-31T17:47:15.000Z</Time>
            <Position>
              <LatitudeDegrees>44.294987730681896</LatitudeDegrees>
              <LongitudeDegrees>-81.61071555688977</LongitudeDegrees>
            </Position>
            <AltitudeMeters>183.0</AltitudeMeters>
            <DistanceMeters>3721.610107421875</DistanceMeters>
            <HeartRateBpm>
              <Value>110</Value>
            </HeartRateBpm>
            <Extensions>
              <ns3:TPX>
                <ns3:Speed>1.2599999904632568</ns3:Speed>
              </ns3:TPX>
            </Extensions>
          </Trackpoint>
          <Trackpoint>
            <Time>2026-07-31T17:47:18.000Z</Time>
            <Position>
              <LatitudeDegrees>44.29499720223248</LatitudeDegrees>
              <LongitudeDegrees>-81.61071673035622</LongitudeDegrees>
            </Position>
            <AltitudeMeters>183.1999969482422</AltitudeMeters>
            <DistanceMeters>3722.639892578125</DistanceMeters>
            <HeartRateBpm>
              <Value>107</Value>
            </HeartRateBpm>
            <Extensions>
              <ns3:TPX>
                <ns3:Speed>0.0</ns3:Speed>
              </ns3:TPX>
            </Extensions>
          </Trackpoint>
          <Trackpoint>
            <Time>2026-07-31T17:47:27.000Z</Time>
            <Position>
              <LatitudeDegrees>44.29498940706253</LatitudeDegrees>
              <LongitudeDegrees>-81.61070013418794</LongitudeDegrees>
            </Position>
            <AltitudeMeters>183.39999389648438</AltitudeMeters>
            <DistanceMeters>3725.97998046875</DistanceMeters>
            <HeartRateBpm>
              <Value>107</Value>
            </HeartRateBpm>
            <Extensions>
              <ns3:TPX>
                <ns3:Speed>1.0169999599456787</ns3:Speed>
              </ns3:TPX>
            </Extensions>
          </Trackpoint>
          <Trackpoint>
            <Time>2026-07-31T17:47:34.000Z</Time>
            <Position>
              <LatitudeDegrees>44.29487926885486</LatitudeDegrees>
              <LongitudeDegrees>-81.6106505971402</LongitudeDegrees>
            </Position>
            <AltitudeMeters>183.39999389648438</AltitudeMeters>
            <DistanceMeters>3738.8798828125</DistanceMeters>
            <HeartRateBpm>
              <Value>109</Value>
            </HeartRateBpm>
            <Extensions>
              <ns3:TPX>
                <ns3:Speed>2.4820001125335693</ns3:Speed>
              </ns3:TPX>
            </Extensions>
          </Trackpoint>
          <Trackpoint>
            <Time>2026-07-31T17:47:37.000Z</Time>
            <Position>
              <LatitudeDegrees>44.29481891915202</LatitudeDegrees>
              <LongitudeDegrees>-81.61061405204237</LongitudeDegrees>
            </Position>
            <AltitudeMeters>183.39999389648438</AltitudeMeters>
            <DistanceMeters>3746.199951171875</DistanceMeters>
            <HeartRateBpm>
              <Value>112</Value>
            </HeartRateBpm>
            <Extensions>
              <ns3:TPX>
                <ns3:Speed>2.556999921798706</ns3:Speed>
              </ns3:TPX>
            </Extensions>
          </Trackpoint>
          <Trackpoint>
            <Time>2026-07-31T17:47:42.000Z</Time>
            <Position>
              <LatitudeDegrees>44.294696962460876</LatitudeDegrees>
              <LongitudeDegrees>-81.61054037511349</LongitudeDegrees>
            </Position>
            <AltitudeMeters>183.60000610351562</AltitudeMeters>
            <DistanceMeters>3760.969970703125</DistanceMeters>
            <HeartRateBpm>
              <Value>115</Value>
            </HeartRateBpm>
            <Extensions>
              <ns3:TPX>
                <ns3:Speed>2.6029999256134033</ns3:Speed>
              </ns3:TPX>
            </Extensions>
          </Trackpoint>
          <Trackpoint>
            <Time>2026-07-31T17:47:50.000Z</Time>
            <Position>
              <LatitudeDegrees>44.294549860060215</LatitudeDegrees>
              <LongitudeDegrees>-81.61038815975189</LongitudeDegrees>
            </Position>
            <AltitudeMeters>183.39999389648438</AltitudeMeters>
            <DistanceMeters>3781.419921875</DistanceMeters>
            <HeartRateBpm>
              <Value>116</Value>
            </HeartRateBpm>
            <Extensions>
              <ns3:TPX>
                <ns3:Speed>2.687000036239624</ns3:Speed>
              </ns3:TPX>
            </Extensions>
          </Trackpoint>
          <Trackpoint>
            <Time>2026-07-31T17:47:58.000Z</Time>
            <Position>
              <LatitudeDegrees>44.2944123968482</LatitudeDegrees>
              <LongitudeDegrees>-81.61017626523972</LongitudeDegrees>
            </Position>
            <AltitudeMeters>183.60000610351562</AltitudeMeters>
            <DistanceMeters>3804.18994140625</DistanceMeters>
            <HeartRateBpm>
              <Value>113</Value>
            </HeartRateBpm>
            <Extensions>
              <ns3:TPX>
                <ns3:Speed>2.8459999561309814</ns3:Speed>
              </ns3:TPX>
            </Extensions>
          </Trackpoint>
          <Trackpoint>
            <Time>2026-07-31T17:48:00.000Z</Time>
            <Position>
              <LatitudeDegrees>44.29438255727291</LatitudeDegrees>
              <LongitudeDegrees>-81.61011524498463</LongitudeDegrees>
            </Position>
            <AltitudeMeters>183.60000610351562</AltitudeMeters>
            <DistanceMeters>3810.080078125</DistanceMeters>
            <HeartRateBpm>
              <Value>112</Value>
            </HeartRateBpm>
            <Extensions>
              <ns3:TPX>
                <ns3:Speed>2.8369998931884766</ns3:Speed>
              </ns3:TPX>
            </Extensions>
          </Trackpoint>
          <Trackpoint>
            <Time>2026-07-31T17:48:06.000Z</Time>
            <Position>
              <LatitudeDegrees>44.294291865080595</LatitudeDegrees>
              <LongitudeDegrees>-81.60994802601635</LongitudeDegrees>
            </Position>
            <AltitudeMeters>183.39999389648438</AltitudeMeters>
            <DistanceMeters>3826.85009765625</DistanceMeters>
            <HeartRateBpm>
              <Value>109</Value>
            </HeartRateBpm>
            <Extensions>
              <ns3:TPX>
                <ns3:Speed>2.882999897003174</ns3:Speed>
              </ns3:TPX>
            </Extensions>
          </Trackpoint>
          <Trackpoint>
            <Time>2026-07-31T17:48:11.000Z</Time>
            <Position>
              <LatitudeDegrees>44.29419765248895</LatitudeDegrees>
              <LongitudeDegrees>-81.60980704240501</LongitudeDegrees>
            </Position>
            <AltitudeMeters>183.1999969482422</AltitudeMeters>
            <DistanceMeters>3842.219970703125</DistanceMeters>
            <HeartRateBpm>
              <Value>110</Value>
            </HeartRateBpm>
            <Extensions>
              <ns3:TPX>
                <ns3:Speed>2.9760000705718994</ns3:Speed>
              </ns3:TPX>
            </Extensions>
          </Trackpoint>
          <Trackpoint>
            <Time>2026-07-31T17:48:21.000Z</Time>
            <Position>
              <LatitudeDegrees>44.29398232139647</LatitudeDegrees>
              <LongitudeDegrees>-81.60945240408182</LongitudeDegrees>
            </Position>
            <AltitudeMeters>183.39999389648438</AltitudeMeters>
            <DistanceMeters>3879.31005859375</DistanceMeters>
            <HeartRateBpm>
              <Value>113</Value>
            </HeartRateBpm>
            <Extensions>
              <ns3:TPX>
                <ns3:Speed>3.563999891281128</ns3:Speed>
              </ns3:TPX>
            </Extensions>
          </Trackpoint>
          <Trackpoint>
            <Time>2026-07-31T17:48:26.000Z</Time>
            <Position>
              <LatitudeDegrees>44.29386053234339</LatitudeDegrees>
              <LongitudeDegrees>-81.60924025811255</LongitudeDegrees>
            </Position>
            <AltitudeMeters>183.39999389648438</AltitudeMeters>
            <DistanceMeters>3901.010009765625</DistanceMeters>
            <HeartRateBpm>
              <Value>116</Value>
            </HeartRateBpm>
            <Extensions>
              <ns3:TPX>
                <ns3:Speed>4.208000183105469</ns3:Speed>
              </ns3:TPX>
            </Extensions>
          </Trackpoint>
          <Trackpoint>
            <Time>2026-07-31T17:48:35.000Z</Time>
            <Position>
              <LatitudeDegrees>44.29366699419916</LatitudeDegrees>
              <LongitudeDegrees>-81.60887447185814</LongitudeDegrees>
            </Position>
            <AltitudeMeters>183.0</AltitudeMeters>
            <DistanceMeters>3937.389892578125</DistanceMeters>
            <HeartRateBpm>
              <Value>119</Value>
            </HeartRateBpm>
            <Extensions>
              <ns3:TPX>
                <ns3:Speed>4.002999782562256</ns3:Speed>
              </ns3:TPX>
            </Extensions>
          </Trackpoint>
          <Trackpoint>
            <Time>2026-07-31T17:48:44.000Z</Time>
            <Position>
              <LatitudeDegrees>44.29344101808965</LatitudeDegrees>
              <LongitudeDegrees>-81.60852938890457</LongitudeDegrees>
            </Position>
            <AltitudeMeters>183.0</AltitudeMeters>
            <DistanceMeters>3974.679931640625</DistanceMeters>
            <HeartRateBpm>
              <Value>119</Value>
            </HeartRateBpm>
            <Extensions>
              <ns3:TPX>
                <ns3:Speed>4.039999961853027</ns3:Speed>
              </ns3:TPX>
            </Extensions>
          </Trackpoint>
          <Trackpoint>
            <Time>2026-07-31T17:48:56.000Z</Time>
            <Position>
              <LatitudeDegrees>44.29314287379384</LatitudeDegrees>
              <LongitudeDegrees>-81.6080685518682</LongitudeDegrees>
            </Position>
            <AltitudeMeters>183.0</AltitudeMeters>
            <DistanceMeters>4024.280029296875</DistanceMeters>
            <HeartRateBpm>
              <Value>120</Value>
            </HeartRateBpm>
            <Extensions>
              <ns3:TPX>
                <ns3:Speed>4.2170000076293945</ns3:Speed>
              </ns3:TPX>
            </Extensions>
          </Trackpoint>
          <Trackpoint>
            <Time>2026-07-31T17:49:06.000Z</Time>
            <Position>
              <LatitudeDegrees>44.29287808947265</LatitudeDegrees>
              <LongitudeDegrees>-81.60768558271229</LongitudeDegrees>
            </Position>
            <AltitudeMeters>183.1999969482422</AltitudeMeters>
            <DistanceMeters>4066.7099609375</DistanceMeters>
            <HeartRateBpm>
              <Value>119</Value>
            </HeartRateBpm>
            <Extensions>
              <ns3:TPX>
                <ns3:Speed>4.301000118255615</ns3:Speed>
              </ns3:TPX>
            </Extensions>
          </Trackpoint>
          <Trackpoint>
            <Time>2026-07-31T17:49:07.000Z</Time>
            <Position>
              <LatitudeDegrees>44.29285302758217</LatitudeDegrees>
              <LongitudeDegrees>-81.60764895379543</LongitudeDegrees>
            </Position>
            <AltitudeMeters>183.0</AltitudeMeters>
            <DistanceMeters>4070.75</DistanceMeters>
            <HeartRateBpm>
              <Value>116</Value>
            </HeartRateBpm>
            <Extensions>
              <ns3:TPX>
                <ns3:Speed>4.2729997634887695</ns3:Speed>
              </ns3:TPX>
            </Extensions>
          </Trackpoint>
          <Trackpoint>
            <Time>2026-07-31T17:49:12.000Z</Time>
            <Position>
              <LatitudeDegrees>44.29273350164294</LatitudeDegrees>
              <LongitudeDegrees>-81.60746287554502</LongitudeDegrees>
            </Position>
            <AltitudeMeters>183.0</AltitudeMeters>
            <DistanceMeters>4090.679931640625</DistanceMeters>
            <HeartRateBpm>
              <Value>119</Value>
            </HeartRateBpm>
            <Extensions>
              <ns3:TPX>
                <ns3:Speed>4.255000114440918</ns3:Speed>
              </ns3:TPX>
            </Extensions>
          </Trackpoint>
          <Trackpoint>
            <Time>2026-07-31T17:49:14.000Z</Time>
            <Position>
              <LatitudeDegrees>44.29268782027066</LatitudeDegrees>
              <LongitudeDegrees>-81.60738567821681</LongitudeDegrees>
            </Position>
            <AltitudeMeters>183.0</AltitudeMeters>
            <DistanceMeters>4098.64990234375</DistanceMeters>
            <HeartRateBpm>
              <Value>116</Value>
            </HeartRateBpm>
            <Extensions>
              <ns3:TPX>
                <ns3:Speed>4.067999839782715</ns3:Speed>
              </ns3:TPX>
            </Extensions>
          </Trackpoint>
          <Trackpoint>
            <Time>2026-07-31T17:49:18.000Z</Time>
            <Position>
              <LatitudeDegrees>44.29258673451841</LatitudeDegrees>
              <LongitudeDegrees>-81.60723094828427</LongitudeDegrees>
            </Position>
            <AltitudeMeters>183.0</AltitudeMeters>
            <DistanceMeters>4115.35009765625</DistanceMeters>
            <HeartRateBpm>
              <Value>116</Value>
            </HeartRateBpm>
            <Extensions>
              <ns3:TPX>
                <ns3:Speed>4.067999839782715</ns3:Speed>
              </ns3:TPX>
            </Extensions>
          </Trackpoint>
          <Trackpoint>
            <Time>2026-07-31T17:49:26.000Z</Time>
            <Position>
              <LatitudeDegrees>44.292398896068335</LatitudeDegrees>
              <LongitudeDegrees>-81.60691427998245</LongitudeDegrees>
            </Position>
            <AltitudeMeters>182.8000030517578</AltitudeMeters>
            <DistanceMeters>4148.16015625</DistanceMeters>
            <HeartRateBpm>
              <Value>113</Value>
            </HeartRateBpm>
            <Extensions>
              <ns3:TPX>
                <ns3:Speed>4.301000118255615</ns3:Speed>
              </ns3:TPX>
            </Extensions>
          </Trackpoint>
          <Trackpoint>
            <Time>2026-07-31T17:49:27.000Z</Time>
            <Position>
              <LatitudeDegrees>44.2923781927675</LatitudeDegrees>
              <LongitudeDegrees>-81.60687312483788</LongitudeDegrees>
            </Position>
            <AltitudeMeters>182.8000030517578</AltitudeMeters>
            <DistanceMeters>4152.169921875</DistanceMeters>
            <HeartRateBpm>
              <Value>112</Value>
            </HeartRateBpm>
            <Extensions>
              <ns3:TPX>
                <ns3:Speed>4.039999961853027</ns3:Speed>
              </ns3:TPX>
            </Extensions>
          </Trackpoint>
          <Trackpoint>
            <Time>2026-07-31T17:49:32.000Z</Time>
            <Position>
              <LatitudeDegrees>44.29226981475949</LatitudeDegrees>
              <LongitudeDegrees>-81.60666399635375</LongitudeDegrees>
            </Position>
            <AltitudeMeters>182.8000030517578</AltitudeMeters>
            <DistanceMeters>4172.740234375</DistanceMeters>
            <HeartRateBpm>
              <Value>109</Value>
            </HeartRateBpm>
            <Extensions>
              <ns3:TPX>
                <ns3:Speed>4.039999961853027</ns3:Speed>
              </ns3:TPX>
            </Extensions>
          </Trackpoint>
          <Trackpoint>
            <Time>2026-07-31T17:49:36.000Z</Time>
            <Position>
              <LatitudeDegrees>44.29218423552811</LatitudeDegrees>
              <LongitudeDegrees>-81.60648747347295</LongitudeDegrees>
            </Position>
            <AltitudeMeters>182.60000610351562</AltitudeMeters>
            <DistanceMeters>4189.75</DistanceMeters>
            <HeartRateBpm>
              <Value>110</Value>
            </HeartRateBpm>
            <Extensions>
              <ns3:TPX>
                <ns3:Speed>4.14300012588501</ns3:Speed>
              </ns3:TPX>
            </Extensions>
          </Trackpoint>
          <Trackpoint>
            <Time>2026-07-31T17:49:47.000Z</Time>
            <Position>
              <LatitudeDegrees>44.29197074845433</LatitudeDegrees>
              <LongitudeDegrees>-81.60602688789368</LongitudeDegrees>
            </Position>
            <AltitudeMeters>182.60000610351562</AltitudeMeters>
            <DistanceMeters>4233.52978515625</DistanceMeters>
            <HeartRateBpm>
              <Value>109</Value>
            </HeartRateBpm>
            <Extensions>
              <ns3:TPX>
                <ns3:Speed>4.039999961853027</ns3:Speed>
              </ns3:TPX>
            </Extensions>
          </Trackpoint>
          <Trackpoint>
            <Time>2026-07-31T17:49:55.000Z</Time>
            <Position>
              <LatitudeDegrees>44.29183529689908</LatitudeDegrees>
              <LongitudeDegrees>-81.60573838278651</LongitudeDegrees>
            </Position>
            <AltitudeMeters>182.39999389648438</AltitudeMeters>
            <DistanceMeters>4261.02001953125</DistanceMeters>
            <HeartRateBpm>
              <Value>108</Value>
            </HeartRateBpm>
            <Extensions>
              <ns3:TPX>
                <ns3:Speed>3.5920000076293945</ns3:Speed>
              </ns3:TPX>
            </Extensions>
          </Trackpoint>
          <Trackpoint>
            <Time>2026-07-31T17:50:06.000Z</Time>
            <Position>
              <LatitudeDegrees>44.29162164218724</LatitudeDegrees>
              <LongitudeDegrees>-81.60534527152777</LongitudeDegrees>
            </Position>
            <AltitudeMeters>182.39999389648438</AltitudeMeters>
            <DistanceMeters>4300.3798828125</DistanceMeters>
            <HeartRateBpm>
              <Value>105</Value>
            </HeartRateBpm>
            <Extensions>
              <ns3:TPX>
                <ns3:Speed>3.630000114440918</ns3:Speed>
              </ns3:TPX>
            </Extensions>
          </Trackpoint>
          <Trackpoint>
            <Time>2026-07-31T17:50:14.000Z</Time>
            <Position>
              <LatitudeDegrees>44.29149214178324</LatitudeDegrees>
              <LongitudeDegrees>-81.60511342808604</LongitudeDegrees>
            </Position>
            <AltitudeMeters>182.39999389648438</AltitudeMeters>
            <DistanceMeters>4323.9501953125</DistanceMeters>
            <HeartRateBpm>
              <Value>105</Value>
            </HeartRateBpm>
            <Extensions>
              <ns3:TPX>
                <ns3:Speed>2.9860000610351562</ns3:Speed>
              </ns3:TPX>
            </Extensions>
          </Trackpoint>
          <Trackpoint>
            <Time>2026-07-31T17:50:23.000Z</Time>
            <Position>
              <LatitudeDegrees>44.29140480235219</LatitudeDegrees>
              <LongitudeDegrees>-81.60485652275383</LongitudeDegrees>
            </Position>
            <AltitudeMeters>182.39999389648438</AltitudeMeters>
            <DistanceMeters>4346.64990234375</DistanceMeters>
            <HeartRateBpm>
              <Value>103</Value>
            </HeartRateBpm>
            <Extensions>
              <ns3:TPX>
                <ns3:Speed>2.7060000896453857</ns3:Speed>
              </ns3:TPX>
            </Extensions>
          </Trackpoint>
          <Trackpoint>
            <Time>2026-07-31T17:50:32.000Z</Time>
            <Position>
              <LatitudeDegrees>44.291306398808956</LatitudeDegrees>
              <LongitudeDegrees>-81.60455896519125</LongitudeDegrees>
            </Position>
            <AltitudeMeters>182.39999389648438</AltitudeMeters>
            <DistanceMeters>4372.81982421875</DistanceMeters>
            <HeartRateBpm>
              <Value>104</Value>
            </HeartRateBpm>
            <Extensions>
              <ns3:TPX>
                <ns3:Speed>2.697000026702881</ns3:Speed>
              </ns3:TPX>
            </Extensions>
          </Trackpoint>
          <Trackpoint>
            <Time>2026-07-31T17:50:38.000Z</Time>
            <Position>
              <LatitudeDegrees>44.29122794419527</LatitudeDegrees>
              <LongitudeDegrees>-81.60430214367807</LongitudeDegrees>
            </Position>
            <AltitudeMeters>182.39999389648438</AltitudeMeters>
            <DistanceMeters>4395.1298828125</DistanceMeters>
            <HeartRateBpm>
              <Value>105</Value>
            </HeartRateBpm>
            <Extensions>
              <ns3:TPX>
                <ns3:Speed>3.4519999027252197</ns3:Speed>
              </ns3:TPX>
            </Extensions>
          </Trackpoint>
          <Trackpoint>
            <Time>2026-07-31T17:50:47.000Z</Time>
            <Position>
              <LatitudeDegrees>44.29112032055855</LatitudeDegrees>
              <LongitudeDegrees>-81.60393392667174</LongitudeDegrees>
            </Position>
            <AltitudeMeters>182.39999389648438</AltitudeMeters>
            <DistanceMeters>4426.8701171875</DistanceMeters>
            <HeartRateBpm>
              <Value>108</Value>
            </HeartRateBpm>
            <Extensions>
              <ns3:TPX>
                <ns3:Speed>3.6480000019073486</ns3:Speed>
              </ns3:TPX>
            </Extensions>
          </Trackpoint>
          <Trackpoint>
            <Time>2026-07-31T17:50:48.000Z</Time>
            <Position>
              <LatitudeDegrees>44.29111353121698</LatitudeDegrees>
              <LongitudeDegrees>-81.60390006378293</LongitudeDegrees>
            </Position>
            <AltitudeMeters>182.39999389648438</AltitudeMeters>
            <DistanceMeters>4429.669921875</DistanceMeters>
            <HeartRateBpm>
              <Value>109</Value>
            </HeartRateBpm>
            <Extensions>
              <ns3:TPX>
                <ns3:Speed>3.4059998989105225</ns3:Speed>
              </ns3:TPX>
            </Extensions>
          </Trackpoint>
          <Trackpoint>
            <Time>2026-07-31T17:50:54.000Z</Time>
            <Position>
              <LatitudeDegrees>44.291068352758884</LatitudeDegrees>
              <LongitudeDegrees>-81.60370761528611</LongitudeDegrees>
            </Position>
            <AltitudeMeters>182.1999969482422</AltitudeMeters>
            <DistanceMeters>4445.830078125</DistanceMeters>
            <HeartRateBpm>
              <Value>112</Value>
            </HeartRateBpm>
            <Extensions>
              <ns3:TPX>
                <ns3:Speed>2.7899999618530273</ns3:Speed>
              </ns3:TPX>
            </Extensions>
          </Trackpoint>
          <Trackpoint>
            <Time>2026-07-31T17:50:56.000Z</Time>
            <Position>
              <LatitudeDegrees>44.2910570371896</LatitudeDegrees>
              <LongitudeDegrees>-81.60364776849747</LongitudeDegrees>
            </Position>
            <AltitudeMeters>182.1999969482422</AltitudeMeters>
            <DistanceMeters>4450.759765625</DistanceMeters>
            <HeartRateBpm>
              <Value>112</Value>
            </HeartRateBpm>
            <Extensions>
              <ns3:TPX>
                <ns3:Speed>2.7149999141693115</ns3:Speed>
              </ns3:TPX>
            </Extensions>
          </Trackpoint>
          <Trackpoint>
            <Time>2026-07-31T17:50:58.000Z</Time>
            <Position>
              <LatitudeDegrees>44.29104161448777</LatitudeDegrees>
              <LongitudeDegrees>-81.60359177738428</LongitudeDegrees>
            </Position>
            <AltitudeMeters>182.0</AltitudeMeters>
            <DistanceMeters>4455.56005859375</DistanceMeters>
            <HeartRateBpm>
              <Value>112</Value>
            </HeartRateBpm>
            <Extensions>
              <ns3:TPX>
                <ns3:Speed>2.556999921798706</ns3:Speed>
              </ns3:TPX>
            </Extensions>
          </Trackpoint>
          <Trackpoint>
            <Time>2026-07-31T17:51:09.000Z</Time>
            <Position>
              <LatitudeDegrees>44.290960812941194</LatitudeDegrees>
              <LongitudeDegrees>-81.6032680682838</LongitudeDegrees>
            </Position>
            <AltitudeMeters>182.0</AltitudeMeters>
            <DistanceMeters>4482.97998046875</DistanceMeters>
            <HeartRateBpm>
              <Value>110</Value>
            </HeartRateBpm>
            <Extensions>
              <ns3:TPX>
                <ns3:Speed>2.3980000019073486</ns3:Speed>
              </ns3:TPX>
            </Extensions>
          </Trackpoint>
          <Trackpoint>
            <Time>2026-07-31T17:51:14.000Z</Time>
            <Position>
              <LatitudeDegrees>44.29091957397759</LatitudeDegrees>
              <LongitudeDegrees>-81.60313320346177</LongitudeDegrees>
            </Position>
            <AltitudeMeters>182.0</AltitudeMeters>
            <DistanceMeters>4494.64013671875</DistanceMeters>
            <HeartRateBpm>
              <Value>107</Value>
            </HeartRateBpm>
            <Extensions>
              <ns3:TPX>
                <ns3:Speed>2.322999954223633</ns3:Speed>
              </ns3:TPX>
            </Extensions>
          </Trackpoint>
          <Trackpoint>
            <Time>2026-07-31T17:51:21.000Z</Time>
            <Position>
              <LatitudeDegrees>44.290886633098125</LatitudeDegrees>
              <LongitudeDegrees>-81.60294611938298</LongitudeDegrees>
            </Position>
            <AltitudeMeters>182.0</AltitudeMeters>
            <DistanceMeters>4510.009765625</DistanceMeters>
            <HeartRateBpm>
              <Value>105</Value>
            </HeartRateBpm>
            <Extensions>
              <ns3:TPX>
                <ns3:Speed>2.313999891281128</ns3:Speed>
              </ns3:TPX>
            </Extensions>
          </Trackpoint>
          <Trackpoint>
            <Time>2026-07-31T17:51:27.000Z</Time>
            <Position>
              <LatitudeDegrees>44.29085595533252</LatitudeDegrees>
              <LongitudeDegrees>-81.6027759667486</LongitudeDegrees>
            </Position>
            <AltitudeMeters>181.8000030517578</AltitudeMeters>
            <DistanceMeters>4524.0400390625</DistanceMeters>
            <HeartRateBpm>
              <Value>102</Value>
            </HeartRateBpm>
            <Extensions>
              <ns3:TPX>
                <ns3:Speed>2.322999954223633</ns3:Speed>
              </ns3:TPX>
            </Extensions>
          </Trackpoint>
          <Trackpoint>
            <Time>2026-07-31T17:51:30.000Z</Time>
            <Position>
              <LatitudeDegrees>44.29083835333586</LatitudeDegrees>
              <LongitudeDegrees>-81.60269508138299</LongitudeDegrees>
            </Position>
            <AltitudeMeters>181.8000030517578</AltitudeMeters>
            <DistanceMeters>4530.77978515625</DistanceMeters>
            <HeartRateBpm>
              <Value>100</Value>
            </HeartRateBpm>
            <Extensions>
              <ns3:TPX>
                <ns3:Speed>2.322999954223633</ns3:Speed>
              </ns3:TPX>
            </Extensions>
          </Trackpoint>
          <Trackpoint>
            <Time>2026-07-31T17:51:39.000Z</Time>
            <Position>
              <LatitudeDegrees>44.29080314934254</LatitudeDegrees>
              <LongitudeDegrees>-81.60243079997599</LongitudeDegrees>
            </Position>
            <AltitudeMeters>181.39999389648438</AltitudeMeters>
            <DistanceMeters>4552.22998046875</DistanceMeters>
            <HeartRateBpm>
              <Value>101</Value>
            </HeartRateBpm>
            <Extensions>
              <ns3:TPX>
                <ns3:Speed>2.3420000076293945</ns3:Speed>
              </ns3:TPX>
            </Extensions>
          </Trackpoint>
          <Trackpoint>
            <Time>2026-07-31T17:51:43.000Z</Time>
            <Position>
              <LatitudeDegrees>44.290789905935526</LatitudeDegrees>
              <LongitudeDegrees>-81.60231915302575</LongitudeDegrees>
            </Position>
            <AltitudeMeters>181.39999389648438</AltitudeMeters>
            <DistanceMeters>4561.3798828125</DistanceMeters>
            <HeartRateBpm>
              <Value>102</Value>
            </HeartRateBpm>
            <Extensions>
              <ns3:TPX>
                <ns3:Speed>2.3980000019073486</ns3:Speed>
              </ns3:TPX>
            </Extensions>
          </Trackpoint>
          <Trackpoint>
            <Time>2026-07-31T17:51:44.000Z</Time>
            <Position>
              <LatitudeDegrees>44.29078462533653</LatitudeDegrees>
              <LongitudeDegrees>-81.60229442641139</LongitudeDegrees>
            </Position>
            <AltitudeMeters>181.39999389648438</AltitudeMeters>
            <DistanceMeters>4563.43994140625</DistanceMeters>
            <HeartRateBpm>
              <Value>102</Value>
            </HeartRateBpm>
            <Extensions>
              <ns3:TPX>
                <ns3:Speed>2.3980000019073486</ns3:Speed>
              </ns3:TPX>
            </Extensions>
          </Trackpoint>
          <Trackpoint>
            <Time>2026-07-31T17:51:49.000Z</Time>
            <Position>
              <LatitudeDegrees>44.29079778492451</LatitudeDegrees>
              <LongitudeDegrees>-81.60213575698435</LongitudeDegrees>
            </Position>
            <AltitudeMeters>181.1999969482422</AltitudeMeters>
            <DistanceMeters>4576.259765625</DistanceMeters>
            <HeartRateBpm>
              <Value>103</Value>
            </HeartRateBpm>
            <Extensions>
              <ns3:TPX>
                <ns3:Speed>2.3980000019073486</ns3:Speed>
              </ns3:TPX>
            </Extensions>
          </Trackpoint>
          <Trackpoint>
            <Time>2026-07-31T17:51:50.000Z</Time>
            <Position>
              <LatitudeDegrees>44.29079904220998</LatitudeDegrees>
              <LongitudeDegrees>-81.60210767760873</LongitudeDegrees>
            </Position>
            <AltitudeMeters>181.0</AltitudeMeters>
            <DistanceMeters>4578.509765625</DistanceMeters>
            <HeartRateBpm>
              <Value>104</Value>
            </HeartRateBpm>
            <Extensions>
              <ns3:TPX>
                <ns3:Speed>2.3980000019073486</ns3:Speed>
              </ns3:TPX>
            </Extensions>
          </Trackpoint>
          <Trackpoint>
            <Time>2026-07-31T17:51:57.000Z</Time>
            <Position>
              <LatitudeDegrees>44.290749756619334</LatitudeDegrees>
              <LongitudeDegrees>-81.60190391354263</LongitudeDegrees>
            </Position>
            <AltitudeMeters>181.1999969482422</AltitudeMeters>
            <DistanceMeters>4595.7900390625</DistanceMeters>
            <HeartRateBpm>
              <Value>104</Value>
            </HeartRateBpm>
            <Extensions>
              <ns3:TPX>
                <ns3:Speed>2.378999948501587</ns3:Speed>
              </ns3:TPX>
            </Extensions>
          </Trackpoint>
          <Trackpoint>
            <Time>2026-07-31T17:52:04.000Z</Time>
            <Position>
              <LatitudeDegrees>44.29068689234555</LatitudeDegrees>
              <LongitudeDegrees>-81.60170434042811</LongitudeDegrees>
            </Position>
            <AltitudeMeters>181.39999389648438</AltitudeMeters>
            <DistanceMeters>4613.2001953125</DistanceMeters>
            <HeartRateBpm>
              <Value>105</Value>
            </HeartRateBpm>
            <Extensions>
              <ns3:TPX>
                <ns3:Speed>2.444999933242798</ns3:Speed>
              </ns3:TPX>
            </Extensions>
          </Trackpoint>
          <Trackpoint>
            <Time>2026-07-31T17:52:10.000Z</Time>
            <Position>
              <LatitudeDegrees>44.29064531810582</LatitudeDegrees>
              <LongitudeDegrees>-81.60155564546585</LongitudeDegrees>
            </Position>
            <AltitudeMeters>181.39999389648438</AltitudeMeters>
            <DistanceMeters>4625.9599609375</DistanceMeters>
            <HeartRateBpm>
              <Value>104</Value>
            </HeartRateBpm>
            <Extensions>
              <ns3:TPX>
                <ns3:Speed>2.322999954223633</ns3:Speed>
              </ns3:TPX>
            </Extensions>
          </Trackpoint>
          <Trackpoint>
            <Time>2026-07-31T17:52:14.000Z</Time>
            <Position>
              <LatitudeDegrees>44.290604246780276</LatitudeDegrees>
              <LongitudeDegrees>-81.60144047811627</LongitudeDegrees>
            </Position>
            <AltitudeMeters>181.39999389648438</AltitudeMeters>
            <DistanceMeters>4636.240234375</DistanceMeters>
            <HeartRateBpm>
              <Value>103</Value>
            </HeartRateBpm>
            <Extensions>
              <ns3:TPX>
                <ns3:Speed>2.3610000610351562</ns3:Speed>
              </ns3:TPX>
            </Extensions>
          </Trackpoint>
          <Trackpoint>
            <Time>2026-07-31T17:52:16.000Z</Time>
            <Position>
              <LatitudeDegrees>44.29061891511083</LatitudeDegrees>
              <LongitudeDegrees>-81.60138205625117</LongitudeDegrees>
            </Position>
            <AltitudeMeters>181.39999389648438</AltitudeMeters>
            <DistanceMeters>4641.08984375</DistanceMeters>
            <HeartRateBpm>
              <Value>103</Value>
            </HeartRateBpm>
            <Extensions>
              <ns3:TPX>
                <ns3:Speed>2.3610000610351562</ns3:Speed>
              </ns3:TPX>
            </Extensions>
          </Trackpoint>
          <Trackpoint>
            <Time>2026-07-31T17:52:20.000Z</Time>
            <Position>
              <LatitudeDegrees>44.29066149517894</LatitudeDegrees>
              <LongitudeDegrees>-81.60125674679875</LongitudeDegrees>
            </Position>
            <AltitudeMeters>181.39999389648438</AltitudeMeters>
            <DistanceMeters>4650.85009765625</DistanceMeters>
            <HeartRateBpm>
              <Value>100</Value>
            </HeartRateBpm>
            <Extensions>
              <ns3:TPX>
                <ns3:Speed>2.3610000610351562</ns3:Speed>
              </ns3:TPX>
            </Extensions>
          </Trackpoint>
          <Trackpoint>
            <Time>2026-07-31T17:52:22.000Z</Time>
            <Position>
              <LatitudeDegrees>44.29065143689513</LatitudeDegrees>
              <LongitudeDegrees>-81.60120394080877</LongitudeDegrees>
            </Position>
            <AltitudeMeters>181.39999389648438</AltitudeMeters>
            <DistanceMeters>4655.27978515625</DistanceMeters>
            <HeartRateBpm>
              <Value>97</Value>
            </HeartRateBpm>
            <Extensions>
              <ns3:TPX>
                <ns3:Speed>2.322999954223633</ns3:Speed>
              </ns3:TPX>
            </Extensions>
          </Trackpoint>
          <Trackpoint>
            <Time>2026-07-31T17:52:23.000Z</Time>
            <Position>
              <LatitudeDegrees>44.2906426358968</LatitudeDegrees>
              <LongitudeDegrees>-81.60117611289024</LongitudeDegrees>
            </Position>
            <AltitudeMeters>181.39999389648438</AltitudeMeters>
            <DistanceMeters>4657.7001953125</DistanceMeters>
            <HeartRateBpm>
              <Value>96</Value>
            </HeartRateBpm>
            <Extensions>
              <ns3:TPX>
                <ns3:Speed>2.322999954223633</ns3:Speed>
              </ns3:TPX>
            </Extensions>
          </Trackpoint>
          <Trackpoint>
            <Time>2026-07-31T17:52:28.000Z</Time>
            <Position>
              <LatitudeDegrees>44.290607599541545</LatitudeDegrees>
              <LongitudeDegrees>-81.60102523863316</LongitudeDegrees>
            </Position>
            <AltitudeMeters>181.39999389648438</AltitudeMeters>
            <DistanceMeters>4670.39013671875</DistanceMeters>
            <HeartRateBpm>
              <Value>93</Value>
            </HeartRateBpm>
            <Extensions>
              <ns3:TPX>
                <ns3:Speed>2.322999954223633</ns3:Speed>
              </ns3:TPX>
            </Extensions>
          </Trackpoint>
          <Trackpoint>
            <Time>2026-07-31T17:52:31.000Z</Time>
            <Position>
              <LatitudeDegrees>44.29058790206909</LatitudeDegrees>
              <LongitudeDegrees>-81.60094778984785</LongitudeDegrees>
            </Position>
            <AltitudeMeters>181.1999969482422</AltitudeMeters>
            <DistanceMeters>4676.93994140625</DistanceMeters>
            <HeartRateBpm>
              <Value>93</Value>
            </HeartRateBpm>
            <Extensions>
              <ns3:TPX>
                <ns3:Speed>2.322999954223633</ns3:Speed>
              </ns3:TPX>
            </Extensions>
          </Trackpoint>
          <Trackpoint>
            <Time>2026-07-31T17:52:39.000Z</Time>
            <Position>
              <LatitudeDegrees>44.29058153182268</LatitudeDegrees>
              <LongitudeDegrees>-81.6007291059941</LongitudeDegrees>
            </Position>
            <AltitudeMeters>181.8000030517578</AltitudeMeters>
            <DistanceMeters>4694.33984375</DistanceMeters>
            <HeartRateBpm>
              <Value>92</Value>
            </HeartRateBpm>
            <Extensions>
              <ns3:TPX>
                <ns3:Speed>2.2860000133514404</ns3:Speed>
              </ns3:TPX>
            </Extensions>
          </Trackpoint>
          <Trackpoint>
            <Time>2026-07-31T17:52:47.000Z</Time>
            <Position>
              <LatitudeDegrees>44.29053459316492</LatitudeDegrees>
              <LongitudeDegrees>-81.60052693448961</LongitudeDegrees>
            </Position>
            <AltitudeMeters>181.60000610351562</AltitudeMeters>
            <DistanceMeters>4711.31005859375</DistanceMeters>
            <HeartRateBpm>
              <Value>93</Value>
            </HeartRateBpm>
            <Extensions>
              <ns3:TPX>
                <ns3:Speed>2.1089999675750732</ns3:Speed>
              </ns3:TPX>
            </Extensions>
          </Trackpoint>
          <Trackpoint>
            <Time>2026-07-31T17:52:50.000Z</Time>
            <Position>
              <LatitudeDegrees>44.29052855819464</LatitudeDegrees>
              <LongitudeDegrees>-81.60045401193202</LongitudeDegrees>
            </Position>
            <AltitudeMeters>181.39999389648438</AltitudeMeters>
            <DistanceMeters>4717.18994140625</DistanceMeters>
            <HeartRateBpm>
              <Value>90</Value>
            </HeartRateBpm>
            <Extensions>
              <ns3:TPX>
                <ns3:Speed>1.9780000448226929</ns3:Speed>
              </ns3:TPX>
            </Extensions>
          </Trackpoint>
          <Trackpoint>
            <Time>2026-07-31T17:52:55.000Z</Time>
            <Position>
              <LatitudeDegrees>44.29052285850048</LatitudeDegrees>
              <LongitudeDegrees>-81.60032769665122</LongitudeDegrees>
            </Position>
            <AltitudeMeters>181.39999389648438</AltitudeMeters>
            <DistanceMeters>4727.31982421875</DistanceMeters>
            <HeartRateBpm>
              <Value>92</Value>
            </HeartRateBpm>
            <Extensions>
              <ns3:TPX>
                <ns3:Speed>1.930999994277954</ns3:Speed>
              </ns3:TPX>
            </Extensions>
          </Trackpoint>
          <Trackpoint>
            <Time>2026-07-31T17:53:01.000Z</Time>
            <Position>
              <LatitudeDegrees>44.29048555903137</LatitudeDegrees>
              <LongitudeDegrees>-81.60019610077143</LongitudeDegrees>
            </Position>
            <AltitudeMeters>181.39999389648438</AltitudeMeters>
            <DistanceMeters>4738.58984375</DistanceMeters>
            <HeartRateBpm>
              <Value>95</Value>
            </HeartRateBpm>
            <Extensions>
              <ns3:TPX>
                <ns3:Speed>2.1549999713897705</ns3:Speed>
              </ns3:TPX>
            </Extensions>
          </Trackpoint>
          <Trackpoint>
            <Time>2026-07-31T17:53:07.000Z</Time>
            <Position>
              <LatitudeDegrees>44.29046284407377</LatitudeDegrees>
              <LongitudeDegrees>-81.60005352459848</LongitudeDegrees>
            </Position>
            <AltitudeMeters>181.39999389648438</AltitudeMeters>
            <DistanceMeters>4750.27978515625</DistanceMeters>
            <HeartRateBpm>
              <Value>91</Value>
            </HeartRateBpm>
            <Extensions>
              <ns3:TPX>
                <ns3:Speed>1.7910000085830688</ns3:Speed>
              </ns3:TPX>
            </Extensions>
          </Trackpoint>
          <Trackpoint>
            <Time>2026-07-31T17:53:19.000Z</Time>
            <Position>
              <LatitudeDegrees>44.2904356867075</LatitudeDegrees>
              <LongitudeDegrees>-81.5997195057571</LongitudeDegrees>
            </Position>
            <AltitudeMeters>181.1999969482422</AltitudeMeters>
            <DistanceMeters>4777.10009765625</DistanceMeters>
            <HeartRateBpm>
              <Value>89</Value>
            </HeartRateBpm>
            <Extensions>
              <ns3:TPX>
                <ns3:Speed>2.249000072479248</ns3:Speed>
              </ns3:TPX>
            </Extensions>
          </Trackpoint>
          <Trackpoint>
            <Time>2026-07-31T17:53:25.000Z</Time>
            <Position>
              <LatitudeDegrees>44.290427807718515</LatitudeDegrees>
              <LongitudeDegrees>-81.5995881613344</LongitudeDegrees>
            </Position>
            <AltitudeMeters>181.39999389648438</AltitudeMeters>
            <DistanceMeters>4787.7001953125</DistanceMeters>
            <HeartRateBpm>
              <Value>89</Value>
            </HeartRateBpm>
            <Extensions>
              <ns3:TPX>
                <ns3:Speed>1.930999994277954</ns3:Speed>
              </ns3:TPX>
            </Extensions>
          </Trackpoint>
          <Trackpoint>
            <Time>2026-07-31T17:53:31.000Z</Time>
            <Position>
              <LatitudeDegrees>44.29041833616793</LatitudeDegrees>
              <LongitudeDegrees>-81.59941960126162</LongitudeDegrees>
            </Position>
            <AltitudeMeters>181.39999389648438</AltitudeMeters>
            <DistanceMeters>4801.14013671875</DistanceMeters>
            <HeartRateBpm>
              <Value>89</Value>
            </HeartRateBpm>
            <Extensions>
              <ns3:TPX>
                <ns3:Speed>2.369999885559082</ns3:Speed>
              </ns3:TPX>
            </Extensions>
          </Trackpoint>
          <Trackpoint>
            <Time>2026-07-31T17:53:39.000Z</Time>
            <Position>
              <LatitudeDegrees>44.2903923522681</LatitudeDegrees>
              <LongitudeDegrees>-81.59921960905194</LongitudeDegrees>
            </Position>
            <AltitudeMeters>181.1999969482422</AltitudeMeters>
            <DistanceMeters>4817.43994140625</DistanceMeters>
            <HeartRateBpm>
              <Value>91</Value>
            </HeartRateBpm>
            <Extensions>
              <ns3:TPX>
                <ns3:Speed>2.305000066757202</ns3:Speed>
              </ns3:TPX>
            </Extensions>
          </Trackpoint>
          <Trackpoint>
            <Time>2026-07-31T17:53:45.000Z</Time>
            <Position>
              <LatitudeDegrees>44.29038246162236</LatitudeDegrees>
              <LongitudeDegrees>-81.59904979169369</LongitudeDegrees>
            </Position>
            <AltitudeMeters>181.1999969482422</AltitudeMeters>
            <DistanceMeters>4830.97021484375</DistanceMeters>
            <HeartRateBpm>
              <Value>94</Value>
            </HeartRateBpm>
            <Extensions>
              <ns3:TPX>
                <ns3:Speed>2.305000066757202</ns3:Speed>
              </ns3:TPX>
            </Extensions>
          </Trackpoint>
          <Trackpoint>
            <Time>2026-07-31T17:53:54.000Z</Time>
            <Position>
              <LatitudeDegrees>44.2903474252671</LatitudeDegrees>
              <LongitudeDegrees>-81.59880688413978</LongitudeDegrees>
            </Position>
            <AltitudeMeters>181.39999389648438</AltitudeMeters>
            <DistanceMeters>4850.7998046875</DistanceMeters>
            <HeartRateBpm>
              <Value>96</Value>
            </HeartRateBpm>
            <Extensions>
              <ns3:TPX>
                <ns3:Speed>1.968999981880188</ns3:Speed>
              </ns3:TPX>
            </Extensions>
          </Trackpoint>
          <Trackpoint>
            <Time>2026-07-31T17:54:03.000Z</Time>
            <Position>
              <LatitudeDegrees>44.29029855877161</LatitudeDegrees>
              <LongitudeDegrees>-81.59855517558753</LongitudeDegrees>
            </Position>
            <AltitudeMeters>181.1999969482422</AltitudeMeters>
            <DistanceMeters>4871.66015625</DistanceMeters>
            <HeartRateBpm>
              <Value>96</Value>
            </HeartRateBpm>
            <Extensions>
              <ns3:TPX>
                <ns3:Speed>2.249000072479248</ns3:Speed>
              </ns3:TPX>
            </Extensions>
          </Trackpoint>
          <Trackpoint>
            <Time>2026-07-31T17:54:11.000Z</Time>
            <Position>
              <LatitudeDegrees>44.29026545025408</LatitudeDegrees>
              <LongitudeDegrees>-81.5983309596777</LongitudeDegrees>
            </Position>
            <AltitudeMeters>181.0</AltitudeMeters>
            <DistanceMeters>4889.97998046875</DistanceMeters>
            <HeartRateBpm>
              <Value>95</Value>
            </HeartRateBpm>
            <Extensions>
              <ns3:TPX>
                <ns3:Speed>2.305000066757202</ns3:Speed>
              </ns3:TPX>
            </Extensions>
          </Trackpoint>
          <Trackpoint>
            <Time>2026-07-31T17:54:20.000Z</Time>
            <Position>
              <LatitudeDegrees>44.290248434990644</LatitudeDegrees>
              <LongitudeDegrees>-81.59809836186469</LongitudeDegrees>
            </Position>
            <AltitudeMeters>181.1999969482422</AltitudeMeters>
            <DistanceMeters>4908.6298828125</DistanceMeters>
            <HeartRateBpm>
              <Value>94</Value>
            </HeartRateBpm>
            <Extensions>
              <ns3:TPX>
                <ns3:Speed>2.1459999084472656</ns3:Speed>
              </ns3:TPX>
            </Extensions>
          </Trackpoint>
          <Trackpoint>
            <Time>2026-07-31T17:54:28.000Z</Time>
            <Position>
              <LatitudeDegrees>44.290223037824035</LatitudeDegrees>
              <LongitudeDegrees>-81.5979044046253</LongitudeDegrees>
            </Position>
            <AltitudeMeters>181.39999389648438</AltitudeMeters>
            <DistanceMeters>4924.35986328125</DistanceMeters>
            <HeartRateBpm>
              <Value>92</Value>
            </HeartRateBpm>
            <Extensions>
              <ns3:TPX>
                <ns3:Speed>1.9589999914169312</ns3:Speed>
              </ns3:TPX>
            </Extensions>
          </Trackpoint>
          <Trackpoint>
            <Time>2026-07-31T17:54:35.000Z</Time>
            <Position>
              <LatitudeDegrees>44.29019462317228</LatitudeDegrees>
              <LongitudeDegrees>-81.59775411710143</LongitudeDegrees>
            </Position>
            <AltitudeMeters>181.1999969482422</AltitudeMeters>
            <DistanceMeters>4936.81005859375</DistanceMeters>
            <HeartRateBpm>
              <Value>91</Value>
            </HeartRateBpm>
            <Extensions>
              <ns3:TPX>
                <ns3:Speed>2.00600004196167</ns3:Speed>
              </ns3:TPX>
            </Extensions>
          </Trackpoint>
          <Trackpoint>
            <Time>2026-07-31T17:54:40.000Z</Time>
            <Position>
              <LatitudeDegrees>44.290157156065106</LatitudeDegrees>
              <LongitudeDegrees>-81.59760961309075</LongitudeDegrees>
            </Position>
            <AltitudeMeters>181.1999969482422</AltitudeMeters>
            <DistanceMeters>4949.080078125</DistanceMeters>
            <HeartRateBpm>
              <Value>93</Value>
            </HeartRateBpm>
            <Extensions>
              <ns3:TPX>
                <ns3:Speed>3.806999921798706</ns3:Speed>
              </ns3:TPX>
            </Extensions>
          </Trackpoint>
          <Trackpoint>
            <Time>2026-07-31T17:54:44.000Z</Time>
            <Position>
              <LatitudeDegrees>44.2901418171823</LatitudeDegrees>
              <LongitudeDegrees>-81.5974656958133</LongitudeDegrees>
            </Position>
            <AltitudeMeters>181.1999969482422</AltitudeMeters>
            <DistanceMeters>4960.68994140625</DistanceMeters>
            <HeartRateBpm>
              <Value>96</Value>
            </HeartRateBpm>
            <Extensions>
              <ns3:TPX>
                <ns3:Speed>3.871999979019165</ns3:Speed>
              </ns3:TPX>
            </Extensions>
          </Trackpoint>
          <Trackpoint>
            <Time>2026-07-31T17:54:50.000Z</Time>
            <Position>
              <LatitudeDegrees>44.29011231288314</LatitudeDegrees>
              <LongitudeDegrees>-81.59723519347608</LongitudeDegrees>
            </Position>
            <AltitudeMeters>181.1999969482422</AltitudeMeters>
            <DistanceMeters>4979.33984375</DistanceMeters>
            <HeartRateBpm>
              <Value>99</Value>
            </HeartRateBpm>
            <Extensions>
              <ns3:TPX>
                <ns3:Speed>3.2279999256134033</ns3:Speed>
              </ns3:TPX>
            </Extensions>
          </Trackpoint>
          <Trackpoint>
            <Time>2026-07-31T17:54:51.000Z</Time>
            <Position>
              <LatitudeDegrees>44.29010451771319</LatitudeDegrees>
              <LongitudeDegrees>-81.59721608273685</LongitudeDegrees>
            </Position>
            <AltitudeMeters>181.0</AltitudeMeters>
            <DistanceMeters>4980.97021484375</DistanceMeters>
            <HeartRateBpm>
              <Value>99</Value>
            </HeartRateBpm>
            <Extensions>
              <ns3:TPX>
                <ns3:Speed>2.2669999599456787</ns3:Speed>
              </ns3:TPX>
            </Extensions>
          </Trackpoint>
          <Trackpoint>
            <Time>2026-07-31T17:54:56.000Z</Time>
            <Position>
              <LatitudeDegrees>44.290081383660436</LatitudeDegrees>
              <LongitudeDegrees>-81.59707778133452</LongitudeDegrees>
            </Position>
            <AltitudeMeters>181.0</AltitudeMeters>
            <DistanceMeters>4992.08984375</DistanceMeters>
            <HeartRateBpm>
              <Value>100</Value>
            </HeartRateBpm>
            <Extensions>
              <ns3:TPX>
                <ns3:Speed>3.2190001010894775</ns3:Speed>
              </ns3:TPX>
            </Extensions>
          </Trackpoint>
          <Trackpoint>
            <Time>2026-07-31T17:55:03.000Z</Time>
            <Position>
              <LatitudeDegrees>44.29005439393222</LatitudeDegrees>
              <LongitudeDegrees>-81.59685566090047</LongitudeDegrees>
            </Position>
            <AltitudeMeters>181.0</AltitudeMeters>
            <DistanceMeters>5010.080078125</DistanceMeters>
            <HeartRateBpm>
              <Value>97</Value>
            </HeartRateBpm>
            <Extensions>
              <ns3:TPX>
                <ns3:Speed>2.5940001010894775</ns3:Speed>
              </ns3:TPX>
            </Extensions>
          </Trackpoint>
          <Trackpoint>
            <Time>2026-07-31T17:55:09.000Z</Time>
            <Position>
              <LatitudeDegrees>44.29001608863473</LatitudeDegrees>
              <LongitudeDegrees>-81.59666547551751</LongitudeDegrees>
            </Position>
            <AltitudeMeters>181.0</AltitudeMeters>
            <DistanceMeters>5025.89990234375</DistanceMeters>
            <HeartRateBpm>
              <Value>98</Value>
            </HeartRateBpm>
            <Extensions>
              <ns3:TPX>
                <ns3:Speed>3.2750000953674316</ns3:Speed>
              </ns3:TPX>
            </Extensions>
          </Trackpoint>
          <Trackpoint>
            <Time>2026-07-31T17:55:13.000Z</Time>
            <Position>
              <LatitudeDegrees>44.290008544921875</LatitudeDegrees>
              <LongitudeDegrees>-81.5965869370848</LongitudeDegrees>
            </Position>
            <AltitudeMeters>181.0</AltitudeMeters>
            <DistanceMeters>5032.22021484375</DistanceMeters>
            <HeartRateBpm>
              <Value>97</Value>
            </HeartRateBpm>
            <Extensions>
              <ns3:TPX>
                <ns3:Speed>2.9760000705718994</ns3:Speed>
              </ns3:TPX>
            </Extensions>
          </Trackpoint>
          <Trackpoint>
            <Time>2026-07-31T17:55:19.000Z</Time>
            <Position>
              <LatitudeDegrees>44.289985075592995</LatitudeDegrees>
              <LongitudeDegrees>-81.59642064012587</LongitudeDegrees>
            </Position>
            <AltitudeMeters>181.0</AltitudeMeters>
            <DistanceMeters>5045.81005859375</DistanceMeters>
            <HeartRateBpm>
              <Value>95</Value>
            </HeartRateBpm>
            <Extensions>
              <ns3:TPX>
                <ns3:Speed>2.556999921798706</ns3:Speed>
              </ns3:TPX>
            </Extensions>
          </Trackpoint>
          <Trackpoint>
            <Time>2026-07-31T17:55:27.000Z</Time>
            <Position>
              <LatitudeDegrees>44.28994475863874</LatitudeDegrees>
              <LongitudeDegrees>-81.5962029621005</LongitudeDegrees>
            </Position>
            <AltitudeMeters>181.1999969482422</AltitudeMeters>
            <DistanceMeters>5064.02001953125</DistanceMeters>
            <HeartRateBpm>
              <Value>93</Value>
            </HeartRateBpm>
            <Extensions>
              <ns3:TPX>
                <ns3:Speed>3.25600004196167</ns3:Speed>
              </ns3:TPX>
            </Extensions>
          </Trackpoint>
          <Trackpoint>
            <Time>2026-07-31T17:55:33.000Z</Time>
            <Position>
              <LatitudeDegrees>44.289906956255436</LatitudeDegrees>
              <LongitudeDegrees>-81.59605057910085</LongitudeDegrees>
            </Position>
            <AltitudeMeters>181.0</AltitudeMeters>
            <DistanceMeters>5076.8701171875</DistanceMeters>
            <HeartRateBpm>
              <Value>94</Value>
            </HeartRateBpm>
            <Extensions>
              <ns3:TPX>
                <ns3:Speed>2.5380001068115234</ns3:Speed>
              </ns3:TPX>
            </Extensions>
          </Trackpoint>
          <Trackpoint>
            <Time>2026-07-31T17:55:39.000Z</Time>
            <Position>
              <LatitudeDegrees>44.28988357074559</LatitudeDegrees>
              <LongitudeDegrees>-81.59592937678099</LongitudeDegrees>
            </Position>
            <AltitudeMeters>181.0</AltitudeMeters>
            <DistanceMeters>5086.9599609375</DistanceMeters>
            <HeartRateBpm>
              <Value>91</Value>
            </HeartRateBpm>
            <Extensions>
              <ns3:TPX>
                <ns3:Speed>2.2109999656677246</ns3:Speed>
              </ns3:TPX>
            </Extensions>
          </Trackpoint>
          <Trackpoint>
            <Time>2026-07-31T17:55:41.000Z</Time>
            <Position>
              <LatitudeDegrees>44.28986789658666</LatitudeDegrees>
              <LongitudeDegrees>-81.59587992355227</LongitudeDegrees>
            </Position>
            <AltitudeMeters>181.1999969482422</AltitudeMeters>
            <DistanceMeters>5091.27001953125</DistanceMeters>
            <HeartRateBpm>
              <Value>88</Value>
            </HeartRateBpm>
            <Extensions>
              <ns3:TPX>
                <ns3:Speed>2.2669999599456787</ns3:Speed>
              </ns3:TPX>
            </Extensions>
          </Trackpoint>
          <Trackpoint>
            <Time>2026-07-31T17:55:42.000Z</Time>
            <Position>
              <LatitudeDegrees>44.28985968232155</LatitudeDegrees>
              <LongitudeDegrees>-81.59583248198032</LongitudeDegrees>
            </Position>
            <AltitudeMeters>181.1999969482422</AltitudeMeters>
            <DistanceMeters>5095.14990234375</DistanceMeters>
            <HeartRateBpm>
              <Value>87</Value>
            </HeartRateBpm>
            <Extensions>
              <ns3:TPX>
                <ns3:Speed>3.2939999103546143</ns3:Speed>
              </ns3:TPX>
            </Extensions>
          </Trackpoint>
          <Trackpoint>
            <Time>2026-07-31T17:55:50.000Z</Time>
            <Position>
              <LatitudeDegrees>44.28980201482773</LatitudeDegrees>
              <LongitudeDegrees>-81.59556409344077</LongitudeDegrees>
            </Position>
            <AltitudeMeters>181.0</AltitudeMeters>
            <DistanceMeters>5117.52001953125</DistanceMeters>
            <HeartRateBpm>
              <Value>86</Value>
            </HeartRateBpm>
            <Extensions>
              <ns3:TPX>
                <ns3:Speed>2.4260001182556152</ns3:Speed>
              </ns3:TPX>
            </Extensions>
          </Trackpoint>
          <Trackpoint>
            <Time>2026-07-31T17:55:57.000Z</Time>
            <Position>
              <LatitudeDegrees>44.28976697847247</LatitudeDegrees>
              <LongitudeDegrees>-81.59535152837634</LongitudeDegrees>
            </Position>
            <AltitudeMeters>181.0</AltitudeMeters>
            <DistanceMeters>5134.9501953125</DistanceMeters>
            <HeartRateBpm>
              <Value>87</Value>
            </HeartRateBpm>
            <Extensions>
              <ns3:TPX>
                <ns3:Speed>2.4630000591278076</ns3:Speed>
              </ns3:TPX>
            </Extensions>
          </Trackpoint>
          <Trackpoint>
            <Time>2026-07-31T17:56:04.000Z</Time>
            <Position>
              <LatitudeDegrees>44.289739737287164</LatitudeDegrees>
              <LongitudeDegrees>-81.59512898884714</LongitudeDegrees>
            </Position>
            <AltitudeMeters>181.0</AltitudeMeters>
            <DistanceMeters>5152.97021484375</DistanceMeters>
            <HeartRateBpm>
              <Value>86</Value>
            </HeartRateBpm>
            <Extensions>
              <ns3:TPX>
                <ns3:Speed>1.8849999904632568</ns3:Speed>
              </ns3:TPX>
            </Extensions>
          </Trackpoint>
          <Trackpoint>
            <Time>2026-07-31T17:56:13.000Z</Time>
            <Position>
              <LatitudeDegrees>44.28969757631421</LatitudeDegrees>
              <LongitudeDegrees>-81.59476596862078</LongitudeDegrees>
            </Position>
            <AltitudeMeters>181.0</AltitudeMeters>
            <DistanceMeters>5182.27978515625</DistanceMeters>
            <HeartRateBpm>
              <Value>87</Value>
            </HeartRateBpm>
            <Extensions>
              <ns3:TPX>
                <ns3:Speed>2.7060000896453857</ns3:Speed>
              </ns3:TPX>
            </Extensions>
          </Trackpoint>
          <Trackpoint>
            <Time>2026-07-31T17:56:18.000Z</Time>
            <Position>
              <LatitudeDegrees>44.289662120863795</LatitudeDegrees>
              <LongitudeDegrees>-81.59460168331861</LongitudeDegrees>
            </Position>
            <AltitudeMeters>181.1999969482422</AltitudeMeters>
            <DistanceMeters>5196.02001953125</DistanceMeters>
            <HeartRateBpm>
              <Value>87</Value>
            </HeartRateBpm>
            <Extensions>
              <ns3:TPX>
                <ns3:Speed>2.7249999046325684</ns3:Speed>
              </ns3:TPX>
            </Extensions>
          </Trackpoint>
          <Trackpoint>
            <Time>2026-07-31T17:56:23.000Z</Time>
            <Position>
              <LatitudeDegrees>44.28962456993759</LatitudeDegrees>
              <LongitudeDegrees>-81.59446656703949</LongitudeDegrees>
            </Position>
            <AltitudeMeters>180.60000610351562</AltitudeMeters>
            <DistanceMeters>5207.5498046875</DistanceMeters>
            <HeartRateBpm>
              <Value>84</Value>
            </HeartRateBpm>
            <Extensions>
              <ns3:TPX>
                <ns3:Speed>2.753000020980835</ns3:Speed>
              </ns3:TPX>
            </Extensions>
          </Trackpoint>
          <Trackpoint>
            <Time>2026-07-31T17:56:29.000Z</Time>
            <Position>
              <LatitudeDegrees>44.289574110880494</LatitudeDegrees>
              <LongitudeDegrees>-81.59428182989359</LongitudeDegrees>
            </Position>
            <AltitudeMeters>180.60000610351562</AltitudeMeters>
            <DistanceMeters>5223.31005859375</DistanceMeters>
            <HeartRateBpm>
              <Value>84</Value>
            </HeartRateBpm>
            <Extensions>
              <ns3:TPX>
                <ns3:Speed>2.7809998989105225</ns3:Speed>
              </ns3:TPX>
            </Extensions>
          </Trackpoint>
          <Trackpoint>
            <Time>2026-07-31T17:56:35.000Z</Time>
            <Position>
              <LatitudeDegrees>44.2895442713052</LatitudeDegrees>
              <LongitudeDegrees>-81.59412156790495</LongitudeDegrees>
            </Position>
            <AltitudeMeters>180.39999389648438</AltitudeMeters>
            <DistanceMeters>5236.52978515625</DistanceMeters>
            <HeartRateBpm>
              <Value>83</Value>
            </HeartRateBpm>
            <Extensions>
              <ns3:TPX>
                <ns3:Speed>2.63100004196167</ns3:Speed>
              </ns3:TPX>
            </Extensions>
          </Trackpoint>
          <Trackpoint>
            <Time>2026-07-31T17:56:43.000Z</Time>
            <Position>
              <LatitudeDegrees>44.28949858993292</LatitudeDegrees>
              <LongitudeDegrees>-81.59386868588626</LongitudeDegrees>
            </Position>
            <AltitudeMeters>180.39999389648438</AltitudeMeters>
            <DistanceMeters>5257.39013671875</DistanceMeters>
            <HeartRateBpm>
              <Value>86</Value>
            </HeartRateBpm>
            <Extensions>
              <ns3:TPX>
                <ns3:Speed>2.313999891281128</ns3:Speed>
              </ns3:TPX>
            </Extensions>
          </Trackpoint>
          <Trackpoint>
            <Time>2026-07-31T17:56:50.000Z</Time>
            <Position>
              <LatitudeDegrees>44.28944427520037</LatitudeDegrees>
              <LongitudeDegrees>-81.59364866092801</LongitudeDegrees>
            </Position>
            <AltitudeMeters>180.39999389648438</AltitudeMeters>
            <DistanceMeters>5275.97998046875</DistanceMeters>
            <HeartRateBpm>
              <Value>88</Value>
            </HeartRateBpm>
            <Extensions>
              <ns3:TPX>
                <ns3:Speed>2.9860000610351562</ns3:Speed>
              </ns3:TPX>
            </Extensions>
          </Trackpoint>
          <Trackpoint>
            <Time>2026-07-31T17:56:55.000Z</Time>
            <Position>
              <LatitudeDegrees>44.28941418416798</LatitudeDegrees>
              <LongitudeDegrees>-81.59347456879914</LongitudeDegrees>
            </Position>
            <AltitudeMeters>180.60000610351562</AltitudeMeters>
            <DistanceMeters>5290.31005859375</DistanceMeters>
            <HeartRateBpm>
              <Value>88</Value>
            </HeartRateBpm>
            <Extensions>
              <ns3:TPX>
                <ns3:Speed>2.677999973297119</ns3:Speed>
              </ns3:TPX>
            </Extensions>
          </Trackpoint>
          <Trackpoint>
            <Time>2026-07-31T17:57:02.000Z</Time>
            <Position>
              <LatitudeDegrees>44.28936816751957</LatitudeDegrees>
              <LongitudeDegrees>-81.59322529099882</LongitudeDegrees>
            </Position>
            <AltitudeMeters>180.39999389648438</AltitudeMeters>
            <DistanceMeters>5310.91015625</DistanceMeters>
            <HeartRateBpm>
              <Value>90</Value>
            </HeartRateBpm>
            <Extensions>
              <ns3:TPX>
                <ns3:Speed>2.621999979019165</ns3:Speed>
              </ns3:TPX>
            </Extensions>
          </Trackpoint>
          <Trackpoint>
            <Time>2026-07-31T17:57:09.000Z</Time>
            <Position>
              <LatitudeDegrees>44.28933748975396</LatitudeDegrees>
              <LongitudeDegrees>-81.59303745254874</LongitudeDegrees>
            </Position>
            <AltitudeMeters>180.39999389648438</AltitudeMeters>
            <DistanceMeters>5326.33984375</DistanceMeters>
            <HeartRateBpm>
              <Value>93</Value>
            </HeartRateBpm>
            <Extensions>
              <ns3:TPX>
                <ns3:Speed>2.4260001182556152</ns3:Speed>
              </ns3:TPX>
            </Extensions>
          </Trackpoint>
          <Trackpoint>
            <Time>2026-07-31T17:57:12.000Z</Time>
            <Position>
              <LatitudeDegrees>44.28932324051857</LatitudeDegrees>
              <LongitudeDegrees>-81.5929707325995</LongitudeDegrees>
            </Position>
            <AltitudeMeters>180.39999389648438</AltitudeMeters>
            <DistanceMeters>5331.89013671875</DistanceMeters>
            <HeartRateBpm>
              <Value>95</Value>
            </HeartRateBpm>
            <Extensions>
              <ns3:TPX>
                <ns3:Speed>2.062000036239624</ns3:Speed>
              </ns3:TPX>
            </Extensions>
          </Trackpoint>
          <Trackpoint>
            <Time>2026-07-31T17:57:19.000Z</Time>
            <Position>
              <LatitudeDegrees>44.28930748254061</LatitudeDegrees>
              <LongitudeDegrees>-81.59277769736946</LongitudeDegrees>
            </Position>
            <AltitudeMeters>180.39999389648438</AltitudeMeters>
            <DistanceMeters>5347.419921875</DistanceMeters>
            <HeartRateBpm>
              <Value>92</Value>
            </HeartRateBpm>
            <Extensions>
              <ns3:TPX>
                <ns3:Speed>2.127000093460083</ns3:Speed>
              </ns3:TPX>
            </Extensions>
          </Trackpoint>
          <Trackpoint>
            <Time>2026-07-31T17:57:21.000Z</Time>
            <Position>
              <LatitudeDegrees>44.28929834626615</LatitudeDegrees>
              <LongitudeDegrees>-81.5927389729768</LongitudeDegrees>
            </Position>
            <AltitudeMeters>180.39999389648438</AltitudeMeters>
            <DistanceMeters>5350.669921875</DistanceMeters>
            <HeartRateBpm>
              <Value>90</Value>
            </HeartRateBpm>
            <Extensions>
              <ns3:TPX>
                <ns3:Speed>2.127000093460083</ns3:Speed>
              </ns3:TPX>
            </Extensions>
          </Trackpoint>
          <Trackpoint>
            <Time>2026-07-31T17:57:31.000Z</Time>
            <Position>
              <LatitudeDegrees>44.28926037624478</LatitudeDegrees>
              <LongitudeDegrees>-81.59246547147632</LongitudeDegrees>
            </Position>
            <AltitudeMeters>180.39999389648438</AltitudeMeters>
            <DistanceMeters>5372.89013671875</DistanceMeters>
            <HeartRateBpm>
              <Value>90</Value>
            </HeartRateBpm>
            <Extensions>
              <ns3:TPX>
                <ns3:Speed>2.378999948501587</ns3:Speed>
              </ns3:TPX>
            </Extensions>
          </Trackpoint>
          <Trackpoint>
            <Time>2026-07-31T17:57:37.000Z</Time>
            <Position>
              <LatitudeDegrees>44.28923808038235</LatitudeDegrees>
              <LongitudeDegrees>-81.59229297190905</LongitudeDegrees>
            </Position>
            <AltitudeMeters>180.39999389648438</AltitudeMeters>
            <DistanceMeters>5387.0400390625</DistanceMeters>
            <HeartRateBpm>
              <Value>89</Value>
            </HeartRateBpm>
            <Extensions>
              <ns3:TPX>
                <ns3:Speed>2.322999954223633</ns3:Speed>
              </ns3:TPX>
            </Extensions>
          </Trackpoint>
          <Trackpoint>
            <Time>2026-07-31T17:57:44.000Z</Time>
            <Position>
              <LatitudeDegrees>44.28923087194562</LatitudeDegrees>
              <LongitudeDegrees>-81.5920845977962</LongitudeDegrees>
            </Position>
            <AltitudeMeters>180.39999389648438</AltitudeMeters>
            <DistanceMeters>5403.85009765625</DistanceMeters>
            <HeartRateBpm>
              <Value>87</Value>
            </HeartRateBpm>
            <Extensions>
              <ns3:TPX>
                <ns3:Speed>2.5290000438690186</ns3:Speed>
              </ns3:TPX>
            </Extensions>
          </Trackpoint>
          <Trackpoint>
            <Time>2026-07-31T17:57:52.000Z</Time>
            <Position>
              <LatitudeDegrees>44.289181837812066</LatitudeDegrees>
              <LongitudeDegrees>-81.59181755036116</LongitudeDegrees>
            </Position>
            <AltitudeMeters>180.39999389648438</AltitudeMeters>
            <DistanceMeters>5425.8798828125</DistanceMeters>
            <HeartRateBpm>
              <Value>88</Value>
            </HeartRateBpm>
            <Extensions>
              <ns3:TPX>
                <ns3:Speed>2.76200008392334</ns3:Speed>
              </ns3:TPX>
            </Extensions>
          </Trackpoint>
          <Trackpoint>
            <Time>2026-07-31T17:57:53.000Z</Time>
            <Position>
              <LatitudeDegrees>44.28916867822409</LatitudeDegrees>
              <LongitudeDegrees>-81.59178737550974</LongitudeDegrees>
            </Position>
            <AltitudeMeters>180.39999389648438</AltitudeMeters>
            <DistanceMeters>5428.68994140625</DistanceMeters>
            <HeartRateBpm>
              <Value>89</Value>
            </HeartRateBpm>
            <Extensions>
              <ns3:TPX>
                <ns3:Speed>2.76200008392334</ns3:Speed>
              </ns3:TPX>
            </Extensions>
          </Trackpoint>
          <Trackpoint>
            <Time>2026-07-31T17:57:57.000Z</Time>
            <Position>
              <LatitudeDegrees>44.28911997936666</LatitudeDegrees>
              <LongitudeDegrees>-81.59166592173278</LongitudeDegrees>
            </Position>
            <AltitudeMeters>180.39999389648438</AltitudeMeters>
            <DistanceMeters>5439.7900390625</DistanceMeters>
            <HeartRateBpm>
              <Value>90</Value>
            </HeartRateBpm>
            <Extensions>
              <ns3:TPX>
                <ns3:Speed>2.9670000076293945</ns3:Speed>
              </ns3:TPX>
            </Extensions>
          </Trackpoint>
          <Trackpoint>
            <Time>2026-07-31T17:58:01.000Z</Time>
            <Position>
              <LatitudeDegrees>44.289098773151636</LatitudeDegrees>
              <LongitudeDegrees>-81.59158956259489</LongitudeDegrees>
            </Position>
            <AltitudeMeters>180.60000610351562</AltitudeMeters>
            <DistanceMeters>5446.490234375</DistanceMeters>
            <HeartRateBpm>
              <Value>89</Value>
            </HeartRateBpm>
            <Extensions>
              <ns3:TPX>
                <ns3:Speed>1.343999981880188</ns3:Speed>
              </ns3:TPX>
            </Extensions>
          </Trackpoint>
          <Trackpoint>
            <Time>2026-07-31T17:58:03.000Z</Time>
            <Position>
              <LatitudeDegrees>44.28909122943878</LatitudeDegrees>
              <LongitudeDegrees>-81.59156240522861</LongitudeDegrees>
            </Position>
            <AltitudeMeters>180.60000610351562</AltitudeMeters>
            <DistanceMeters>5448.81982421875</DistanceMeters>
            <HeartRateBpm>
              <Value>90</Value>
            </HeartRateBpm>
            <Extensions>
              <ns3:TPX>
                <ns3:Speed>1.343999981880188</ns3:Speed>
              </ns3:TPX>
            </Extensions>
          </Trackpoint>
          <Trackpoint>
            <Time>2026-07-31T17:58:05.000Z</Time>
            <Position>
              <LatitudeDegrees>44.28908569738269</LatitudeDegrees>
              <LongitudeDegrees>-81.59156206995249</LongitudeDegrees>
            </Position>
            <AltitudeMeters>180.60000610351562</AltitudeMeters>
            <DistanceMeters>5449.16015625</DistanceMeters>
            <HeartRateBpm>
              <Value>90</Value>
            </HeartRateBpm>
            <Extensions>
              <ns3:TPX>
                <ns3:Speed>0.0</ns3:Speed>
              </ns3:TPX>
            </Extensions>
          </Trackpoint>
          <Trackpoint>
            <Time>2026-07-31T17:58:11.000Z</Time>
            <Position>
              <LatitudeDegrees>44.28908200934529</LatitudeDegrees>
              <LongitudeDegrees>-81.5915718767792</LongitudeDegrees>
            </Position>
            <AltitudeMeters>181.1999969482422</AltitudeMeters>
            <DistanceMeters>5450.1201171875</DistanceMeters>
            <HeartRateBpm>
              <Value>91</Value>
            </HeartRateBpm>
            <Extensions>
              <ns3:TPX>
                <ns3:Speed>0.0</ns3:Speed>
              </ns3:TPX>
            </Extensions>
          </Trackpoint>
          <Trackpoint>
            <Time>2026-07-31T17:58:17.000Z</Time>
            <Position>
              <LatitudeDegrees>44.28907421417534</LatitudeDegrees>
              <LongitudeDegrees>-81.59156986512244</LongitudeDegrees>
            </Position>
            <AltitudeMeters>181.8000030517578</AltitudeMeters>
            <DistanceMeters>5451.39990234375</DistanceMeters>
            <HeartRateBpm>
              <Value>93</Value>
            </HeartRateBpm>
            <Extensions>
              <ns3:TPX>
                <ns3:Speed>0.0</ns3:Speed>
              </ns3:TPX>
            </Extensions>
          </Trackpoint>
          <Trackpoint>
            <Time>2026-07-31T17:58:22.000Z</Time>
            <Position>
              <LatitudeDegrees>44.28906541317701</LatitudeDegrees>
              <LongitudeDegrees>-81.59157707355917</LongitudeDegrees>
            </Position>
            <AltitudeMeters>181.8000030517578</AltitudeMeters>
            <DistanceMeters>5454.259765625</DistanceMeters>
            <HeartRateBpm>
              <Value>96</Value>
            </HeartRateBpm>
            <Extensions>
              <ns3:TPX>
                <ns3:Speed>1.0920000076293945</ns3:Speed>
              </ns3:TPX>
            </Extensions>
          </Trackpoint>
          <Trackpoint>
            <Time>2026-07-31T17:58:23.000Z</Time>
            <Position>
              <LatitudeDegrees>44.289057618007064</LatitudeDegrees>
              <LongitudeDegrees>-81.5915700327605</LongitudeDegrees>
            </Position>
            <AltitudeMeters>181.8000030517578</AltitudeMeters>
            <DistanceMeters>5455.2900390625</DistanceMeters>
            <HeartRateBpm>
              <Value>96</Value>
            </HeartRateBpm>
            <Extensions>
              <ns3:TPX>
                <ns3:Speed>1.1380000114440918</ns3:Speed>
              </ns3:TPX>
            </Extensions>
          </Trackpoint>
          <Trackpoint>
            <Time>2026-07-31T17:58:26.000Z</Time>
            <Position>
              <LatitudeDegrees>44.28903196938336</LatitudeDegrees>
              <LongitudeDegrees>-81.59155134111643</LongitudeDegrees>
            </Position>
            <AltitudeMeters>182.0</AltitudeMeters>
            <DistanceMeters>5458.580078125</DistanceMeters>
            <HeartRateBpm>
              <Value>98</Value>
            </HeartRateBpm>
            <Extensions>
              <ns3:TPX>
                <ns3:Speed>1.0729999542236328</ns3:Speed>
              </ns3:TPX>
            </Extensions>
          </Trackpoint>
          <Trackpoint>
            <Time>2026-07-31T17:58:28.000Z</Time>
            <Position>
              <LatitudeDegrees>44.289023000746965</LatitudeDegrees>
              <LongitudeDegrees>-81.59153893589973</LongitudeDegrees>
            </Position>
            <AltitudeMeters>182.1999969482422</AltitudeMeters>
            <DistanceMeters>5460.0400390625</DistanceMeters>
            <HeartRateBpm>
              <Value>99</Value>
            </HeartRateBpm>
            <Extensions>
              <ns3:TPX>
                <ns3:Speed>0.8579999804496765</ns3:Speed>
              </ns3:TPX>
            </Extensions>
          </Trackpoint>
          <Trackpoint>
            <Time>2026-07-31T17:58:29.000Z</Time>
            <Position>
              <LatitudeDegrees>44.28901554085314</LatitudeDegrees>
              <LongitudeDegrees>-81.59153616987169</LongitudeDegrees>
            </Position>
            <AltitudeMeters>182.1999969482422</AltitudeMeters>
            <DistanceMeters>5460.8798828125</DistanceMeters>
            <HeartRateBpm>
              <Value>100</Value>
            </HeartRateBpm>
            <Extensions>
              <ns3:TPX>
                <ns3:Speed>1.0729999542236328</ns3:Speed>
              </ns3:TPX>
            </Extensions>
          </Trackpoint>
          <Trackpoint>
            <Time>2026-07-31T17:58:33.000Z</Time>
            <Position>
              <LatitudeDegrees>44.289015708491206</LatitudeDegrees>
              <LongitudeDegrees>-81.59153692424297</LongitudeDegrees>
            </Position>
            <AltitudeMeters>182.1999969482422</AltitudeMeters>
            <DistanceMeters>5461.58984375</DistanceMeters>
            <HeartRateBpm>
              <Value>103</Value>
            </HeartRateBpm>
            <Extensions>
              <ns3:TPX>
                <ns3:Speed>0.0</ns3:Speed>
              </ns3:TPX>
            </Extensions>
          </Trackpoint>
          <Trackpoint>
            <Time>2026-07-31T17:58:34.000Z</Time>
            <Position>
              <LatitudeDegrees>44.28901671431959</LatitudeDegrees>
              <LongitudeDegrees>-81.59153876826167</LongitudeDegrees>
            </Position>
            <AltitudeMeters>182.1999969482422</AltitudeMeters>
            <DistanceMeters>5461.740234375</DistanceMeters>
            <HeartRateBpm>
              <Value>102</Value>
            </HeartRateBpm>
            <Extensions>
              <ns3:TPX>
                <ns3:Speed>0.0</ns3:Speed>
              </ns3:TPX>
            </Extensions>
          </Trackpoint>
          <Trackpoint>
            <Time>2026-07-31T17:58:39.000Z</Time>
            <Position>
              <LatitudeDegrees>44.28902509622276</LatitudeDegrees>
              <LongitudeDegrees>-81.59156240522861</LongitudeDegrees>
            </Position>
            <AltitudeMeters>181.8000030517578</AltitudeMeters>
            <DistanceMeters>5464.10009765625</DistanceMeters>
            <HeartRateBpm>
              <Value>104</Value>
            </HeartRateBpm>
            <Extensions>
              <ns3:TPX>
                <ns3:Speed>1.1200000047683716</ns3:Speed>
              </ns3:TPX>
            </Extensions>
          </Trackpoint>
          <Trackpoint>
            <Time>2026-07-31T17:58:40.000Z</Time>
            <Position>
              <LatitudeDegrees>44.289034651592374</LatitudeDegrees>
              <LongitudeDegrees>-81.59157229587436</LongitudeDegrees>
            </Position>
            <AltitudeMeters>181.60000610351562</AltitudeMeters>
            <DistanceMeters>5465.39990234375</DistanceMeters>
            <HeartRateBpm>
              <Value>105</Value>
            </HeartRateBpm>
            <Extensions>
              <ns3:TPX>
                <ns3:Speed>1.156999945640564</ns3:Speed>
              </ns3:TPX>
            </Extensions>
          </Trackpoint>
          <Trackpoint>
            <Time>2026-07-31T17:58:46.000Z</Time>
            <Position>
              <LatitudeDegrees>44.28909164853394</LatitudeDegrees>
              <LongitudeDegrees>-81.59161554649472</LongitudeDegrees>
            </Position>
            <AltitudeMeters>181.39999389648438</AltitudeMeters>
            <DistanceMeters>5472.75</DistanceMeters>
            <HeartRateBpm>
              <Value>108</Value>
            </HeartRateBpm>
            <Extensions>
              <ns3:TPX>
                <ns3:Speed>1.156999945640564</ns3:Speed>
              </ns3:TPX>
            </Extensions>
          </Trackpoint>
          <Trackpoint>
            <Time>2026-07-31T17:58:49.000Z</Time>
            <Position>
              <LatitudeDegrees>44.289085948839784</LatitudeDegrees>
              <LongitudeDegrees>-81.59165217541158</LongitudeDegrees>
            </Position>
            <AltitudeMeters>181.1999969482422</AltitudeMeters>
            <DistanceMeters>5475.740234375</DistanceMeters>
            <HeartRateBpm>
              <Value>110</Value>
            </HeartRateBpm>
            <Extensions>
              <ns3:TPX>
                <ns3:Speed>1.2879999876022339</ns3:Speed>
              </ns3:TPX>
            </Extensions>
          </Trackpoint>
          <Trackpoint>
            <Time>2026-07-31T17:58:50.000Z</Time>
            <Position>
              <LatitudeDegrees>44.28908318281174</LatitudeDegrees>
              <LongitudeDegrees>-81.59166131168604</LongitudeDegrees>
            </Position>
            <AltitudeMeters>181.0</AltitudeMeters>
            <DistanceMeters>5476.47021484375</DistanceMeters>
            <HeartRateBpm>
              <Value>109</Value>
            </HeartRateBpm>
            <Extensions>
              <ns3:TPX>
                <ns3:Speed>1.2879999876022339</ns3:Speed>
              </ns3:TPX>
            </Extensions>
          </Trackpoint>
          <Trackpoint>
            <Time>2026-07-31T17:58:51.000Z</Time>
            <Position>
              <LatitudeDegrees>44.28909072652459</LatitudeDegrees>
              <LongitudeDegrees>-81.59167313016951</LongitudeDegrees>
            </Position>
            <AltitudeMeters>180.8000030517578</AltitudeMeters>
            <DistanceMeters>5477.72021484375</DistanceMeters>
            <HeartRateBpm>
              <Value>109</Value>
            </HeartRateBpm>
            <Extensions>
              <ns3:TPX>
                <ns3:Speed>1.128999948501587</ns3:Speed>
              </ns3:TPX>
            </Extensions>
          </Trackpoint>
          <Trackpoint>
            <Time>2026-07-31T17:58:55.000Z</Time>
            <Position>
              <LatitudeDegrees>44.289123164489865</LatitudeDegrees>
              <LongitudeDegrees>-81.59171981737018</LongitudeDegrees>
            </Position>
            <AltitudeMeters>181.1999969482422</AltitudeMeters>
            <DistanceMeters>5482.85986328125</DistanceMeters>
            <HeartRateBpm>
              <Value>110</Value>
            </HeartRateBpm>
            <Extensions>
              <ns3:TPX>
                <ns3:Speed>1.1480000019073486</ns3:Speed>
              </ns3:TPX>
            </Extensions>
          </Trackpoint>
          <Trackpoint>
            <Time>2026-07-31T17:58:59.000Z</Time>
            <Position>
              <LatitudeDegrees>44.28914252668619</LatitudeDegrees>
              <LongitudeDegrees>-81.59175770357251</LongitudeDegrees>
            </Position>
            <AltitudeMeters>181.1999969482422</AltitudeMeters>
            <DistanceMeters>5486.580078125</DistanceMeters>
            <HeartRateBpm>
              <Value>109</Value>
            </HeartRateBpm>
            <Extensions>
              <ns3:TPX>
                <ns3:Speed>1.0260000228881836</ns3:Speed>
              </ns3:TPX>
            </Extensions>
          </Trackpoint>
          <Trackpoint>
            <Time>2026-07-31T17:59:01.000Z</Time>
            <Position>
              <LatitudeDegrees>44.28914738819003</LatitudeDegrees>
              <LongitudeDegrees>-81.59178477711976</LongitudeDegrees>
            </Position>
            <AltitudeMeters>181.0</AltitudeMeters>
            <DistanceMeters>5488.759765625</DistanceMeters>
            <HeartRateBpm>
              <Value>107</Value>
            </HeartRateBpm>
            <Extensions>
              <ns3:TPX>
                <ns3:Speed>1.0260000228881836</ns3:Speed>
              </ns3:TPX>
            </Extensions>
          </Trackpoint>
          <Trackpoint>
            <Time>2026-07-31T17:59:02.000Z</Time>
            <Position>
              <LatitudeDegrees>44.2891488969326</LatitudeDegrees>
              <LongitudeDegrees>-81.59179843962193</LongitudeDegrees>
            </Position>
            <AltitudeMeters>180.8000030517578</AltitudeMeters>
            <DistanceMeters>5489.83984375</DistanceMeters>
            <HeartRateBpm>
              <Value>110</Value>
            </HeartRateBpm>
            <Extensions>
              <ns3:TPX>
                <ns3:Speed>1.0449999570846558</ns3:Speed>
              </ns3:TPX>
            </Extensions>
          </Trackpoint>
          <Trackpoint>
            <Time>2026-07-31T17:59:10.000Z</Time>
            <Position>
              <LatitudeDegrees>44.28917747922242</LatitudeDegrees>
              <LongitudeDegrees>-81.59187312237918</LongitudeDegrees>
            </Position>
            <AltitudeMeters>181.1999969482422</AltitudeMeters>
            <DistanceMeters>5496.72998046875</DistanceMeters>
            <HeartRateBpm>
              <Value>109</Value>
            </HeartRateBpm>
            <Extensions>
              <ns3:TPX>
                <ns3:Speed>0.625</ns3:Speed>
              </ns3:TPX>
            </Extensions>
          </Trackpoint>
          <Trackpoint>
            <Time>2026-07-31T17:59:15.000Z</Time>
            <Position>
              <LatitudeDegrees>44.289205726236105</LatitudeDegrees>
              <LongitudeDegrees>-81.59189768135548</LongitudeDegrees>
            </Position>
            <AltitudeMeters>181.1999969482422</AltitudeMeters>
            <DistanceMeters>5500.490234375</DistanceMeters>
            <HeartRateBpm>
              <Value>107</Value>
            </HeartRateBpm>
            <Extensions>
              <ns3:TPX>
                <ns3:Speed>1.184999942779541</ns3:Speed>
              </ns3:TPX>
            </Extensions>
          </Trackpoint>
          <Trackpoint>
            <Time>2026-07-31T17:59:17.000Z</Time>
            <Position>
              <LatitudeDegrees>44.28921218030155</LatitudeDegrees>
              <LongitudeDegrees>-81.5919291973114</LongitudeDegrees>
            </Position>
            <AltitudeMeters>181.0</AltitudeMeters>
            <DistanceMeters>5503.06982421875</DistanceMeters>
            <HeartRateBpm>
              <Value>106</Value>
            </HeartRateBpm>
            <Extensions>
              <ns3:TPX>
                <ns3:Speed>1.5490000247955322</ns3:Speed>
              </ns3:TPX>
            </Extensions>
          </Trackpoint>
          <Trackpoint>
            <Time>2026-07-31T17:59:24.000Z</Time>
            <Position>
              <LatitudeDegrees>44.28924855776131</LatitudeDegrees>
              <LongitudeDegrees>-81.59210873767734</LongitudeDegrees>
            </Position>
            <AltitudeMeters>181.0</AltitudeMeters>
            <DistanceMeters>5517.93994140625</DistanceMeters>
            <HeartRateBpm>
              <Value>106</Value>
            </HeartRateBpm>
            <Extensions>
              <ns3:TPX>
                <ns3:Speed>2.015000104904175</ns3:Speed>
              </ns3:TPX>
            </Extensions>
          </Trackpoint>
          <Trackpoint>
            <Time>2026-07-31T17:59:33.000Z</Time>
            <Position>
              <LatitudeDegrees>44.28932944312692</LatitudeDegrees>
              <LongitudeDegrees>-81.59235617145896</LongitudeDegrees>
            </Position>
            <AltitudeMeters>180.60000610351562</AltitudeMeters>
            <DistanceMeters>5539.72998046875</DistanceMeters>
            <HeartRateBpm>
              <Value>107</Value>
            </HeartRateBpm>
            <Extensions>
              <ns3:TPX>
                <ns3:Speed>2.3889999389648438</ns3:Speed>
              </ns3:TPX>
            </Extensions>
          </Trackpoint>
          <Trackpoint>
            <Time>2026-07-31T17:59:42.000Z</Time>
            <Position>
              <LatitudeDegrees>44.289425080642104</LatitudeDegrees>
              <LongitudeDegrees>-81.59263947978616</LongitudeDegrees>
            </Position>
            <AltitudeMeters>181.0</AltitudeMeters>
            <DistanceMeters>5564.75</DistanceMeters>
            <HeartRateBpm>
              <Value>107</Value>
            </HeartRateBpm>
            <Extensions>
              <ns3:TPX>
                <ns3:Speed>2.6029999256134033</ns3:Speed>
              </ns3:TPX>
            </Extensions>
          </Trackpoint>
          <Trackpoint>
            <Time>2026-07-31T17:59:49.000Z</Time>
            <Position>
              <LatitudeDegrees>44.28949724882841</LatitudeDegrees>
              <LongitudeDegrees>-81.59285388886929</LongitudeDegrees>
            </Position>
            <AltitudeMeters>180.8000030517578</AltitudeMeters>
            <DistanceMeters>5583.66015625</DistanceMeters>
            <HeartRateBpm>
              <Value>108</Value>
            </HeartRateBpm>
            <Extensions>
              <ns3:TPX>
                <ns3:Speed>2.743000030517578</ns3:Speed>
              </ns3:TPX>
            </Extensions>
          </Trackpoint>
          <Trackpoint>
            <Time>2026-07-31T17:59:56.000Z</Time>
            <Position>
              <LatitudeDegrees>44.28957293741405</LatitudeDegrees>
              <LongitudeDegrees>-81.59302320331335</LongitudeDegrees>
            </Position>
            <AltitudeMeters>180.8000030517578</AltitudeMeters>
            <DistanceMeters>5599.64013671875</DistanceMeters>
            <HeartRateBpm>
              <Value>108</Value>
            </HeartRateBpm>
            <Extensions>
              <ns3:TPX>
                <ns3:Speed>2.546999931335449</ns3:Speed>
              </ns3:TPX>
            </Extensions>
          </Trackpoint>
          <Trackpoint>
            <Time>2026-07-31T18:00:06.000Z</Time>
            <Position>
              <LatitudeDegrees>44.28966823965311</LatitudeDegrees>
              <LongitudeDegrees>-81.59329293295741</LongitudeDegrees>
            </Position>
            <AltitudeMeters>181.0</AltitudeMeters>
            <DistanceMeters>5623.64990234375</DistanceMeters>
            <HeartRateBpm>
              <Value>108</Value>
            </HeartRateBpm>
            <Extensions>
              <ns3:TPX>
                <ns3:Speed>2.444999933242798</ns3:Speed>
              </ns3:TPX>
            </Extensions>
          </Trackpoint>
          <Trackpoint>
            <Time>2026-07-31T18:00:15.000Z</Time>
            <Position>
              <LatitudeDegrees>44.289730014279485</LatitudeDegrees>
              <LongitudeDegrees>-81.59353433176875</LongitudeDegrees>
            </Position>
            <AltitudeMeters>180.8000030517578</AltitudeMeters>
            <DistanceMeters>5644.2099609375</DistanceMeters>
            <HeartRateBpm>
              <Value>106</Value>
            </HeartRateBpm>
            <Extensions>
              <ns3:TPX>
                <ns3:Speed>2.444999933242798</ns3:Speed>
              </ns3:TPX>
            </Extensions>
          </Trackpoint>
          <Trackpoint>
            <Time>2026-07-31T18:00:23.000Z</Time>
            <Position>
              <LatitudeDegrees>44.28979681804776</LatitudeDegrees>
              <LongitudeDegrees>-81.59374069422483</LongitudeDegrees>
            </Position>
            <AltitudeMeters>181.0</AltitudeMeters>
            <DistanceMeters>5662.27978515625</DistanceMeters>
            <HeartRateBpm>
              <Value>106</Value>
            </HeartRateBpm>
            <Extensions>
              <ns3:TPX>
                <ns3:Speed>2.4260001182556152</ns3:Speed>
              </ns3:TPX>
            </Extensions>
          </Trackpoint>
          <Trackpoint>
            <Time>2026-07-31T18:00:31.000Z</Time>
            <Position>
              <LatitudeDegrees>44.28987845778465</LatitudeDegrees>
              <LongitudeDegrees>-81.59397228620946</LongitudeDegrees>
            </Position>
            <AltitudeMeters>181.0</AltitudeMeters>
            <DistanceMeters>5682.83984375</DistanceMeters>
            <HeartRateBpm>
              <Value>107</Value>
            </HeartRateBpm>
            <Extensions>
              <ns3:TPX>
                <ns3:Speed>2.6029999256134033</ns3:Speed>
              </ns3:TPX>
            </Extensions>
          </Trackpoint>
          <Trackpoint>
            <Time>2026-07-31T18:00:39.000Z</Time>
            <Position>
              <LatitudeDegrees>44.28995104506612</LatitudeDegrees>
              <LongitudeDegrees>-81.59419423900545</LongitudeDegrees>
            </Position>
            <AltitudeMeters>181.60000610351562</AltitudeMeters>
            <DistanceMeters>5702.33984375</DistanceMeters>
            <HeartRateBpm>
              <Value>106</Value>
            </HeartRateBpm>
            <Extensions>
              <ns3:TPX>
                <ns3:Speed>2.490999937057495</ns3:Speed>
              </ns3:TPX>
            </Extensions>
          </Trackpoint>
          <Trackpoint>
            <Time>2026-07-31T18:00:43.000Z</Time>
            <Position>
              <LatitudeDegrees>44.28997853770852</LatitudeDegrees>
              <LongitudeDegrees>-81.59430370666087</LongitudeDegrees>
            </Position>
            <AltitudeMeters>181.60000610351562</AltitudeMeters>
            <DistanceMeters>5711.6201171875</DistanceMeters>
            <HeartRateBpm>
              <Value>103</Value>
            </HeartRateBpm>
            <Extensions>
              <ns3:TPX>
                <ns3:Speed>2.4070000648498535</ns3:Speed>
              </ns3:TPX>
            </Extensions>
          </Trackpoint>
          <Trackpoint>
            <Time>2026-07-31T18:00:47.000Z</Time>
            <Position>
              <LatitudeDegrees>44.2900107242167</LatitudeDegrees>
              <LongitudeDegrees>-81.59441895782948</LongitudeDegrees>
            </Position>
            <AltitudeMeters>181.39999389648438</AltitudeMeters>
            <DistanceMeters>5721.52978515625</DistanceMeters>
            <HeartRateBpm>
              <Value>103</Value>
            </HeartRateBpm>
            <Extensions>
              <ns3:TPX>
                <ns3:Speed>2.4260001182556152</ns3:Speed>
              </ns3:TPX>
            </Extensions>
          </Trackpoint>
          <Trackpoint>
            <Time>2026-07-31T18:00:50.000Z</Time>
            <Position>
              <LatitudeDegrees>44.29003436118364</LatitudeDegrees>
              <LongitudeDegrees>-81.59450260922313</LongitudeDegrees>
            </Position>
            <AltitudeMeters>181.1999969482422</AltitudeMeters>
            <DistanceMeters>5728.68994140625</DistanceMeters>
            <HeartRateBpm>
              <Value>100</Value>
            </HeartRateBpm>
            <Extensions>
              <ns3:TPX>
                <ns3:Speed>2.490999937057495</ns3:Speed>
              </ns3:TPX>
            </Extensions>
          </Trackpoint>
          <Trackpoint>
            <Time>2026-07-31T18:00:54.000Z</Time>
            <Position>
              <LatitudeDegrees>44.2900728341192</LatitudeDegrees>
              <LongitudeDegrees>-81.59462582319975</LongitudeDegrees>
            </Position>
            <AltitudeMeters>181.1999969482422</AltitudeMeters>
            <DistanceMeters>5739.43994140625</DistanceMeters>
            <HeartRateBpm>
              <Value>99</Value>
            </HeartRateBpm>
            <Extensions>
              <ns3:TPX>
                <ns3:Speed>2.6500000953674316</ns3:Speed>
              </ns3:TPX>
            </Extensions>
          </Trackpoint>
          <Trackpoint>
            <Time>2026-07-31T18:01:00.000Z</Time>
            <Position>
              <LatitudeDegrees>44.290145337581635</LatitudeDegrees>
              <LongitudeDegrees>-81.59480796195567</LongitudeDegrees>
            </Position>
            <AltitudeMeters>181.8000030517578</AltitudeMeters>
            <DistanceMeters>5756.08984375</DistanceMeters>
            <HeartRateBpm>
              <Value>96</Value>
            </HeartRateBpm>
            <Extensions>
              <ns3:TPX>
                <ns3:Speed>2.687000036239624</ns3:Speed>
              </ns3:TPX>
            </Extensions>
          </Trackpoint>
          <Trackpoint>
            <Time>2026-07-31T18:01:02.000Z</Time>
            <Position>
              <LatitudeDegrees>44.290159083902836</LatitudeDegrees>
              <LongitudeDegrees>-81.59487417899072</LongitudeDegrees>
            </Position>
            <AltitudeMeters>181.60000610351562</AltitudeMeters>
            <DistanceMeters>5761.58984375</DistanceMeters>
            <HeartRateBpm>
              <Value>95</Value>
            </HeartRateBpm>
            <Extensions>
              <ns3:TPX>
                <ns3:Speed>2.687000036239624</ns3:Speed>
              </ns3:TPX>
            </Extensions>
          </Trackpoint>
          <Trackpoint>
            <Time>2026-07-31T18:01:06.000Z</Time>
            <Position>
              <LatitudeDegrees>44.290199065580964</LatitudeDegrees>
              <LongitudeDegrees>-81.59498624503613</LongitudeDegrees>
            </Position>
            <AltitudeMeters>181.39999389648438</AltitudeMeters>
            <DistanceMeters>5771.56982421875</DistanceMeters>
            <HeartRateBpm>
              <Value>92</Value>
            </HeartRateBpm>
            <Extensions>
              <ns3:TPX>
                <ns3:Speed>2.61299991607666</ns3:Speed>
              </ns3:TPX>
            </Extensions>
          </Trackpoint>
          <Trackpoint>
            <Time>2026-07-31T18:01:10.000Z</Time>
            <Position>
              <LatitudeDegrees>44.29023494012654</LatitudeDegrees>
              <LongitudeDegrees>-81.59510174766183</LongitudeDegrees>
            </Position>
            <AltitudeMeters>181.1999969482422</AltitudeMeters>
            <DistanceMeters>5781.60009765625</DistanceMeters>
            <HeartRateBpm>
              <Value>91</Value>
            </HeartRateBpm>
            <Extensions>
              <ns3:TPX>
                <ns3:Speed>2.500999927520752</ns3:Speed>
              </ns3:TPX>
            </Extensions>
          </Trackpoint>
          <Trackpoint>
            <Time>2026-07-31T18:01:18.000Z</Time>
            <Position>
              <LatitudeDegrees>44.29032303392887</LatitudeDegrees>
              <LongitudeDegrees>-81.59527156502008</LongitudeDegrees>
            </Position>
            <AltitudeMeters>181.1999969482422</AltitudeMeters>
            <DistanceMeters>5798.33984375</DistanceMeters>
            <HeartRateBpm>
              <Value>92</Value>
            </HeartRateBpm>
            <Extensions>
              <ns3:TPX>
                <ns3:Speed>2.071000099182129</ns3:Speed>
              </ns3:TPX>
            </Extensions>
          </Trackpoint>
          <Trackpoint>
            <Time>2026-07-31T18:01:28.000Z</Time>
            <Position>
              <LatitudeDegrees>44.29045186378062</LatitudeDegrees>
              <LongitudeDegrees>-81.59548345953226</LongitudeDegrees>
            </Position>
            <AltitudeMeters>181.1999969482422</AltitudeMeters>
            <DistanceMeters>5820.60009765625</DistanceMeters>
            <HeartRateBpm>
              <Value>93</Value>
            </HeartRateBpm>
            <Extensions>
              <ns3:TPX>
                <ns3:Speed>2.2109999656677246</ns3:Speed>
              </ns3:TPX>
            </Extensions>
          </Trackpoint>
          <Trackpoint>
            <Time>2026-07-31T18:01:35.000Z</Time>
            <Position>
              <LatitudeDegrees>44.290509447455406</LatitudeDegrees>
              <LongitudeDegrees>-81.5956180728972</LongitudeDegrees>
            </Position>
            <AltitudeMeters>181.1999969482422</AltitudeMeters>
            <DistanceMeters>5833.5498046875</DistanceMeters>
            <HeartRateBpm>
              <Value>94</Value>
            </HeartRateBpm>
            <Extensions>
              <ns3:TPX>
                <ns3:Speed>1.809999942779541</ns3:Speed>
              </ns3:TPX>
            </Extensions>
          </Trackpoint>
          <Trackpoint>
            <Time>2026-07-31T18:01:45.000Z</Time>
            <Position>
              <LatitudeDegrees>44.29057164117694</LatitudeDegrees>
              <LongitudeDegrees>-81.59587162546813</LongitudeDegrees>
            </Position>
            <AltitudeMeters>181.39999389648438</AltitudeMeters>
            <DistanceMeters>5855.0</DistanceMeters>
            <HeartRateBpm>
              <Value>92</Value>
            </HeartRateBpm>
            <Extensions>
              <ns3:TPX>
                <ns3:Speed>2.127000093460083</ns3:Speed>
              </ns3:TPX>
            </Extensions>
          </Trackpoint>
          <Trackpoint>
            <Time>2026-07-31T18:01:55.000Z</Time>
            <Position>
              <LatitudeDegrees>44.29064213298261</LatitudeDegrees>
              <LongitudeDegrees>-81.59615661017597</LongitudeDegrees>
            </Position>
            <AltitudeMeters>181.60000610351562</AltitudeMeters>
            <DistanceMeters>5879.06982421875</DistanceMeters>
            <HeartRateBpm>
              <Value>91</Value>
            </HeartRateBpm>
            <Extensions>
              <ns3:TPX>
                <ns3:Speed>2.4730000495910645</ns3:Speed>
              </ns3:TPX>
            </Extensions>
          </Trackpoint>
          <Trackpoint>
            <Time>2026-07-31T18:02:04.000Z</Time>
            <Position>
              <LatitudeDegrees>44.290684377774596</LatitudeDegrees>
              <LongitudeDegrees>-81.59642742946744</LongitudeDegrees>
            </Position>
            <AltitudeMeters>181.0</AltitudeMeters>
            <DistanceMeters>5901.2001953125</DistanceMeters>
            <HeartRateBpm>
              <Value>93</Value>
            </HeartRateBpm>
            <Extensions>
              <ns3:TPX>
                <ns3:Speed>2.444999933242798</ns3:Speed>
              </ns3:TPX>
            </Extensions>
          </Trackpoint>
          <Trackpoint>
            <Time>2026-07-31T18:02:10.000Z</Time>
            <Position>
              <LatitudeDegrees>44.2907084338367</LatitudeDegrees>
              <LongitudeDegrees>-81.59659464843571</LongitudeDegrees>
            </Position>
            <AltitudeMeters>181.1999969482422</AltitudeMeters>
            <DistanceMeters>5914.85009765625</DistanceMeters>
            <HeartRateBpm>
              <Value>92</Value>
            </HeartRateBpm>
            <Extensions>
              <ns3:TPX>
                <ns3:Speed>2.322999954223633</ns3:Speed>
              </ns3:TPX>
            </Extensions>
          </Trackpoint>
          <Trackpoint>
            <Time>2026-07-31T18:02:12.000Z</Time>
            <Position>
              <LatitudeDegrees>44.29072712548077</LatitudeDegrees>
              <LongitudeDegrees>-81.59665239974856</LongitudeDegrees>
            </Position>
            <AltitudeMeters>181.39999389648438</AltitudeMeters>
            <DistanceMeters>5919.89013671875</DistanceMeters>
            <HeartRateBpm>
              <Value>89</Value>
            </HeartRateBpm>
            <Extensions>
              <ns3:TPX>
                <ns3:Speed>2.322999954223633</ns3:Speed>
              </ns3:TPX>
            </Extensions>
          </Trackpoint>
          <Trackpoint>
            <Time>2026-07-31T18:02:15.000Z</Time>
            <Position>
              <LatitudeDegrees>44.29075302556157</LatitudeDegrees>
              <LongitudeDegrees>-81.59673638641834</LongitudeDegrees>
            </Position>
            <AltitudeMeters>181.1999969482422</AltitudeMeters>
            <DistanceMeters>5927.18994140625</DistanceMeters>
            <HeartRateBpm>
              <Value>86</Value>
            </HeartRateBpm>
            <Extensions>
              <ns3:TPX>
                <ns3:Speed>2.3329999446868896</ns3:Speed>
              </ns3:TPX>
            </Extensions>
          </Trackpoint>
          <Trackpoint>
            <Time>2026-07-31T18:02:17.000Z</Time>
            <Position>
              <LatitudeDegrees>44.29077104665339</LatitudeDegrees>
              <LongitudeDegrees>-81.59678843803704</LongitudeDegrees>
            </Position>
            <AltitudeMeters>181.1999969482422</AltitudeMeters>
            <DistanceMeters>5931.7900390625</DistanceMeters>
            <HeartRateBpm>
              <Value>83</Value>
            </HeartRateBpm>
            <Extensions>
              <ns3:TPX>
                <ns3:Speed>2.3980000019073486</ns3:Speed>
              </ns3:TPX>
            </Extensions>
          </Trackpoint>
          <Trackpoint>
            <Time>2026-07-31T18:02:18.000Z</Time>
            <Position>
              <LatitudeDegrees>44.290781607851386</LatitudeDegrees>
              <LongitudeDegrees>-81.59681500867009</LongitudeDegrees>
            </Position>
            <AltitudeMeters>181.1999969482422</AltitudeMeters>
            <DistanceMeters>5934.22021484375</DistanceMeters>
            <HeartRateBpm>
              <Value>82</Value>
            </HeartRateBpm>
            <Extensions>
              <ns3:TPX>
                <ns3:Speed>2.3980000019073486</ns3:Speed>
              </ns3:TPX>
            </Extensions>
          </Trackpoint>
          <Trackpoint>
            <Time>2026-07-31T18:02:26.000Z</Time>
            <Position>
              <LatitudeDegrees>44.290856793522835</LatitudeDegrees>
              <LongitudeDegrees>-81.5970478579402</LongitudeDegrees>
            </Position>
            <AltitudeMeters>181.0</AltitudeMeters>
            <DistanceMeters>5954.58984375</DistanceMeters>
            <HeartRateBpm>
              <Value>80</Value>
            </HeartRateBpm>
            <Extensions>
              <ns3:TPX>
                <ns3:Speed>2.444999933242798</ns3:Speed>
              </ns3:TPX>
            </Extensions>
          </Trackpoint>
          <Trackpoint>
            <Time>2026-07-31T18:02:33.000Z</Time>
            <Position>
              <LatitudeDegrees>44.290940780192614</LatitudeDegrees>
              <LongitudeDegrees>-81.59723351709545</LongitudeDegrees>
            </Position>
            <AltitudeMeters>181.39999389648438</AltitudeMeters>
            <DistanceMeters>5972.0498046875</DistanceMeters>
            <HeartRateBpm>
              <Value>83</Value>
            </HeartRateBpm>
            <Extensions>
              <ns3:TPX>
                <ns3:Speed>2.500999927520752</ns3:Speed>
              </ns3:TPX>
            </Extensions>
          </Trackpoint>
          <Trackpoint>
            <Time>2026-07-31T18:02:39.000Z</Time>
            <Position>
              <LatitudeDegrees>44.29098889231682</LatitudeDegrees>
              <LongitudeDegrees>-81.59739352762699</LongitudeDegrees>
            </Position>
            <AltitudeMeters>181.1999969482422</AltitudeMeters>
            <DistanceMeters>5985.91015625</DistanceMeters>
            <HeartRateBpm>
              <Value>82</Value>
            </HeartRateBpm>
            <Extensions>
              <ns3:TPX>
                <ns3:Speed>2.3889999389648438</ns3:Speed>
              </ns3:TPX>
            </Extensions>
          </Trackpoint>
          <Trackpoint>
            <Time>2026-07-31T18:02:48.000Z</Time>
            <Position>
              <LatitudeDegrees>44.29108779877424</LatitudeDegrees>
              <LongitudeDegrees>-81.59766376018524</LongitudeDegrees>
            </Position>
            <AltitudeMeters>181.1999969482422</AltitudeMeters>
            <DistanceMeters>6010.14990234375</DistanceMeters>
            <HeartRateBpm>
              <Value>80</Value>
            </HeartRateBpm>
            <Extensions>
              <ns3:TPX>
                <ns3:Speed>2.4820001125335693</ns3:Speed>
              </ns3:TPX>
            </Extensions>
          </Trackpoint>
          <Trackpoint>
            <Time>2026-07-31T18:02:55.000Z</Time>
            <Position>
              <LatitudeDegrees>44.29115619510412</LatitudeDegrees>
              <LongitudeDegrees>-81.59789987839758</LongitudeDegrees>
            </Position>
            <AltitudeMeters>181.1999969482422</AltitudeMeters>
            <DistanceMeters>6030.490234375</DistanceMeters>
            <HeartRateBpm>
              <Value>80</Value>
            </HeartRateBpm>
            <Extensions>
              <ns3:TPX>
                <ns3:Speed>2.8269999027252197</ns3:Speed>
              </ns3:TPX>
            </Extensions>
          </Trackpoint>
          <Trackpoint>
            <Time>2026-07-31T18:03:00.000Z</Time>
            <Position>
              <LatitudeDegrees>44.29121411405504</LatitudeDegrees>
              <LongitudeDegrees>-81.59804153256118</LongitudeDegrees>
            </Position>
            <AltitudeMeters>181.39999389648438</AltitudeMeters>
            <DistanceMeters>6043.5</DistanceMeters>
            <HeartRateBpm>
              <Value>84</Value>
            </HeartRateBpm>
            <Extensions>
              <ns3:TPX>
                <ns3:Speed>2.6410000324249268</ns3:Speed>
              </ns3:TPX>
            </Extensions>
          </Trackpoint>
          <Trackpoint>
            <Time>2026-07-31T18:03:05.000Z</Time>
            <Position>
              <LatitudeDegrees>44.29126759059727</LatitudeDegrees>
              <LongitudeDegrees>-81.59816281870008</LongitudeDegrees>
            </Position>
            <AltitudeMeters>181.39999389648438</AltitudeMeters>
            <DistanceMeters>6054.85009765625</DistanceMeters>
            <HeartRateBpm>
              <Value>82</Value>
            </HeartRateBpm>
            <Extensions>
              <ns3:TPX>
                <ns3:Speed>2.378999948501587</ns3:Speed>
              </ns3:TPX>
            </Extensions>
          </Trackpoint>
          <Trackpoint>
            <Time>2026-07-31T18:03:16.000Z</Time>
            <Position>
              <LatitudeDegrees>44.29138778708875</LatitudeDegrees>
              <LongitudeDegrees>-81.59839415922761</LongitudeDegrees>
            </Position>
            <AltitudeMeters>181.1999969482422</AltitudeMeters>
            <DistanceMeters>6077.669921875</DistanceMeters>
            <HeartRateBpm>
              <Value>81</Value>
            </HeartRateBpm>
            <Extensions>
              <ns3:TPX>
                <ns3:Speed>2.0250000953674316</ns3:Speed>
              </ns3:TPX>
            </Extensions>
          </Trackpoint>
          <Trackpoint>
            <Time>2026-07-31T18:03:27.000Z</Time>
            <Position>
              <LatitudeDegrees>44.2914769705385</LatitudeDegrees>
              <LongitudeDegrees>-81.59862130880356</LongitudeDegrees>
            </Position>
            <AltitudeMeters>181.0</AltitudeMeters>
            <DistanceMeters>6098.47021484375</DistanceMeters>
            <HeartRateBpm>
              <Value>80</Value>
            </HeartRateBpm>
            <Extensions>
              <ns3:TPX>
                <ns3:Speed>1.8660000562667847</ns3:Speed>
              </ns3:TPX>
            </Extensions>
          </Trackpoint>
          <Trackpoint>
            <Time>2026-07-31T18:03:37.000Z</Time>
            <Position>
              <LatitudeDegrees>44.291512593626976</LatitudeDegrees>
              <LongitudeDegrees>-81.59889061935246</LongitudeDegrees>
            </Position>
            <AltitudeMeters>180.8000030517578</AltitudeMeters>
            <DistanceMeters>6120.58984375</DistanceMeters>
            <HeartRateBpm>
              <Value>79</Value>
            </HeartRateBpm>
            <Extensions>
              <ns3:TPX>
                <ns3:Speed>2.193000078201294</ns3:Speed>
              </ns3:TPX>
            </Extensions>
          </Trackpoint>
          <Trackpoint>
            <Time>2026-07-31T18:03:41.000Z</Time>
            <Position>
              <LatitudeDegrees>44.291515946388245</LatitudeDegrees>
              <LongitudeDegrees>-81.59901291131973</LongitudeDegrees>
            </Position>
            <AltitudeMeters>181.0</AltitudeMeters>
            <DistanceMeters>6130.35009765625</DistanceMeters>
            <HeartRateBpm>
              <Value>82</Value>
            </HeartRateBpm>
            <Extensions>
              <ns3:TPX>
                <ns3:Speed>2.305000066757202</ns3:Speed>
              </ns3:TPX>
            </Extensions>
          </Trackpoint>
          <Trackpoint>
            <Time>2026-07-31T18:03:49.000Z</Time>
            <Position>
              <LatitudeDegrees>44.29154058918357</LatitudeDegrees>
              <LongitudeDegrees>-81.59925531595945</LongitudeDegrees>
            </Position>
            <AltitudeMeters>181.1999969482422</AltitudeMeters>
            <DistanceMeters>6149.89990234375</DistanceMeters>
            <HeartRateBpm>
              <Value>83</Value>
            </HeartRateBpm>
            <Extensions>
              <ns3:TPX>
                <ns3:Speed>2.490999937057495</ns3:Speed>
              </ns3:TPX>
            </Extensions>
          </Trackpoint>
          <Trackpoint>
            <Time>2026-07-31T18:04:00.000Z</Time>
            <Position>
              <LatitudeDegrees>44.29156850092113</LatitudeDegrees>
              <LongitudeDegrees>-81.59957190044224</LongitudeDegrees>
            </Position>
            <AltitudeMeters>181.1999969482422</AltitudeMeters>
            <DistanceMeters>6175.35009765625</DistanceMeters>
            <HeartRateBpm>
              <Value>86</Value>
            </HeartRateBpm>
            <Extensions>
              <ns3:TPX>
                <ns3:Speed>2.3610000610351562</ns3:Speed>
              </ns3:TPX>
            </Extensions>
          </Trackpoint>
          <Trackpoint>
            <Time>2026-07-31T18:04:01.000Z</Time>
            <Position>
              <LatitudeDegrees>44.291569171473384</LatitudeDegrees>
              <LongitudeDegrees>-81.59960132092237</LongitudeDegrees>
            </Position>
            <AltitudeMeters>181.1999969482422</AltitudeMeters>
            <DistanceMeters>6177.7001953125</DistanceMeters>
            <HeartRateBpm>
              <Value>87</Value>
            </HeartRateBpm>
            <Extensions>
              <ns3:TPX>
                <ns3:Speed>2.3610000610351562</ns3:Speed>
              </ns3:TPX>
            </Extensions>
          </Trackpoint>
          <Trackpoint>
            <Time>2026-07-31T18:04:05.000Z</Time>
            <Position>
              <LatitudeDegrees>44.291576547548175</LatitudeDegrees>
              <LongitudeDegrees>-81.59971456043422</LongitudeDegrees>
            </Position>
            <AltitudeMeters>181.1999969482422</AltitudeMeters>
            <DistanceMeters>6186.75</DistanceMeters>
            <HeartRateBpm>
              <Value>90</Value>
            </HeartRateBpm>
            <Extensions>
              <ns3:TPX>
                <ns3:Speed>2.2769999504089355</ns3:Speed>
              </ns3:TPX>
            </Extensions>
          </Trackpoint>
          <Trackpoint>
            <Time>2026-07-31T18:04:11.000Z</Time>
            <Position>
              <LatitudeDegrees>44.29159373044968</LatitudeDegrees>
              <LongitudeDegrees>-81.59987767226994</LongitudeDegrees>
            </Position>
            <AltitudeMeters>181.0</AltitudeMeters>
            <DistanceMeters>6199.97998046875</DistanceMeters>
            <HeartRateBpm>
              <Value>91</Value>
            </HeartRateBpm>
            <Extensions>
              <ns3:TPX>
                <ns3:Speed>2.183000087738037</ns3:Speed>
              </ns3:TPX>
            </Extensions>
          </Trackpoint>
          <Trackpoint>
            <Time>2026-07-31T18:04:20.000Z</Time>
            <Position>
              <LatitudeDegrees>44.2916062194854</LatitudeDegrees>
              <LongitudeDegrees>-81.60012083128095</LongitudeDegrees>
            </Position>
            <AltitudeMeters>180.60000610351562</AltitudeMeters>
            <DistanceMeters>6219.4501953125</DistanceMeters>
            <HeartRateBpm>
              <Value>90</Value>
            </HeartRateBpm>
            <Extensions>
              <ns3:TPX>
                <ns3:Speed>2.313999891281128</ns3:Speed>
              </ns3:TPX>
            </Extensions>
          </Trackpoint>
          <Trackpoint>
            <Time>2026-07-31T18:04:26.000Z</Time>
            <Position>
              <LatitudeDegrees>44.29163547232747</LatitudeDegrees>
              <LongitudeDegrees>-81.60027623176575</LongitudeDegrees>
            </Position>
            <AltitudeMeters>181.1999969482422</AltitudeMeters>
            <DistanceMeters>6232.5</DistanceMeters>
            <HeartRateBpm>
              <Value>93</Value>
            </HeartRateBpm>
            <Extensions>
              <ns3:TPX>
                <ns3:Speed>2.0989999771118164</ns3:Speed>
              </ns3:TPX>
            </Extensions>
          </Trackpoint>
          <Trackpoint>
            <Time>2026-07-31T18:04:28.000Z</Time>
            <Position>
              <LatitudeDegrees>44.29165064357221</LatitudeDegrees>
              <LongitudeDegrees>-81.60032476298511</LongitudeDegrees>
            </Position>
            <AltitudeMeters>181.0</AltitudeMeters>
            <DistanceMeters>6236.7099609375</DistanceMeters>
            <HeartRateBpm>
              <Value>93</Value>
            </HeartRateBpm>
            <Extensions>
              <ns3:TPX>
                <ns3:Speed>2.2019999027252197</ns3:Speed>
              </ns3:TPX>
            </Extensions>
          </Trackpoint>
          <Trackpoint>
            <Time>2026-07-31T18:04:29.000Z</Time>
            <Position>
              <LatitudeDegrees>44.29165936075151</LatitudeDegrees>
              <LongitudeDegrees>-81.6003527585417</LongitudeDegrees>
            </Position>
            <AltitudeMeters>181.0</AltitudeMeters>
            <DistanceMeters>6239.14990234375</DistanceMeters>
            <HeartRateBpm>
              <Value>96</Value>
            </HeartRateBpm>
            <Extensions>
              <ns3:TPX>
                <ns3:Speed>2.2019999027252197</ns3:Speed>
              </ns3:TPX>
            </Extensions>
          </Trackpoint>
          <Trackpoint>
            <Time>2026-07-31T18:04:40.000Z</Time>
            <Position>
              <LatitudeDegrees>44.291722644120455</LatitudeDegrees>
              <LongitudeDegrees>-81.60069549456239</LongitudeDegrees>
            </Position>
            <AltitudeMeters>180.1999969482422</AltitudeMeters>
            <DistanceMeters>6267.4501953125</DistanceMeters>
            <HeartRateBpm>
              <Value>95</Value>
            </HeartRateBpm>
            <Extensions>
              <ns3:TPX>
                <ns3:Speed>2.5290000438690186</ns3:Speed>
              </ns3:TPX>
            </Extensions>
          </Trackpoint>
          <Trackpoint>
            <Time>2026-07-31T18:04:49.000Z</Time>
            <Position>
              <LatitudeDegrees>44.29174795746803</LatitudeDegrees>
              <LongitudeDegrees>-81.60096262581646</LongitudeDegrees>
            </Position>
            <AltitudeMeters>180.39999389648438</AltitudeMeters>
            <DistanceMeters>6288.97998046875</DistanceMeters>
            <HeartRateBpm>
              <Value>97</Value>
            </HeartRateBpm>
            <Extensions>
              <ns3:TPX>
                <ns3:Speed>2.4170000553131104</ns3:Speed>
              </ns3:TPX>
            </Extensions>
          </Trackpoint>
          <Trackpoint>
            <Time>2026-07-31T18:04:56.000Z</Time>
            <Position>
              <LatitudeDegrees>44.29179657250643</LatitudeDegrees>
              <LongitudeDegrees>-81.60117376595736</LongitudeDegrees>
            </Position>
            <AltitudeMeters>180.60000610351562</AltitudeMeters>
            <DistanceMeters>6306.7099609375</DistanceMeters>
            <HeartRateBpm>
              <Value>96</Value>
            </HeartRateBpm>
            <Extensions>
              <ns3:TPX>
                <ns3:Speed>2.546999931335449</ns3:Speed>
              </ns3:TPX>
            </Extensions>
          </Trackpoint>
          <Trackpoint>
            <Time>2026-07-31T18:05:02.000Z</Time>
            <Position>
              <LatitudeDegrees>44.29184451699257</LatitudeDegrees>
              <LongitudeDegrees>-81.6013718303293</LongitudeDegrees>
            </Position>
            <AltitudeMeters>180.8000030517578</AltitudeMeters>
            <DistanceMeters>6323.39013671875</DistanceMeters>
            <HeartRateBpm>
              <Value>93</Value>
            </HeartRateBpm>
            <Extensions>
              <ns3:TPX>
                <ns3:Speed>2.7249999046325684</ns3:Speed>
              </ns3:TPX>
            </Extensions>
          </Trackpoint>
          <Trackpoint>
            <Time>2026-07-31T18:05:06.000Z</Time>
            <Position>
              <LatitudeDegrees>44.29187242873013</LatitudeDegrees>
              <LongitudeDegrees>-81.60148867405951</LongitudeDegrees>
            </Position>
            <AltitudeMeters>180.8000030517578</AltitudeMeters>
            <DistanceMeters>6333.27001953125</DistanceMeters>
            <HeartRateBpm>
              <Value>89</Value>
            </HeartRateBpm>
            <Extensions>
              <ns3:TPX>
                <ns3:Speed>2.7339999675750732</ns3:Speed>
              </ns3:TPX>
            </Extensions>
          </Trackpoint>
          <Trackpoint>
            <Time>2026-07-31T18:05:07.000Z</Time>
            <Position>
              <LatitudeDegrees>44.29188508540392</LatitudeDegrees>
              <LongitudeDegrees>-81.60152253694832</LongitudeDegrees>
            </Position>
            <AltitudeMeters>181.0</AltitudeMeters>
            <DistanceMeters>6336.31982421875</DistanceMeters>
            <HeartRateBpm>
              <Value>92</Value>
            </HeartRateBpm>
            <Extensions>
              <ns3:TPX>
                <ns3:Speed>2.7339999675750732</ns3:Speed>
              </ns3:TPX>
            </Extensions>
          </Trackpoint>
          <Trackpoint>
            <Time>2026-07-31T18:05:16.000Z</Time>
            <Position>
              <LatitudeDegrees>44.29199354723096</LatitudeDegrees>
              <LongitudeDegrees>-81.60178681835532</LongitudeDegrees>
            </Position>
            <AltitudeMeters>180.60000610351562</AltitudeMeters>
            <DistanceMeters>6360.6298828125</DistanceMeters>
            <HeartRateBpm>
              <Value>89</Value>
            </HeartRateBpm>
            <Extensions>
              <ns3:TPX>
                <ns3:Speed>2.7339999675750732</ns3:Speed>
              </ns3:TPX>
            </Extensions>
          </Trackpoint>
          <Trackpoint>
            <Time>2026-07-31T18:05:19.000Z</Time>
            <Position>
              <LatitudeDegrees>44.29203939624131</LatitudeDegrees>
              <LongitudeDegrees>-81.60187197849154</LongitudeDegrees>
            </Position>
            <AltitudeMeters>180.39999389648438</AltitudeMeters>
            <DistanceMeters>6369.10986328125</DistanceMeters>
            <HeartRateBpm>
              <Value>92</Value>
            </HeartRateBpm>
            <Extensions>
              <ns3:TPX>
                <ns3:Speed>2.7249999046325684</ns3:Speed>
              </ns3:TPX>
            </Extensions>
          </Trackpoint>
          <Trackpoint>
            <Time>2026-07-31T18:05:29.000Z</Time>
            <Position>
              <LatitudeDegrees>44.292139476165175</LatitudeDegrees>
              <LongitudeDegrees>-81.60216668620706</LongitudeDegrees>
            </Position>
            <AltitudeMeters>180.1999969482422</AltitudeMeters>
            <DistanceMeters>6395.18994140625</DistanceMeters>
            <HeartRateBpm>
              <Value>92</Value>
            </HeartRateBpm>
            <Extensions>
              <ns3:TPX>
                <ns3:Speed>2.621999979019165</ns3:Speed>
              </ns3:TPX>
            </Extensions>
          </Trackpoint>
          <Trackpoint>
            <Time>2026-07-31T18:05:37.000Z</Time>
            <Position>
              <LatitudeDegrees>44.29220208898187</LatitudeDegrees>
              <LongitudeDegrees>-81.60236961208284</LongitudeDegrees>
            </Position>
            <AltitudeMeters>180.1999969482422</AltitudeMeters>
            <DistanceMeters>6412.8798828125</DistanceMeters>
            <HeartRateBpm>
              <Value>91</Value>
            </HeartRateBpm>
            <Extensions>
              <ns3:TPX>
                <ns3:Speed>2.13700008392334</ns3:Speed>
              </ns3:TPX>
            </Extensions>
          </Trackpoint>
          <Trackpoint>
            <Time>2026-07-31T18:05:43.000Z</Time>
            <Position>
              <LatitudeDegrees>44.29224676452577</LatitudeDegrees>
              <LongitudeDegrees>-81.60254831425846</LongitudeDegrees>
            </Position>
            <AltitudeMeters>180.1999969482422</AltitudeMeters>
            <DistanceMeters>6427.990234375</DistanceMeters>
            <HeartRateBpm>
              <Value>91</Value>
            </HeartRateBpm>
            <Extensions>
              <ns3:TPX>
                <ns3:Speed>2.5290000438690186</ns3:Speed>
              </ns3:TPX>
            </Extensions>
          </Trackpoint>
          <Trackpoint>
            <Time>2026-07-31T18:05:51.000Z</Time>
            <Position>
              <LatitudeDegrees>44.292327063158154</LatitudeDegrees>
              <LongitudeDegrees>-81.60279717296362</LongitudeDegrees>
            </Position>
            <AltitudeMeters>180.39999389648438</AltitudeMeters>
            <DistanceMeters>6449.830078125</DistanceMeters>
            <HeartRateBpm>
              <Value>91</Value>
            </HeartRateBpm>
            <Extensions>
              <ns3:TPX>
                <ns3:Speed>2.697000026702881</ns3:Speed>
              </ns3:TPX>
            </Extensions>
          </Trackpoint>
          <Trackpoint>
            <Time>2026-07-31T18:05:57.000Z</Time>
            <Position>
              <LatitudeDegrees>44.292384311556816</LatitudeDegrees>
              <LongitudeDegrees>-81.60300546325743</LongitudeDegrees>
            </Position>
            <AltitudeMeters>180.39999389648438</AltitudeMeters>
            <DistanceMeters>6467.60986328125</DistanceMeters>
            <HeartRateBpm>
              <Value>94</Value>
            </HeartRateBpm>
            <Extensions>
              <ns3:TPX>
                <ns3:Speed>2.9110000133514404</ns3:Speed>
              </ns3:TPX>
            </Extensions>
          </Trackpoint>
          <Trackpoint>
            <Time>2026-07-31T18:06:00.000Z</Time>
            <Position>
              <LatitudeDegrees>44.292414486408234</LatitudeDegrees>
              <LongitudeDegrees>-81.6031156014651</LongitudeDegrees>
            </Position>
            <AltitudeMeters>180.1999969482422</AltitudeMeters>
            <DistanceMeters>6477.0498046875</DistanceMeters>
            <HeartRateBpm>
              <Value>92</Value>
            </HeartRateBpm>
            <Extensions>
              <ns3:TPX>
                <ns3:Speed>2.994999885559082</ns3:Speed>
              </ns3:TPX>
            </Extensions>
          </Trackpoint>
          <Trackpoint>
            <Time>2026-07-31T18:06:10.000Z</Time>
            <Position>
              <LatitudeDegrees>44.29252537898719</LatitudeDegrees>
              <LongitudeDegrees>-81.60347593948245</LongitudeDegrees>
            </Position>
            <AltitudeMeters>180.1999969482422</AltitudeMeters>
            <DistanceMeters>6508.330078125</DistanceMeters>
            <HeartRateBpm>
              <Value>92</Value>
            </HeartRateBpm>
            <Extensions>
              <ns3:TPX>
                <ns3:Speed>3.134999990463257</ns3:Speed>
              </ns3:TPX>
            </Extensions>
          </Trackpoint>
          <Trackpoint>
            <Time>2026-07-31T18:06:18.000Z</Time>
            <Position>
              <LatitudeDegrees>44.292611042037606</LatitudeDegrees>
              <LongitudeDegrees>-81.60373301245272</LongitudeDegrees>
            </Position>
            <AltitudeMeters>180.39999389648438</AltitudeMeters>
            <DistanceMeters>6531.0</DistanceMeters>
            <HeartRateBpm>
              <Value>92</Value>
            </HeartRateBpm>
            <Extensions>
              <ns3:TPX>
                <ns3:Speed>2.818000078201294</ns3:Speed>
              </ns3:TPX>
            </Extensions>
          </Trackpoint>
          <Trackpoint>
            <Time>2026-07-31T18:06:21.000Z</Time>
            <Position>
              <LatitudeDegrees>44.29263509809971</LatitudeDegrees>
              <LongitudeDegrees>-81.60381180234253</LongitudeDegrees>
            </Position>
            <AltitudeMeters>180.39999389648438</AltitudeMeters>
            <DistanceMeters>6537.81005859375</DistanceMeters>
            <HeartRateBpm>
              <Value>89</Value>
            </HeartRateBpm>
            <Extensions>
              <ns3:TPX>
                <ns3:Speed>2.7709999084472656</ns3:Speed>
              </ns3:TPX>
            </Extensions>
          </Trackpoint>
          <Trackpoint>
            <Time>2026-07-31T18:06:23.000Z</Time>
            <Position>
              <LatitudeDegrees>44.29264297708869</LatitudeDegrees>
              <LongitudeDegrees>-81.60386410541832</LongitudeDegrees>
            </Position>
            <AltitudeMeters>180.39999389648438</AltitudeMeters>
            <DistanceMeters>6542.0498046875</DistanceMeters>
            <HeartRateBpm>
              <Value>86</Value>
            </HeartRateBpm>
            <Extensions>
              <ns3:TPX>
                <ns3:Speed>2.444999933242798</ns3:Speed>
              </ns3:TPX>
            </Extensions>
          </Trackpoint>
          <Trackpoint>
            <Time>2026-07-31T18:06:24.000Z</Time>
            <Position>
              <LatitudeDegrees>44.29264683276415</LatitudeDegrees>
              <LongitudeDegrees>-81.60389637574553</LongitudeDegrees>
            </Position>
            <AltitudeMeters>180.1999969482422</AltitudeMeters>
            <DistanceMeters>6544.66015625</DistanceMeters>
            <HeartRateBpm>
              <Value>85</Value>
            </HeartRateBpm>
            <Extensions>
              <ns3:TPX>
                <ns3:Speed>2.3889999389648438</ns3:Speed>
              </ns3:TPX>
            </Extensions>
          </Trackpoint>
          <Trackpoint>
            <Time>2026-07-31T18:06:32.000Z</Time>
            <Position>
              <LatitudeDegrees>44.29266946390271</LatitudeDegrees>
              <LongitudeDegrees>-81.60413919948041</LongitudeDegrees>
            </Position>
            <AltitudeMeters>180.1999969482422</AltitudeMeters>
            <DistanceMeters>6564.25</DistanceMeters>
            <HeartRateBpm>
              <Value>85</Value>
            </HeartRateBpm>
            <Extensions>
              <ns3:TPX>
                <ns3:Speed>2.369999885559082</ns3:Speed>
              </ns3:TPX>
            </Extensions>
          </Trackpoint>
          <Trackpoint>
            <Time>2026-07-31T18:06:41.000Z</Time>
            <Position>
              <LatitudeDegrees>44.29268362931907</LatitudeDegrees>
              <LongitudeDegrees>-81.60439602099359</LongitudeDegrees>
            </Position>
            <AltitudeMeters>180.1999969482422</AltitudeMeters>
            <DistanceMeters>6584.91015625</DistanceMeters>
            <HeartRateBpm>
              <Value>85</Value>
            </HeartRateBpm>
            <Extensions>
              <ns3:TPX>
                <ns3:Speed>2.13700008392334</ns3:Speed>
              </ns3:TPX>
            </Extensions>
          </Trackpoint>
          <Trackpoint>
            <Time>2026-07-31T18:06:47.000Z</Time>
            <Position>
              <LatitudeDegrees>44.29275009781122</LatitudeDegrees>
              <LongitudeDegrees>-81.60456726327538</LongitudeDegrees>
            </Position>
            <AltitudeMeters>180.60000610351562</AltitudeMeters>
            <DistanceMeters>6600.419921875</DistanceMeters>
            <HeartRateBpm>
              <Value>86</Value>
            </HeartRateBpm>
            <Extensions>
              <ns3:TPX>
                <ns3:Speed>2.378999948501587</ns3:Speed>
              </ns3:TPX>
            </Extensions>
          </Trackpoint>
          <Trackpoint>
            <Time>2026-07-31T18:06:53.000Z</Time>
            <Position>
              <LatitudeDegrees>44.292806005105376</LatitudeDegrees>
              <LongitudeDegrees>-81.60479206591845</LongitudeDegrees>
            </Position>
            <AltitudeMeters>181.1999969482422</AltitudeMeters>
            <DistanceMeters>6619.39013671875</DistanceMeters>
            <HeartRateBpm>
              <Value>85</Value>
            </HeartRateBpm>
            <Extensions>
              <ns3:TPX>
                <ns3:Speed>2.930000066757202</ns3:Speed>
              </ns3:TPX>
            </Extensions>
          </Trackpoint>
          <Trackpoint>
            <Time>2026-07-31T18:07:01.000Z</Time>
            <Position>
              <LatitudeDegrees>44.29290348663926</LatitudeDegrees>
              <LongitudeDegrees>-81.60508241504431</LongitudeDegrees>
            </Position>
            <AltitudeMeters>181.1999969482422</AltitudeMeters>
            <DistanceMeters>6644.919921875</DistanceMeters>
            <HeartRateBpm>
              <Value>85</Value>
            </HeartRateBpm>
            <Extensions>
              <ns3:TPX>
                <ns3:Speed>3.069999933242798</ns3:Speed>
              </ns3:TPX>
            </Extensions>
          </Trackpoint>
          <Trackpoint>
            <Time>2026-07-31T18:07:07.000Z</Time>
            <Position>
              <LatitudeDegrees>44.29297381080687</LatitudeDegrees>
              <LongitudeDegrees>-81.6052724327892</LongitudeDegrees>
            </Position>
            <AltitudeMeters>180.60000610351562</AltitudeMeters>
            <DistanceMeters>6661.919921875</DistanceMeters>
            <HeartRateBpm>
              <Value>86</Value>
            </HeartRateBpm>
            <Extensions>
              <ns3:TPX>
                <ns3:Speed>2.4630000591278076</ns3:Speed>
              </ns3:TPX>
            </Extensions>
          </Trackpoint>
          <Trackpoint>
            <Time>2026-07-31T18:07:16.000Z</Time>
            <Position>
              <LatitudeDegrees>44.29305830039084</LatitudeDegrees>
              <LongitudeDegrees>-81.6055369656533</LongitudeDegrees>
            </Position>
            <AltitudeMeters>180.39999389648438</AltitudeMeters>
            <DistanceMeters>6685.02001953125</DistanceMeters>
            <HeartRateBpm>
              <Value>87</Value>
            </HeartRateBpm>
            <Extensions>
              <ns3:TPX>
                <ns3:Speed>2.6500000953674316</ns3:Speed>
              </ns3:TPX>
            </Extensions>
          </Trackpoint>
          <Trackpoint>
            <Time>2026-07-31T18:07:19.000Z</Time>
            <Position>
              <LatitudeDegrees>44.29310875944793</LatitudeDegrees>
              <LongitudeDegrees>-81.60563981160522</LongitudeDegrees>
            </Position>
            <AltitudeMeters>180.39999389648438</AltitudeMeters>
            <DistanceMeters>6694.9599609375</DistanceMeters>
            <HeartRateBpm>
              <Value>91</Value>
            </HeartRateBpm>
            <Extensions>
              <ns3:TPX>
                <ns3:Speed>2.9110000133514404</ns3:Speed>
              </ns3:TPX>
            </Extensions>
          </Trackpoint>
          <Trackpoint>
            <Time>2026-07-31T18:07:22.000Z</Time>
            <Position>
              <LatitudeDegrees>44.29315787740052</LatitudeDegrees>
              <LongitudeDegrees>-81.60574559122324</LongitudeDegrees>
            </Position>
            <AltitudeMeters>180.39999389648438</AltitudeMeters>
            <DistanceMeters>6705.0</DistanceMeters>
            <HeartRateBpm>
              <Value>94</Value>
            </HeartRateBpm>
            <Extensions>
              <ns3:TPX>
                <ns3:Speed>3.003999948501587</ns3:Speed>
              </ns3:TPX>
            </Extensions>
          </Trackpoint>
          <Trackpoint>
            <Time>2026-07-31T18:07:23.000Z</Time>
            <Position>
              <LatitudeDegrees>44.29317506030202</LatitudeDegrees>
              <LongitudeDegrees>-81.6057787835598</LongitudeDegrees>
            </Position>
            <AltitudeMeters>180.39999389648438</AltitudeMeters>
            <DistanceMeters>6708.259765625</DistanceMeters>
            <HeartRateBpm>
              <Value>94</Value>
            </HeartRateBpm>
            <Extensions>
              <ns3:TPX>
                <ns3:Speed>3.0880000591278076</ns3:Speed>
              </ns3:TPX>
            </Extensions>
          </Trackpoint>
          <Trackpoint>
            <Time>2026-07-31T18:07:29.000Z</Time>
            <Position>
              <LatitudeDegrees>44.29325954988599</LatitudeDegrees>
              <LongitudeDegrees>-81.60599738359451</LongitudeDegrees>
            </Position>
            <AltitudeMeters>180.39999389648438</AltitudeMeters>
            <DistanceMeters>6728.080078125</DistanceMeters>
            <HeartRateBpm>
              <Value>97</Value>
            </HeartRateBpm>
            <Extensions>
              <ns3:TPX>
                <ns3:Speed>3.246999979019165</ns3:Speed>
              </ns3:TPX>
            </Extensions>
          </Trackpoint>
          <Trackpoint>
            <Time>2026-07-31T18:07:32.000Z</Time>
            <Position>
              <LatitudeDegrees>44.29331235587597</LatitudeDegrees>
              <LongitudeDegrees>-81.6061170771718</LongitudeDegrees>
            </Position>
            <AltitudeMeters>180.39999389648438</AltitudeMeters>
            <DistanceMeters>6739.2998046875</DistanceMeters>
            <HeartRateBpm>
              <Value>96</Value>
            </HeartRateBpm>
            <Extensions>
              <ns3:TPX>
                <ns3:Speed>3.302999973297119</ns3:Speed>
              </ns3:TPX>
            </Extensions>
          </Trackpoint>
          <Trackpoint>
            <Time>2026-07-31T18:07:37.000Z</Time>
            <Position>
              <LatitudeDegrees>44.29338016547263</LatitudeDegrees>
              <LongitudeDegrees>-81.60629318095744</LongitudeDegrees>
            </Position>
            <AltitudeMeters>180.39999389648438</AltitudeMeters>
            <DistanceMeters>6755.33984375</DistanceMeters>
            <HeartRateBpm>
              <Value>94</Value>
            </HeartRateBpm>
            <Extensions>
              <ns3:TPX>
                <ns3:Speed>3.302999973297119</ns3:Speed>
              </ns3:TPX>
            </Extensions>
          </Trackpoint>
          <Trackpoint>
            <Time>2026-07-31T18:07:43.000Z</Time>
            <Position>
              <LatitudeDegrees>44.29346381686628</LatitudeDegrees>
              <LongitudeDegrees>-81.6064733080566</LongitudeDegrees>
            </Position>
            <AltitudeMeters>181.0</AltitudeMeters>
            <DistanceMeters>6772.4501953125</DistanceMeters>
            <HeartRateBpm>
              <Value>91</Value>
            </HeartRateBpm>
            <Extensions>
              <ns3:TPX>
                <ns3:Speed>3.003999948501587</ns3:Speed>
              </ns3:TPX>
            </Extensions>
          </Trackpoint>
          <Trackpoint>
            <Time>2026-07-31T18:07:46.000Z</Time>
            <Position>
              <LatitudeDegrees>44.29349382407963</LatitudeDegrees>
              <LongitudeDegrees>-81.60655964165926</LongitudeDegrees>
            </Position>
            <AltitudeMeters>180.8000030517578</AltitudeMeters>
            <DistanceMeters>6780.10009765625</DistanceMeters>
            <HeartRateBpm>
              <Value>90</Value>
            </HeartRateBpm>
            <Extensions>
              <ns3:TPX>
                <ns3:Speed>2.7809998989105225</ns3:Speed>
              </ns3:TPX>
            </Extensions>
          </Trackpoint>
          <Trackpoint>
            <Time>2026-07-31T18:07:49.000Z</Time>
            <Position>
              <LatitudeDegrees>44.29353313520551</LatitudeDegrees>
              <LongitudeDegrees>-81.60665553063154</LongitudeDegrees>
            </Position>
            <AltitudeMeters>180.8000030517578</AltitudeMeters>
            <DistanceMeters>6788.9501953125</DistanceMeters>
            <HeartRateBpm>
              <Value>93</Value>
            </HeartRateBpm>
            <Extensions>
              <ns3:TPX>
                <ns3:Speed>2.697000026702881</ns3:Speed>
              </ns3:TPX>
            </Extensions>
          </Trackpoint>
          <Trackpoint>
            <Time>2026-07-31T18:07:52.000Z</Time>
            <Position>
              <LatitudeDegrees>44.29358074441552</LatitudeDegrees>
              <LongitudeDegrees>-81.60673985257745</LongitudeDegrees>
            </Position>
            <AltitudeMeters>180.8000030517578</AltitudeMeters>
            <DistanceMeters>6797.47998046875</DistanceMeters>
            <HeartRateBpm>
              <Value>96</Value>
            </HeartRateBpm>
            <Extensions>
              <ns3:TPX>
                <ns3:Speed>2.8459999561309814</ns3:Speed>
              </ns3:TPX>
            </Extensions>
          </Trackpoint>
          <Trackpoint>
            <Time>2026-07-31T18:07:54.000Z</Time>
            <Position>
              <LatitudeDegrees>44.293614607304335</LatitudeDegrees>
              <LongitudeDegrees>-81.60680430941284</LongitudeDegrees>
            </Position>
            <AltitudeMeters>180.8000030517578</AltitudeMeters>
            <DistanceMeters>6803.85986328125</DistanceMeters>
            <HeartRateBpm>
              <Value>96</Value>
            </HeartRateBpm>
            <Extensions>
              <ns3:TPX>
                <ns3:Speed>2.865000009536743</ns3:Speed>
              </ns3:TPX>
            </Extensions>
          </Trackpoint>
          <Trackpoint>
            <Time>2026-07-31T18:07:59.000Z</Time>
            <Position>
              <LatitudeDegrees>44.29367696866393</LatitudeDegrees>
              <LongitudeDegrees>-81.6069545969367</LongitudeDegrees>
            </Position>
            <AltitudeMeters>181.0</AltitudeMeters>
            <DistanceMeters>6817.7001953125</DistanceMeters>
            <HeartRateBpm>
              <Value>93</Value>
            </HeartRateBpm>
            <Extensions>
              <ns3:TPX>
                <ns3:Speed>2.8269999027252197</ns3:Speed>
              </ns3:TPX>
            </Extensions>
          </Trackpoint>
          <Trackpoint>
            <Time>2026-07-31T18:08:03.000Z</Time>
            <Position>
              <LatitudeDegrees>44.29372885264456</LatitudeDegrees>
              <LongitudeDegrees>-81.6070669144392</LongitudeDegrees>
            </Position>
            <AltitudeMeters>181.39999389648438</AltitudeMeters>
            <DistanceMeters>6828.33984375</DistanceMeters>
            <HeartRateBpm>
              <Value>93</Value>
            </HeartRateBpm>
            <Extensions>
              <ns3:TPX>
                <ns3:Speed>2.61299991607666</ns3:Speed>
              </ns3:TPX>
            </Extensions>
          </Trackpoint>
          <Trackpoint>
            <Time>2026-07-31T18:08:11.000Z</Time>
            <Position>
              <LatitudeDegrees>44.29384452290833</LatitudeDegrees>
              <LongitudeDegrees>-81.60731803625822</LongitudeDegrees>
            </Position>
            <AltitudeMeters>181.39999389648438</AltitudeMeters>
            <DistanceMeters>6852.14990234375</DistanceMeters>
            <HeartRateBpm>
              <Value>93</Value>
            </HeartRateBpm>
            <Extensions>
              <ns3:TPX>
                <ns3:Speed>2.930000066757202</ns3:Speed>
              </ns3:TPX>
            </Extensions>
          </Trackpoint>
          <Trackpoint>
            <Time>2026-07-31T18:08:16.000Z</Time>
            <Position>
              <LatitudeDegrees>44.29392549209297</LatitudeDegrees>
              <LongitudeDegrees>-81.60747184418142</LongitudeDegrees>
            </Position>
            <AltitudeMeters>181.39999389648438</AltitudeMeters>
            <DistanceMeters>6867.35009765625</DistanceMeters>
            <HeartRateBpm>
              <Value>90</Value>
            </HeartRateBpm>
            <Extensions>
              <ns3:TPX>
                <ns3:Speed>3.0230000019073486</ns3:Speed>
              </ns3:TPX>
            </Extensions>
          </Trackpoint>
          <Trackpoint>
            <Time>2026-07-31T18:08:19.000Z</Time>
            <Position>
              <LatitudeDegrees>44.29397838190198</LatitudeDegrees>
              <LongitudeDegrees>-81.60754912532866</LongitudeDegrees>
            </Position>
            <AltitudeMeters>181.39999389648438</AltitudeMeters>
            <DistanceMeters>6875.85986328125</DistanceMeters>
            <HeartRateBpm>
              <Value>89</Value>
            </HeartRateBpm>
            <Extensions>
              <ns3:TPX>
                <ns3:Speed>2.947999954223633</ns3:Speed>
              </ns3:TPX>
            </Extensions>
          </Trackpoint>
          <Trackpoint>
            <Time>2026-07-31T18:08:28.000Z</Time>
            <Position>
              <LatitudeDegrees>44.29412808269262</LatitudeDegrees>
              <LongitudeDegrees>-81.60781877115369</LongitudeDegrees>
            </Position>
            <AltitudeMeters>181.60000610351562</AltitudeMeters>
            <DistanceMeters>6903.06982421875</DistanceMeters>
            <HeartRateBpm>
              <Value>88</Value>
            </HeartRateBpm>
            <Extensions>
              <ns3:TPX>
                <ns3:Speed>3.0880000591278076</ns3:Speed>
              </ns3:TPX>
            </Extensions>
          </Trackpoint>
          <Trackpoint>
            <Time>2026-07-31T18:08:30.000Z</Time>
            <Position>
              <LatitudeDegrees>44.294161442667246</LatitudeDegrees>
              <LongitudeDegrees>-81.60788306035101</LongitudeDegrees>
            </Position>
            <AltitudeMeters>181.60000610351562</AltitudeMeters>
            <DistanceMeters>6909.39990234375</DistanceMeters>
            <HeartRateBpm>
              <Value>91</Value>
            </HeartRateBpm>
            <Extensions>
              <ns3:TPX>
                <ns3:Speed>3.1070001125335693</ns3:Speed>
              </ns3:TPX>
            </Extensions>
          </Trackpoint>
          <Trackpoint>
            <Time>2026-07-31T18:08:32.000Z</Time>
            <Position>
              <LatitudeDegrees>44.29419228807092</LatitudeDegrees>
              <LongitudeDegrees>-81.60794525407255</LongitudeDegrees>
            </Position>
            <AltitudeMeters>181.60000610351562</AltitudeMeters>
            <DistanceMeters>6915.43017578125</DistanceMeters>
            <HeartRateBpm>
              <Value>94</Value>
            </HeartRateBpm>
            <Extensions>
              <ns3:TPX>
                <ns3:Speed>3.1070001125335693</ns3:Speed>
              </ns3:TPX>
            </Extensions>
          </Trackpoint>
          <Trackpoint>
            <Time>2026-07-31T18:08:37.000Z</Time>
            <Position>
              <LatitudeDegrees>44.29428675211966</LatitudeDegrees>
              <LongitudeDegrees>-81.60811155103147</LongitudeDegrees>
            </Position>
            <AltitudeMeters>181.8000030517578</AltitudeMeters>
            <DistanceMeters>6932.35986328125</DistanceMeters>
            <HeartRateBpm>
              <Value>96</Value>
            </HeartRateBpm>
            <Extensions>
              <ns3:TPX>
                <ns3:Speed>3.246999979019165</ns3:Speed>
              </ns3:TPX>
            </Extensions>
          </Trackpoint>
          <Trackpoint>
            <Time>2026-07-31T18:08:46.000Z</Time>
            <Position>
              <LatitudeDegrees>44.29447668604553</LatitudeDegrees>
              <LongitudeDegrees>-81.60844364203513</LongitudeDegrees>
            </Position>
            <AltitudeMeters>181.8000030517578</AltitudeMeters>
            <DistanceMeters>6966.259765625</DistanceMeters>
            <HeartRateBpm>
              <Value>96</Value>
            </HeartRateBpm>
            <Extensions>
              <ns3:TPX>
                <ns3:Speed>3.6670000553131104</ns3:Speed>
              </ns3:TPX>
            </Extensions>
          </Trackpoint>
          <Trackpoint>
            <Time>2026-07-31T18:08:51.000Z</Time>
            <Position>
              <LatitudeDegrees>44.29452806711197</LatitudeDegrees>
              <LongitudeDegrees>-81.60857691429555</LongitudeDegrees>
            </Position>
            <AltitudeMeters>182.0</AltitudeMeters>
            <DistanceMeters>6978.41015625</DistanceMeters>
            <HeartRateBpm>
              <Value>96</Value>
            </HeartRateBpm>
            <Extensions>
              <ns3:TPX>
                <ns3:Speed>1.3250000476837158</ns3:Speed>
              </ns3:TPX>
            </Extensions>
          </Trackpoint>
          <Trackpoint>
            <Time>2026-07-31T18:08:53.000Z</Time>
            <Position>
              <LatitudeDegrees>44.29453443735838</LatitudeDegrees>
              <LongitudeDegrees>-81.6086023952812</LongitudeDegrees>
            </Position>
            <AltitudeMeters>182.0</AltitudeMeters>
            <DistanceMeters>6980.5</DistanceMeters>
            <HeartRateBpm>
              <Value>96</Value>
            </HeartRateBpm>
            <Extensions>
              <ns3:TPX>
                <ns3:Speed>1.0640000104904175</ns3:Speed>
              </ns3:TPX>
            </Extensions>
          </Trackpoint>
          <Trackpoint>
            <Time>2026-07-31T18:08:57.000Z</Time>
            <Position>
              <LatitudeDegrees>44.29453343153</LatitudeDegrees>
              <LongitudeDegrees>-81.60861195065081</LongitudeDegrees>
            </Position>
            <AltitudeMeters>182.39999389648438</AltitudeMeters>
            <DistanceMeters>6981.39013671875</DistanceMeters>
            <HeartRateBpm>
              <Value>99</Value>
            </HeartRateBpm>
            <Extensions>
              <ns3:TPX>
                <ns3:Speed>0.0</ns3:Speed>
              </ns3:TPX>
            </Extensions>
          </Trackpoint>
          <Trackpoint>
            <Time>2026-07-31T18:09:04.000Z</Time>
            <Position>
              <LatitudeDegrees>44.29455094970763</LatitudeDegrees>
              <LongitudeDegrees>-81.60860667005181</LongitudeDegrees>
            </Position>
            <AltitudeMeters>182.39999389648438</AltitudeMeters>
            <DistanceMeters>6983.759765625</DistanceMeters>
            <HeartRateBpm>
              <Value>98</Value>
            </HeartRateBpm>
            <Extensions>
              <ns3:TPX>
                <ns3:Speed>0.46700000762939453</ns3:Speed>
              </ns3:TPX>
            </Extensions>
          </Trackpoint>
          <Trackpoint>
            <Time>2026-07-31T18:09:08.000Z</Time>
            <Position>
              <LatitudeDegrees>44.29456679150462</LatitudeDegrees>
              <LongitudeDegrees>-81.6086108610034</LongitudeDegrees>
            </Position>
            <AltitudeMeters>182.39999389648438</AltitudeMeters>
            <DistanceMeters>6986.0</DistanceMeters>
            <HeartRateBpm>
              <Value>96</Value>
            </HeartRateBpm>
            <Extensions>
              <ns3:TPX>
                <ns3:Speed>1.0260000228881836</ns3:Speed>
              </ns3:TPX>
            </Extensions>
          </Trackpoint>
          <Trackpoint>
            <Time>2026-07-31T18:09:09.000Z</Time>
            <Position>
              <LatitudeDegrees>44.29457416757941</LatitudeDegrees>
              <LongitudeDegrees>-81.6086122021079</LongitudeDegrees>
            </Position>
            <AltitudeMeters>182.39999389648438</AltitudeMeters>
            <DistanceMeters>6986.77001953125</DistanceMeters>
            <HeartRateBpm>
              <Value>96</Value>
            </HeartRateBpm>
            <Extensions>
              <ns3:TPX>
                <ns3:Speed>0.6439999938011169</ns3:Speed>
              </ns3:TPX>
            </Extensions>
          </Trackpoint>
          <Trackpoint>
            <Time>2026-07-31T18:09:17.000Z</Time>
            <Position>
              <LatitudeDegrees>44.29461037740111</LatitudeDegrees>
              <LongitudeDegrees>-81.60859946161509</LongitudeDegrees>
            </Position>
            <AltitudeMeters>182.39999389648438</AltitudeMeters>
            <DistanceMeters>6990.97021484375</DistanceMeters>
            <HeartRateBpm>
              <Value>96</Value>
            </HeartRateBpm>
            <Extensions>
              <ns3:TPX>
                <ns3:Speed>0.6809999942779541</ns3:Speed>
              </ns3:TPX>
            </Extensions>
          </Trackpoint>
          <Trackpoint>
            <Time>2026-07-31T18:09:23.000Z</Time>
            <Position>
              <LatitudeDegrees>44.29462496191263</LatitudeDegrees>
              <LongitudeDegrees>-81.60860222764313</LongitudeDegrees>
            </Position>
            <AltitudeMeters>182.39999389648438</AltitudeMeters>
            <DistanceMeters>6992.990234375</DistanceMeters>
            <HeartRateBpm>
              <Value>99</Value>
            </HeartRateBpm>
            <Extensions>
              <ns3:TPX>
                <ns3:Speed>0.47600001096725464</ns3:Speed>
              </ns3:TPX>
            </Extensions>
          </Trackpoint>
          <Trackpoint>
            <Time>2026-07-31T18:09:28.000Z</Time>
            <Position>
              <LatitudeDegrees>44.29465119726956</LatitudeDegrees>
              <LongitudeDegrees>-81.60859392955899</LongitudeDegrees>
            </Position>
            <AltitudeMeters>182.39999389648438</AltitudeMeters>
            <DistanceMeters>6996.080078125</DistanceMeters>
            <HeartRateBpm>
              <Value>95</Value>
            </HeartRateBpm>
            <Extensions>
              <ns3:TPX>
                <ns3:Speed>0.5789999961853027</ns3:Speed>
              </ns3:TPX>
            </Extensions>
          </Trackpoint>
          <Trackpoint>
            <Time>2026-07-31T18:09:31.000Z</Time>
            <Position>
              <LatitudeDegrees>44.29466678760946</LatitudeDegrees>
              <LongitudeDegrees>-81.6085989587009</LongitudeDegrees>
            </Position>
            <AltitudeMeters>182.39999389648438</AltitudeMeters>
            <DistanceMeters>6997.85009765625</DistanceMeters>
            <HeartRateBpm>
              <Value>93</Value>
            </HeartRateBpm>
            <Extensions>
              <ns3:TPX>
                <ns3:Speed>0.5789999961853027</ns3:Speed>
              </ns3:TPX>
            </Extensions>
          </Trackpoint>
          <Trackpoint>
            <Time>2026-07-31T18:09:37.000Z</Time>
            <Position>
              <LatitudeDegrees>44.29468648508191</LatitudeDegrees>
              <LongitudeDegrees>-81.60860180854797</LongitudeDegrees>
            </Position>
            <AltitudeMeters>182.39999389648438</AltitudeMeters>
            <DistanceMeters>7000.22021484375</DistanceMeters>
            <HeartRateBpm>
              <Value>92</Value>
            </HeartRateBpm>
            <Extensions>
              <ns3:TPX>
                <ns3:Speed>0.5320000052452087</ns3:Speed>
              </ns3:TPX>
            </Extensions>
          </Trackpoint>
          <Trackpoint>
            <Time>2026-07-31T18:09:43.000Z</Time>
            <Position>
              <LatitudeDegrees>44.29471054114401</LatitudeDegrees>
              <LongitudeDegrees>-81.60859627649188</LongitudeDegrees>
            </Position>
            <AltitudeMeters>182.39999389648438</AltitudeMeters>
            <DistanceMeters>7003.14013671875</DistanceMeters>
            <HeartRateBpm>
              <Value>92</Value>
            </HeartRateBpm>
            <Extensions>
              <ns3:TPX>
                <ns3:Speed>0.0</ns3:Speed>
              </ns3:TPX>
            </Extensions>
          </Trackpoint>
          <Trackpoint>
            <Time>2026-07-31T18:09:51.000Z</Time>
            <Position>
              <LatitudeDegrees>44.29470065049827</LatitudeDegrees>
              <LongitudeDegrees>-81.60857850685716</LongitudeDegrees>
            </Position>
            <AltitudeMeters>182.39999389648438</AltitudeMeters>
            <DistanceMeters>7005.2998046875</DistanceMeters>
            <HeartRateBpm>
              <Value>93</Value>
            </HeartRateBpm>
            <Extensions>
              <ns3:TPX>
                <ns3:Speed>0.0</ns3:Speed>
              </ns3:TPX>
            </Extensions>
          </Trackpoint>
          <Trackpoint>
            <Time>2026-07-31T18:09:55.000Z</Time>
            <Position>
              <LatitudeDegrees>44.29466846399009</LatitudeDegrees>
              <LongitudeDegrees>-81.60855713300407</LongitudeDegrees>
            </Position>
            <AltitudeMeters>182.39999389648438</AltitudeMeters>
            <DistanceMeters>7009.259765625</DistanceMeters>
            <HeartRateBpm>
              <Value>95</Value>
            </HeartRateBpm>
            <Extensions>
              <ns3:TPX>
                <ns3:Speed>1.409000039100647</ns3:Speed>
              </ns3:TPX>
            </Extensions>
          </Trackpoint>
          <Trackpoint>
            <Time>2026-07-31T18:09:57.000Z</Time>
            <Position>
              <LatitudeDegrees>44.29464407265186</LatitudeDegrees>
              <LongitudeDegrees>-81.6085379384458</LongitudeDegrees>
            </Position>
            <AltitudeMeters>182.39999389648438</AltitudeMeters>
            <DistanceMeters>7012.39013671875</DistanceMeters>
            <HeartRateBpm>
              <Value>96</Value>
            </HeartRateBpm>
            <Extensions>
              <ns3:TPX>
                <ns3:Speed>1.5959999561309814</ns3:Speed>
              </ns3:TPX>
            </Extensions>
          </Trackpoint>
          <Trackpoint>
            <Time>2026-07-31T18:10:02.000Z</Time>
            <Position>
              <LatitudeDegrees>44.29452924057841</LatitudeDegrees>
              <LongitudeDegrees>-81.60847624763846</LongitudeDegrees>
            </Position>
            <AltitudeMeters>182.60000610351562</AltitudeMeters>
            <DistanceMeters>7026.10009765625</DistanceMeters>
            <HeartRateBpm>
              <Value>97</Value>
            </HeartRateBpm>
            <Extensions>
              <ns3:TPX>
                <ns3:Speed>2.938999891281128</ns3:Speed>
              </ns3:TPX>
            </Extensions>
          </Trackpoint>
          <Trackpoint>
            <Time>2026-07-31T18:10:08.000Z</Time>
            <Position>
              <LatitudeDegrees>44.29438884370029</LatitudeDegrees>
              <LongitudeDegrees>-81.60837767645717</LongitudeDegrees>
            </Position>
            <AltitudeMeters>182.8000030517578</AltitudeMeters>
            <DistanceMeters>7043.56982421875</DistanceMeters>
            <HeartRateBpm>
              <Value>100</Value>
            </HeartRateBpm>
            <Extensions>
              <ns3:TPX>
                <ns3:Speed>2.8929998874664307</ns3:Speed>
              </ns3:TPX>
            </Extensions>
          </Trackpoint>
          <Trackpoint>
            <Time>2026-07-31T18:10:10.000Z</Time>
            <Position>
              <LatitudeDegrees>44.29434601217508</LatitudeDegrees>
              <LongitudeDegrees>-81.60834565758705</LongitudeDegrees>
            </Position>
            <AltitudeMeters>182.8000030517578</AltitudeMeters>
            <DistanceMeters>7048.97021484375</DistanceMeters>
            <HeartRateBpm>
              <Value>101</Value>
            </HeartRateBpm>
            <Extensions>
              <ns3:TPX>
                <ns3:Speed>2.865000009536743</ns3:Speed>
              </ns3:TPX>
            </Extensions>
          </Trackpoint>
          <Trackpoint>
            <Time>2026-07-31T18:10:15.000Z</Time>
            <Position>
              <LatitudeDegrees>44.294244004413486</LatitudeDegrees>
              <LongitudeDegrees>-81.60825077444315</LongitudeDegrees>
            </Position>
            <AltitudeMeters>182.8000030517578</AltitudeMeters>
            <DistanceMeters>7062.60986328125</DistanceMeters>
            <HeartRateBpm>
              <Value>104</Value>
            </HeartRateBpm>
            <Extensions>
              <ns3:TPX>
                <ns3:Speed>2.8929998874664307</ns3:Speed>
              </ns3:TPX>
            </Extensions>
          </Trackpoint>
          <Trackpoint>
            <Time>2026-07-31T18:10:19.000Z</Time>
            <Position>
              <LatitudeDegrees>44.29414853453636</LatitudeDegrees>
              <LongitudeDegrees>-81.60816226154566</LongitudeDegrees>
            </Position>
            <AltitudeMeters>182.8000030517578</AltitudeMeters>
            <DistanceMeters>7075.35986328125</DistanceMeters>
            <HeartRateBpm>
              <Value>104</Value>
            </HeartRateBpm>
            <Extensions>
              <ns3:TPX>
                <ns3:Speed>2.9670000076293945</ns3:Speed>
              </ns3:TPX>
            </Extensions>
          </Trackpoint>
          <Trackpoint>
            <Time>2026-07-31T18:10:30.000Z</Time>
            <Position>
              <LatitudeDegrees>44.29388182237744</LatitudeDegrees>
              <LongitudeDegrees>-81.60788859240711</LongitudeDegrees>
            </Position>
            <AltitudeMeters>182.60000610351562</AltitudeMeters>
            <DistanceMeters>7112.18017578125</DistanceMeters>
            <HeartRateBpm>
              <Value>105</Value>
            </HeartRateBpm>
            <Extensions>
              <ns3:TPX>
                <ns3:Speed>3.3959999084472656</ns3:Speed>
              </ns3:TPX>
            </Extensions>
          </Trackpoint>
          <Trackpoint>
            <Time>2026-07-31T18:10:44.000Z</Time>
            <Position>
              <LatitudeDegrees>44.293545791879296</LatitudeDegrees>
              <LongitudeDegrees>-81.60752104595304</LongitudeDegrees>
            </Position>
            <AltitudeMeters>182.60000610351562</AltitudeMeters>
            <DistanceMeters>7159.68994140625</DistanceMeters>
            <HeartRateBpm>
              <Value>107</Value>
            </HeartRateBpm>
            <Extensions>
              <ns3:TPX>
                <ns3:Speed>3.2939999103546143</ns3:Speed>
              </ns3:TPX>
            </Extensions>
          </Trackpoint>
          <Trackpoint>
            <Time>2026-07-31T18:10:54.000Z</Time>
            <Position>
              <LatitudeDegrees>44.293319480493665</LatitudeDegrees>
              <LongitudeDegrees>-81.60727998241782</LongitudeDegrees>
            </Position>
            <AltitudeMeters>182.39999389648438</AltitudeMeters>
            <DistanceMeters>7191.43017578125</DistanceMeters>
            <HeartRateBpm>
              <Value>105</Value>
            </HeartRateBpm>
            <Extensions>
              <ns3:TPX>
                <ns3:Speed>3.2939999103546143</ns3:Speed>
              </ns3:TPX>
            </Extensions>
          </Trackpoint>
          <Trackpoint>
            <Time>2026-07-31T18:11:02.000Z</Time>
            <Position>
              <LatitudeDegrees>44.29313952103257</LatitudeDegrees>
              <LongitudeDegrees>-81.60706750117242</LongitudeDegrees>
            </Position>
            <AltitudeMeters>182.39999389648438</AltitudeMeters>
            <DistanceMeters>7217.64990234375</DistanceMeters>
            <HeartRateBpm>
              <Value>102</Value>
            </HeartRateBpm>
            <Extensions>
              <ns3:TPX>
                <ns3:Speed>3.23799991607666</ns3:Speed>
              </ns3:TPX>
            </Extensions>
          </Trackpoint>
          <Trackpoint>
            <Time>2026-07-31T18:11:09.000Z</Time>
            <Position>
              <LatitudeDegrees>44.29301303811371</LatitudeDegrees>
              <LongitudeDegrees>-81.60690849646926</LongitudeDegrees>
            </Position>
            <AltitudeMeters>182.39999389648438</AltitudeMeters>
            <DistanceMeters>7236.68994140625</DistanceMeters>
            <HeartRateBpm>
              <Value>98</Value>
            </HeartRateBpm>
            <Extensions>
              <ns3:TPX>
                <ns3:Speed>2.7709999084472656</ns3:Speed>
              </ns3:TPX>
            </Extensions>
          </Trackpoint>
          <Trackpoint>
            <Time>2026-07-31T18:11:10.000Z</Time>
            <Position>
              <LatitudeDegrees>44.29299468174577</LatitudeDegrees>
              <LongitudeDegrees>-81.60689206793904</LongitudeDegrees>
            </Position>
            <AltitudeMeters>182.39999389648438</AltitudeMeters>
            <DistanceMeters>7239.10986328125</DistanceMeters>
            <HeartRateBpm>
              <Value>99</Value>
            </HeartRateBpm>
            <Extensions>
              <ns3:TPX>
                <ns3:Speed>2.697000026702881</ns3:Speed>
              </ns3:TPX>
            </Extensions>
          </Trackpoint>
          <Trackpoint>
            <Time>2026-07-31T18:11:18.000Z</Time>
            <Position>
              <LatitudeDegrees>44.29286425933242</LatitudeDegrees>
              <LongitudeDegrees>-81.60668578930199</LongitudeDegrees>
            </Position>
            <AltitudeMeters>182.39999389648438</AltitudeMeters>
            <DistanceMeters>7261.10009765625</DistanceMeters>
            <HeartRateBpm>
              <Value>97</Value>
            </HeartRateBpm>
            <Extensions>
              <ns3:TPX>
                <ns3:Speed>3.171999931335449</ns3:Speed>
              </ns3:TPX>
            </Extensions>
          </Trackpoint>
          <Trackpoint>
            <Time>2026-07-31T18:11:27.000Z</Time>
            <Position>
              <LatitudeDegrees>44.29269326850772</LatitudeDegrees>
              <LongitudeDegrees>-81.60640105605125</LongitudeDegrees>
            </Position>
            <AltitudeMeters>182.0</AltitudeMeters>
            <DistanceMeters>7290.72998046875</DistanceMeters>
            <HeartRateBpm>
              <Value>97</Value>
            </HeartRateBpm>
            <Extensions>
              <ns3:TPX>
                <ns3:Speed>3.4059998989105225</ns3:Speed>
              </ns3:TPX>
            </Extensions>
          </Trackpoint>
          <Trackpoint>
            <Time>2026-07-31T18:11:36.000Z</Time>
            <Position>
              <LatitudeDegrees>44.292558738961816</LatitudeDegrees>
              <LongitudeDegrees>-81.6061654407531</LongitudeDegrees>
            </Position>
            <AltitudeMeters>182.1999969482422</AltitudeMeters>
            <DistanceMeters>7314.77001953125</DistanceMeters>
            <HeartRateBpm>
              <Value>95</Value>
            </HeartRateBpm>
            <Extensions>
              <ns3:TPX>
                <ns3:Speed>2.677999973297119</ns3:Speed>
              </ns3:TPX>
            </Extensions>
          </Trackpoint>
          <Trackpoint>
            <Time>2026-07-31T18:11:46.000Z</Time>
            <Position>
              <LatitudeDegrees>44.292409121990204</LatitudeDegrees>
              <LongitudeDegrees>-81.60588615573943</LongitudeDegrees>
            </Position>
            <AltitudeMeters>182.1999969482422</AltitudeMeters>
            <DistanceMeters>7342.5498046875</DistanceMeters>
            <HeartRateBpm>
              <Value>93</Value>
            </HeartRateBpm>
            <Extensions>
              <ns3:TPX>
                <ns3:Speed>2.753000020980835</ns3:Speed>
              </ns3:TPX>
            </Extensions>
          </Trackpoint>
          <Trackpoint>
            <Time>2026-07-31T18:11:53.000Z</Time>
            <Position>
              <LatitudeDegrees>44.29228724911809</LatitudeDegrees>
              <LongitudeDegrees>-81.60571524873376</LongitudeDegrees>
            </Position>
            <AltitudeMeters>182.0</AltitudeMeters>
            <DistanceMeters>7361.7900390625</DistanceMeters>
            <HeartRateBpm>
              <Value>91</Value>
            </HeartRateBpm>
            <Extensions>
              <ns3:TPX>
                <ns3:Speed>2.809000015258789</ns3:Speed>
              </ns3:TPX>
            </Extensions>
          </Trackpoint>
          <Trackpoint>
            <Time>2026-07-31T18:12:01.000Z</Time>
            <Position>
              <LatitudeDegrees>44.2921847384423</LatitudeDegrees>
              <LongitudeDegrees>-81.60550704225898</LongitudeDegrees>
            </Position>
            <AltitudeMeters>182.0</AltitudeMeters>
            <DistanceMeters>7382.1201171875</DistanceMeters>
            <HeartRateBpm>
              <Value>90</Value>
            </HeartRateBpm>
            <Extensions>
              <ns3:TPX>
                <ns3:Speed>2.6500000953674316</ns3:Speed>
              </ns3:TPX>
            </Extensions>
          </Trackpoint>
          <Trackpoint>
            <Time>2026-07-31T18:12:09.000Z</Time>
            <Position>
              <LatitudeDegrees>44.29209781810641</LatitudeDegrees>
              <LongitudeDegrees>-81.6052380669862</LongitudeDegrees>
            </Position>
            <AltitudeMeters>181.8000030517578</AltitudeMeters>
            <DistanceMeters>7405.77978515625</DistanceMeters>
            <HeartRateBpm>
              <Value>87</Value>
            </HeartRateBpm>
            <Extensions>
              <ns3:TPX>
                <ns3:Speed>2.9670000076293945</ns3:Speed>
              </ns3:TPX>
            </Extensions>
          </Trackpoint>
          <Trackpoint>
            <Time>2026-07-31T18:12:10.000Z</Time>
            <Position>
              <LatitudeDegrees>44.29208289831877</LatitudeDegrees>
              <LongitudeDegrees>-81.60520747303963</LongitudeDegrees>
            </Position>
            <AltitudeMeters>181.8000030517578</AltitudeMeters>
            <DistanceMeters>7408.72998046875</DistanceMeters>
            <HeartRateBpm>
              <Value>88</Value>
            </HeartRateBpm>
            <Extensions>
              <ns3:TPX>
                <ns3:Speed>2.9670000076293945</ns3:Speed>
              </ns3:TPX>
            </Extensions>
          </Trackpoint>
          <Trackpoint>
            <Time>2026-07-31T18:12:20.000Z</Time>
            <Position>
              <LatitudeDegrees>44.29194778203964</LatitudeDegrees>
              <LongitudeDegrees>-81.60490052774549</LongitudeDegrees>
            </Position>
            <AltitudeMeters>181.8000030517578</AltitudeMeters>
            <DistanceMeters>7437.509765625</DistanceMeters>
            <HeartRateBpm>
              <Value>90</Value>
            </HeartRateBpm>
            <Extensions>
              <ns3:TPX>
                <ns3:Speed>2.8369998931884766</ns3:Speed>
              </ns3:TPX>
            </Extensions>
          </Trackpoint>
          <Trackpoint>
            <Time>2026-07-31T18:12:28.000Z</Time>
            <Position>
              <LatitudeDegrees>44.291839990764856</LatitudeDegrees>
              <LongitudeDegrees>-81.6046820115298</LongitudeDegrees>
            </Position>
            <AltitudeMeters>181.8000030517578</AltitudeMeters>
            <DistanceMeters>7458.7998046875</DistanceMeters>
            <HeartRateBpm>
              <Value>90</Value>
            </HeartRateBpm>
            <Extensions>
              <ns3:TPX>
                <ns3:Speed>2.6689999103546143</ns3:Speed>
              </ns3:TPX>
            </Extensions>
          </Trackpoint>
          <Trackpoint>
            <Time>2026-07-31T18:12:37.000Z</Time>
            <Position>
              <LatitudeDegrees>44.29172432050109</LatitudeDegrees>
              <LongitudeDegrees>-81.60448956303298</LongitudeDegrees>
            </Position>
            <AltitudeMeters>181.60000610351562</AltitudeMeters>
            <DistanceMeters>7479.02978515625</DistanceMeters>
            <HeartRateBpm>
              <Value>91</Value>
            </HeartRateBpm>
            <Extensions>
              <ns3:TPX>
                <ns3:Speed>2.2019999027252197</ns3:Speed>
              </ns3:TPX>
            </Extensions>
          </Trackpoint>
          <Trackpoint>
            <Time>2026-07-31T18:12:46.000Z</Time>
            <Position>
              <LatitudeDegrees>44.29157922975719</LatitudeDegrees>
              <LongitudeDegrees>-81.60436660051346</LongitudeDegrees>
            </Position>
            <AltitudeMeters>181.60000610351562</AltitudeMeters>
            <DistanceMeters>7497.89013671875</DistanceMeters>
            <HeartRateBpm>
              <Value>92</Value>
            </HeartRateBpm>
            <Extensions>
              <ns3:TPX>
                <ns3:Speed>2.1649999618530273</ns3:Speed>
              </ns3:TPX>
            </Extensions>
          </Trackpoint>
          <Trackpoint>
            <Time>2026-07-31T18:12:56.000Z</Time>
            <Position>
              <LatitudeDegrees>44.29145500995219</LatitudeDegrees>
              <LongitudeDegrees>-81.60411916673183</LongitudeDegrees>
            </Position>
            <AltitudeMeters>181.60000610351562</AltitudeMeters>
            <DistanceMeters>7522.22998046875</DistanceMeters>
            <HeartRateBpm>
              <Value>91</Value>
            </HeartRateBpm>
            <Extensions>
              <ns3:TPX>
                <ns3:Speed>2.500999927520752</ns3:Speed>
              </ns3:TPX>
            </Extensions>
          </Trackpoint>
          <Trackpoint>
            <Time>2026-07-31T18:13:07.000Z</Time>
            <Position>
              <LatitudeDegrees>44.29137119092047</LatitudeDegrees>
              <LongitudeDegrees>-81.60379185341299</LongitudeDegrees>
            </Position>
            <AltitudeMeters>181.39999389648438</AltitudeMeters>
            <DistanceMeters>7550.02978515625</DistanceMeters>
            <HeartRateBpm>
              <Value>90</Value>
            </HeartRateBpm>
            <Extensions>
              <ns3:TPX>
                <ns3:Speed>2.4730000495910645</ns3:Speed>
              </ns3:TPX>
            </Extensions>
          </Trackpoint>
          <Trackpoint>
            <Time>2026-07-31T18:13:13.000Z</Time>
            <Position>
              <LatitudeDegrees>44.29132701829076</LatitudeDegrees>
              <LongitudeDegrees>-81.60360854119062</LongitudeDegrees>
            </Position>
            <AltitudeMeters>181.1999969482422</AltitudeMeters>
            <DistanceMeters>7565.4599609375</DistanceMeters>
            <HeartRateBpm>
              <Value>87</Value>
            </HeartRateBpm>
            <Extensions>
              <ns3:TPX>
                <ns3:Speed>2.5290000438690186</ns3:Speed>
              </ns3:TPX>
            </Extensions>
          </Trackpoint>
          <Trackpoint>
            <Time>2026-07-31T18:13:16.000Z</Time>
            <Position>
              <LatitudeDegrees>44.2913075722754</LatitudeDegrees>
              <LongitudeDegrees>-81.60350183956325</LongitudeDegrees>
            </Position>
            <AltitudeMeters>181.1999969482422</AltitudeMeters>
            <DistanceMeters>7574.22998046875</DistanceMeters>
            <HeartRateBpm>
              <Value>86</Value>
            </HeartRateBpm>
            <Extensions>
              <ns3:TPX>
                <ns3:Speed>2.6500000953674316</ns3:Speed>
              </ns3:TPX>
            </Extensions>
          </Trackpoint>
          <Trackpoint>
            <Time>2026-07-31T18:13:23.000Z</Time>
            <Position>
              <LatitudeDegrees>44.291278989985585</LatitudeDegrees>
              <LongitudeDegrees>-81.60325557924807</LongitudeDegrees>
            </Position>
            <AltitudeMeters>181.1999969482422</AltitudeMeters>
            <DistanceMeters>7594.18994140625</DistanceMeters>
            <HeartRateBpm>
              <Value>88</Value>
            </HeartRateBpm>
            <Extensions>
              <ns3:TPX>
                <ns3:Speed>2.7990000247955322</ns3:Speed>
              </ns3:TPX>
            </Extensions>
          </Trackpoint>
          <Trackpoint>
            <Time>2026-07-31T18:13:30.000Z</Time>
            <Position>
              <LatitudeDegrees>44.2912766430527</LatitudeDegrees>
              <LongitudeDegrees>-81.60303354263306</LongitudeDegrees>
            </Position>
            <AltitudeMeters>181.1999969482422</AltitudeMeters>
            <DistanceMeters>7611.89990234375</DistanceMeters>
            <HeartRateBpm>
              <Value>90</Value>
            </HeartRateBpm>
            <Extensions>
              <ns3:TPX>
                <ns3:Speed>2.500999927520752</ns3:Speed>
              </ns3:TPX>
            </Extensions>
          </Trackpoint>
          <Trackpoint>
            <Time>2026-07-31T18:13:34.000Z</Time>
            <Position>
              <LatitudeDegrees>44.291277984157205</LatitudeDegrees>
              <LongitudeDegrees>-81.60292005166411</LongitudeDegrees>
            </Position>
            <AltitudeMeters>181.0</AltitudeMeters>
            <DistanceMeters>7620.93994140625</DistanceMeters>
            <HeartRateBpm>
              <Value>91</Value>
            </HeartRateBpm>
            <Extensions>
              <ns3:TPX>
                <ns3:Speed>2.4539999961853027</ns3:Speed>
              </ns3:TPX>
            </Extensions>
          </Trackpoint>
          <Trackpoint>
            <Time>2026-07-31T18:13:43.000Z</Time>
            <Position>
              <LatitudeDegrees>44.291274799034</LatitudeDegrees>
              <LongitudeDegrees>-81.60262727178633</LongitudeDegrees>
            </Position>
            <AltitudeMeters>181.0</AltitudeMeters>
            <DistanceMeters>7644.330078125</DistanceMeters>
            <HeartRateBpm>
              <Value>92</Value>
            </HeartRateBpm>
            <Extensions>
              <ns3:TPX>
                <ns3:Speed>2.5940001010894775</ns3:Speed>
              </ns3:TPX>
            </Extensions>
          </Trackpoint>
          <Trackpoint>
            <Time>2026-07-31T18:13:49.000Z</Time>
            <Position>
              <LatitudeDegrees>44.29126314818859</LatitudeDegrees>
              <LongitudeDegrees>-81.6024509165436</LongitudeDegrees>
            </Position>
            <AltitudeMeters>180.8000030517578</AltitudeMeters>
            <DistanceMeters>7658.4501953125</DistanceMeters>
            <HeartRateBpm>
              <Value>89</Value>
            </HeartRateBpm>
            <Extensions>
              <ns3:TPX>
                <ns3:Speed>2.434999942779541</ns3:Speed>
              </ns3:TPX>
            </Extensions>
          </Trackpoint>
          <Trackpoint>
            <Time>2026-07-31T18:13:50.000Z</Time>
            <Position>
              <LatitudeDegrees>44.291261807084084</LatitudeDegrees>
              <LongitudeDegrees>-81.60242593847215</LongitudeDegrees>
            </Position>
            <AltitudeMeters>180.8000030517578</AltitudeMeters>
            <DistanceMeters>7660.4501953125</DistanceMeters>
            <HeartRateBpm>
              <Value>90</Value>
            </HeartRateBpm>
            <Extensions>
              <ns3:TPX>
                <ns3:Speed>2.2860000133514404</ns3:Speed>
              </ns3:TPX>
            </Extensions>
          </Trackpoint>
          <Trackpoint>
            <Time>2026-07-31T18:13:56.000Z</Time>
            <Position>
              <LatitudeDegrees>44.29123716428876</LatitudeDegrees>
              <LongitudeDegrees>-81.6022521816194</LongitudeDegrees>
            </Position>
            <AltitudeMeters>180.8000030517578</AltitudeMeters>
            <DistanceMeters>7674.60009765625</DistanceMeters>
            <HeartRateBpm>
              <Value>87</Value>
            </HeartRateBpm>
            <Extensions>
              <ns3:TPX>
                <ns3:Speed>2.2860000133514404</ns3:Speed>
              </ns3:TPX>
            </Extensions>
          </Trackpoint>
          <Trackpoint>
            <Time>2026-07-31T18:13:59.000Z</Time>
            <Position>
              <LatitudeDegrees>44.29121662862599</LatitudeDegrees>
              <LongitudeDegrees>-81.60216693766415</LongitudeDegrees>
            </Position>
            <AltitudeMeters>180.60000610351562</AltitudeMeters>
            <DistanceMeters>7681.77001953125</DistanceMeters>
            <HeartRateBpm>
              <Value>87</Value>
            </HeartRateBpm>
            <Extensions>
              <ns3:TPX>
                <ns3:Speed>2.2209999561309814</ns3:Speed>
              </ns3:TPX>
            </Extensions>
          </Trackpoint>
          <Trackpoint>
            <Time>2026-07-31T18:14:07.000Z</Time>
            <Position>
              <LatitudeDegrees>44.29113691672683</LatitudeDegrees>
              <LongitudeDegrees>-81.60194867290556</LongitudeDegrees>
            </Position>
            <AltitudeMeters>180.39999389648438</AltitudeMeters>
            <DistanceMeters>7701.39013671875</DistanceMeters>
            <HeartRateBpm>
              <Value>87</Value>
            </HeartRateBpm>
            <Extensions>
              <ns3:TPX>
                <ns3:Speed>2.3610000610351562</ns3:Speed>
              </ns3:TPX>
            </Extensions>
          </Trackpoint>
          <Trackpoint>
            <Time>2026-07-31T18:14:13.000Z</Time>
            <Position>
              <LatitudeDegrees>44.29106768220663</LatitudeDegrees>
              <LongitudeDegrees>-81.6017830464989</LongitudeDegrees>
            </Position>
            <AltitudeMeters>180.39999389648438</AltitudeMeters>
            <DistanceMeters>7716.68017578125</DistanceMeters>
            <HeartRateBpm>
              <Value>90</Value>
            </HeartRateBpm>
            <Extensions>
              <ns3:TPX>
                <ns3:Speed>2.5290000438690186</ns3:Speed>
              </ns3:TPX>
            </Extensions>
          </Trackpoint>
          <Trackpoint>
            <Time>2026-07-31T18:14:16.000Z</Time>
            <Position>
              <LatitudeDegrees>44.291022503748536</LatitudeDegrees>
              <LongitudeDegrees>-81.60169973038137</LongitudeDegrees>
            </Position>
            <AltitudeMeters>180.1999969482422</AltitudeMeters>
            <DistanceMeters>7725.009765625</DistanceMeters>
            <HeartRateBpm>
              <Value>90</Value>
            </HeartRateBpm>
            <Extensions>
              <ns3:TPX>
                <ns3:Speed>2.565999984741211</ns3:Speed>
              </ns3:TPX>
            </Extensions>
          </Trackpoint>
          <Trackpoint>
            <Time>2026-07-31T18:14:25.000Z</Time>
            <Position>
              <LatitudeDegrees>44.290911527350545</LatitudeDegrees>
              <LongitudeDegrees>-81.60151247866452</LongitudeDegrees>
            </Position>
            <AltitudeMeters>180.1999969482422</AltitudeMeters>
            <DistanceMeters>7744.35009765625</DistanceMeters>
            <HeartRateBpm>
              <Value>87</Value>
            </HeartRateBpm>
            <Extensions>
              <ns3:TPX>
                <ns3:Speed>2.3980000019073486</ns3:Speed>
              </ns3:TPX>
            </Extensions>
          </Trackpoint>
          <Trackpoint>
            <Time>2026-07-31T18:14:28.000Z</Time>
            <Position>
              <LatitudeDegrees>44.29087984375656</LatitudeDegrees>
              <LongitudeDegrees>-81.60144190303981</LongitudeDegrees>
            </Position>
            <AltitudeMeters>180.0</AltitudeMeters>
            <DistanceMeters>7750.93994140625</DistanceMeters>
            <HeartRateBpm>
              <Value>85</Value>
            </HeartRateBpm>
            <Extensions>
              <ns3:TPX>
                <ns3:Speed>2.3510000705718994</ns3:Speed>
              </ns3:TPX>
            </Extensions>
          </Trackpoint>
          <Trackpoint>
            <Time>2026-07-31T18:14:31.000Z</Time>
            <Position>
              <LatitudeDegrees>44.29084564559162</LatitudeDegrees>
              <LongitudeDegrees>-81.60137241706252</LongitudeDegrees>
            </Position>
            <AltitudeMeters>180.0</AltitudeMeters>
            <DistanceMeters>7757.64990234375</DistanceMeters>
            <HeartRateBpm>
              <Value>82</Value>
            </HeartRateBpm>
            <Extensions>
              <ns3:TPX>
                <ns3:Speed>2.2769999504089355</ns3:Speed>
              </ns3:TPX>
            </Extensions>
          </Trackpoint>
          <Trackpoint>
            <Time>2026-07-31T18:14:37.000Z</Time>
            <Position>
              <LatitudeDegrees>44.29079610854387</LatitudeDegrees>
              <LongitudeDegrees>-81.60118591971695</LongitudeDegrees>
            </Position>
            <AltitudeMeters>180.0</AltitudeMeters>
            <DistanceMeters>7773.52978515625</DistanceMeters>
            <HeartRateBpm>
              <Value>82</Value>
            </HeartRateBpm>
            <Extensions>
              <ns3:TPX>
                <ns3:Speed>2.313999891281128</ns3:Speed>
              </ns3:TPX>
            </Extensions>
          </Trackpoint>
          <Trackpoint>
            <Time>2026-07-31T18:14:38.000Z</Time>
            <Position>
              <LatitudeDegrees>44.290789905935526</LatitudeDegrees>
              <LongitudeDegrees>-81.60114610567689</LongitudeDegrees>
            </Position>
            <AltitudeMeters>180.0</AltitudeMeters>
            <DistanceMeters>7776.77001953125</DistanceMeters>
            <HeartRateBpm>
              <Value>84</Value>
            </HeartRateBpm>
            <Extensions>
              <ns3:TPX>
                <ns3:Speed>2.444999933242798</ns3:Speed>
              </ns3:TPX>
            </Extensions>
          </Trackpoint>
          <Trackpoint>
            <Time>2026-07-31T18:14:40.000Z</Time>
            <Position>
              <LatitudeDegrees>44.29077506996691</LatitudeDegrees>
              <LongitudeDegrees>-81.6010869294405</LongitudeDegrees>
            </Position>
            <AltitudeMeters>180.0</AltitudeMeters>
            <DistanceMeters>7781.77978515625</DistanceMeters>
            <HeartRateBpm>
              <Value>87</Value>
            </HeartRateBpm>
            <Extensions>
              <ns3:TPX>
                <ns3:Speed>2.509999990463257</ns3:Speed>
              </ns3:TPX>
            </Extensions>
          </Trackpoint>
          <Trackpoint>
            <Time>2026-07-31T18:14:45.000Z</Time>
            <Position>
              <LatitudeDegrees>44.29076090455055</LatitudeDegrees>
              <LongitudeDegrees>-81.6009262483567</LongitudeDegrees>
            </Position>
            <AltitudeMeters>180.0</AltitudeMeters>
            <DistanceMeters>7794.7099609375</DistanceMeters>
            <HeartRateBpm>
              <Value>89</Value>
            </HeartRateBpm>
            <Extensions>
              <ns3:TPX>
                <ns3:Speed>2.63100004196167</ns3:Speed>
              </ns3:TPX>
            </Extensions>
          </Trackpoint>
          <Trackpoint>
            <Time>2026-07-31T18:14:52.000Z</Time>
            <Position>
              <LatitudeDegrees>44.29074548184872</LatitudeDegrees>
              <LongitudeDegrees>-81.60071594640613</LongitudeDegrees>
            </Position>
            <AltitudeMeters>180.0</AltitudeMeters>
            <DistanceMeters>7811.580078125</DistanceMeters>
            <HeartRateBpm>
              <Value>90</Value>
            </HeartRateBpm>
            <Extensions>
              <ns3:TPX>
                <ns3:Speed>2.500999927520752</ns3:Speed>
              </ns3:TPX>
            </Extensions>
          </Trackpoint>
          <Trackpoint>
            <Time>2026-07-31T18:15:00.000Z</Time>
            <Position>
              <LatitudeDegrees>44.29073098115623</LatitudeDegrees>
              <LongitudeDegrees>-81.60047530196607</LongitudeDegrees>
            </Position>
            <AltitudeMeters>179.8000030517578</AltitudeMeters>
            <DistanceMeters>7830.93017578125</DistanceMeters>
            <HeartRateBpm>
              <Value>89</Value>
            </HeartRateBpm>
            <Extensions>
              <ns3:TPX>
                <ns3:Speed>2.444999933242798</ns3:Speed>
              </ns3:TPX>
            </Extensions>
          </Trackpoint>
          <Trackpoint>
            <Time>2026-07-31T18:15:09.000Z</Time>
            <Position>
              <LatitudeDegrees>44.290691670030355</LatitudeDegrees>
              <LongitudeDegrees>-81.60020171664655</LongitudeDegrees>
            </Position>
            <AltitudeMeters>179.8000030517578</AltitudeMeters>
            <DistanceMeters>7853.2099609375</DistanceMeters>
            <HeartRateBpm>
              <Value>89</Value>
            </HeartRateBpm>
            <Extensions>
              <ns3:TPX>
                <ns3:Speed>2.5380001068115234</ns3:Speed>
              </ns3:TPX>
            </Extensions>
          </Trackpoint>
          <Trackpoint>
            <Time>2026-07-31T18:15:20.000Z</Time>
            <Position>
              <LatitudeDegrees>44.29064054042101</LatitudeDegrees>
              <LongitudeDegrees>-81.59986074082553</LongitudeDegrees>
            </Position>
            <AltitudeMeters>179.60000610351562</AltitudeMeters>
            <DistanceMeters>7881.009765625</DistanceMeters>
            <HeartRateBpm>
              <Value>87</Value>
            </HeartRateBpm>
            <Extensions>
              <ns3:TPX>
                <ns3:Speed>2.4630000591278076</ns3:Speed>
              </ns3:TPX>
            </Extensions>
          </Trackpoint>
          <Trackpoint>
            <Time>2026-07-31T18:15:26.000Z</Time>
            <Position>
              <LatitudeDegrees>44.29061522707343</LatitudeDegrees>
              <LongitudeDegrees>-81.59969184547663</LongitudeDegrees>
            </Position>
            <AltitudeMeters>179.60000610351562</AltitudeMeters>
            <DistanceMeters>7894.7900390625</DistanceMeters>
            <HeartRateBpm>
              <Value>88</Value>
            </HeartRateBpm>
            <Extensions>
              <ns3:TPX>
                <ns3:Speed>2.313999891281128</ns3:Speed>
              </ns3:TPX>
            </Extensions>
          </Trackpoint>
          <Trackpoint>
            <Time>2026-07-31T18:15:36.000Z</Time>
            <Position>
              <LatitudeDegrees>44.29058178327978</LatitudeDegrees>
              <LongitudeDegrees>-81.5993891749531</LongitudeDegrees>
            </Position>
            <AltitudeMeters>179.60000610351562</AltitudeMeters>
            <DistanceMeters>7919.25</DistanceMeters>
            <HeartRateBpm>
              <Value>86</Value>
            </HeartRateBpm>
            <Extensions>
              <ns3:TPX>
                <ns3:Speed>2.509999990463257</ns3:Speed>
              </ns3:TPX>
            </Extensions>
          </Trackpoint>
          <Trackpoint>
            <Time>2026-07-31T18:15:45.000Z</Time>
            <Position>
              <LatitudeDegrees>44.29054515436292</LatitudeDegrees>
              <LongitudeDegrees>-81.59909857437015</LongitudeDegrees>
            </Position>
            <AltitudeMeters>179.60000610351562</AltitudeMeters>
            <DistanceMeters>7942.85009765625</DistanceMeters>
            <HeartRateBpm>
              <Value>87</Value>
            </HeartRateBpm>
            <Extensions>
              <ns3:TPX>
                <ns3:Speed>2.6689999103546143</ns3:Speed>
              </ns3:TPX>
            </Extensions>
          </Trackpoint>
          <Trackpoint>
            <Time>2026-07-31T18:15:55.000Z</Time>
            <Position>
              <LatitudeDegrees>44.29049553349614</LatitudeDegrees>
              <LongitudeDegrees>-81.59878936596215</LongitudeDegrees>
            </Position>
            <AltitudeMeters>179.60000610351562</AltitudeMeters>
            <DistanceMeters>7968.169921875</DistanceMeters>
            <HeartRateBpm>
              <Value>83</Value>
            </HeartRateBpm>
            <Extensions>
              <ns3:TPX>
                <ns3:Speed>2.556999921798706</ns3:Speed>
              </ns3:TPX>
            </Extensions>
          </Trackpoint>
          <Trackpoint>
            <Time>2026-07-31T18:15:56.000Z</Time>
            <Position>
              <LatitudeDegrees>44.29048924706876</LatitudeDegrees>
              <LongitudeDegrees>-81.59875977784395</LongitudeDegrees>
            </Position>
            <AltitudeMeters>179.8000030517578</AltitudeMeters>
            <DistanceMeters>7970.6298828125</DistanceMeters>
            <HeartRateBpm>
              <Value>82</Value>
            </HeartRateBpm>
            <Extensions>
              <ns3:TPX>
                <ns3:Speed>2.556999921798706</ns3:Speed>
              </ns3:TPX>
            </Extensions>
          </Trackpoint>
          <Trackpoint>
            <Time>2026-07-31T18:16:00.000Z</Time>
            <Position>
              <LatitudeDegrees>44.29046460427344</LatitudeDegrees>
              <LongitudeDegrees>-81.59863228909671</LongitudeDegrees>
            </Position>
            <AltitudeMeters>179.8000030517578</AltitudeMeters>
            <DistanceMeters>7981.14990234375</DistanceMeters>
            <HeartRateBpm>
              <Value>85</Value>
            </HeartRateBpm>
            <Extensions>
              <ns3:TPX>
                <ns3:Speed>2.6029999256134033</ns3:Speed>
              </ns3:TPX>
            </Extensions>
          </Trackpoint>
          <Trackpoint>
            <Time>2026-07-31T18:16:05.000Z</Time>
            <Position>
              <LatitudeDegrees>44.29043937474489</LatitudeDegrees>
              <LongitudeDegrees>-81.59845182672143</LongitudeDegrees>
            </Position>
            <AltitudeMeters>180.0</AltitudeMeters>
            <DistanceMeters>7995.89990234375</DistanceMeters>
            <HeartRateBpm>
              <Value>87</Value>
            </HeartRateBpm>
            <Extensions>
              <ns3:TPX>
                <ns3:Speed>2.7060000896453857</ns3:Speed>
              </ns3:TPX>
            </Extensions>
          </Trackpoint>
          <Trackpoint>
            <Time>2026-07-31T18:16:16.000Z</Time>
            <Position>
              <LatitudeDegrees>44.29039570502937</LatitudeDegrees>
              <LongitudeDegrees>-81.59813230857253</LongitudeDegrees>
            </Position>
            <AltitudeMeters>179.8000030517578</AltitudeMeters>
            <DistanceMeters>8021.91015625</DistanceMeters>
            <HeartRateBpm>
              <Value>85</Value>
            </HeartRateBpm>
            <Extensions>
              <ns3:TPX>
                <ns3:Speed>2.490999937057495</ns3:Speed>
              </ns3:TPX>
            </Extensions>
          </Trackpoint>
          <Trackpoint>
            <Time>2026-07-31T18:16:25.000Z</Time>
            <Position>
              <LatitudeDegrees>44.2903146520257</LatitudeDegrees>
              <LongitudeDegrees>-81.59789292141795</LongitudeDegrees>
            </Position>
            <AltitudeMeters>179.60000610351562</AltitudeMeters>
            <DistanceMeters>8042.97998046875</DistanceMeters>
            <HeartRateBpm>
              <Value>84</Value>
            </HeartRateBpm>
            <Extensions>
              <ns3:TPX>
                <ns3:Speed>2.2019999027252197</ns3:Speed>
              </ns3:TPX>
            </Extensions>
          </Trackpoint>
          <Trackpoint>
            <Time>2026-07-31T18:16:32.000Z</Time>
            <Position>
              <LatitudeDegrees>44.290218595415354</LatitudeDegrees>
              <LongitudeDegrees>-81.59772536717355</LongitudeDegrees>
            </Position>
            <AltitudeMeters>179.1999969482422</AltitudeMeters>
            <DistanceMeters>8060.10986328125</DistanceMeters>
            <HeartRateBpm>
              <Value>81</Value>
            </HeartRateBpm>
            <Extensions>
              <ns3:TPX>
                <ns3:Speed>2.3889999389648438</ns3:Speed>
              </ns3:TPX>
            </Extensions>
          </Trackpoint>
          <Trackpoint>
            <Time>2026-07-31T18:16:33.000Z</Time>
            <Position>
              <LatitudeDegrees>44.29020174778998</LatitudeDegrees>
              <LongitudeDegrees>-81.59770189784467</LongitudeDegrees>
            </Position>
            <AltitudeMeters>179.1999969482422</AltitudeMeters>
            <DistanceMeters>8062.72998046875</DistanceMeters>
            <HeartRateBpm>
              <Value>82</Value>
            </HeartRateBpm>
            <Extensions>
              <ns3:TPX>
                <ns3:Speed>2.3889999389648438</ns3:Speed>
              </ns3:TPX>
            </Extensions>
          </Trackpoint>
          <Trackpoint>
            <Time>2026-07-31T18:16:39.000Z</Time>
            <Position>
              <LatitudeDegrees>44.29012505337596</LatitudeDegrees>
              <LongitudeDegrees>-81.59755085594952</LongitudeDegrees>
            </Position>
            <AltitudeMeters>179.1999969482422</AltitudeMeters>
            <DistanceMeters>8077.490234375</DistanceMeters>
            <HeartRateBpm>
              <Value>85</Value>
            </HeartRateBpm>
            <Extensions>
              <ns3:TPX>
                <ns3:Speed>2.4730000495910645</ns3:Speed>
              </ns3:TPX>
            </Extensions>
          </Trackpoint>
          <Trackpoint>
            <Time>2026-07-31T18:16:45.000Z</Time>
            <Position>
              <LatitudeDegrees>44.29006612859666</LatitudeDegrees>
              <LongitudeDegrees>-81.59740258008242</LongitudeDegrees>
            </Position>
            <AltitudeMeters>179.1999969482422</AltitudeMeters>
            <DistanceMeters>8091.0498046875</DistanceMeters>
            <HeartRateBpm>
              <Value>85</Value>
            </HeartRateBpm>
            <Extensions>
              <ns3:TPX>
                <ns3:Speed>2.322999954223633</ns3:Speed>
              </ns3:TPX>
            </Extensions>
          </Trackpoint>
          <Trackpoint>
            <Time>2026-07-31T18:16:53.000Z</Time>
            <Position>
              <LatitudeDegrees>44.28999865427613</LatitudeDegrees>
              <LongitudeDegrees>-81.59719563089311</LongitudeDegrees>
            </Position>
            <AltitudeMeters>179.0</AltitudeMeters>
            <DistanceMeters>8109.14990234375</DistanceMeters>
            <HeartRateBpm>
              <Value>85</Value>
            </HeartRateBpm>
            <Extensions>
              <ns3:TPX>
                <ns3:Speed>2.2769999504089355</ns3:Speed>
              </ns3:TPX>
            </Extensions>
          </Trackpoint>
          <Trackpoint>
            <Time>2026-07-31T18:17:01.000Z</Time>
            <Position>
              <LatitudeDegrees>44.2899311799556</LatitudeDegrees>
              <LongitudeDegrees>-81.596973342821</LongitudeDegrees>
            </Position>
            <AltitudeMeters>179.0</AltitudeMeters>
            <DistanceMeters>8128.3701171875</DistanceMeters>
            <HeartRateBpm>
              <Value>85</Value>
            </HeartRateBpm>
            <Extensions>
              <ns3:TPX>
                <ns3:Speed>2.322999954223633</ns3:Speed>
              </ns3:TPX>
            </Extensions>
          </Trackpoint>
          <Trackpoint>
            <Time>2026-07-31T18:17:03.000Z</Time>
            <Position>
              <LatitudeDegrees>44.28991542197764</LatitudeDegrees>
              <LongitudeDegrees>-81.59690419211984</LongitudeDegrees>
            </Position>
            <AltitudeMeters>178.8000030517578</AltitudeMeters>
            <DistanceMeters>8134.14990234375</DistanceMeters>
            <HeartRateBpm>
              <Value>86</Value>
            </HeartRateBpm>
            <Extensions>
              <ns3:TPX>
                <ns3:Speed>2.322999954223633</ns3:Speed>
              </ns3:TPX>
            </Extensions>
          </Trackpoint>
          <Trackpoint>
            <Time>2026-07-31T18:17:06.000Z</Time>
            <Position>
              <LatitudeDegrees>44.28989245556295</LatitudeDegrees>
              <LongitudeDegrees>-81.59680411219597</LongitudeDegrees>
            </Position>
            <AltitudeMeters>179.0</AltitudeMeters>
            <DistanceMeters>8142.509765625</DistanceMeters>
            <HeartRateBpm>
              <Value>89</Value>
            </HeartRateBpm>
            <Extensions>
              <ns3:TPX>
                <ns3:Speed>2.677999973297119</ns3:Speed>
              </ns3:TPX>
            </Extensions>
          </Trackpoint>
          <Trackpoint>
            <Time>2026-07-31T18:17:12.000Z</Time>
            <Position>
              <LatitudeDegrees>44.28984669037163</LatitudeDegrees>
              <LongitudeDegrees>-81.59660579636693</LongitudeDegrees>
            </Position>
            <AltitudeMeters>179.0</AltitudeMeters>
            <DistanceMeters>8159.14990234375</DistanceMeters>
            <HeartRateBpm>
              <Value>86</Value>
            </HeartRateBpm>
            <Extensions>
              <ns3:TPX>
                <ns3:Speed>2.8550000190734863</ns3:Speed>
              </ns3:TPX>
            </Extensions>
          </Trackpoint>
          <Trackpoint>
            <Time>2026-07-31T18:17:13.000Z</Time>
            <Position>
              <LatitudeDegrees>44.28984174504876</LatitudeDegrees>
              <LongitudeDegrees>-81.59657436423004</LongitudeDegrees>
            </Position>
            <AltitudeMeters>179.0</AltitudeMeters>
            <DistanceMeters>8161.7099609375</DistanceMeters>
            <HeartRateBpm>
              <Value>86</Value>
            </HeartRateBpm>
            <Extensions>
              <ns3:TPX>
                <ns3:Speed>2.809000015258789</ns3:Speed>
              </ns3:TPX>
            </Extensions>
          </Trackpoint>
          <Trackpoint>
            <Time>2026-07-31T18:17:23.000Z</Time>
            <Position>
              <LatitudeDegrees>44.28976580500603</LatitudeDegrees>
              <LongitudeDegrees>-81.5962256770581</LongitudeDegrees>
            </Position>
            <AltitudeMeters>178.8000030517578</AltitudeMeters>
            <DistanceMeters>8190.81005859375</DistanceMeters>
            <HeartRateBpm>
              <Value>85</Value>
            </HeartRateBpm>
            <Extensions>
              <ns3:TPX>
                <ns3:Speed>2.9019999504089355</ns3:Speed>
              </ns3:TPX>
            </Extensions>
          </Trackpoint>
          <Trackpoint>
            <Time>2026-07-31T18:17:31.000Z</Time>
            <Position>
              <LatitudeDegrees>44.28972733207047</LatitudeDegrees>
              <LongitudeDegrees>-81.59598243422806</LongitudeDegrees>
            </Position>
            <AltitudeMeters>178.8000030517578</AltitudeMeters>
            <DistanceMeters>8210.6904296875</DistanceMeters>
            <HeartRateBpm>
              <Value>84</Value>
            </HeartRateBpm>
            <Extensions>
              <ns3:TPX>
                <ns3:Speed>2.4730000495910645</ns3:Speed>
              </ns3:TPX>
            </Extensions>
          </Trackpoint>
          <Trackpoint>
            <Time>2026-07-31T18:17:42.000Z</Time>
            <Position>
              <LatitudeDegrees>44.28967787884176</LatitudeDegrees>
              <LongitudeDegrees>-81.59565780311823</LongitudeDegrees>
            </Position>
            <AltitudeMeters>178.8000030517578</AltitudeMeters>
            <DistanceMeters>8237.1796875</DistanceMeters>
            <HeartRateBpm>
              <Value>86</Value>
            </HeartRateBpm>
            <Extensions>
              <ns3:TPX>
                <ns3:Speed>2.500999927520752</ns3:Speed>
              </ns3:TPX>
            </Extensions>
          </Trackpoint>
          <Trackpoint>
            <Time>2026-07-31T18:17:53.000Z</Time>
            <Position>
              <LatitudeDegrees>44.28962096571922</LatitudeDegrees>
              <LongitudeDegrees>-81.59532479010522</LongitudeDegrees>
            </Position>
            <AltitudeMeters>178.60000610351562</AltitudeMeters>
            <DistanceMeters>8264.51953125</DistanceMeters>
            <HeartRateBpm>
              <Value>88</Value>
            </HeartRateBpm>
            <Extensions>
              <ns3:TPX>
                <ns3:Speed>2.500999927520752</ns3:Speed>
              </ns3:TPX>
            </Extensions>
          </Trackpoint>
          <Trackpoint>
            <Time>2026-07-31T18:17:56.000Z</Time>
            <Position>
              <LatitudeDegrees>44.2896031960845</LatitudeDegrees>
              <LongitudeDegrees>-81.59523845650256</LongitudeDegrees>
            </Position>
            <AltitudeMeters>178.60000610351562</AltitudeMeters>
            <DistanceMeters>8271.6904296875</DistanceMeters>
            <HeartRateBpm>
              <Value>85</Value>
            </HeartRateBpm>
            <Extensions>
              <ns3:TPX>
                <ns3:Speed>2.4539999961853027</ns3:Speed>
              </ns3:TPX>
            </Extensions>
          </Trackpoint>
          <Trackpoint>
            <Time>2026-07-31T18:18:00.000Z</Time>
            <Position>
              <LatitudeDegrees>44.28959012031555</LatitudeDegrees>
              <LongitudeDegrees>-81.59513024613261</LongitudeDegrees>
            </Position>
            <AltitudeMeters>178.60000610351562</AltitudeMeters>
            <DistanceMeters>8280.4404296875</DistanceMeters>
            <HeartRateBpm>
              <Value>82</Value>
            </HeartRateBpm>
            <Extensions>
              <ns3:TPX>
                <ns3:Speed>2.2769999504089355</ns3:Speed>
              </ns3:TPX>
            </Extensions>
          </Trackpoint>
          <Trackpoint>
            <Time>2026-07-31T18:18:01.000Z</Time>
            <Position>
              <LatitudeDegrees>44.289588276296854</LatitudeDegrees>
              <LongitudeDegrees>-81.59510451368988</LongitudeDegrees>
            </Position>
            <AltitudeMeters>178.60000610351562</AltitudeMeters>
            <DistanceMeters>8282.5</DistanceMeters>
            <HeartRateBpm>
              <Value>81</Value>
            </HeartRateBpm>
            <Extensions>
              <ns3:TPX>
                <ns3:Speed>2.2769999504089355</ns3:Speed>
              </ns3:TPX>
            </Extensions>
          </Trackpoint>
          <Trackpoint>
            <Time>2026-07-31T18:18:08.000Z</Time>
            <Position>
              <LatitudeDegrees>44.28955793380737</LatitudeDegrees>
              <LongitudeDegrees>-81.59491357393563</LongitudeDegrees>
            </Position>
            <AltitudeMeters>178.39999389648438</AltitudeMeters>
            <DistanceMeters>8298.1298828125</DistanceMeters>
            <HeartRateBpm>
              <Value>78</Value>
            </HeartRateBpm>
            <Extensions>
              <ns3:TPX>
                <ns3:Speed>2.1740000247955322</ns3:Speed>
              </ns3:TPX>
            </Extensions>
          </Trackpoint>
          <Trackpoint>
            <Time>2026-07-31T18:18:12.000Z</Time>
            <Position>
              <LatitudeDegrees>44.28954376839101</LatitudeDegrees>
              <LongitudeDegrees>-81.59478424116969</LongitudeDegrees>
            </Position>
            <AltitudeMeters>178.39999389648438</AltitudeMeters>
            <DistanceMeters>8308.5498046875</DistanceMeters>
            <HeartRateBpm>
              <Value>78</Value>
            </HeartRateBpm>
            <Extensions>
              <ns3:TPX>
                <ns3:Speed>2.2109999656677246</ns3:Speed>
              </ns3:TPX>
            </Extensions>
          </Trackpoint>
          <Trackpoint>
            <Time>2026-07-31T18:18:15.000Z</Time>
            <Position>
              <LatitudeDegrees>44.28951342590153</LatitudeDegrees>
              <LongitudeDegrees>-81.59468256868422</LongitudeDegrees>
            </Position>
            <AltitudeMeters>178.1999969482422</AltitudeMeters>
            <DistanceMeters>8317.33984375</DistanceMeters>
            <HeartRateBpm>
              <Value>81</Value>
            </HeartRateBpm>
            <Extensions>
              <ns3:TPX>
                <ns3:Speed>2.4260001182556152</ns3:Speed>
              </ns3:TPX>
            </Extensions>
          </Trackpoint>
          <Trackpoint>
            <Time>2026-07-31T18:18:20.000Z</Time>
            <Position>
              <LatitudeDegrees>44.28946975618601</LatitudeDegrees>
              <LongitudeDegrees>-81.59450059756637</LongitudeDegrees>
            </Position>
            <AltitudeMeters>178.0</AltitudeMeters>
            <DistanceMeters>8332.66015625</DistanceMeters>
            <HeartRateBpm>
              <Value>82</Value>
            </HeartRateBpm>
            <Extensions>
              <ns3:TPX>
                <ns3:Speed>2.9210000038146973</ns3:Speed>
              </ns3:TPX>
            </Extensions>
          </Trackpoint>
          <Trackpoint>
            <Time>2026-07-31T18:18:27.000Z</Time>
            <Position>
              <LatitudeDegrees>44.28942650556564</LatitudeDegrees>
              <LongitudeDegrees>-81.5942847635597</LongitudeDegrees>
            </Position>
            <AltitudeMeters>178.0</AltitudeMeters>
            <DistanceMeters>8350.580078125</DistanceMeters>
            <HeartRateBpm>
              <Value>83</Value>
            </HeartRateBpm>
            <Extensions>
              <ns3:TPX>
                <ns3:Speed>2.6029999256134033</ns3:Speed>
              </ns3:TPX>
            </Extensions>
          </Trackpoint>
          <Trackpoint>
            <Time>2026-07-31T18:18:34.000Z</Time>
            <Position>
              <LatitudeDegrees>44.28940228186548</LatitudeDegrees>
              <LongitudeDegrees>-81.59406683407724</LongitudeDegrees>
            </Position>
            <AltitudeMeters>177.8000030517578</AltitudeMeters>
            <DistanceMeters>8368.1396484375</DistanceMeters>
            <HeartRateBpm>
              <Value>80</Value>
            </HeartRateBpm>
            <Extensions>
              <ns3:TPX>
                <ns3:Speed>2.575000047683716</ns3:Speed>
              </ns3:TPX>
            </Extensions>
          </Trackpoint>
          <Trackpoint>
            <Time>2026-07-31T18:18:37.000Z</Time>
            <Position>
              <LatitudeDegrees>44.28939264267683</LatitudeDegrees>
              <LongitudeDegrees>-81.59396993927658</LongitudeDegrees>
            </Position>
            <AltitudeMeters>177.60000610351562</AltitudeMeters>
            <DistanceMeters>8375.9404296875</DistanceMeters>
            <HeartRateBpm>
              <Value>80</Value>
            </HeartRateBpm>
            <Extensions>
              <ns3:TPX>
                <ns3:Speed>2.5290000438690186</ns3:Speed>
              </ns3:TPX>
            </Extensions>
          </Trackpoint>
          <Trackpoint>
            <Time>2026-07-31T18:18:41.000Z</Time>
            <Position>
              <LatitudeDegrees>44.289380656555295</LatitudeDegrees>
              <LongitudeDegrees>-81.59383968450129</LongitudeDegrees>
            </Position>
            <AltitudeMeters>177.60000610351562</AltitudeMeters>
            <DistanceMeters>8386.4404296875</DistanceMeters>
            <HeartRateBpm>
              <Value>84</Value>
            </HeartRateBpm>
            <Extensions>
              <ns3:TPX>
                <ns3:Speed>2.509999990463257</ns3:Speed>
              </ns3:TPX>
            </Extensions>
          </Trackpoint>
          <Trackpoint>
            <Time>2026-07-31T18:18:45.000Z</Time>
            <Position>
              <LatitudeDegrees>44.28937202319503</LatitudeDegrees>
              <LongitudeDegrees>-81.59372719936073</LongitudeDegrees>
            </Position>
            <AltitudeMeters>177.39999389648438</AltitudeMeters>
            <DistanceMeters>8395.4501953125</DistanceMeters>
            <HeartRateBpm>
              <Value>86</Value>
            </HeartRateBpm>
            <Extensions>
              <ns3:TPX>
                <ns3:Speed>2.6029999256134033</ns3:Speed>
              </ns3:TPX>
            </Extensions>
          </Trackpoint>
          <Trackpoint>
            <Time>2026-07-31T18:18:52.000Z</Time>
            <Position>
              <LatitudeDegrees>44.2893407586962</LatitudeDegrees>
              <LongitudeDegrees>-81.59352167509496</LongitudeDegrees>
            </Position>
            <AltitudeMeters>177.39999389648438</AltitudeMeters>
            <DistanceMeters>8412.259765625</DistanceMeters>
            <HeartRateBpm>
              <Value>86</Value>
            </HeartRateBpm>
            <Extensions>
              <ns3:TPX>
                <ns3:Speed>2.3510000705718994</ns3:Speed>
              </ns3:TPX>
            </Extensions>
          </Trackpoint>
          <Trackpoint>
            <Time>2026-07-31T18:19:00.000Z</Time>
            <Position>
              <LatitudeDegrees>44.28929817862809</LatitudeDegrees>
              <LongitudeDegrees>-81.59327331930399</LongitudeDegrees>
            </Position>
            <AltitudeMeters>177.1999969482422</AltitudeMeters>
            <DistanceMeters>8432.6396484375</DistanceMeters>
            <HeartRateBpm>
              <Value>86</Value>
            </HeartRateBpm>
            <Extensions>
              <ns3:TPX>
                <ns3:Speed>2.6410000324249268</ns3:Speed>
              </ns3:TPX>
            </Extensions>
          </Trackpoint>
          <Trackpoint>
            <Time>2026-07-31T18:19:08.000Z</Time>
            <Position>
              <LatitudeDegrees>44.28925869986415</LatitudeDegrees>
              <LongitudeDegrees>-81.59303636290133</LongitudeDegrees>
            </Position>
            <AltitudeMeters>177.0</AltitudeMeters>
            <DistanceMeters>8452.1201171875</DistanceMeters>
            <HeartRateBpm>
              <Value>85</Value>
            </HeartRateBpm>
            <Extensions>
              <ns3:TPX>
                <ns3:Speed>2.753000020980835</ns3:Speed>
              </ns3:TPX>
            </Extensions>
          </Trackpoint>
          <Trackpoint>
            <Time>2026-07-31T18:19:15.000Z</Time>
            <Position>
              <LatitudeDegrees>44.28921980783343</LatitudeDegrees>
              <LongitudeDegrees>-81.59281725995243</LongitudeDegrees>
            </Position>
            <AltitudeMeters>177.0</AltitudeMeters>
            <DistanceMeters>8470.150390625</DistanceMeters>
            <HeartRateBpm>
              <Value>85</Value>
            </HeartRateBpm>
            <Extensions>
              <ns3:TPX>
                <ns3:Speed>2.621999979019165</ns3:Speed>
              </ns3:TPX>
            </Extensions>
          </Trackpoint>
          <Trackpoint>
            <Time>2026-07-31T18:19:16.000Z</Time>
            <Position>
              <LatitudeDegrees>44.28921679034829</LatitudeDegrees>
              <LongitudeDegrees>-81.5927910245955</LongitudeDegrees>
            </Position>
            <AltitudeMeters>176.8000030517578</AltitudeMeters>
            <DistanceMeters>8472.259765625</DistanceMeters>
            <HeartRateBpm>
              <Value>85</Value>
            </HeartRateBpm>
            <Extensions>
              <ns3:TPX>
                <ns3:Speed>2.5290000438690186</ns3:Speed>
              </ns3:TPX>
            </Extensions>
          </Trackpoint>
          <Trackpoint>
            <Time>2026-07-31T18:19:24.000Z</Time>
            <Position>
              <LatitudeDegrees>44.28918091580272</LatitudeDegrees>
              <LongitudeDegrees>-81.59256395883858</LongitudeDegrees>
            </Position>
            <AltitudeMeters>176.60000610351562</AltitudeMeters>
            <DistanceMeters>8490.83984375</DistanceMeters>
            <HeartRateBpm>
              <Value>86</Value>
            </HeartRateBpm>
            <Extensions>
              <ns3:TPX>
                <ns3:Speed>2.2950000762939453</ns3:Speed>
              </ns3:TPX>
            </Extensions>
          </Trackpoint>
          <Trackpoint>
            <Time>2026-07-31T18:19:29.000Z</Time>
            <Position>
              <LatitudeDegrees>44.28915501572192</LatitudeDegrees>
              <LongitudeDegrees>-81.59241459332407</LongitudeDegrees>
            </Position>
            <AltitudeMeters>176.39999389648438</AltitudeMeters>
            <DistanceMeters>8503.1103515625</DistanceMeters>
            <HeartRateBpm>
              <Value>89</Value>
            </HeartRateBpm>
            <Extensions>
              <ns3:TPX>
                <ns3:Speed>2.378999948501587</ns3:Speed>
              </ns3:TPX>
            </Extensions>
          </Trackpoint>
          <Trackpoint>
            <Time>2026-07-31T18:19:35.000Z</Time>
            <Position>
              <LatitudeDegrees>44.28912634961307</LatitudeDegrees>
              <LongitudeDegrees>-81.59224863164127</LongitudeDegrees>
            </Position>
            <AltitudeMeters>176.60000610351562</AltitudeMeters>
            <DistanceMeters>8516.73046875</DistanceMeters>
            <HeartRateBpm>
              <Value>90</Value>
            </HeartRateBpm>
            <Extensions>
              <ns3:TPX>
                <ns3:Speed>2.3980000019073486</ns3:Speed>
              </ns3:TPX>
            </Extensions>
          </Trackpoint>
          <Trackpoint>
            <Time>2026-07-31T18:19:40.000Z</Time>
            <Position>
              <LatitudeDegrees>44.28910841234028</LatitudeDegrees>
              <LongitudeDegrees>-81.59210463054478</LongitudeDegrees>
            </Position>
            <AltitudeMeters>176.39999389648438</AltitudeMeters>
            <DistanceMeters>8528.3798828125</DistanceMeters>
            <HeartRateBpm>
              <Value>93</Value>
            </HeartRateBpm>
            <Extensions>
              <ns3:TPX>
                <ns3:Speed>2.3980000019073486</ns3:Speed>
              </ns3:TPX>
            </Extensions>
          </Trackpoint>
          <Trackpoint>
            <Time>2026-07-31T18:19:43.000Z</Time>
            <Position>
              <LatitudeDegrees>44.289095755666494</LatitudeDegrees>
              <LongitudeDegrees>-81.59201494418085</LongitudeDegrees>
            </Position>
            <AltitudeMeters>176.39999389648438</AltitudeMeters>
            <DistanceMeters>8535.669921875</DistanceMeters>
            <HeartRateBpm>
              <Value>92</Value>
            </HeartRateBpm>
            <Extensions>
              <ns3:TPX>
                <ns3:Speed>2.490999937057495</ns3:Speed>
              </ns3:TPX>
            </Extensions>
          </Trackpoint>
          <Trackpoint>
            <Time>2026-07-31T18:19:45.000Z</Time>
            <Position>
              <LatitudeDegrees>44.28908586502075</LatitudeDegrees>
              <LongitudeDegrees>-81.59192978404462</LongitudeDegrees>
            </Position>
            <AltitudeMeters>176.39999389648438</AltitudeMeters>
            <DistanceMeters>8542.5498046875</DistanceMeters>
            <HeartRateBpm>
              <Value>88</Value>
            </HeartRateBpm>
            <Extensions>
              <ns3:TPX>
                <ns3:Speed>2.7899999618530273</ns3:Speed>
              </ns3:TPX>
            </Extensions>
          </Trackpoint>
          <Trackpoint>
            <Time>2026-07-31T18:19:46.000Z</Time>
            <Position>
              <LatitudeDegrees>44.289078153669834</LatitudeDegrees>
              <LongitudeDegrees>-81.59188502468169</LongitudeDegrees>
            </Position>
            <AltitudeMeters>176.39999389648438</AltitudeMeters>
            <DistanceMeters>8546.2197265625</DistanceMeters>
            <HeartRateBpm>
              <Value>85</Value>
            </HeartRateBpm>
            <Extensions>
              <ns3:TPX>
                <ns3:Speed>3.5269999504089355</ns3:Speed>
              </ns3:TPX>
            </Extensions>
          </Trackpoint>
          <Trackpoint>
            <Time>2026-07-31T18:19:49.000Z</Time>
            <Position>
              <LatitudeDegrees>44.28906373679638</LatitudeDegrees>
              <LongitudeDegrees>-81.5917671751231</LongitudeDegrees>
            </Position>
            <AltitudeMeters>176.60000610351562</AltitudeMeters>
            <DistanceMeters>8555.7802734375</DistanceMeters>
            <HeartRateBpm>
              <Value>81</Value>
            </HeartRateBpm>
            <Extensions>
              <ns3:TPX>
                <ns3:Speed>2.7709999084472656</ns3:Speed>
              </ns3:TPX>
            </Extensions>
          </Trackpoint>
          <Trackpoint>
            <Time>2026-07-31T18:19:54.000Z</Time>
            <Position>
              <LatitudeDegrees>44.28906189277768</LatitudeDegrees>
              <LongitudeDegrees>-81.59170129336417</LongitudeDegrees>
            </Position>
            <AltitudeMeters>176.60000610351562</AltitudeMeters>
            <DistanceMeters>8561.0498046875</DistanceMeters>
            <HeartRateBpm>
              <Value>79</Value>
            </HeartRateBpm>
            <Extensions>
              <ns3:TPX>
                <ns3:Speed>0.7279999852180481</ns3:Speed>
              </ns3:TPX>
            </Extensions>
          </Trackpoint>
          <Trackpoint>
            <Time>2026-07-31T18:19:59.000Z</Time>
            <Position>
              <LatitudeDegrees>44.28904621861875</LatitudeDegrees>
              <LongitudeDegrees>-81.59163993783295</LongitudeDegrees>
            </Position>
            <AltitudeMeters>176.39999389648438</AltitudeMeters>
            <DistanceMeters>8566.2900390625</DistanceMeters>
            <HeartRateBpm>
              <Value>82</Value>
            </HeartRateBpm>
            <Extensions>
              <ns3:TPX>
                <ns3:Speed>0.9610000252723694</ns3:Speed>
              </ns3:TPX>
            </Extensions>
          </Trackpoint>
          <Trackpoint>
            <Time>2026-07-31T18:20:01.000Z</Time>
            <Position>
              <LatitudeDegrees>44.2890455480665</LatitudeDegrees>
              <LongitudeDegrees>-81.59162878990173</LongitudeDegrees>
            </Position>
            <AltitudeMeters>176.39999389648438</AltitudeMeters>
            <DistanceMeters>8567.2001953125</DistanceMeters>
            <HeartRateBpm>
              <Value>81</Value>
            </HeartRateBpm>
            <Extensions>
              <ns3:TPX>
                <ns3:Speed>0.0</ns3:Speed>
              </ns3:TPX>
            </Extensions>
          </Trackpoint>
          <Trackpoint>
            <Time>2026-07-31T18:20:04.000Z</Time>
            <Position>
              <LatitudeDegrees>44.28904823027551</LatitudeDegrees>
              <LongitudeDegrees>-81.59160557202995</LongitudeDegrees>
            </Position>
            <AltitudeMeters>176.39999389648438</AltitudeMeters>
            <DistanceMeters>8569.080078125</DistanceMeters>
            <HeartRateBpm>
              <Value>80</Value>
            </HeartRateBpm>
            <Extensions>
              <ns3:TPX>
                <ns3:Speed>0.9610000252723694</ns3:Speed>
              </ns3:TPX>
            </Extensions>
          </Trackpoint>
          <Trackpoint>
            <Time>2026-07-31T18:20:06.000Z</Time>
            <Position>
              <LatitudeDegrees>44.289040602743626</LatitudeDegrees>
              <LongitudeDegrees>-81.59159651957452</LongitudeDegrees>
            </Position>
            <AltitudeMeters>176.39999389648438</AltitudeMeters>
            <DistanceMeters>8570.3896484375</DistanceMeters>
            <HeartRateBpm>
              <Value>83</Value>
            </HeartRateBpm>
            <Extensions>
              <ns3:TPX>
                <ns3:Speed>0.9610000252723694</ns3:Speed>
              </ns3:TPX>
            </Extensions>
          </Trackpoint>
          <Trackpoint>
            <Time>2026-07-31T18:20:07.000Z</Time>
            <Position>
              <LatitudeDegrees>44.289036160334945</LatitudeDegrees>
              <LongitudeDegrees>-81.59159853123128</LongitudeDegrees>
            </Position>
            <AltitudeMeters>176.60000610351562</AltitudeMeters>
            <DistanceMeters>8570.8701171875</DistanceMeters>
            <HeartRateBpm>
              <Value>84</Value>
            </HeartRateBpm>
            <Extensions>
              <ns3:TPX>
                <ns3:Speed>0.8399999737739563</ns3:Speed>
              </ns3:TPX>
            </Extensions>
          </Trackpoint>
          <Trackpoint>
            <Time>2026-07-31T18:20:12.000Z</Time>
            <Position>
              <LatitudeDegrees>44.289045967161655</LatitudeDegrees>
              <LongitudeDegrees>-81.59161956980824</LongitudeDegrees>
            </Position>
            <AltitudeMeters>177.0</AltitudeMeters>
            <DistanceMeters>8574.98046875</DistanceMeters>
            <HeartRateBpm>
              <Value>84</Value>
            </HeartRateBpm>
            <Extensions>
              <ns3:TPX>
                <ns3:Speed>1.371999979019165</ns3:Speed>
              </ns3:TPX>
            </Extensions>
          </Trackpoint>
          <Trackpoint>
            <Time>2026-07-31T18:20:15.000Z</Time>
            <Position>
              <LatitudeDegrees>44.289064491167665</LatitudeDegrees>
              <LongitudeDegrees>-81.59162133000791</LongitudeDegrees>
            </Position>
            <AltitudeMeters>177.0</AltitudeMeters>
            <DistanceMeters>8577.009765625</DistanceMeters>
            <HeartRateBpm>
              <Value>87</Value>
            </HeartRateBpm>
            <Extensions>
              <ns3:TPX>
                <ns3:Speed>0.7739999890327454</ns3:Speed>
              </ns3:TPX>
            </Extensions>
          </Trackpoint>
          <Trackpoint>
            <Time>2026-07-31T18:20:17.000Z</Time>
            <Position>
              <LatitudeDegrees>44.28906910121441</LatitudeDegrees>
              <LongitudeDegrees>-81.59163499251008</LongitudeDegrees>
            </Position>
            <AltitudeMeters>177.0</AltitudeMeters>
            <DistanceMeters>8578.16015625</DistanceMeters>
            <HeartRateBpm>
              <Value>88</Value>
            </HeartRateBpm>
            <Extensions>
              <ns3:TPX>
                <ns3:Speed>0.625</ns3:Speed>
              </ns3:TPX>
            </Extensions>
          </Trackpoint>
          <Trackpoint>
            <Time>2026-07-31T18:20:21.000Z</Time>
            <Position>
              <LatitudeDegrees>44.28908905014396</LatitudeDegrees>
              <LongitudeDegrees>-81.59160850569606</LongitudeDegrees>
            </Position>
            <AltitudeMeters>177.39999389648438</AltitudeMeters>
            <DistanceMeters>8581.7099609375</DistanceMeters>
            <HeartRateBpm>
              <Value>89</Value>
            </HeartRateBpm>
            <Extensions>
              <ns3:TPX>
                <ns3:Speed>0.9330000281333923</ns3:Speed>
              </ns3:TPX>
            </Extensions>
          </Trackpoint>
          <Trackpoint>
            <Time>2026-07-31T18:20:22.000Z</Time>
            <Position>
              <LatitudeDegrees>44.28909315727651</LatitudeDegrees>
              <LongitudeDegrees>-81.59160062670708</LongitudeDegrees>
            </Position>
            <AltitudeMeters>177.39999389648438</AltitudeMeters>
            <DistanceMeters>8582.4501953125</DistanceMeters>
            <HeartRateBpm>
              <Value>89</Value>
            </HeartRateBpm>
            <Extensions>
              <ns3:TPX>
                <ns3:Speed>0.7839999794960022</ns3:Speed>
              </ns3:TPX>
            </Extensions>
          </Trackpoint>
          <Trackpoint>
            <Time>2026-07-31T18:20:29.000Z</Time>
            <Position>
              <LatitudeDegrees>44.28908444009721</LatitudeDegrees>
              <LongitudeDegrees>-81.59156123176217</LongitudeDegrees>
            </Position>
            <AltitudeMeters>177.60000610351562</AltitudeMeters>
            <DistanceMeters>8586.51953125</DistanceMeters>
            <HeartRateBpm>
              <Value>91</Value>
            </HeartRateBpm>
            <Extensions>
              <ns3:TPX>
                <ns3:Speed>0.7369999885559082</ns3:Speed>
              </ns3:TPX>
            </Extensions>
          </Trackpoint>
          <Trackpoint>
            <Time>2026-07-31T18:20:35.000Z</Time>
            <Position>
              <LatitudeDegrees>44.28908242844045</LatitudeDegrees>
              <LongitudeDegrees>-81.59157657064497</LongitudeDegrees>
            </Position>
            <AltitudeMeters>177.1999969482422</AltitudeMeters>
            <DistanceMeters>8587.8896484375</DistanceMeters>
            <HeartRateBpm>
              <Value>93</Value>
            </HeartRateBpm>
            <Extensions>
              <ns3:TPX>
                <ns3:Speed>0.0</ns3:Speed>
              </ns3:TPX>
            </Extensions>
          </Trackpoint>
          <Trackpoint>
            <Time>2026-07-31T18:20:37.000Z</Time>
            <Position>
              <LatitudeDegrees>44.28906390443444</LatitudeDegrees>
              <LongitudeDegrees>-81.59157967194915</LongitudeDegrees>
            </Position>
            <AltitudeMeters>178.0</AltitudeMeters>
            <DistanceMeters>8589.919921875</DistanceMeters>
            <HeartRateBpm>
              <Value>94</Value>
            </HeartRateBpm>
            <Extensions>
              <ns3:TPX>
                <ns3:Speed>0.8679999709129333</ns3:Speed>
              </ns3:TPX>
            </Extensions>
          </Trackpoint>
          <Trackpoint>
            <Time>2026-07-31T18:20:38.000Z</Time>
            <Position>
              <LatitudeDegrees>44.2890540137887</LatitudeDegrees>
              <LongitudeDegrees>-81.59158453345299</LongitudeDegrees>
            </Position>
            <AltitudeMeters>178.1999969482422</AltitudeMeters>
            <DistanceMeters>8591.080078125</DistanceMeters>
            <HeartRateBpm>
              <Value>95</Value>
            </HeartRateBpm>
            <Extensions>
              <ns3:TPX>
                <ns3:Speed>1.277999997138977</ns3:Speed>
              </ns3:TPX>
            </Extensions>
          </Trackpoint>
          <Trackpoint>
            <Time>2026-07-31T18:20:40.000Z</Time>
            <Position>
              <LatitudeDegrees>44.289037585258484</LatitudeDegrees>
              <LongitudeDegrees>-81.59159643575549</LongitudeDegrees>
            </Position>
            <AltitudeMeters>178.39999389648438</AltitudeMeters>
            <DistanceMeters>8593.0595703125</DistanceMeters>
            <HeartRateBpm>
              <Value>96</Value>
            </HeartRateBpm>
            <Extensions>
              <ns3:TPX>
                <ns3:Speed>1.277999997138977</ns3:Speed>
              </ns3:TPX>
            </Extensions>
          </Trackpoint>
          <Trackpoint>
            <Time>2026-07-31T18:20:41.000Z</Time>
            <Position>
              <LatitudeDegrees>44.28903205320239</LatitudeDegrees>
              <LongitudeDegrees>-81.59160548821092</LongitudeDegrees>
            </Position>
            <AltitudeMeters>178.39999389648438</AltitudeMeters>
            <DistanceMeters>8594.009765625</DistanceMeters>
            <HeartRateBpm>
              <Value>96</Value>
            </HeartRateBpm>
            <Extensions>
              <ns3:TPX>
                <ns3:Speed>0.6340000033378601</ns3:Speed>
              </ns3:TPX>
            </Extensions>
          </Trackpoint>
          <Trackpoint>
            <Time>2026-07-31T18:20:45.000Z</Time>
            <Position>
              <LatitudeDegrees>44.28903750143945</LatitudeDegrees>
              <LongitudeDegrees>-81.59163985401392</LongitudeDegrees>
            </Position>
            <AltitudeMeters>177.60000610351562</AltitudeMeters>
            <DistanceMeters>8597.1796875</DistanceMeters>
            <HeartRateBpm>
              <Value>96</Value>
            </HeartRateBpm>
            <Extensions>
              <ns3:TPX>
                <ns3:Speed>0.9520000219345093</ns3:Speed>
              </ns3:TPX>
            </Extensions>
          </Trackpoint>
          <Trackpoint>
            <Time>2026-07-31T18:20:47.000Z</Time>
            <Position>
              <LatitudeDegrees>44.289055773988366</LatitudeDegrees>
              <LongitudeDegrees>-81.59165862947702</LongitudeDegrees>
            </Position>
            <AltitudeMeters>177.39999389648438</AltitudeMeters>
            <DistanceMeters>8599.3798828125</DistanceMeters>
            <HeartRateBpm>
              <Value>95</Value>
            </HeartRateBpm>
            <Extensions>
              <ns3:TPX>
                <ns3:Speed>1.1009999513626099</ns3:Speed>
              </ns3:TPX>
            </Extensions>
          </Trackpoint>
          <Trackpoint>
            <Time>2026-07-31T18:20:53.000Z</Time>
            <Position>
              <LatitudeDegrees>44.28902861662209</LatitudeDegrees>
              <LongitudeDegrees>-81.5916186477989</LongitudeDegrees>
            </Position>
            <AltitudeMeters>177.60000610351562</AltitudeMeters>
            <DistanceMeters>8604.1796875</DistanceMeters>
            <HeartRateBpm>
              <Value>96</Value>
            </HeartRateBpm>
            <Extensions>
              <ns3:TPX>
                <ns3:Speed>0.9520000219345093</ns3:Speed>
              </ns3:TPX>
            </Extensions>
          </Trackpoint>
          <Trackpoint>
            <Time>2026-07-31T18:21:00.000Z</Time>
            <Position>
              <LatitudeDegrees>44.288993664085865</LatitudeDegrees>
              <LongitudeDegrees>-81.5915718767792</LongitudeDegrees>
            </Position>
            <AltitudeMeters>178.0</AltitudeMeters>
            <DistanceMeters>8609.650390625</DistanceMeters>
            <HeartRateBpm>
              <Value>99</Value>
            </HeartRateBpm>
            <Extensions>
              <ns3:TPX>
                <ns3:Speed>0.0</ns3:Speed>
              </ns3:TPX>
            </Extensions>
          </Trackpoint>
          <Trackpoint>
            <Time>2026-07-31T18:21:06.000Z</Time>
            <Position>
              <LatitudeDegrees>44.2889882158488</LatitudeDegrees>
              <LongitudeDegrees>-81.59155989065766</LongitudeDegrees>
            </Position>
            <AltitudeMeters>178.1999969482422</AltitudeMeters>
            <DistanceMeters>8612.1904296875</DistanceMeters>
            <HeartRateBpm>
              <Value>100</Value>
            </HeartRateBpm>
            <Extensions>
              <ns3:TPX>
                <ns3:Speed>0.0</ns3:Speed>
              </ns3:TPX>
            </Extensions>
          </Trackpoint>
          <Trackpoint>
            <Time>2026-07-31T18:21:14.000Z</Time>
            <Position>
              <LatitudeDegrees>44.2889882158488</LatitudeDegrees>
              <LongitudeDegrees>-81.59155779518187</LongitudeDegrees>
            </Position>
            <AltitudeMeters>177.8000030517578</AltitudeMeters>
            <DistanceMeters>8612.3603515625</DistanceMeters>
            <HeartRateBpm>
              <Value>99</Value>
            </HeartRateBpm>
            <Extensions>
              <ns3:TPX>
                <ns3:Speed>0.0</ns3:Speed>
              </ns3:TPX>
            </Extensions>
          </Trackpoint>
          <Trackpoint>
            <Time>2026-07-31T18:21:23.000Z</Time>
            <Position>
              <LatitudeDegrees>44.2889882158488</LatitudeDegrees>
              <LongitudeDegrees>-81.59155779518187</LongitudeDegrees>
            </Position>
            <AltitudeMeters>178.1999969482422</AltitudeMeters>
            <DistanceMeters>8612.3603515625</DistanceMeters>
            <HeartRateBpm>
              <Value>98</Value>
            </HeartRateBpm>
            <Extensions>
              <ns3:TPX>
                <ns3:Speed>0.0</ns3:Speed>
              </ns3:TPX>
            </Extensions>
          </Trackpoint>
        </Track>
        <Extensions>
          <ns3:LX>
            <ns3:AvgSpeed>2.1679999828338623</ns3:AvgSpeed>
          </ns3:LX>
        </Extensions>
      </Lap>
      <Creator xsi:type="Device_t">
        <Name>vívoactive 4</Name>
        <UnitId>3432774097</UnitId>
        <ProductID>3225</ProductID>
        <Version>
          <VersionMajor>8</VersionMajor>
          <VersionMinor>30</VersionMinor>
          <BuildMajor>0</BuildMajor>
          <BuildMinor>0</BuildMinor>
        </Version>
      </Creator>
    </Activity>
  </Activities>
  <Author xsi:type="Application_t">
    <Name>Connect Api</Name>
    <Build>
      <Version>
        <VersionMajor>26</VersionMajor>
        <VersionMinor>15</VersionMinor>
        <BuildMajor>0</BuildMajor>
        <BuildMinor>0</BuildMinor>
      </Version>
    </Build>
    <LangID>en</LangID>
    <PartNumber>006-D2449-00</PartNumber>
  </Author>
</TrainingCenterDatabase>
