<?xml version="1.0" encoding="UTF-8"?>
<TrainingCenterDatabase
  xsi:schemaLocation="http://www.garmin.com/xmlschemas/TrainingCenterDatabase/v2 http://www.garmin.com/xmlschemas/TrainingCenterDatabasev2.xsd"
  xmlns:ns5="http://www.garmin.com/xmlschemas/ActivityGoals/v1"
  xmlns:ns3="http://www.garmin.com/xmlschemas/ActivityExtension/v2"
  xmlns:ns2="http://www.garmin.com/xmlschemas/UserProfile/v2"
  xmlns="http://www.garmin.com/xmlschemas/TrainingCenterDatabase/v2"
  xmlns:xsi="http://www.w3.org/2001/XMLSchema-instance" xmlns:ns4="http://www.garmin.com/xmlschemas/ProfileExtension/v1">
  <Activities>
    <Activity Sport="Other">
      <Id>2026-07-29T16:32:09.000Z</Id>
      <Lap StartTime="2026-07-29T16:32:09.000Z">
        <TotalTimeSeconds>1639.101</TotalTimeSeconds>
        <DistanceMeters>3543.28</DistanceMeters>
        <MaximumSpeed>3.619999885559082</MaximumSpeed>
        <Calories>198</Calories>
        <AverageHeartRateBpm>
          <Value>91</Value>
        </AverageHeartRateBpm>
        <MaximumHeartRateBpm>
          <Value>112</Value>
        </MaximumHeartRateBpm>
        <Intensity>Active</Intensity>
        <TriggerMethod>Manual</TriggerMethod>
        <Track>
          <Trackpoint>
            <Time>2026-07-29T16:32:09.000Z</Time>
            <Position>
              <LatitudeDegrees>44.289185190573335</LatitudeDegrees>
              <LongitudeDegrees>-81.59192509017885</LongitudeDegrees>
            </Position>
            <AltitudeMeters>175.1999969482422</AltitudeMeters>
            <DistanceMeters>0.0</DistanceMeters>
            <HeartRateBpm>
              <Value>86</Value>
            </HeartRateBpm>
            <Extensions>
              <ns3:TPX>
                <ns3:Speed>0.0</ns3:Speed>
              </ns3:TPX>
            </Extensions>
          </Trackpoint>
          <Trackpoint>
            <Time>2026-07-29T16:32:10.000Z</Time>
            <Position>
              <LatitudeDegrees>44.2892112582922</LatitudeDegrees>
              <LongitudeDegrees>-81.59179751761258</LongitudeDegrees>
            </Position>
            <AltitudeMeters>175.1999969482422</AltitudeMeters>
            <DistanceMeters>0.0</DistanceMeters>
            <HeartRateBpm>
              <Value>86</Value>
            </HeartRateBpm>
            <Extensions>
              <ns3:TPX>
                <ns3:Speed>0.0</ns3:Speed>
              </ns3:TPX>
            </Extensions>
          </Trackpoint>
          <Trackpoint>
            <Time>2026-07-29T16:32:13.000Z</Time>
            <Position>
              <LatitudeDegrees>44.28917261771858</LatitudeDegrees>
              <LongitudeDegrees>-81.59169383347034</LongitudeDegrees>
            </Position>
            <AltitudeMeters>175.1999969482422</AltitudeMeters>
            <DistanceMeters>0.05999999865889549</DistanceMeters>
            <HeartRateBpm>
              <Value>83</Value>
            </HeartRateBpm>
            <Extensions>
              <ns3:TPX>
                <ns3:Speed>0.0</ns3:Speed>
              </ns3:TPX>
            </Extensions>
          </Trackpoint>
          <Trackpoint>
            <Time>2026-07-29T16:32:16.000Z</Time>
            <Position>
              <LatitudeDegrees>44.28912936709821</LatitudeDegrees>
              <LongitudeDegrees>-81.59170079044998</LongitudeDegrees>
            </Position>
            <AltitudeMeters>175.1999969482422</AltitudeMeters>
            <DistanceMeters>0.05999999865889549</DistanceMeters>
            <HeartRateBpm>
              <Value>85</Value>
            </HeartRateBpm>
            <Extensions>
              <ns3:TPX>
                <ns3:Speed>0.0</ns3:Speed>
              </ns3:TPX>
            </Extensions>
          </Trackpoint>
          <Trackpoint>
            <Time>2026-07-29T16:32:29.000Z</Time>
            <Position>
              <LatitudeDegrees>44.289116794243455</LatitudeDegrees>
              <LongitudeDegrees>-81.59172208048403</LongitudeDegrees>
            </Position>
            <AltitudeMeters>175.1999969482422</AltitudeMeters>
            <DistanceMeters>2.609999895095825</DistanceMeters>
            <HeartRateBpm>
              <Value>86</Value>
            </HeartRateBpm>
            <Extensions>
              <ns3:TPX>
                <ns3:Speed>0.0</ns3:Speed>
              </ns3:TPX>
            </Extensions>
          </Trackpoint>
          <Trackpoint>
            <Time>2026-07-29T16:32:37.000Z</Time>
            <Position>
              <LatitudeDegrees>44.28912576287985</LatitudeDegrees>
              <LongitudeDegrees>-81.59175946377218</LongitudeDegrees>
            </Position>
            <AltitudeMeters>175.1999969482422</AltitudeMeters>
            <DistanceMeters>5.960000038146973</DistanceMeters>
            <HeartRateBpm>
              <Value>88</Value>
            </HeartRateBpm>
            <Extensions>
              <ns3:TPX>
                <ns3:Speed>0.0</ns3:Speed>
              </ns3:TPX>
            </Extensions>
          </Trackpoint>
          <Trackpoint>
            <Time>2026-07-29T16:32:44.000Z</Time>
            <Position>
              <LatitudeDegrees>44.289126098155975</LatitudeDegrees>
              <LongitudeDegrees>-81.59184169024229</LongitudeDegrees>
            </Position>
            <AltitudeMeters>175.1999969482422</AltitudeMeters>
            <DistanceMeters>12.430000305175781</DistanceMeters>
            <HeartRateBpm>
              <Value>87</Value>
            </HeartRateBpm>
            <Extensions>
              <ns3:TPX>
                <ns3:Speed>0.9800000190734863</ns3:Speed>
              </ns3:TPX>
            </Extensions>
          </Trackpoint>
          <Trackpoint>
            <Time>2026-07-29T16:32:45.000Z</Time>
            <Position>
              <LatitudeDegrees>44.28913255222142</LatitudeDegrees>
              <LongitudeDegrees>-81.59185501746833</LongitudeDegrees>
            </Position>
            <AltitudeMeters>175.1999969482422</AltitudeMeters>
            <DistanceMeters>13.710000038146973</DistanceMeters>
            <HeartRateBpm>
              <Value>87</Value>
            </HeartRateBpm>
            <Extensions>
              <ns3:TPX>
                <ns3:Speed>1.3619999885559082</ns3:Speed>
              </ns3:TPX>
            </Extensions>
          </Trackpoint>
          <Trackpoint>
            <Time>2026-07-29T16:32:47.000Z</Time>
            <Position>
              <LatitudeDegrees>44.28913716226816</LatitudeDegrees>
              <LongitudeDegrees>-81.59187731333077</LongitudeDegrees>
            </Position>
            <AltitudeMeters>175.1999969482422</AltitudeMeters>
            <DistanceMeters>15.550000190734863</DistanceMeters>
            <HeartRateBpm>
              <Value>86</Value>
            </HeartRateBpm>
            <Extensions>
              <ns3:TPX>
                <ns3:Speed>1.128999948501587</ns3:Speed>
              </ns3:TPX>
            </Extensions>
          </Trackpoint>
          <Trackpoint>
            <Time>2026-07-29T16:32:52.000Z</Time>
            <Position>
              <LatitudeDegrees>44.28914403542876</LatitudeDegrees>
              <LongitudeDegrees>-81.59194629639387</LongitudeDegrees>
            </Position>
            <AltitudeMeters>175.1999969482422</AltitudeMeters>
            <DistanceMeters>21.079999923706055</DistanceMeters>
            <HeartRateBpm>
              <Value>85</Value>
            </HeartRateBpm>
            <Extensions>
              <ns3:TPX>
                <ns3:Speed>1.1660000085830688</ns3:Speed>
              </ns3:TPX>
            </Extensions>
          </Trackpoint>
          <Trackpoint>
            <Time>2026-07-29T16:32:57.000Z</Time>
            <Position>
              <LatitudeDegrees>44.28915384225547</LatitudeDegrees>
              <LongitudeDegrees>-81.59209381788969</LongitudeDegrees>
            </Position>
            <AltitudeMeters>175.1999969482422</AltitudeMeters>
            <DistanceMeters>32.88999938964844</DistanceMeters>
            <HeartRateBpm>
              <Value>87</Value>
            </HeartRateBpm>
            <Extensions>
              <ns3:TPX>
                <ns3:Speed>2.5850000381469727</ns3:Speed>
              </ns3:TPX>
            </Extensions>
          </Trackpoint>
          <Trackpoint>
            <Time>2026-07-29T16:33:02.000Z</Time>
            <Position>
              <LatitudeDegrees>44.289149986580014</LatitudeDegrees>
              <LongitudeDegrees>-81.59226120449603</LongitudeDegrees>
            </Position>
            <AltitudeMeters>175.1999969482422</AltitudeMeters>
            <DistanceMeters>46.400001525878906</DistanceMeters>
            <HeartRateBpm>
              <Value>89</Value>
            </HeartRateBpm>
            <Extensions>
              <ns3:TPX>
                <ns3:Speed>2.546999931335449</ns3:Speed>
              </ns3:TPX>
            </Extensions>
          </Trackpoint>
          <Trackpoint>
            <Time>2026-07-29T16:33:06.000Z</Time>
            <Position>
              <LatitudeDegrees>44.28915987722576</LatitudeDegrees>
              <LongitudeDegrees>-81.59238282591105</LongitudeDegrees>
            </Position>
            <AltitudeMeters>175.1999969482422</AltitudeMeters>
            <DistanceMeters>56.20000076293945</DistanceMeters>
            <HeartRateBpm>
              <Value>92</Value>
            </HeartRateBpm>
            <Extensions>
              <ns3:TPX>
                <ns3:Speed>2.4630000591278076</ns3:Speed>
              </ns3:TPX>
            </Extensions>
          </Trackpoint>
          <Trackpoint>
            <Time>2026-07-29T16:33:11.000Z</Time>
            <Position>
              <LatitudeDegrees>44.289143113419414</LatitudeDegrees>
              <LongitudeDegrees>-81.59251475706697</LongitudeDegrees>
            </Position>
            <AltitudeMeters>175.1999969482422</AltitudeMeters>
            <DistanceMeters>66.87999725341797</DistanceMeters>
            <HeartRateBpm>
              <Value>93</Value>
            </HeartRateBpm>
            <Extensions>
              <ns3:TPX>
                <ns3:Speed>2.3610000610351562</ns3:Speed>
              </ns3:TPX>
            </Extensions>
          </Trackpoint>
          <Trackpoint>
            <Time>2026-07-29T16:33:21.000Z</Time>
            <Position>
              <LatitudeDegrees>44.28909516893327</LatitudeDegrees>
              <LongitudeDegrees>-81.59280057996511</LongitudeDegrees>
            </Position>
            <AltitudeMeters>175.39999389648438</AltitudeMeters>
            <DistanceMeters>90.30000305175781</DistanceMeters>
            <HeartRateBpm>
              <Value>95</Value>
            </HeartRateBpm>
            <Extensions>
              <ns3:TPX>
                <ns3:Speed>2.239000082015991</ns3:Speed>
              </ns3:TPX>
            </Extensions>
          </Trackpoint>
          <Trackpoint>
            <Time>2026-07-29T16:33:28.000Z</Time>
            <Position>
              <LatitudeDegrees>44.28903833962977</LatitudeDegrees>
              <LongitudeDegrees>-81.59297375008464</LongitudeDegrees>
            </Position>
            <AltitudeMeters>174.8000030517578</AltitudeMeters>
            <DistanceMeters>105.5199966430664</DistanceMeters>
            <HeartRateBpm>
              <Value>94</Value>
            </HeartRateBpm>
            <Extensions>
              <ns3:TPX>
                <ns3:Speed>2.239000082015991</ns3:Speed>
              </ns3:TPX>
            </Extensions>
          </Trackpoint>
          <Trackpoint>
            <Time>2026-07-29T16:33:38.000Z</Time>
            <Position>
              <LatitudeDegrees>44.288959465920925</LatitudeDegrees>
              <LongitudeDegrees>-81.59324255771935</LongitudeDegrees>
            </Position>
            <AltitudeMeters>174.8000030517578</AltitudeMeters>
            <DistanceMeters>128.72000122070312</DistanceMeters>
            <HeartRateBpm>
              <Value>97</Value>
            </HeartRateBpm>
            <Extensions>
              <ns3:TPX>
                <ns3:Speed>2.322999954223633</ns3:Speed>
              </ns3:TPX>
            </Extensions>
          </Trackpoint>
          <Trackpoint>
            <Time>2026-07-29T16:33:50.000Z</Time>
            <Position>
              <LatitudeDegrees>44.28890758194029</LatitudeDegrees>
              <LongitudeDegrees>-81.59361186437309</LongitudeDegrees>
            </Position>
            <AltitudeMeters>175.0</AltitudeMeters>
            <DistanceMeters>158.83999633789062</DistanceMeters>
            <HeartRateBpm>
              <Value>97</Value>
            </HeartRateBpm>
            <Extensions>
              <ns3:TPX>
                <ns3:Speed>2.500999927520752</ns3:Speed>
              </ns3:TPX>
            </Extensions>
          </Trackpoint>
          <Trackpoint>
            <Time>2026-07-29T16:34:01.000Z</Time>
            <Position>
              <LatitudeDegrees>44.2888639960438</LatitudeDegrees>
              <LongitudeDegrees>-81.59390808083117</LongitudeDegrees>
            </Position>
            <AltitudeMeters>175.60000610351562</AltitudeMeters>
            <DistanceMeters>183.07000732421875</DistanceMeters>
            <HeartRateBpm>
              <Value>95</Value>
            </HeartRateBpm>
            <Extensions>
              <ns3:TPX>
                <ns3:Speed>2.2019999027252197</ns3:Speed>
              </ns3:TPX>
            </Extensions>
          </Trackpoint>
          <Trackpoint>
            <Time>2026-07-29T16:34:04.000Z</Time>
            <Position>
              <LatitudeDegrees>44.28884111344814</LatitudeDegrees>
              <LongitudeDegrees>-81.59395711496472</LongitudeDegrees>
            </Position>
            <AltitudeMeters>175.8000030517578</AltitudeMeters>
            <DistanceMeters>187.67999267578125</DistanceMeters>
            <HeartRateBpm>
              <Value>91</Value>
            </HeartRateBpm>
            <Extensions>
              <ns3:TPX>
                <ns3:Speed>2.052999973297119</ns3:Speed>
              </ns3:TPX>
            </Extensions>
          </Trackpoint>
          <Trackpoint>
            <Time>2026-07-29T16:34:08.000Z</Time>
            <Position>
              <LatitudeDegrees>44.288834324106574</LatitudeDegrees>
              <LongitudeDegrees>-81.59402743913233</LongitudeDegrees>
            </Position>
            <AltitudeMeters>175.60000610351562</AltitudeMeters>
            <DistanceMeters>193.33999633789062</DistanceMeters>
            <HeartRateBpm>
              <Value>88</Value>
            </HeartRateBpm>
            <Extensions>
              <ns3:TPX>
                <ns3:Speed>1.5679999589920044</ns3:Speed>
              </ns3:TPX>
            </Extensions>
          </Trackpoint>
          <Trackpoint>
            <Time>2026-07-29T16:34:15.000Z</Time>
            <Position>
              <LatitudeDegrees>44.288828959688544</LatitudeDegrees>
              <LongitudeDegrees>-81.59418032504618</LongitudeDegrees>
            </Position>
            <AltitudeMeters>175.1999969482422</AltitudeMeters>
            <DistanceMeters>205.64999389648438</DistanceMeters>
            <HeartRateBpm>
              <Value>87</Value>
            </HeartRateBpm>
            <Extensions>
              <ns3:TPX>
                <ns3:Speed>1.7359999418258667</ns3:Speed>
              </ns3:TPX>
            </Extensions>
          </Trackpoint>
          <Trackpoint>
            <Time>2026-07-29T16:34:17.000Z</Time>
            <Position>
              <LatitudeDegrees>44.28882971405983</LatitudeDegrees>
              <LongitudeDegrees>-81.5942258387804</LongitudeDegrees>
            </Position>
            <AltitudeMeters>175.39999389648438</AltitudeMeters>
            <DistanceMeters>209.27999877929688</DistanceMeters>
            <HeartRateBpm>
              <Value>86</Value>
            </HeartRateBpm>
            <Extensions>
              <ns3:TPX>
                <ns3:Speed>1.847000002861023</ns3:Speed>
              </ns3:TPX>
            </Extensions>
          </Trackpoint>
          <Trackpoint>
            <Time>2026-07-29T16:34:25.000Z</Time>
            <Position>
              <LatitudeDegrees>44.28880096413195</LatitudeDegrees>
              <LongitudeDegrees>-81.59440831281245</LongitudeDegrees>
            </Position>
            <AltitudeMeters>175.39999389648438</AltitudeMeters>
            <DistanceMeters>224.22000122070312</DistanceMeters>
            <HeartRateBpm>
              <Value>89</Value>
            </HeartRateBpm>
            <Extensions>
              <ns3:TPX>
                <ns3:Speed>1.8569999933242798</ns3:Speed>
              </ns3:TPX>
            </Extensions>
          </Trackpoint>
          <Trackpoint>
            <Time>2026-07-29T16:34:30.000Z</Time>
            <Position>
              <LatitudeDegrees>44.28877322003245</LatitudeDegrees>
              <LongitudeDegrees>-81.59455105662346</LongitudeDegrees>
            </Position>
            <AltitudeMeters>175.8000030517578</AltitudeMeters>
            <DistanceMeters>235.97999572753906</DistanceMeters>
            <HeartRateBpm>
              <Value>92</Value>
            </HeartRateBpm>
            <Extensions>
              <ns3:TPX>
                <ns3:Speed>2.2109999656677246</ns3:Speed>
              </ns3:TPX>
            </Extensions>
          </Trackpoint>
          <Trackpoint>
            <Time>2026-07-29T16:34:33.000Z</Time>
            <Position>
              <LatitudeDegrees>44.28873499855399</LatitudeDegrees>
              <LongitudeDegrees>-81.5946304332465</LongitudeDegrees>
            </Position>
            <AltitudeMeters>175.60000610351562</AltitudeMeters>
            <DistanceMeters>243.61000061035156</DistanceMeters>
            <HeartRateBpm>
              <Value>92</Value>
            </HeartRateBpm>
            <Extensions>
              <ns3:TPX>
                <ns3:Speed>2.565999984741211</ns3:Speed>
              </ns3:TPX>
            </Extensions>
          </Trackpoint>
          <Trackpoint>
            <Time>2026-07-29T16:34:41.000Z</Time>
            <Position>
              <LatitudeDegrees>44.288648245856166</LatitudeDegrees>
              <LongitudeDegrees>-81.59487074241042</LongitudeDegrees>
            </Position>
            <AltitudeMeters>175.8000030517578</AltitudeMeters>
            <DistanceMeters>265.0899963378906</DistanceMeters>
            <HeartRateBpm>
              <Value>93</Value>
            </HeartRateBpm>
            <Extensions>
              <ns3:TPX>
                <ns3:Speed>2.6500000953674316</ns3:Speed>
              </ns3:TPX>
            </Extensions>
          </Trackpoint>
          <Trackpoint>
            <Time>2026-07-29T16:34:53.000Z</Time>
            <Position>
              <LatitudeDegrees>44.28853542543948</LatitudeDegrees>
              <LongitudeDegrees>-81.59530266188085</LongitudeDegrees>
            </Position>
            <AltitudeMeters>175.8000030517578</AltitudeMeters>
            <DistanceMeters>301.7799987792969</DistanceMeters>
            <HeartRateBpm>
              <Value>91</Value>
            </HeartRateBpm>
            <Extensions>
              <ns3:TPX>
                <ns3:Speed>3.0510001182556152</ns3:Speed>
              </ns3:TPX>
            </Extensions>
          </Trackpoint>
          <Trackpoint>
            <Time>2026-07-29T16:35:03.000Z</Time>
            <Position>
              <LatitudeDegrees>44.28845688700676</LatitudeDegrees>
              <LongitudeDegrees>-81.59563978202641</LongitudeDegrees>
            </Position>
            <AltitudeMeters>176.0</AltitudeMeters>
            <DistanceMeters>330.1199951171875</DistanceMeters>
            <HeartRateBpm>
              <Value>91</Value>
            </HeartRateBpm>
            <Extensions>
              <ns3:TPX>
                <ns3:Speed>2.8369998931884766</ns3:Speed>
              </ns3:TPX>
            </Extensions>
          </Trackpoint>
          <Trackpoint>
            <Time>2026-07-29T16:35:08.000Z</Time>
            <Position>
              <LatitudeDegrees>44.288434172049165</LatitudeDegrees>
              <LongitudeDegrees>-81.59580985084176</LongitudeDegrees>
            </Position>
            <AltitudeMeters>176.39999389648438</AltitudeMeters>
            <DistanceMeters>343.9100036621094</DistanceMeters>
            <HeartRateBpm>
              <Value>90</Value>
            </HeartRateBpm>
            <Extensions>
              <ns3:TPX>
                <ns3:Speed>2.76200008392334</ns3:Speed>
              </ns3:TPX>
            </Extensions>
          </Trackpoint>
          <Trackpoint>
            <Time>2026-07-29T16:35:11.000Z</Time>
            <Position>
              <LatitudeDegrees>44.28842805325985</LatitudeDegrees>
              <LongitudeDegrees>-81.59590020775795</LongitudeDegrees>
            </Position>
            <AltitudeMeters>176.60000610351562</AltitudeMeters>
            <DistanceMeters>351.1499938964844</DistanceMeters>
            <HeartRateBpm>
              <Value>89</Value>
            </HeartRateBpm>
            <Extensions>
              <ns3:TPX>
                <ns3:Speed>2.697000026702881</ns3:Speed>
              </ns3:TPX>
            </Extensions>
          </Trackpoint>
          <Trackpoint>
            <Time>2026-07-29T16:35:19.000Z</Time>
            <Position>
              <LatitudeDegrees>44.28841112181544</LatitudeDegrees>
              <LongitudeDegrees>-81.59614814445376</LongitudeDegrees>
            </Position>
            <AltitudeMeters>176.60000610351562</AltitudeMeters>
            <DistanceMeters>371.0299987792969</DistanceMeters>
            <HeartRateBpm>
              <Value>92</Value>
            </HeartRateBpm>
            <Extensions>
              <ns3:TPX>
                <ns3:Speed>2.509999990463257</ns3:Speed>
              </ns3:TPX>
            </Extensions>
          </Trackpoint>
          <Trackpoint>
            <Time>2026-07-29T16:35:21.000Z</Time>
            <Position>
              <LatitudeDegrees>44.28840986452997</LatitudeDegrees>
              <LongitudeDegrees>-81.59620178863406</LongitudeDegrees>
            </Position>
            <AltitudeMeters>176.60000610351562</AltitudeMeters>
            <DistanceMeters>375.2799987792969</DistanceMeters>
            <HeartRateBpm>
              <Value>91</Value>
            </HeartRateBpm>
            <Extensions>
              <ns3:TPX>
                <ns3:Speed>2.509999990463257</ns3:Speed>
              </ns3:TPX>
            </Extensions>
          </Trackpoint>
          <Trackpoint>
            <Time>2026-07-29T16:35:28.000Z</Time>
            <Position>
              <LatitudeDegrees>44.28841992281377</LatitudeDegrees>
              <LongitudeDegrees>-81.59641049802303</LongitudeDegrees>
            </Position>
            <AltitudeMeters>176.1999969482422</AltitudeMeters>
            <DistanceMeters>392.1400146484375</DistanceMeters>
            <HeartRateBpm>
              <Value>90</Value>
            </HeartRateBpm>
            <Extensions>
              <ns3:TPX>
                <ns3:Speed>2.313999891281128</ns3:Speed>
              </ns3:TPX>
            </Extensions>
          </Trackpoint>
          <Trackpoint>
            <Time>2026-07-29T16:35:33.000Z</Time>
            <Position>
              <LatitudeDegrees>44.288453701883554</LatitudeDegrees>
              <LongitudeDegrees>-81.59655684605241</LongitudeDegrees>
            </Position>
            <AltitudeMeters>176.39999389648438</AltitudeMeters>
            <DistanceMeters>404.4100036621094</DistanceMeters>
            <HeartRateBpm>
              <Value>87</Value>
            </HeartRateBpm>
            <Extensions>
              <ns3:TPX>
                <ns3:Speed>2.322999954223633</ns3:Speed>
              </ns3:TPX>
            </Extensions>
          </Trackpoint>
          <Trackpoint>
            <Time>2026-07-29T16:35:38.000Z</Time>
            <Position>
              <LatitudeDegrees>44.28847650066018</LatitudeDegrees>
              <LongitudeDegrees>-81.59670964814723</LongitudeDegrees>
            </Position>
            <AltitudeMeters>176.39999389648438</AltitudeMeters>
            <DistanceMeters>416.8800048828125</DistanceMeters>
            <HeartRateBpm>
              <Value>90</Value>
            </HeartRateBpm>
            <Extensions>
              <ns3:TPX>
                <ns3:Speed>2.3889999389648438</ns3:Speed>
              </ns3:TPX>
            </Extensions>
          </Trackpoint>
          <Trackpoint>
            <Time>2026-07-29T16:35:39.000Z</Time>
            <Position>
              <LatitudeDegrees>44.288479685783386</LatitudeDegrees>
              <LongitudeDegrees>-81.59673621878028</LongitudeDegrees>
            </Position>
            <AltitudeMeters>176.39999389648438</AltitudeMeters>
            <DistanceMeters>419.0199890136719</DistanceMeters>
            <HeartRateBpm>
              <Value>89</Value>
            </HeartRateBpm>
            <Extensions>
              <ns3:TPX>
                <ns3:Speed>2.3980000019073486</ns3:Speed>
              </ns3:TPX>
            </Extensions>
          </Trackpoint>
          <Trackpoint>
            <Time>2026-07-29T16:35:42.000Z</Time>
            <Position>
              <LatitudeDegrees>44.288489911705256</LatitudeDegrees>
              <LongitudeDegrees>-81.59682070836425</LongitudeDegrees>
            </Position>
            <AltitudeMeters>176.39999389648438</AltitudeMeters>
            <DistanceMeters>425.8599853515625</DistanceMeters>
            <HeartRateBpm>
              <Value>86</Value>
            </HeartRateBpm>
            <Extensions>
              <ns3:TPX>
                <ns3:Speed>2.3610000610351562</ns3:Speed>
              </ns3:TPX>
            </Extensions>
          </Trackpoint>
          <Trackpoint>
            <Time>2026-07-29T16:35:46.000Z</Time>
            <Position>
              <LatitudeDegrees>44.28850374184549</LatitudeDegrees>
              <LongitudeDegrees>-81.59690762870014</LongitudeDegrees>
            </Position>
            <AltitudeMeters>176.39999389648438</AltitudeMeters>
            <DistanceMeters>432.9700012207031</DistanceMeters>
            <HeartRateBpm>
              <Value>83</Value>
            </HeartRateBpm>
            <Extensions>
              <ns3:TPX>
                <ns3:Speed>2.118000030517578</ns3:Speed>
              </ns3:TPX>
            </Extensions>
          </Trackpoint>
          <Trackpoint>
            <Time>2026-07-29T16:35:50.000Z</Time>
            <Position>
              <LatitudeDegrees>44.28851262666285</LatitudeDegrees>
              <LongitudeDegrees>-81.59698901697993</LongitudeDegrees>
            </Position>
            <AltitudeMeters>176.1999969482422</AltitudeMeters>
            <DistanceMeters>439.54998779296875</DistanceMeters>
            <HeartRateBpm>
              <Value>80</Value>
            </HeartRateBpm>
            <Extensions>
              <ns3:TPX>
                <ns3:Speed>1.8289999961853027</ns3:Speed>
              </ns3:TPX>
            </Extensions>
          </Trackpoint>
          <Trackpoint>
            <Time>2026-07-29T16:35:51.000Z</Time>
            <Position>
              <LatitudeDegrees>44.28851413540542</LatitudeDegrees>
              <LongitudeDegrees>-81.59701039083302</LongitudeDegrees>
            </Position>
            <AltitudeMeters>176.1999969482422</AltitudeMeters>
            <DistanceMeters>441.2699890136719</DistanceMeters>
            <HeartRateBpm>
              <Value>80</Value>
            </HeartRateBpm>
            <Extensions>
              <ns3:TPX>
                <ns3:Speed>1.6519999504089355</ns3:Speed>
              </ns3:TPX>
            </Extensions>
          </Trackpoint>
          <Trackpoint>
            <Time>2026-07-29T16:36:01.000Z</Time>
            <Position>
              <LatitudeDegrees>44.28852251730859</LatitudeDegrees>
              <LongitudeDegrees>-81.59721650183201</LongitudeDegrees>
            </Position>
            <AltitudeMeters>176.39999389648438</AltitudeMeters>
            <DistanceMeters>457.75</DistanceMeters>
            <HeartRateBpm>
              <Value>82</Value>
            </HeartRateBpm>
            <Extensions>
              <ns3:TPX>
                <ns3:Speed>1.5679999589920044</ns3:Speed>
              </ns3:TPX>
            </Extensions>
          </Trackpoint>
          <Trackpoint>
            <Time>2026-07-29T16:36:11.000Z</Time>
            <Position>
              <LatitudeDegrees>44.288533916696906</LatitudeDegrees>
              <LongitudeDegrees>-81.59741305746138</LongitudeDegrees>
            </Position>
            <AltitudeMeters>176.1999969482422</AltitudeMeters>
            <DistanceMeters>473.5799865722656</DistanceMeters>
            <HeartRateBpm>
              <Value>83</Value>
            </HeartRateBpm>
            <Extensions>
              <ns3:TPX>
                <ns3:Speed>1.6050000190734863</ns3:Speed>
              </ns3:TPX>
            </Extensions>
          </Trackpoint>
          <Trackpoint>
            <Time>2026-07-29T16:36:22.000Z</Time>
            <Position>
              <LatitudeDegrees>44.28856384009123</LatitudeDegrees>
              <LongitudeDegrees>-81.59770474769175</LongitudeDegrees>
            </Position>
            <AltitudeMeters>176.1999969482422</AltitudeMeters>
            <DistanceMeters>497.1199951171875</DistanceMeters>
            <HeartRateBpm>
              <Value>85</Value>
            </HeartRateBpm>
            <Extensions>
              <ns3:TPX>
                <ns3:Speed>2.127000093460083</ns3:Speed>
              </ns3:TPX>
            </Extensions>
          </Trackpoint>
          <Trackpoint>
            <Time>2026-07-29T16:36:32.000Z</Time>
            <Position>
              <LatitudeDegrees>44.28855428472161</LatitudeDegrees>
              <LongitudeDegrees>-81.59801135770977</LongitudeDegrees>
            </Position>
            <AltitudeMeters>176.1999969482422</AltitudeMeters>
            <DistanceMeters>521.6500244140625</DistanceMeters>
            <HeartRateBpm>
              <Value>84</Value>
            </HeartRateBpm>
            <Extensions>
              <ns3:TPX>
                <ns3:Speed>2.509999990463257</ns3:Speed>
              </ns3:TPX>
            </Extensions>
          </Trackpoint>
          <Trackpoint>
            <Time>2026-07-29T16:36:43.000Z</Time>
            <Position>
              <LatitudeDegrees>44.288519751280546</LatitudeDegrees>
              <LongitudeDegrees>-81.598363481462</LongitudeDegrees>
            </Position>
            <AltitudeMeters>176.39999389648438</AltitudeMeters>
            <DistanceMeters>550.010009765625</DistanceMeters>
            <HeartRateBpm>
              <Value>83</Value>
            </HeartRateBpm>
            <Extensions>
              <ns3:TPX>
                <ns3:Speed>2.5190000534057617</ns3:Speed>
              </ns3:TPX>
            </Extensions>
          </Trackpoint>
          <Trackpoint>
            <Time>2026-07-29T16:36:48.000Z</Time>
            <Position>
              <LatitudeDegrees>44.28850592114031</LatitudeDegrees>
              <LongitudeDegrees>-81.59851309843361</LongitudeDegrees>
            </Position>
            <AltitudeMeters>176.0</AltitudeMeters>
            <DistanceMeters>562.0599975585938</DistanceMeters>
            <HeartRateBpm>
              <Value>80</Value>
            </HeartRateBpm>
            <Extensions>
              <ns3:TPX>
                <ns3:Speed>2.444999933242798</ns3:Speed>
              </ns3:TPX>
            </Extensions>
          </Trackpoint>
          <Trackpoint>
            <Time>2026-07-29T16:36:51.000Z</Time>
            <Position>
              <LatitudeDegrees>44.288496701046824</LatitudeDegrees>
              <LongitudeDegrees>-81.59859976731241</LongitudeDegrees>
            </Position>
            <AltitudeMeters>176.0</AltitudeMeters>
            <DistanceMeters>569.0499877929688</DistanceMeters>
            <HeartRateBpm>
              <Value>77</Value>
            </HeartRateBpm>
            <Extensions>
              <ns3:TPX>
                <ns3:Speed>2.444999933242798</ns3:Speed>
              </ns3:TPX>
            </Extensions>
          </Trackpoint>
          <Trackpoint>
            <Time>2026-07-29T16:36:53.000Z</Time>
            <Position>
              <LatitudeDegrees>44.288486894220114</LatitudeDegrees>
              <LongitudeDegrees>-81.59866774454713</LongitudeDegrees>
            </Position>
            <AltitudeMeters>176.0</AltitudeMeters>
            <DistanceMeters>574.5900268554688</DistanceMeters>
            <HeartRateBpm>
              <Value>76</Value>
            </HeartRateBpm>
            <Extensions>
              <ns3:TPX>
                <ns3:Speed>2.444999933242798</ns3:Speed>
              </ns3:TPX>
            </Extensions>
          </Trackpoint>
          <Trackpoint>
            <Time>2026-07-29T16:37:00.000Z</Time>
            <Position>
              <LatitudeDegrees>44.28844230249524</LatitudeDegrees>
              <LongitudeDegrees>-81.59891760908067</LongitudeDegrees>
            </Position>
            <AltitudeMeters>176.0</AltitudeMeters>
            <DistanceMeters>595.25</DistanceMeters>
            <HeartRateBpm>
              <Value>75</Value>
            </HeartRateBpm>
            <Extensions>
              <ns3:TPX>
                <ns3:Speed>2.743000030517578</ns3:Speed>
              </ns3:TPX>
            </Extensions>
          </Trackpoint>
          <Trackpoint>
            <Time>2026-07-29T16:37:08.000Z</Time>
            <Position>
              <LatitudeDegrees>44.28837776184082</LatitudeDegrees>
              <LongitudeDegrees>-81.59918365068734</LongitudeDegrees>
            </Position>
            <AltitudeMeters>176.1999969482422</AltitudeMeters>
            <DistanceMeters>617.6500244140625</DistanceMeters>
            <HeartRateBpm>
              <Value>74</Value>
            </HeartRateBpm>
            <Extensions>
              <ns3:TPX>
                <ns3:Speed>2.8550000190734863</ns3:Speed>
              </ns3:TPX>
            </Extensions>
          </Trackpoint>
          <Trackpoint>
            <Time>2026-07-29T16:37:15.000Z</Time>
            <Position>
              <LatitudeDegrees>44.28834465332329</LatitudeDegrees>
              <LongitudeDegrees>-81.59940040670335</LongitudeDegrees>
            </Position>
            <AltitudeMeters>176.1999969482422</AltitudeMeters>
            <DistanceMeters>635.4299926757812</DistanceMeters>
            <HeartRateBpm>
              <Value>71</Value>
            </HeartRateBpm>
            <Extensions>
              <ns3:TPX>
                <ns3:Speed>2.6500000953674316</ns3:Speed>
              </ns3:TPX>
            </Extensions>
          </Trackpoint>
          <Trackpoint>
            <Time>2026-07-29T16:37:16.000Z</Time>
            <Position>
              <LatitudeDegrees>44.288340797647834</LatitudeDegrees>
              <LongitudeDegrees>-81.5994325093925</LongitudeDegrees>
            </Position>
            <AltitudeMeters>176.1999969482422</AltitudeMeters>
            <DistanceMeters>638.02001953125</DistanceMeters>
            <HeartRateBpm>
              <Value>71</Value>
            </HeartRateBpm>
            <Extensions>
              <ns3:TPX>
                <ns3:Speed>2.6589999198913574</ns3:Speed>
              </ns3:TPX>
            </Extensions>
          </Trackpoint>
          <Trackpoint>
            <Time>2026-07-29T16:37:23.000Z</Time>
            <Position>
              <LatitudeDegrees>44.28831732831895</LatitudeDegrees>
              <LongitudeDegrees>-81.59966695122421</LongitudeDegrees>
            </Position>
            <AltitudeMeters>176.1999969482422</AltitudeMeters>
            <DistanceMeters>657.010009765625</DistanceMeters>
            <HeartRateBpm>
              <Value>72</Value>
            </HeartRateBpm>
            <Extensions>
              <ns3:TPX>
                <ns3:Speed>2.7060000896453857</ns3:Speed>
              </ns3:TPX>
            </Extensions>
          </Trackpoint>
          <Trackpoint>
            <Time>2026-07-29T16:37:28.000Z</Time>
            <Position>
              <LatitudeDegrees>44.288283213973045</LatitudeDegrees>
              <LongitudeDegrees>-81.59982335753739</LongitudeDegrees>
            </Position>
            <AltitudeMeters>176.1999969482422</AltitudeMeters>
            <DistanceMeters>670.0900268554688</DistanceMeters>
            <HeartRateBpm>
              <Value>75</Value>
            </HeartRateBpm>
            <Extensions>
              <ns3:TPX>
                <ns3:Speed>2.6689999103546143</ns3:Speed>
              </ns3:TPX>
            </Extensions>
          </Trackpoint>
          <Trackpoint>
            <Time>2026-07-29T16:37:29.000Z</Time>
            <Position>
              <LatitudeDegrees>44.28827801719308</LatitudeDegrees>
              <LongitudeDegrees>-81.59985680133104</LongitudeDegrees>
            </Position>
            <AltitudeMeters>176.1999969482422</AltitudeMeters>
            <DistanceMeters>672.8200073242188</DistanceMeters>
            <HeartRateBpm>
              <Value>76</Value>
            </HeartRateBpm>
            <Extensions>
              <ns3:TPX>
                <ns3:Speed>2.6589999198913574</ns3:Speed>
              </ns3:TPX>
            </Extensions>
          </Trackpoint>
          <Trackpoint>
            <Time>2026-07-29T16:37:35.000Z</Time>
            <Position>
              <LatitudeDegrees>44.2882389575243</LatitudeDegrees>
              <LongitudeDegrees>-81.60007808357477</LongitudeDegrees>
            </Position>
            <AltitudeMeters>176.39999389648438</AltitudeMeters>
            <DistanceMeters>691.010009765625</DistanceMeters>
            <HeartRateBpm>
              <Value>79</Value>
            </HeartRateBpm>
            <Extensions>
              <ns3:TPX>
                <ns3:Speed>2.9210000038146973</ns3:Speed>
              </ns3:TPX>
            </Extensions>
          </Trackpoint>
          <Trackpoint>
            <Time>2026-07-29T16:37:38.000Z</Time>
            <Position>
              <LatitudeDegrees>44.2882286477834</LatitudeDegrees>
              <LongitudeDegrees>-81.60019149072468</LongitudeDegrees>
            </Position>
            <AltitudeMeters>176.39999389648438</AltitudeMeters>
            <DistanceMeters>700.1599731445312</DistanceMeters>
            <HeartRateBpm>
              <Value>82</Value>
            </HeartRateBpm>
            <Extensions>
              <ns3:TPX>
                <ns3:Speed>3.0320000648498535</ns3:Speed>
              </ns3:TPX>
            </Extensions>
          </Trackpoint>
          <Trackpoint>
            <Time>2026-07-29T16:37:39.000Z</Time>
            <Position>
              <LatitudeDegrees>44.28822437301278</LatitudeDegrees>
              <LongitudeDegrees>-81.60022920928895</LongitudeDegrees>
            </Position>
            <AltitudeMeters>176.39999389648438</AltitudeMeters>
            <DistanceMeters>703.2100219726562</DistanceMeters>
            <HeartRateBpm>
              <Value>82</Value>
            </HeartRateBpm>
            <Extensions>
              <ns3:TPX>
                <ns3:Speed>3.0320000648498535</ns3:Speed>
              </ns3:TPX>
            </Extensions>
          </Trackpoint>
          <Trackpoint>
            <Time>2026-07-29T16:37:46.000Z</Time>
            <Position>
              <LatitudeDegrees>44.2881924379617</LatitudeDegrees>
              <LongitudeDegrees>-81.60044160671532</LongitudeDegrees>
            </Position>
            <AltitudeMeters>176.60000610351562</AltitudeMeters>
            <DistanceMeters>720.510009765625</DistanceMeters>
            <HeartRateBpm>
              <Value>84</Value>
            </HeartRateBpm>
            <Extensions>
              <ns3:TPX>
                <ns3:Speed>2.575000047683716</ns3:Speed>
              </ns3:TPX>
            </Extensions>
          </Trackpoint>
          <Trackpoint>
            <Time>2026-07-29T16:37:57.000Z</Time>
            <Position>
              <LatitudeDegrees>44.288111301139</LatitudeDegrees>
              <LongitudeDegrees>-81.60078526474535</LongitudeDegrees>
            </Position>
            <AltitudeMeters>176.8000030517578</AltitudeMeters>
            <DistanceMeters>749.4299926757812</DistanceMeters>
            <HeartRateBpm>
              <Value>84</Value>
            </HeartRateBpm>
            <Extensions>
              <ns3:TPX>
                <ns3:Speed>2.6029999256134033</ns3:Speed>
              </ns3:TPX>
            </Extensions>
          </Trackpoint>
          <Trackpoint>
            <Time>2026-07-29T16:38:05.000Z</Time>
            <Position>
              <LatitudeDegrees>44.2881250474602</LatitudeDegrees>
              <LongitudeDegrees>-81.6009674873203</LongitudeDegrees>
            </Position>
            <AltitudeMeters>177.39999389648438</AltitudeMeters>
            <DistanceMeters>764.3699951171875</DistanceMeters>
            <HeartRateBpm>
              <Value>84</Value>
            </HeartRateBpm>
            <Extensions>
              <ns3:TPX>
                <ns3:Speed>2.0899999141693115</ns3:Speed>
              </ns3:TPX>
            </Extensions>
          </Trackpoint>
          <Trackpoint>
            <Time>2026-07-29T16:38:06.000Z</Time>
            <Position>
              <LatitudeDegrees>44.28812940604985</LatitudeDegrees>
              <LongitudeDegrees>-81.6009830776602</LongitudeDegrees>
            </Position>
            <AltitudeMeters>177.39999389648438</AltitudeMeters>
            <DistanceMeters>765.7000122070312</DistanceMeters>
            <HeartRateBpm>
              <Value>84</Value>
            </HeartRateBpm>
            <Extensions>
              <ns3:TPX>
                <ns3:Speed>1.8849999904632568</ns3:Speed>
              </ns3:TPX>
            </Extensions>
          </Trackpoint>
          <Trackpoint>
            <Time>2026-07-29T16:38:16.000Z</Time>
            <Position>
              <LatitudeDegrees>44.28818925283849</LatitudeDegrees>
              <LongitudeDegrees>-81.60118332132697</LongitudeDegrees>
            </Position>
            <AltitudeMeters>177.0</AltitudeMeters>
            <DistanceMeters>783.1500244140625</DistanceMeters>
            <HeartRateBpm>
              <Value>86</Value>
            </HeartRateBpm>
            <Extensions>
              <ns3:TPX>
                <ns3:Speed>1.7730000019073486</ns3:Speed>
              </ns3:TPX>
            </Extensions>
          </Trackpoint>
          <Trackpoint>
            <Time>2026-07-29T16:38:19.000Z</Time>
            <Position>
              <LatitudeDegrees>44.28820417262614</LatitudeDegrees>
              <LongitudeDegrees>-81.60124191083014</LongitudeDegrees>
            </Position>
            <AltitudeMeters>176.8000030517578</AltitudeMeters>
            <DistanceMeters>788.1099853515625</DistanceMeters>
            <HeartRateBpm>
              <Value>89</Value>
            </HeartRateBpm>
            <Extensions>
              <ns3:TPX>
                <ns3:Speed>1.7640000581741333</ns3:Speed>
              </ns3:TPX>
            </Extensions>
          </Trackpoint>
          <Trackpoint>
            <Time>2026-07-29T16:38:26.000Z</Time>
            <Position>
              <LatitudeDegrees>44.28822437301278</LatitudeDegrees>
              <LongitudeDegrees>-81.60137652419508</LongitudeDegrees>
            </Position>
            <AltitudeMeters>176.60000610351562</AltitudeMeters>
            <DistanceMeters>799.1400146484375</DistanceMeters>
            <HeartRateBpm>
              <Value>88</Value>
            </HeartRateBpm>
            <Extensions>
              <ns3:TPX>
                <ns3:Speed>1.6610000133514404</ns3:Speed>
              </ns3:TPX>
            </Extensions>
          </Trackpoint>
          <Trackpoint>
            <Time>2026-07-29T16:38:34.000Z</Time>
            <Position>
              <LatitudeDegrees>44.28823132999241</LatitudeDegrees>
              <LongitudeDegrees>-81.60160895437002</LongitudeDegrees>
            </Position>
            <AltitudeMeters>176.39999389648438</AltitudeMeters>
            <DistanceMeters>817.72998046875</DistanceMeters>
            <HeartRateBpm>
              <Value>89</Value>
            </HeartRateBpm>
            <Extensions>
              <ns3:TPX>
                <ns3:Speed>2.305000066757202</ns3:Speed>
              </ns3:TPX>
            </Extensions>
          </Trackpoint>
          <Trackpoint>
            <Time>2026-07-29T16:38:35.000Z</Time>
            <Position>
              <LatitudeDegrees>44.28823166526854</LatitudeDegrees>
              <LongitudeDegrees>-81.60163912922144</LongitudeDegrees>
            </Position>
            <AltitudeMeters>176.39999389648438</AltitudeMeters>
            <DistanceMeters>820.1400146484375</DistanceMeters>
            <HeartRateBpm>
              <Value>90</Value>
            </HeartRateBpm>
            <Extensions>
              <ns3:TPX>
                <ns3:Speed>2.322999954223633</ns3:Speed>
              </ns3:TPX>
            </Extensions>
          </Trackpoint>
          <Trackpoint>
            <Time>2026-07-29T16:38:39.000Z</Time>
            <Position>
              <LatitudeDegrees>44.288232335820794</LatitudeDegrees>
              <LongitudeDegrees>-81.60175940953195</LongitudeDegrees>
            </Position>
            <AltitudeMeters>176.39999389648438</AltitudeMeters>
            <DistanceMeters>829.75</DistanceMeters>
            <HeartRateBpm>
              <Value>93</Value>
            </HeartRateBpm>
            <Extensions>
              <ns3:TPX>
                <ns3:Speed>2.4260001182556152</ns3:Speed>
              </ns3:TPX>
            </Extensions>
          </Trackpoint>
          <Trackpoint>
            <Time>2026-07-29T16:38:44.000Z</Time>
            <Position>
              <LatitudeDegrees>44.28823543712497</LatitudeDegrees>
              <LongitudeDegrees>-81.60189896821976</LongitudeDegrees>
            </Position>
            <AltitudeMeters>176.60000610351562</AltitudeMeters>
            <DistanceMeters>840.9000244140625</DistanceMeters>
            <HeartRateBpm>
              <Value>93</Value>
            </HeartRateBpm>
            <Extensions>
              <ns3:TPX>
                <ns3:Speed>2.305000066757202</ns3:Speed>
              </ns3:TPX>
            </Extensions>
          </Trackpoint>
          <Trackpoint>
            <Time>2026-07-29T16:38:50.000Z</Time>
            <Position>
              <LatitudeDegrees>44.288228983059525</LatitudeDegrees>
              <LongitudeDegrees>-81.60207976587117</LongitudeDegrees>
            </Position>
            <AltitudeMeters>177.0</AltitudeMeters>
            <DistanceMeters>855.4299926757812</DistanceMeters>
            <HeartRateBpm>
              <Value>90</Value>
            </HeartRateBpm>
            <Extensions>
              <ns3:TPX>
                <ns3:Speed>2.257999897003174</ns3:Speed>
              </ns3:TPX>
            </Extensions>
          </Trackpoint>
          <Trackpoint>
            <Time>2026-07-29T16:38:52.000Z</Time>
            <Position>
              <LatitudeDegrees>44.28822294808924</LatitudeDegrees>
              <LongitudeDegrees>-81.60213869065046</LongitudeDegrees>
            </Position>
            <AltitudeMeters>177.0</AltitudeMeters>
            <DistanceMeters>860.1699829101562</DistanceMeters>
            <HeartRateBpm>
              <Value>90</Value>
            </HeartRateBpm>
            <Extensions>
              <ns3:TPX>
                <ns3:Speed>2.305000066757202</ns3:Speed>
              </ns3:TPX>
            </Extensions>
          </Trackpoint>
          <Trackpoint>
            <Time>2026-07-29T16:38:58.000Z</Time>
            <Position>
              <LatitudeDegrees>44.28821104578674</LatitudeDegrees>
              <LongitudeDegrees>-81.60229291766882</LongitudeDegrees>
            </Position>
            <AltitudeMeters>176.8000030517578</AltitudeMeters>
            <DistanceMeters>872.5999755859375</DistanceMeters>
            <HeartRateBpm>
              <Value>92</Value>
            </HeartRateBpm>
            <Extensions>
              <ns3:TPX>
                <ns3:Speed>1.2599999904632568</ns3:Speed>
              </ns3:TPX>
            </Extensions>
          </Trackpoint>
          <Trackpoint>
            <Time>2026-07-29T16:38:59.000Z</Time>
            <Position>
              <LatitudeDegrees>44.288212805986404</LatitudeDegrees>
              <LongitudeDegrees>-81.60230197012424</LongitudeDegrees>
            </Position>
            <AltitudeMeters>176.8000030517578</AltitudeMeters>
            <DistanceMeters>873.3300170898438</DistanceMeters>
            <HeartRateBpm>
              <Value>92</Value>
            </HeartRateBpm>
            <Extensions>
              <ns3:TPX>
                <ns3:Speed>0.597000002861023</ns3:Speed>
              </ns3:TPX>
            </Extensions>
          </Trackpoint>
          <Trackpoint>
            <Time>2026-07-29T16:39:05.000Z</Time>
            <Position>
              <LatitudeDegrees>44.288207022473216</LatitudeDegrees>
              <LongitudeDegrees>-81.60231739282608</LongitudeDegrees>
            </Position>
            <AltitudeMeters>176.39999389648438</AltitudeMeters>
            <DistanceMeters>875.6799926757812</DistanceMeters>
            <HeartRateBpm>
              <Value>91</Value>
            </HeartRateBpm>
            <Extensions>
              <ns3:TPX>
                <ns3:Speed>0.0</ns3:Speed>
              </ns3:TPX>
            </Extensions>
          </Trackpoint>
          <Trackpoint>
            <Time>2026-07-29T16:39:12.000Z</Time>
            <Position>
              <LatitudeDegrees>44.28816528059542</LatitudeDegrees>
              <LongitudeDegrees>-81.60228118300438</LongitudeDegrees>
            </Position>
            <AltitudeMeters>176.1999969482422</AltitudeMeters>
            <DistanceMeters>881.2999877929688</DistanceMeters>
            <HeartRateBpm>
              <Value>92</Value>
            </HeartRateBpm>
            <Extensions>
              <ns3:TPX>
                <ns3:Speed>1.0729999542236328</ns3:Speed>
              </ns3:TPX>
            </Extensions>
          </Trackpoint>
          <Trackpoint>
            <Time>2026-07-29T16:39:17.000Z</Time>
            <Position>
              <LatitudeDegrees>44.288135692477226</LatitudeDegrees>
              <LongitudeDegrees>-81.60226542502642</LongitudeDegrees>
            </Position>
            <AltitudeMeters>176.0</AltitudeMeters>
            <DistanceMeters>884.8400268554688</DistanceMeters>
            <HeartRateBpm>
              <Value>95</Value>
            </HeartRateBpm>
            <Extensions>
              <ns3:TPX>
                <ns3:Speed>0.8399999737739563</ns3:Speed>
              </ns3:TPX>
            </Extensions>
          </Trackpoint>
          <Trackpoint>
            <Time>2026-07-29T16:39:20.000Z</Time>
            <Position>
              <LatitudeDegrees>44.28811440244317</LatitudeDegrees>
              <LongitudeDegrees>-81.6022579651326</LongitudeDegrees>
            </Position>
            <AltitudeMeters>176.1999969482422</AltitudeMeters>
            <DistanceMeters>887.3300170898438</DistanceMeters>
            <HeartRateBpm>
              <Value>98</Value>
            </HeartRateBpm>
            <Extensions>
              <ns3:TPX>
                <ns3:Speed>0.7839999794960022</ns3:Speed>
              </ns3:TPX>
            </Extensions>
          </Trackpoint>
          <Trackpoint>
            <Time>2026-07-29T16:39:24.000Z</Time>
            <Position>
              <LatitudeDegrees>44.28810409270227</LatitudeDegrees>
              <LongitudeDegrees>-81.60225486382842</LongitudeDegrees>
            </Position>
            <AltitudeMeters>176.1999969482422</AltitudeMeters>
            <DistanceMeters>889.22998046875</DistanceMeters>
            <HeartRateBpm>
              <Value>101</Value>
            </HeartRateBpm>
            <Extensions>
              <ns3:TPX>
                <ns3:Speed>0.7279999852180481</ns3:Speed>
              </ns3:TPX>
            </Extensions>
          </Trackpoint>
          <Trackpoint>
            <Time>2026-07-29T16:39:25.000Z</Time>
            <Position>
              <LatitudeDegrees>44.288106355816126</LatitudeDegrees>
              <LongitudeDegrees>-81.60225469619036</LongitudeDegrees>
            </Position>
            <AltitudeMeters>176.39999389648438</AltitudeMeters>
            <DistanceMeters>889.4099731445312</DistanceMeters>
            <HeartRateBpm>
              <Value>101</Value>
            </HeartRateBpm>
            <Extensions>
              <ns3:TPX>
                <ns3:Speed>0.0</ns3:Speed>
              </ns3:TPX>
            </Extensions>
          </Trackpoint>
          <Trackpoint>
            <Time>2026-07-29T16:39:26.000Z</Time>
            <Position>
              <LatitudeDegrees>44.288102416321635</LatitudeDegrees>
              <LongitudeDegrees>-81.602251091972</LongitudeDegrees>
            </Position>
            <AltitudeMeters>176.39999389648438</AltitudeMeters>
            <DistanceMeters>889.9199829101562</DistanceMeters>
            <HeartRateBpm>
              <Value>101</Value>
            </HeartRateBpm>
            <Extensions>
              <ns3:TPX>
                <ns3:Speed>0.9610000252723694</ns3:Speed>
              </ns3:TPX>
            </Extensions>
          </Trackpoint>
          <Trackpoint>
            <Time>2026-07-29T16:39:29.000Z</Time>
            <Position>
              <LatitudeDegrees>44.28809445351362</LatitudeDegrees>
              <LongitudeDegrees>-81.60224178805947</LongitudeDegrees>
            </Position>
            <AltitudeMeters>176.39999389648438</AltitudeMeters>
            <DistanceMeters>891.1199951171875</DistanceMeters>
            <HeartRateBpm>
              <Value>102</Value>
            </HeartRateBpm>
            <Extensions>
              <ns3:TPX>
                <ns3:Speed>0.652999997138977</ns3:Speed>
              </ns3:TPX>
            </Extensions>
          </Trackpoint>
          <Trackpoint>
            <Time>2026-07-29T16:39:35.000Z</Time>
            <Position>
              <LatitudeDegrees>44.28806302137673</LatitudeDegrees>
              <LongitudeDegrees>-81.60222443751991</LongitudeDegrees>
            </Position>
            <AltitudeMeters>176.0</AltitudeMeters>
            <DistanceMeters>894.9500122070312</DistanceMeters>
            <HeartRateBpm>
              <Value>99</Value>
            </HeartRateBpm>
            <Extensions>
              <ns3:TPX>
                <ns3:Speed>0.699999988079071</ns3:Speed>
              </ns3:TPX>
            </Extensions>
          </Trackpoint>
          <Trackpoint>
            <Time>2026-07-29T16:39:39.000Z</Time>
            <Position>
              <LatitudeDegrees>44.28805665113032</LatitudeDegrees>
              <LongitudeDegrees>-81.60223390907049</LongitudeDegrees>
            </Position>
            <AltitudeMeters>175.8000030517578</AltitudeMeters>
            <DistanceMeters>895.9600219726562</DistanceMeters>
            <HeartRateBpm>
              <Value>97</Value>
            </HeartRateBpm>
            <Extensions>
              <ns3:TPX>
                <ns3:Speed>0.671999990940094</ns3:Speed>
              </ns3:TPX>
            </Extensions>
          </Trackpoint>
          <Trackpoint>
            <Time>2026-07-29T16:39:42.000Z</Time>
            <Position>
              <LatitudeDegrees>44.288043742999434</LatitudeDegrees>
              <LongitudeDegrees>-81.60226182080805</LongitudeDegrees>
            </Position>
            <AltitudeMeters>175.60000610351562</AltitudeMeters>
            <DistanceMeters>898.5999755859375</DistanceMeters>
            <HeartRateBpm>
              <Value>97</Value>
            </HeartRateBpm>
            <Extensions>
              <ns3:TPX>
                <ns3:Speed>0.9049999713897705</ns3:Speed>
              </ns3:TPX>
            </Extensions>
          </Trackpoint>
          <Trackpoint>
            <Time>2026-07-29T16:39:45.000Z</Time>
            <Position>
              <LatitudeDegrees>44.288035528734326</LatitudeDegrees>
              <LongitudeDegrees>-81.60230280831456</LongitudeDegrees>
            </Position>
            <AltitudeMeters>175.8000030517578</AltitudeMeters>
            <DistanceMeters>902.0399780273438</DistanceMeters>
            <HeartRateBpm>
              <Value>98</Value>
            </HeartRateBpm>
            <Extensions>
              <ns3:TPX>
                <ns3:Speed>1.2690000534057617</ns3:Speed>
              </ns3:TPX>
            </Extensions>
          </Trackpoint>
          <Trackpoint>
            <Time>2026-07-29T16:39:51.000Z</Time>
            <Position>
              <LatitudeDegrees>44.28803670220077</LatitudeDegrees>
              <LongitudeDegrees>-81.60244991071522</LongitudeDegrees>
            </Position>
            <AltitudeMeters>176.1999969482422</AltitudeMeters>
            <DistanceMeters>913.75</DistanceMeters>
            <HeartRateBpm>
              <Value>98</Value>
            </HeartRateBpm>
            <Extensions>
              <ns3:TPX>
                <ns3:Speed>2.3510000705718994</ns3:Speed>
              </ns3:TPX>
            </Extensions>
          </Trackpoint>
          <Trackpoint>
            <Time>2026-07-29T16:39:58.000Z</Time>
            <Position>
              <LatitudeDegrees>44.28805539384484</LatitudeDegrees>
              <LongitudeDegrees>-81.60267798230052</LongitudeDegrees>
            </Position>
            <AltitudeMeters>176.0</AltitudeMeters>
            <DistanceMeters>932.0599975585938</DistanceMeters>
            <HeartRateBpm>
              <Value>101</Value>
            </HeartRateBpm>
            <Extensions>
              <ns3:TPX>
                <ns3:Speed>2.434999942779541</ns3:Speed>
              </ns3:TPX>
            </Extensions>
          </Trackpoint>
          <Trackpoint>
            <Time>2026-07-29T16:40:03.000Z</Time>
            <Position>
              <LatitudeDegrees>44.28806779906154</LatitudeDegrees>
              <LongitudeDegrees>-81.60280966199934</LongitudeDegrees>
            </Position>
            <AltitudeMeters>176.1999969482422</AltitudeMeters>
            <DistanceMeters>942.7000122070312</DistanceMeters>
            <HeartRateBpm>
              <Value>104</Value>
            </HeartRateBpm>
            <Extensions>
              <ns3:TPX>
                <ns3:Speed>2.257999897003174</ns3:Speed>
              </ns3:TPX>
            </Extensions>
          </Trackpoint>
          <Trackpoint>
            <Time>2026-07-29T16:40:05.000Z</Time>
            <Position>
              <LatitudeDegrees>44.28807081654668</LatitudeDegrees>
              <LongitudeDegrees>-81.60283665172756</LongitudeDegrees>
            </Position>
            <AltitudeMeters>176.1999969482422</AltitudeMeters>
            <DistanceMeters>944.8599853515625</DistanceMeters>
            <HeartRateBpm>
              <Value>106</Value>
            </HeartRateBpm>
            <Extensions>
              <ns3:TPX>
                <ns3:Speed>0.8769999742507935</ns3:Speed>
              </ns3:TPX>
            </Extensions>
          </Trackpoint>
          <Trackpoint>
            <Time>2026-07-29T16:40:09.000Z</Time>
            <Position>
              <LatitudeDegrees>44.28807022981346</LatitudeDegrees>
              <LongitudeDegrees>-81.60284620709717</LongitudeDegrees>
            </Position>
            <AltitudeMeters>176.1999969482422</AltitudeMeters>
            <DistanceMeters>946.3300170898438</DistanceMeters>
            <HeartRateBpm>
              <Value>109</Value>
            </HeartRateBpm>
            <Extensions>
              <ns3:TPX>
                <ns3:Speed>0.0</ns3:Speed>
              </ns3:TPX>
            </Extensions>
          </Trackpoint>
          <Trackpoint>
            <Time>2026-07-29T16:40:11.000Z</Time>
            <Position>
              <LatitudeDegrees>44.28807073272765</LatitudeDegrees>
              <LongitudeDegrees>-81.60284050740302</LongitudeDegrees>
            </Position>
            <AltitudeMeters>176.0</AltitudeMeters>
            <DistanceMeters>946.9000244140625</DistanceMeters>
            <HeartRateBpm>
              <Value>109</Value>
            </HeartRateBpm>
            <Extensions>
              <ns3:TPX>
                <ns3:Speed>0.0</ns3:Speed>
              </ns3:TPX>
            </Extensions>
          </Trackpoint>
          <Trackpoint>
            <Time>2026-07-29T16:40:18.000Z</Time>
            <Position>
              <LatitudeDegrees>44.288057908415794</LatitudeDegrees>
              <LongitudeDegrees>-81.60280681215227</LongitudeDegrees>
            </Position>
            <AltitudeMeters>175.8000030517578</AltitudeMeters>
            <DistanceMeters>950.1199951171875</DistanceMeters>
            <HeartRateBpm>
              <Value>110</Value>
            </HeartRateBpm>
            <Extensions>
              <ns3:TPX>
                <ns3:Speed>0.5600000023841858</ns3:Speed>
              </ns3:TPX>
            </Extensions>
          </Trackpoint>
          <Trackpoint>
            <Time>2026-07-29T16:40:21.000Z</Time>
            <Position>
              <LatitudeDegrees>44.28807492367923</LatitudeDegrees>
              <LongitudeDegrees>-81.60277630202472</LongitudeDegrees>
            </Position>
            <AltitudeMeters>175.8000030517578</AltitudeMeters>
            <DistanceMeters>953.1799926757812</DistanceMeters>
            <HeartRateBpm>
              <Value>110</Value>
            </HeartRateBpm>
            <Extensions>
              <ns3:TPX>
                <ns3:Speed>1.1380000114440918</ns3:Speed>
              </ns3:TPX>
            </Extensions>
          </Trackpoint>
          <Trackpoint>
            <Time>2026-07-29T16:40:24.000Z</Time>
            <Position>
              <LatitudeDegrees>44.28810509853065</LatitudeDegrees>
              <LongitudeDegrees>-81.60274168476462</LongitudeDegrees>
            </Position>
            <AltitudeMeters>176.0</AltitudeMeters>
            <DistanceMeters>957.52001953125</DistanceMeters>
            <HeartRateBpm>
              <Value>111</Value>
            </HeartRateBpm>
            <Extensions>
              <ns3:TPX>
                <ns3:Speed>1.5490000247955322</ns3:Speed>
              </ns3:TPX>
            </Extensions>
          </Trackpoint>
          <Trackpoint>
            <Time>2026-07-29T16:40:29.000Z</Time>
            <Position>
              <LatitudeDegrees>44.28818774409592</LatitudeDegrees>
              <LongitudeDegrees>-81.60265702754259</LongitudeDegrees>
            </Position>
            <AltitudeMeters>176.1999969482422</AltitudeMeters>
            <DistanceMeters>968.9199829101562</DistanceMeters>
            <HeartRateBpm>
              <Value>109</Value>
            </HeartRateBpm>
            <Extensions>
              <ns3:TPX>
                <ns3:Speed>2.5380001068115234</ns3:Speed>
              </ns3:TPX>
            </Extensions>
          </Trackpoint>
          <Trackpoint>
            <Time>2026-07-29T16:40:35.000Z</Time>
            <Position>
              <LatitudeDegrees>44.28829821757972</LatitudeDegrees>
              <LongitudeDegrees>-81.60254806280136</LongitudeDegrees>
            </Position>
            <AltitudeMeters>176.1999969482422</AltitudeMeters>
            <DistanceMeters>984.0399780273438</DistanceMeters>
            <HeartRateBpm>
              <Value>106</Value>
            </HeartRateBpm>
            <Extensions>
              <ns3:TPX>
                <ns3:Speed>2.322999954223633</ns3:Speed>
              </ns3:TPX>
            </Extensions>
          </Trackpoint>
          <Trackpoint>
            <Time>2026-07-29T16:40:37.000Z</Time>
            <Position>
              <LatitudeDegrees>44.28833032026887</LatitudeDegrees>
              <LongitudeDegrees>-81.60252585075796</LongitudeDegrees>
            </Position>
            <AltitudeMeters>176.39999389648438</AltitudeMeters>
            <DistanceMeters>988.010009765625</DistanceMeters>
            <HeartRateBpm>
              <Value>103</Value>
            </HeartRateBpm>
            <Extensions>
              <ns3:TPX>
                <ns3:Speed>2.322999954223633</ns3:Speed>
              </ns3:TPX>
            </Extensions>
          </Trackpoint>
          <Trackpoint>
            <Time>2026-07-29T16:40:42.000Z</Time>
            <Position>
              <LatitudeDegrees>44.28841128945351</LatitudeDegrees>
              <LongitudeDegrees>-81.60248243249953</LongitudeDegrees>
            </Position>
            <AltitudeMeters>176.60000610351562</AltitudeMeters>
            <DistanceMeters>997.6500244140625</DistanceMeters>
            <HeartRateBpm>
              <Value>99</Value>
            </HeartRateBpm>
            <Extensions>
              <ns3:TPX>
                <ns3:Speed>2.052999973297119</ns3:Speed>
              </ns3:TPX>
            </Extensions>
          </Trackpoint>
          <Trackpoint>
            <Time>2026-07-29T16:40:46.000Z</Time>
            <Position>
              <LatitudeDegrees>44.28846409544349</LatitudeDegrees>
              <LongitudeDegrees>-81.60244328901172</LongitudeDegrees>
            </Position>
            <AltitudeMeters>176.1999969482422</AltitudeMeters>
            <DistanceMeters>1004.3300170898438</DistanceMeters>
            <HeartRateBpm>
              <Value>95</Value>
            </HeartRateBpm>
            <Extensions>
              <ns3:TPX>
                <ns3:Speed>1.809999942779541</ns3:Speed>
              </ns3:TPX>
            </Extensions>
          </Trackpoint>
          <Trackpoint>
            <Time>2026-07-29T16:40:47.000Z</Time>
            <Position>
              <LatitudeDegrees>44.28847884759307</LatitudeDegrees>
              <LongitudeDegrees>-81.6024287045002</LongitudeDegrees>
            </Position>
            <AltitudeMeters>176.1999969482422</AltitudeMeters>
            <DistanceMeters>1006.3400268554688</DistanceMeters>
            <HeartRateBpm>
              <Value>92</Value>
            </HeartRateBpm>
            <Extensions>
              <ns3:TPX>
                <ns3:Speed>1.809999942779541</ns3:Speed>
              </ns3:TPX>
            </Extensions>
          </Trackpoint>
          <Trackpoint>
            <Time>2026-07-29T16:40:49.000Z</Time>
            <Position>
              <LatitudeDegrees>44.28850960917771</LatitudeDegrees>
              <LongitudeDegrees>-81.60240137949586</LongitudeDegrees>
            </Position>
            <AltitudeMeters>176.1999969482422</AltitudeMeters>
            <DistanceMeters>1010.3900146484375</DistanceMeters>
            <HeartRateBpm>
              <Value>89</Value>
            </HeartRateBpm>
            <Extensions>
              <ns3:TPX>
                <ns3:Speed>1.809999942779541</ns3:Speed>
              </ns3:TPX>
            </Extensions>
          </Trackpoint>
          <Trackpoint>
            <Time>2026-07-29T16:40:53.000Z</Time>
            <Position>
              <LatitudeDegrees>44.288573982194066</LatitudeDegrees>
              <LongitudeDegrees>-81.6023525968194</LongitudeDegrees>
            </Position>
            <AltitudeMeters>176.1999969482422</AltitudeMeters>
            <DistanceMeters>1018.5399780273438</DistanceMeters>
            <HeartRateBpm>
              <Value>86</Value>
            </HeartRateBpm>
            <Extensions>
              <ns3:TPX>
                <ns3:Speed>1.968999981880188</ns3:Speed>
              </ns3:TPX>
            </Extensions>
          </Trackpoint>
          <Trackpoint>
            <Time>2026-07-29T16:40:56.000Z</Time>
            <Position>
              <LatitudeDegrees>44.28862251341343</LatitudeDegrees>
              <LongitudeDegrees>-81.60230943001807</LongitudeDegrees>
            </Position>
            <AltitudeMeters>176.1999969482422</AltitudeMeters>
            <DistanceMeters>1024.93994140625</DistanceMeters>
            <HeartRateBpm>
              <Value>83</Value>
            </HeartRateBpm>
            <Extensions>
              <ns3:TPX>
                <ns3:Speed>2.0429999828338623</ns3:Speed>
              </ns3:TPX>
            </Extensions>
          </Trackpoint>
          <Trackpoint>
            <Time>2026-07-29T16:40:58.000Z</Time>
            <Position>
              <LatitudeDegrees>44.288661824539304</LatitudeDegrees>
              <LongitudeDegrees>-81.60228269174695</LongitudeDegrees>
            </Position>
            <AltitudeMeters>176.1999969482422</AltitudeMeters>
            <DistanceMeters>1029.7900390625</DistanceMeters>
            <HeartRateBpm>
              <Value>83</Value>
            </HeartRateBpm>
            <Extensions>
              <ns3:TPX>
                <ns3:Speed>2.062000036239624</ns3:Speed>
              </ns3:TPX>
            </Extensions>
          </Trackpoint>
          <Trackpoint>
            <Time>2026-07-29T16:41:08.000Z</Time>
            <Position>
              <LatitudeDegrees>44.28880834020674</LatitudeDegrees>
              <LongitudeDegrees>-81.60215352661908</LongitudeDegrees>
            </Position>
            <AltitudeMeters>176.1999969482422</AltitudeMeters>
            <DistanceMeters>1049.0400390625</DistanceMeters>
            <HeartRateBpm>
              <Value>83</Value>
            </HeartRateBpm>
            <Extensions>
              <ns3:TPX>
                <ns3:Speed>2.00600004196167</ns3:Speed>
              </ns3:TPX>
            </Extensions>
          </Trackpoint>
          <Trackpoint>
            <Time>2026-07-29T16:41:16.000Z</Time>
            <Position>
              <LatitudeDegrees>44.288940439000726</LatitudeDegrees>
              <LongitudeDegrees>-81.60206023603678</LongitudeDegrees>
            </Position>
            <AltitudeMeters>176.1999969482422</AltitudeMeters>
            <DistanceMeters>1065.449951171875</DistanceMeters>
            <HeartRateBpm>
              <Value>82</Value>
            </HeartRateBpm>
            <Extensions>
              <ns3:TPX>
                <ns3:Speed>1.847000002861023</ns3:Speed>
              </ns3:TPX>
            </Extensions>
          </Trackpoint>
          <Trackpoint>
            <Time>2026-07-29T16:41:26.000Z</Time>
            <Position>
              <LatitudeDegrees>44.2891229968518</LatitudeDegrees>
              <LongitudeDegrees>-81.60194389522076</LongitudeDegrees>
            </Position>
            <AltitudeMeters>177.0</AltitudeMeters>
            <DistanceMeters>1087.77001953125</DistanceMeters>
            <HeartRateBpm>
              <Value>79</Value>
            </HeartRateBpm>
            <Extensions>
              <ns3:TPX>
                <ns3:Speed>2.0989999771118164</ns3:Speed>
              </ns3:TPX>
            </Extensions>
          </Trackpoint>
          <Trackpoint>
            <Time>2026-07-29T16:41:28.000Z</Time>
            <Position>
              <LatitudeDegrees>44.2891507409513</LatitudeDegrees>
              <LongitudeDegrees>-81.60191799513996</LongitudeDegrees>
            </Position>
            <AltitudeMeters>177.0</AltitudeMeters>
            <DistanceMeters>1091.47998046875</DistanceMeters>
            <HeartRateBpm>
              <Value>78</Value>
            </HeartRateBpm>
            <Extensions>
              <ns3:TPX>
                <ns3:Speed>2.0989999771118164</ns3:Speed>
              </ns3:TPX>
            </Extensions>
          </Trackpoint>
          <Trackpoint>
            <Time>2026-07-29T16:41:36.000Z</Time>
            <Position>
              <LatitudeDegrees>44.28930899128318</LatitudeDegrees>
              <LongitudeDegrees>-81.60179360769689</LongitudeDegrees>
            </Position>
            <AltitudeMeters>177.1999969482422</AltitudeMeters>
            <DistanceMeters>1111.68994140625</DistanceMeters>
            <HeartRateBpm>
              <Value>80</Value>
            </HeartRateBpm>
            <Extensions>
              <ns3:TPX>
                <ns3:Speed>2.4539999961853027</ns3:Speed>
              </ns3:TPX>
            </Extensions>
          </Trackpoint>
          <Trackpoint>
            <Time>2026-07-29T16:41:42.000Z</Time>
            <Position>
              <LatitudeDegrees>44.28943522274494</LatitudeDegrees>
              <LongitudeDegrees>-81.60171582363546</LongitudeDegrees>
            </Position>
            <AltitudeMeters>177.39999389648438</AltitudeMeters>
            <DistanceMeters>1127.030029296875</DistanceMeters>
            <HeartRateBpm>
              <Value>78</Value>
            </HeartRateBpm>
            <Extensions>
              <ns3:TPX>
                <ns3:Speed>2.4170000553131104</ns3:Speed>
              </ns3:TPX>
            </Extensions>
          </Trackpoint>
          <Trackpoint>
            <Time>2026-07-29T16:41:46.000Z</Time>
            <Position>
              <LatitudeDegrees>44.28952373564243</LatitudeDegrees>
              <LongitudeDegrees>-81.60167684778571</LongitudeDegrees>
            </Position>
            <AltitudeMeters>177.39999389648438</AltitudeMeters>
            <DistanceMeters>1137.3699951171875</DistanceMeters>
            <HeartRateBpm>
              <Value>78</Value>
            </HeartRateBpm>
            <Extensions>
              <ns3:TPX>
                <ns3:Speed>2.4170000553131104</ns3:Speed>
              </ns3:TPX>
            </Extensions>
          </Trackpoint>
          <Trackpoint>
            <Time>2026-07-29T16:41:49.000Z</Time>
            <Position>
              <LatitudeDegrees>44.28957193158567</LatitudeDegrees>
              <LongitudeDegrees>-81.60164684057236</LongitudeDegrees>
            </Position>
            <AltitudeMeters>177.39999389648438</AltitudeMeters>
            <DistanceMeters>1143.22998046875</DistanceMeters>
            <HeartRateBpm>
              <Value>81</Value>
            </HeartRateBpm>
            <Extensions>
              <ns3:TPX>
                <ns3:Speed>2.3980000019073486</ns3:Speed>
              </ns3:TPX>
            </Extensions>
          </Trackpoint>
          <Trackpoint>
            <Time>2026-07-29T16:41:52.000Z</Time>
            <Position>
              <LatitudeDegrees>44.289617612957954</LatitudeDegrees>
              <LongitudeDegrees>-81.6016049310565</LongitudeDegrees>
            </Position>
            <AltitudeMeters>177.1999969482422</AltitudeMeters>
            <DistanceMeters>1149.31005859375</DistanceMeters>
            <HeartRateBpm>
              <Value>84</Value>
            </HeartRateBpm>
            <Extensions>
              <ns3:TPX>
                <ns3:Speed>2.2669999599456787</ns3:Speed>
              </ns3:TPX>
            </Extensions>
          </Trackpoint>
          <Trackpoint>
            <Time>2026-07-29T16:41:54.000Z</Time>
            <Position>
              <LatitudeDegrees>44.289655331522226</LatitudeDegrees>
              <LongitudeDegrees>-81.60157643258572</LongitudeDegrees>
            </Position>
            <AltitudeMeters>177.39999389648438</AltitudeMeters>
            <DistanceMeters>1154.0799560546875</DistanceMeters>
            <HeartRateBpm>
              <Value>86</Value>
            </HeartRateBpm>
            <Extensions>
              <ns3:TPX>
                <ns3:Speed>2.2669999599456787</ns3:Speed>
              </ns3:TPX>
            </Extensions>
          </Trackpoint>
          <Trackpoint>
            <Time>2026-07-29T16:42:06.000Z</Time>
            <Position>
              <LatitudeDegrees>44.28989924490452</LatitudeDegrees>
              <LongitudeDegrees>-81.6014170087874</LongitudeDegrees>
            </Position>
            <AltitudeMeters>177.8000030517578</AltitudeMeters>
            <DistanceMeters>1184.030029296875</DistanceMeters>
            <HeartRateBpm>
              <Value>88</Value>
            </HeartRateBpm>
            <Extensions>
              <ns3:TPX>
                <ns3:Speed>2.378999948501587</ns3:Speed>
              </ns3:TPX>
            </Extensions>
          </Trackpoint>
          <Trackpoint>
            <Time>2026-07-29T16:42:14.000Z</Time>
            <Position>
              <LatitudeDegrees>44.29005707614124</LatitudeDegrees>
              <LongitudeDegrees>-81.60130502656102</LongitudeDegrees>
            </Position>
            <AltitudeMeters>177.8000030517578</AltitudeMeters>
            <DistanceMeters>1203.8199462890625</DistanceMeters>
            <HeartRateBpm>
              <Value>91</Value>
            </HeartRateBpm>
            <Extensions>
              <ns3:TPX>
                <ns3:Speed>2.322999954223633</ns3:Speed>
              </ns3:TPX>
            </Extensions>
          </Trackpoint>
          <Trackpoint>
            <Time>2026-07-29T16:42:16.000Z</Time>
            <Position>
              <LatitudeDegrees>44.2900968901813</LatitudeDegrees>
              <LongitudeDegrees>-81.60127359442413</LongitudeDegrees>
            </Position>
            <AltitudeMeters>178.0</AltitudeMeters>
            <DistanceMeters>1208.9000244140625</DistanceMeters>
            <HeartRateBpm>
              <Value>92</Value>
            </HeartRateBpm>
            <Extensions>
              <ns3:TPX>
                <ns3:Speed>2.3610000610351562</ns3:Speed>
              </ns3:TPX>
            </Extensions>
          </Trackpoint>
          <Trackpoint>
            <Time>2026-07-29T16:42:24.000Z</Time>
            <Position>
              <LatitudeDegrees>44.290269054472446</LatitudeDegrees>
              <LongitudeDegrees>-81.60116127692163</LongitudeDegrees>
            </Position>
            <AltitudeMeters>177.60000610351562</AltitudeMeters>
            <DistanceMeters>1230.0400390625</DistanceMeters>
            <HeartRateBpm>
              <Value>94</Value>
            </HeartRateBpm>
            <Extensions>
              <ns3:TPX>
                <ns3:Speed>2.61299991607666</ns3:Speed>
              </ns3:TPX>
            </Extensions>
          </Trackpoint>
          <Trackpoint>
            <Time>2026-07-29T16:42:33.000Z</Time>
            <Position>
              <LatitudeDegrees>44.2904718965292</LatitudeDegrees>
              <LongitudeDegrees>-81.6010005120188</LongitudeDegrees>
            </Position>
            <AltitudeMeters>178.1999969482422</AltitudeMeters>
            <DistanceMeters>1256.050048828125</DistanceMeters>
            <HeartRateBpm>
              <Value>92</Value>
            </HeartRateBpm>
            <Extensions>
              <ns3:TPX>
                <ns3:Speed>2.687000036239624</ns3:Speed>
              </ns3:TPX>
            </Extensions>
          </Trackpoint>
          <Trackpoint>
            <Time>2026-07-29T16:42:43.000Z</Time>
            <Position>
              <LatitudeDegrees>44.29071991704404</LatitudeDegrees>
              <LongitudeDegrees>-81.60077780485153</LongitudeDegrees>
            </Position>
            <AltitudeMeters>177.60000610351562</AltitudeMeters>
            <DistanceMeters>1288.8900146484375</DistanceMeters>
            <HeartRateBpm>
              <Value>91</Value>
            </HeartRateBpm>
            <Extensions>
              <ns3:TPX>
                <ns3:Speed>3.246999979019165</ns3:Speed>
              </ns3:TPX>
            </Extensions>
          </Trackpoint>
          <Trackpoint>
            <Time>2026-07-29T16:42:51.000Z</Time>
            <Position>
              <LatitudeDegrees>44.290908593684435</LatitudeDegrees>
              <LongitudeDegrees>-81.60063254646957</LongitudeDegrees>
            </Position>
            <AltitudeMeters>177.60000610351562</AltitudeMeters>
            <DistanceMeters>1312.8800048828125</DistanceMeters>
            <HeartRateBpm>
              <Value>90</Value>
            </HeartRateBpm>
            <Extensions>
              <ns3:TPX>
                <ns3:Speed>2.882999897003174</ns3:Speed>
              </ns3:TPX>
            </Extensions>
          </Trackpoint>
          <Trackpoint>
            <Time>2026-07-29T16:42:54.000Z</Time>
            <Position>
              <LatitudeDegrees>44.29097514599562</LatitudeDegrees>
              <LongitudeDegrees>-81.60058024339378</LongitudeDegrees>
            </Position>
            <AltitudeMeters>177.39999389648438</AltitudeMeters>
            <DistanceMeters>1321.3699951171875</DistanceMeters>
            <HeartRateBpm>
              <Value>87</Value>
            </HeartRateBpm>
            <Extensions>
              <ns3:TPX>
                <ns3:Speed>2.8550000190734863</ns3:Speed>
              </ns3:TPX>
            </Extensions>
          </Trackpoint>
          <Trackpoint>
            <Time>2026-07-29T16:43:01.000Z</Time>
            <Position>
              <LatitudeDegrees>44.29111503995955</LatitudeDegrees>
              <LongitudeDegrees>-81.60047647543252</LongitudeDegrees>
            </Position>
            <AltitudeMeters>176.8000030517578</AltitudeMeters>
            <DistanceMeters>1339.050048828125</DistanceMeters>
            <HeartRateBpm>
              <Value>88</Value>
            </HeartRateBpm>
            <Extensions>
              <ns3:TPX>
                <ns3:Speed>2.556999921798706</ns3:Speed>
              </ns3:TPX>
            </Extensions>
          </Trackpoint>
          <Trackpoint>
            <Time>2026-07-29T16:43:02.000Z</Time>
            <Position>
              <LatitudeDegrees>44.291136749088764</LatitudeDegrees>
              <LongitudeDegrees>-81.60046541132033</LongitudeDegrees>
            </Position>
            <AltitudeMeters>176.39999389648438</AltitudeMeters>
            <DistanceMeters>1341.6099853515625</DistanceMeters>
            <HeartRateBpm>
              <Value>90</Value>
            </HeartRateBpm>
            <Extensions>
              <ns3:TPX>
                <ns3:Speed>2.556999921798706</ns3:Speed>
              </ns3:TPX>
            </Extensions>
          </Trackpoint>
          <Trackpoint>
            <Time>2026-07-29T16:43:10.000Z</Time>
            <Position>
              <LatitudeDegrees>44.29129298776388</LatitudeDegrees>
              <LongitudeDegrees>-81.60037354566157</LongitudeDegrees>
            </Position>
            <AltitudeMeters>176.0</AltitudeMeters>
            <DistanceMeters>1360.5799560546875</DistanceMeters>
            <HeartRateBpm>
              <Value>91</Value>
            </HeartRateBpm>
            <Extensions>
              <ns3:TPX>
                <ns3:Speed>2.2209999561309814</ns3:Speed>
              </ns3:TPX>
            </Extensions>
          </Trackpoint>
          <Trackpoint>
            <Time>2026-07-29T16:43:20.000Z</Time>
            <Position>
              <LatitudeDegrees>44.291468504816294</LatitudeDegrees>
              <LongitudeDegrees>-81.60029542632401</LongitudeDegrees>
            </Position>
            <AltitudeMeters>176.60000610351562</AltitudeMeters>
            <DistanceMeters>1381.1300048828125</DistanceMeters>
            <HeartRateBpm>
              <Value>90</Value>
            </HeartRateBpm>
            <Extensions>
              <ns3:TPX>
                <ns3:Speed>2.0250000953674316</ns3:Speed>
              </ns3:TPX>
            </Extensions>
          </Trackpoint>
          <Trackpoint>
            <Time>2026-07-29T16:43:27.000Z</Time>
            <Position>
              <LatitudeDegrees>44.2915805708617</LatitudeDegrees>
              <LongitudeDegrees>-81.60024320706725</LongitudeDegrees>
            </Position>
            <AltitudeMeters>176.1999969482422</AltitudeMeters>
            <DistanceMeters>1394.260009765625</DistanceMeters>
            <HeartRateBpm>
              <Value>87</Value>
            </HeartRateBpm>
            <Extensions>
              <ns3:TPX>
                <ns3:Speed>1.940999984741211</ns3:Speed>
              </ns3:TPX>
            </Extensions>
          </Trackpoint>
          <Trackpoint>
            <Time>2026-07-29T16:43:36.000Z</Time>
            <Position>
              <LatitudeDegrees>44.291709484532475</LatitudeDegrees>
              <LongitudeDegrees>-81.60017556510866</LongitudeDegrees>
            </Position>
            <AltitudeMeters>175.8000030517578</AltitudeMeters>
            <DistanceMeters>1409.5799560546875</DistanceMeters>
            <HeartRateBpm>
              <Value>87</Value>
            </HeartRateBpm>
            <Extensions>
              <ns3:TPX>
                <ns3:Speed>1.7910000085830688</ns3:Speed>
              </ns3:TPX>
            </Extensions>
          </Trackpoint>
          <Trackpoint>
            <Time>2026-07-29T16:43:43.000Z</Time>
            <Position>
              <LatitudeDegrees>44.29182205349207</LatitudeDegrees>
              <LongitudeDegrees>-81.60011722706258</LongitudeDegrees>
            </Position>
            <AltitudeMeters>176.1999969482422</AltitudeMeters>
            <DistanceMeters>1423.050048828125</DistanceMeters>
            <HeartRateBpm>
              <Value>87</Value>
            </HeartRateBpm>
            <Extensions>
              <ns3:TPX>
                <ns3:Speed>1.9589999914169312</ns3:Speed>
              </ns3:TPX>
            </Extensions>
          </Trackpoint>
          <Trackpoint>
            <Time>2026-07-29T16:43:52.000Z</Time>
            <Position>
              <LatitudeDegrees>44.29199279285967</LatitudeDegrees>
              <LongitudeDegrees>-81.60003961063921</LongitudeDegrees>
            </Position>
            <AltitudeMeters>175.8000030517578</AltitudeMeters>
            <DistanceMeters>1443.0400390625</DistanceMeters>
            <HeartRateBpm>
              <Value>88</Value>
            </HeartRateBpm>
            <Extensions>
              <ns3:TPX>
                <ns3:Speed>2.2669999599456787</ns3:Speed>
              </ns3:TPX>
            </Extensions>
          </Trackpoint>
          <Trackpoint>
            <Time>2026-07-29T16:44:02.000Z</Time>
            <Position>
              <LatitudeDegrees>44.292180966585875</LatitudeDegrees>
              <LongitudeDegrees>-81.59998211078346</LongitudeDegrees>
            </Position>
            <AltitudeMeters>176.0</AltitudeMeters>
            <DistanceMeters>1464.449951171875</DistanceMeters>
            <HeartRateBpm>
              <Value>88</Value>
            </HeartRateBpm>
            <Extensions>
              <ns3:TPX>
                <ns3:Speed>2.2860000133514404</ns3:Speed>
              </ns3:TPX>
            </Extensions>
          </Trackpoint>
          <Trackpoint>
            <Time>2026-07-29T16:44:10.000Z</Time>
            <Position>
              <LatitudeDegrees>44.2923435755074</LatitudeDegrees>
              <LongitudeDegrees>-81.59993483684957</LongitudeDegrees>
            </Position>
            <AltitudeMeters>177.39999389648438</AltitudeMeters>
            <DistanceMeters>1482.9000244140625</DistanceMeters>
            <HeartRateBpm>
              <Value>91</Value>
            </HeartRateBpm>
            <Extensions>
              <ns3:TPX>
                <ns3:Speed>2.3420000076293945</ns3:Speed>
              </ns3:TPX>
            </Extensions>
          </Trackpoint>
          <Trackpoint>
            <Time>2026-07-29T16:44:13.000Z</Time>
            <Position>
              <LatitudeDegrees>44.292377857491374</LatitudeDegrees>
              <LongitudeDegrees>-81.59990642219782</LongitudeDegrees>
            </Position>
            <AltitudeMeters>177.0</AltitudeMeters>
            <DistanceMeters>1487.4200439453125</DistanceMeters>
            <HeartRateBpm>
              <Value>91</Value>
            </HeartRateBpm>
            <Extensions>
              <ns3:TPX>
                <ns3:Speed>1.4279999732971191</ns3:Speed>
              </ns3:TPX>
            </Extensions>
          </Trackpoint>
          <Trackpoint>
            <Time>2026-07-29T16:44:23.000Z</Time>
            <Position>
              <LatitudeDegrees>44.292472153902054</LatitudeDegrees>
              <LongitudeDegrees>-81.5997692104429</LongitudeDegrees>
            </Position>
            <AltitudeMeters>176.8000030517578</AltitudeMeters>
            <DistanceMeters>1502.5999755859375</DistanceMeters>
            <HeartRateBpm>
              <Value>92</Value>
            </HeartRateBpm>
            <Extensions>
              <ns3:TPX>
                <ns3:Speed>1.5119999647140503</ns3:Speed>
              </ns3:TPX>
            </Extensions>
          </Trackpoint>
          <Trackpoint>
            <Time>2026-07-29T16:44:27.000Z</Time>
            <Position>
              <LatitudeDegrees>44.292512219399214</LatitudeDegrees>
              <LongitudeDegrees>-81.59971514716744</LongitudeDegrees>
            </Position>
            <AltitudeMeters>176.8000030517578</AltitudeMeters>
            <DistanceMeters>1508.780029296875</DistanceMeters>
            <HeartRateBpm>
              <Value>95</Value>
            </HeartRateBpm>
            <Extensions>
              <ns3:TPX>
                <ns3:Speed>1.5679999589920044</ns3:Speed>
              </ns3:TPX>
            </Extensions>
          </Trackpoint>
          <Trackpoint>
            <Time>2026-07-29T16:44:33.000Z</Time>
            <Position>
              <LatitudeDegrees>44.29257449693978</LatitudeDegrees>
              <LongitudeDegrees>-81.5996502712369</LongitudeDegrees>
            </Position>
            <AltitudeMeters>177.0</AltitudeMeters>
            <DistanceMeters>1517.449951171875</DistanceMeters>
            <HeartRateBpm>
              <Value>98</Value>
            </HeartRateBpm>
            <Extensions>
              <ns3:TPX>
                <ns3:Speed>1.5859999656677246</ns3:Speed>
              </ns3:TPX>
            </Extensions>
          </Trackpoint>
          <Trackpoint>
            <Time>2026-07-29T16:44:48.000Z</Time>
            <Position>
              <LatitudeDegrees>44.29275671951473</LatitudeDegrees>
              <LongitudeDegrees>-81.5994930267334</LongitudeDegrees>
            </Position>
            <AltitudeMeters>177.1999969482422</AltitudeMeters>
            <DistanceMeters>1541.3599853515625</DistanceMeters>
            <HeartRateBpm>
              <Value>99</Value>
            </HeartRateBpm>
            <Extensions>
              <ns3:TPX>
                <ns3:Speed>1.5579999685287476</ns3:Speed>
              </ns3:TPX>
            </Extensions>
          </Trackpoint>
          <Trackpoint>
            <Time>2026-07-29T16:45:04.000Z</Time>
            <Position>
              <LatitudeDegrees>44.292976409196854</LatitudeDegrees>
              <LongitudeDegrees>-81.59929378889501</LongitudeDegrees>
            </Position>
            <AltitudeMeters>177.1999969482422</AltitudeMeters>
            <DistanceMeters>1570.550048828125</DistanceMeters>
            <HeartRateBpm>
              <Value>98</Value>
            </HeartRateBpm>
            <Extensions>
              <ns3:TPX>
                <ns3:Speed>1.940999984741211</ns3:Speed>
              </ns3:TPX>
            </Extensions>
          </Trackpoint>
          <Trackpoint>
            <Time>2026-07-29T16:45:16.000Z</Time>
            <Position>
              <LatitudeDegrees>44.29316282272339</LatitudeDegrees>
              <LongitudeDegrees>-81.59915163181722</LongitudeDegrees>
            </Position>
            <AltitudeMeters>177.39999389648438</AltitudeMeters>
            <DistanceMeters>1594.25</DistanceMeters>
            <HeartRateBpm>
              <Value>98</Value>
            </HeartRateBpm>
            <Extensions>
              <ns3:TPX>
                <ns3:Speed>1.9780000448226929</ns3:Speed>
              </ns3:TPX>
            </Extensions>
          </Trackpoint>
          <Trackpoint>
            <Time>2026-07-29T16:45:30.000Z</Time>
            <Position>
              <LatitudeDegrees>44.29339005611837</LatitudeDegrees>
              <LongitudeDegrees>-81.59902271814644</LongitudeDegrees>
            </Position>
            <AltitudeMeters>177.0</AltitudeMeters>
            <DistanceMeters>1621.5400390625</DistanceMeters>
            <HeartRateBpm>
              <Value>100</Value>
            </HeartRateBpm>
            <Extensions>
              <ns3:TPX>
                <ns3:Speed>1.902999997138977</ns3:Speed>
              </ns3:TPX>
            </Extensions>
          </Trackpoint>
          <Trackpoint>
            <Time>2026-07-29T16:45:45.000Z</Time>
            <Position>
              <LatitudeDegrees>44.293616032227874</LatitudeDegrees>
              <LongitudeDegrees>-81.59891601651907</LongitudeDegrees>
            </Position>
            <AltitudeMeters>177.1999969482422</AltitudeMeters>
            <DistanceMeters>1648.0699462890625</DistanceMeters>
            <HeartRateBpm>
              <Value>100</Value>
            </HeartRateBpm>
            <Extensions>
              <ns3:TPX>
                <ns3:Speed>1.7259999513626099</ns3:Speed>
              </ns3:TPX>
            </Extensions>
          </Trackpoint>
          <Trackpoint>
            <Time>2026-07-29T16:45:54.000Z</Time>
            <Position>
              <LatitudeDegrees>44.29372885264456</LatitudeDegrees>
              <LongitudeDegrees>-81.59883068874478</LongitudeDegrees>
            </Position>
            <AltitudeMeters>177.1999969482422</AltitudeMeters>
            <DistanceMeters>1662.6300048828125</DistanceMeters>
            <HeartRateBpm>
              <Value>98</Value>
            </HeartRateBpm>
            <Extensions>
              <ns3:TPX>
                <ns3:Speed>1.5679999589920044</ns3:Speed>
              </ns3:TPX>
            </Extensions>
          </Trackpoint>
          <Trackpoint>
            <Time>2026-07-29T16:46:00.000Z</Time>
            <Position>
              <LatitudeDegrees>44.29380412213504</LatitudeDegrees>
              <LongitudeDegrees>-81.59876606427133</LongitudeDegrees>
            </Position>
            <AltitudeMeters>177.1999969482422</AltitudeMeters>
            <DistanceMeters>1672.4599609375</DistanceMeters>
            <HeartRateBpm>
              <Value>94</Value>
            </HeartRateBpm>
            <Extensions>
              <ns3:TPX>
                <ns3:Speed>1.5679999589920044</ns3:Speed>
              </ns3:TPX>
            </Extensions>
          </Trackpoint>
          <Trackpoint>
            <Time>2026-07-29T16:46:02.000Z</Time>
            <Position>
              <LatitudeDegrees>44.293837482109666</LatitudeDegrees>
              <LongitudeDegrees>-81.59874016419053</LongitudeDegrees>
            </Position>
            <AltitudeMeters>177.1999969482422</AltitudeMeters>
            <DistanceMeters>1676.699951171875</DistanceMeters>
            <HeartRateBpm>
              <Value>91</Value>
            </HeartRateBpm>
            <Extensions>
              <ns3:TPX>
                <ns3:Speed>1.6419999599456787</ns3:Speed>
              </ns3:TPX>
            </Extensions>
          </Trackpoint>
          <Trackpoint>
            <Time>2026-07-29T16:46:06.000Z</Time>
            <Position>
              <LatitudeDegrees>44.293900514021516</LatitudeDegrees>
              <LongitudeDegrees>-81.59868174232543</LongitudeDegrees>
            </Position>
            <AltitudeMeters>177.39999389648438</AltitudeMeters>
            <DistanceMeters>1685.1199951171875</DistanceMeters>
            <HeartRateBpm>
              <Value>88</Value>
            </HeartRateBpm>
            <Extensions>
              <ns3:TPX>
                <ns3:Speed>1.9220000505447388</ns3:Speed>
              </ns3:TPX>
            </Extensions>
          </Trackpoint>
          <Trackpoint>
            <Time>2026-07-29T16:46:14.000Z</Time>
            <Position>
              <LatitudeDegrees>44.29404585622251</LatitudeDegrees>
              <LongitudeDegrees>-81.59856774844229</LongitudeDegrees>
            </Position>
            <AltitudeMeters>176.8000030517578</AltitudeMeters>
            <DistanceMeters>1703.68994140625</DistanceMeters>
            <HeartRateBpm>
              <Value>87</Value>
            </HeartRateBpm>
            <Extensions>
              <ns3:TPX>
                <ns3:Speed>2.1740000247955322</ns3:Speed>
              </ns3:TPX>
            </Extensions>
          </Trackpoint>
          <Trackpoint>
            <Time>2026-07-29T16:46:22.000Z</Time>
            <Position>
              <LatitudeDegrees>44.294207878410816</LatitudeDegrees>
              <LongitudeDegrees>-81.59847009927034</LongitudeDegrees>
            </Position>
            <AltitudeMeters>176.8000030517578</AltitudeMeters>
            <DistanceMeters>1723.31005859375</DistanceMeters>
            <HeartRateBpm>
              <Value>87</Value>
            </HeartRateBpm>
            <Extensions>
              <ns3:TPX>
                <ns3:Speed>2.4070000648498535</ns3:Speed>
              </ns3:TPX>
            </Extensions>
          </Trackpoint>
          <Trackpoint>
            <Time>2026-07-29T16:46:29.000Z</Time>
            <Position>
              <LatitudeDegrees>44.29432044737041</LatitudeDegrees>
              <LongitudeDegrees>-81.59836909733713</LongitudeDegrees>
            </Position>
            <AltitudeMeters>177.1999969482422</AltitudeMeters>
            <DistanceMeters>1738.280029296875</DistanceMeters>
            <HeartRateBpm>
              <Value>90</Value>
            </HeartRateBpm>
            <Extensions>
              <ns3:TPX>
                <ns3:Speed>2.1459999084472656</ns3:Speed>
              </ns3:TPX>
            </Extensions>
          </Trackpoint>
          <Trackpoint>
            <Time>2026-07-29T16:46:30.000Z</Time>
            <Position>
              <LatitudeDegrees>44.2943365406245</LatitudeDegrees>
              <LongitudeDegrees>-81.59835535101593</LongitudeDegrees>
            </Position>
            <AltitudeMeters>177.1999969482422</AltitudeMeters>
            <DistanceMeters>1740.3699951171875</DistanceMeters>
            <HeartRateBpm>
              <Value>90</Value>
            </HeartRateBpm>
            <Extensions>
              <ns3:TPX>
                <ns3:Speed>2.1459999084472656</ns3:Speed>
              </ns3:TPX>
            </Extensions>
          </Trackpoint>
          <Trackpoint>
            <Time>2026-07-29T16:46:35.000Z</Time>
            <Position>
              <LatitudeDegrees>44.29441717453301</LatitudeDegrees>
              <LongitudeDegrees>-81.59828837960958</LongitudeDegrees>
            </Position>
            <AltitudeMeters>177.1999969482422</AltitudeMeters>
            <DistanceMeters>1750.8299560546875</DistanceMeters>
            <HeartRateBpm>
              <Value>93</Value>
            </HeartRateBpm>
            <Extensions>
              <ns3:TPX>
                <ns3:Speed>2.127000093460083</ns3:Speed>
              </ns3:TPX>
            </Extensions>
          </Trackpoint>
          <Trackpoint>
            <Time>2026-07-29T16:46:40.000Z</Time>
            <Position>
              <LatitudeDegrees>44.294505352154374</LatitudeDegrees>
              <LongitudeDegrees>-81.59821327775717</LongitudeDegrees>
            </Position>
            <AltitudeMeters>177.0</AltitudeMeters>
            <DistanceMeters>1762.31005859375</DistanceMeters>
            <HeartRateBpm>
              <Value>94</Value>
            </HeartRateBpm>
            <Extensions>
              <ns3:TPX>
                <ns3:Speed>2.2019999027252197</ns3:Speed>
              </ns3:TPX>
            </Extensions>
          </Trackpoint>
          <Trackpoint>
            <Time>2026-07-29T16:46:47.000Z</Time>
            <Position>
              <LatitudeDegrees>44.29464767687023</LatitudeDegrees>
              <LongitudeDegrees>-81.59811051562428</LongitudeDegrees>
            </Position>
            <AltitudeMeters>177.0</AltitudeMeters>
            <DistanceMeters>1780.1700439453125</DistanceMeters>
            <HeartRateBpm>
              <Value>96</Value>
            </HeartRateBpm>
            <Extensions>
              <ns3:TPX>
                <ns3:Speed>2.434999942779541</ns3:Speed>
              </ns3:TPX>
            </Extensions>
          </Trackpoint>
          <Trackpoint>
            <Time>2026-07-29T16:46:53.000Z</Time>
            <Position>
              <LatitudeDegrees>44.294752199202776</LatitudeDegrees>
              <LongitudeDegrees>-81.59802535548806</LongitudeDegrees>
            </Position>
            <AltitudeMeters>177.0</AltitudeMeters>
            <DistanceMeters>1793.6099853515625</DistanceMeters>
            <HeartRateBpm>
              <Value>93</Value>
            </HeartRateBpm>
            <Extensions>
              <ns3:TPX>
                <ns3:Speed>2.3510000705718994</ns3:Speed>
              </ns3:TPX>
            </Extensions>
          </Trackpoint>
          <Trackpoint>
            <Time>2026-07-29T16:46:57.000Z</Time>
            <Position>
              <LatitudeDegrees>44.29482973180711</LatitudeDegrees>
              <LongitudeDegrees>-81.5979665145278</LongitudeDegrees>
            </Position>
            <AltitudeMeters>177.1999969482422</AltitudeMeters>
            <DistanceMeters>1803.4300537109375</DistanceMeters>
            <HeartRateBpm>
              <Value>91</Value>
            </HeartRateBpm>
            <Extensions>
              <ns3:TPX>
                <ns3:Speed>2.3510000705718994</ns3:Speed>
              </ns3:TPX>
            </Extensions>
          </Trackpoint>
          <Trackpoint>
            <Time>2026-07-29T16:47:02.000Z</Time>
            <Position>
              <LatitudeDegrees>44.294878263026476</LatitudeDegrees>
              <LongitudeDegrees>-81.59793055616319</LongitudeDegrees>
            </Position>
            <AltitudeMeters>176.8000030517578</AltitudeMeters>
            <DistanceMeters>1809.550048828125</DistanceMeters>
            <HeartRateBpm>
              <Value>90</Value>
            </HeartRateBpm>
            <Extensions>
              <ns3:TPX>
                <ns3:Speed>0.0</ns3:Speed>
              </ns3:TPX>
            </Extensions>
          </Trackpoint>
          <Trackpoint>
            <Time>2026-07-29T16:47:08.000Z</Time>
            <Position>
              <LatitudeDegrees>44.29488471709192</LatitudeDegrees>
              <LongitudeDegrees>-81.59794949926436</LongitudeDegrees>
            </Position>
            <AltitudeMeters>176.8000030517578</AltitudeMeters>
            <DistanceMeters>1812.0899658203125</DistanceMeters>
            <HeartRateBpm>
              <Value>93</Value>
            </HeartRateBpm>
            <Extensions>
              <ns3:TPX>
                <ns3:Speed>0.5130000114440918</ns3:Speed>
              </ns3:TPX>
            </Extensions>
          </Trackpoint>
          <Trackpoint>
            <Time>2026-07-29T16:47:09.000Z</Time>
            <Position>
              <LatitudeDegrees>44.2948838789016</LatitudeDegrees>
              <LongitudeDegrees>-81.59795243293047</LongitudeDegrees>
            </Position>
            <AltitudeMeters>176.8000030517578</AltitudeMeters>
            <DistanceMeters>1812.3399658203125</DistanceMeters>
            <HeartRateBpm>
              <Value>93</Value>
            </HeartRateBpm>
            <Extensions>
              <ns3:TPX>
                <ns3:Speed>0.0</ns3:Speed>
              </ns3:TPX>
            </Extensions>
          </Trackpoint>
          <Trackpoint>
            <Time>2026-07-29T16:47:17.000Z</Time>
            <Position>
              <LatitudeDegrees>44.294860074296594</LatitudeDegrees>
              <LongitudeDegrees>-81.59800909459591</LongitudeDegrees>
            </Position>
            <AltitudeMeters>176.8000030517578</AltitudeMeters>
            <DistanceMeters>1817.6099853515625</DistanceMeters>
            <HeartRateBpm>
              <Value>95</Value>
            </HeartRateBpm>
            <Extensions>
              <ns3:TPX>
                <ns3:Speed>1.0360000133514404</ns3:Speed>
              </ns3:TPX>
            </Extensions>
          </Trackpoint>
          <Trackpoint>
            <Time>2026-07-29T16:47:18.000Z</Time>
            <Position>
              <LatitudeDegrees>44.29485512897372</LatitudeDegrees>
              <LongitudeDegrees>-81.59802401438355</LongitudeDegrees>
            </Position>
            <AltitudeMeters>176.8000030517578</AltitudeMeters>
            <DistanceMeters>1818.9200439453125</DistanceMeters>
            <HeartRateBpm>
              <Value>95</Value>
            </HeartRateBpm>
            <Extensions>
              <ns3:TPX>
                <ns3:Speed>1.1759999990463257</ns3:Speed>
              </ns3:TPX>
            </Extensions>
          </Trackpoint>
          <Trackpoint>
            <Time>2026-07-29T16:47:25.000Z</Time>
            <Position>
              <LatitudeDegrees>44.29484196938574</LatitudeDegrees>
              <LongitudeDegrees>-81.59815234132111</LongitudeDegrees>
            </Position>
            <AltitudeMeters>176.60000610351562</AltitudeMeters>
            <DistanceMeters>1829.3699951171875</DistanceMeters>
            <HeartRateBpm>
              <Value>94</Value>
            </HeartRateBpm>
            <Extensions>
              <ns3:TPX>
                <ns3:Speed>1.4179999828338623</ns3:Speed>
              </ns3:TPX>
            </Extensions>
          </Trackpoint>
          <Trackpoint>
            <Time>2026-07-29T16:47:33.000Z</Time>
            <Position>
              <LatitudeDegrees>44.29478857666254</LatitudeDegrees>
              <LongitudeDegrees>-81.59832467325032</LongitudeDegrees>
            </Position>
            <AltitudeMeters>176.60000610351562</AltitudeMeters>
            <DistanceMeters>1844.4000244140625</DistanceMeters>
            <HeartRateBpm>
              <Value>93</Value>
            </HeartRateBpm>
            <Extensions>
              <ns3:TPX>
                <ns3:Speed>1.819000005722046</ns3:Speed>
              </ns3:TPX>
            </Extensions>
          </Trackpoint>
          <Trackpoint>
            <Time>2026-07-29T16:47:43.000Z</Time>
            <Position>
              <LatitudeDegrees>44.29470492526889</LatitudeDegrees>
              <LongitudeDegrees>-81.59853028133512</LongitudeDegrees>
            </Position>
            <AltitudeMeters>176.8000030517578</AltitudeMeters>
            <DistanceMeters>1863.219970703125</DistanceMeters>
            <HeartRateBpm>
              <Value>92</Value>
            </HeartRateBpm>
            <Extensions>
              <ns3:TPX>
                <ns3:Speed>1.809999942779541</ns3:Speed>
              </ns3:TPX>
            </Extensions>
          </Trackpoint>
          <Trackpoint>
            <Time>2026-07-29T16:47:45.000Z</Time>
            <Position>
              <LatitudeDegrees>44.29468950256705</LatitudeDegrees>
              <LongitudeDegrees>-81.59856137819588</LongitudeDegrees>
            </Position>
            <AltitudeMeters>176.8000030517578</AltitudeMeters>
            <DistanceMeters>1866.18994140625</DistanceMeters>
            <HeartRateBpm>
              <Value>89</Value>
            </HeartRateBpm>
            <Extensions>
              <ns3:TPX>
                <ns3:Speed>1.753999948501587</ns3:Speed>
              </ns3:TPX>
            </Extensions>
          </Trackpoint>
          <Trackpoint>
            <Time>2026-07-29T16:47:50.000Z</Time>
            <Position>
              <LatitudeDegrees>44.294630493968725</LatitudeDegrees>
              <LongitudeDegrees>-81.59862373955548</LongitudeDegrees>
            </Position>
            <AltitudeMeters>176.39999389648438</AltitudeMeters>
            <DistanceMeters>1874.3699951171875</DistanceMeters>
            <HeartRateBpm>
              <Value>85</Value>
            </HeartRateBpm>
            <Extensions>
              <ns3:TPX>
                <ns3:Speed>1.6419999599456787</ns3:Speed>
              </ns3:TPX>
            </Extensions>
          </Trackpoint>
          <Trackpoint>
            <Time>2026-07-29T16:47:54.000Z</Time>
            <Position>
              <LatitudeDegrees>44.29458187893033</LatitudeDegrees>
              <LongitudeDegrees>-81.59867352806032</LongitudeDegrees>
            </Position>
            <AltitudeMeters>176.39999389648438</AltitudeMeters>
            <DistanceMeters>1881.0799560546875</DistanceMeters>
            <HeartRateBpm>
              <Value>82</Value>
            </HeartRateBpm>
            <Extensions>
              <ns3:TPX>
                <ns3:Speed>1.6139999628067017</ns3:Speed>
              </ns3:TPX>
            </Extensions>
          </Trackpoint>
          <Trackpoint>
            <Time>2026-07-29T16:47:58.000Z</Time>
            <Position>
              <LatitudeDegrees>44.294525887817144</LatitudeDegrees>
              <LongitudeDegrees>-81.59873060882092</LongitudeDegrees>
            </Position>
            <AltitudeMeters>176.60000610351562</AltitudeMeters>
            <DistanceMeters>1888.72998046875</DistanceMeters>
            <HeartRateBpm>
              <Value>82</Value>
            </HeartRateBpm>
            <Extensions>
              <ns3:TPX>
                <ns3:Speed>1.7170000076293945</ns3:Speed>
              </ns3:TPX>
            </Extensions>
          </Trackpoint>
          <Trackpoint>
            <Time>2026-07-29T16:48:06.000Z</Time>
            <Position>
              <LatitudeDegrees>44.29444801993668</LatitudeDegrees>
              <LongitudeDegrees>-81.59886103123426</LongitudeDegrees>
            </Position>
            <AltitudeMeters>177.0</AltitudeMeters>
            <DistanceMeters>1902.27001953125</DistanceMeters>
            <HeartRateBpm>
              <Value>82</Value>
            </HeartRateBpm>
            <Extensions>
              <ns3:TPX>
                <ns3:Speed>1.7450000047683716</ns3:Speed>
              </ns3:TPX>
            </Extensions>
          </Trackpoint>
          <Trackpoint>
            <Time>2026-07-29T16:48:15.000Z</Time>
            <Position>
              <LatitudeDegrees>44.2943574115634</LatitudeDegrees>
              <LongitudeDegrees>-81.59896563738585</LongitudeDegrees>
            </Position>
            <AltitudeMeters>177.0</AltitudeMeters>
            <DistanceMeters>1915.3699951171875</DistanceMeters>
            <HeartRateBpm>
              <Value>82</Value>
            </HeartRateBpm>
            <Extensions>
              <ns3:TPX>
                <ns3:Speed>1.4930000305175781</ns3:Speed>
              </ns3:TPX>
            </Extensions>
          </Trackpoint>
          <Trackpoint>
            <Time>2026-07-29T16:48:20.000Z</Time>
            <Position>
              <LatitudeDegrees>44.294310892000794</LatitudeDegrees>
              <LongitudeDegrees>-81.59901576116681</LongitudeDegrees>
            </Position>
            <AltitudeMeters>177.0</AltitudeMeters>
            <DistanceMeters>1921.9000244140625</DistanceMeters>
            <HeartRateBpm>
              <Value>85</Value>
            </HeartRateBpm>
            <Extensions>
              <ns3:TPX>
                <ns3:Speed>1.3339999914169312</ns3:Speed>
              </ns3:TPX>
            </Extensions>
          </Trackpoint>
          <Trackpoint>
            <Time>2026-07-29T16:48:23.000Z</Time>
            <Position>
              <LatitudeDegrees>44.29428339935839</LatitudeDegrees>
              <LongitudeDegrees>-81.59904040396214</LongitudeDegrees>
            </Position>
            <AltitudeMeters>176.8000030517578</AltitudeMeters>
            <DistanceMeters>1925.52001953125</DistanceMeters>
            <HeartRateBpm>
              <Value>88</Value>
            </HeartRateBpm>
            <Extensions>
              <ns3:TPX>
                <ns3:Speed>1.222000002861023</ns3:Speed>
              </ns3:TPX>
            </Extensions>
          </Trackpoint>
          <Trackpoint>
            <Time>2026-07-29T16:48:24.000Z</Time>
            <Position>
              <LatitudeDegrees>44.294275268912315</LatitudeDegrees>
              <LongitudeDegrees>-81.59904627129436</LongitudeDegrees>
            </Position>
            <AltitudeMeters>176.8000030517578</AltitudeMeters>
            <DistanceMeters>1926.5400390625</DistanceMeters>
            <HeartRateBpm>
              <Value>88</Value>
            </HeartRateBpm>
            <Extensions>
              <ns3:TPX>
                <ns3:Speed>1.1200000047683716</ns3:Speed>
              </ns3:TPX>
            </Extensions>
          </Trackpoint>
          <Trackpoint>
            <Time>2026-07-29T16:48:30.000Z</Time>
            <Position>
              <LatitudeDegrees>44.29422162473202</LatitudeDegrees>
              <LongitudeDegrees>-81.5990942157805</LongitudeDegrees>
            </Position>
            <AltitudeMeters>176.39999389648438</AltitudeMeters>
            <DistanceMeters>1933.6800537109375</DistanceMeters>
            <HeartRateBpm>
              <Value>89</Value>
            </HeartRateBpm>
            <Extensions>
              <ns3:TPX>
                <ns3:Speed>1.1100000143051147</ns3:Speed>
              </ns3:TPX>
            </Extensions>
          </Trackpoint>
          <Trackpoint>
            <Time>2026-07-29T16:48:31.000Z</Time>
            <Position>
              <LatitudeDegrees>44.29420762695372</LatitudeDegrees>
              <LongitudeDegrees>-81.59909974783659</LongitudeDegrees>
            </Position>
            <AltitudeMeters>176.39999389648438</AltitudeMeters>
            <DistanceMeters>1935.300048828125</DistanceMeters>
            <HeartRateBpm>
              <Value>89</Value>
            </HeartRateBpm>
            <Extensions>
              <ns3:TPX>
                <ns3:Speed>1.1100000143051147</ns3:Speed>
              </ns3:TPX>
            </Extensions>
          </Trackpoint>
          <Trackpoint>
            <Time>2026-07-29T16:48:38.000Z</Time>
            <Position>
              <LatitudeDegrees>44.29411802440882</LatitudeDegrees>
              <LongitudeDegrees>-81.59907611086965</LongitudeDegrees>
            </Position>
            <AltitudeMeters>176.39999389648438</AltitudeMeters>
            <DistanceMeters>1945.7099609375</DistanceMeters>
            <HeartRateBpm>
              <Value>91</Value>
            </HeartRateBpm>
            <Extensions>
              <ns3:TPX>
                <ns3:Speed>1.5770000219345093</ns3:Speed>
              </ns3:TPX>
            </Extensions>
          </Trackpoint>
          <Trackpoint>
            <Time>2026-07-29T16:48:50.000Z</Time>
            <Position>
              <LatitudeDegrees>44.29391534999013</LatitudeDegrees>
              <LongitudeDegrees>-81.59897561185062</LongitudeDegrees>
            </Position>
            <AltitudeMeters>176.1999969482422</AltitudeMeters>
            <DistanceMeters>1969.7099609375</DistanceMeters>
            <HeartRateBpm>
              <Value>93</Value>
            </HeartRateBpm>
            <Extensions>
              <ns3:TPX>
                <ns3:Speed>2.00600004196167</ns3:Speed>
              </ns3:TPX>
            </Extensions>
          </Trackpoint>
          <Trackpoint>
            <Time>2026-07-29T16:49:01.000Z</Time>
            <Position>
              <LatitudeDegrees>44.293688954785466</LatitudeDegrees>
              <LongitudeDegrees>-81.59887938760221</LongitudeDegrees>
            </Position>
            <AltitudeMeters>177.1999969482422</AltitudeMeters>
            <DistanceMeters>1996.010009765625</DistanceMeters>
            <HeartRateBpm>
              <Value>90</Value>
            </HeartRateBpm>
            <Extensions>
              <ns3:TPX>
                <ns3:Speed>2.565999984741211</ns3:Speed>
              </ns3:TPX>
            </Extensions>
          </Trackpoint>
          <Trackpoint>
            <Time>2026-07-29T16:49:12.000Z</Time>
            <Position>
              <LatitudeDegrees>44.29344730451703</LatitudeDegrees>
              <LongitudeDegrees>-81.5987157728523</LongitudeDegrees>
            </Position>
            <AltitudeMeters>177.39999389648438</AltitudeMeters>
            <DistanceMeters>2025.8900146484375</DistanceMeters>
            <HeartRateBpm>
              <Value>89</Value>
            </HeartRateBpm>
            <Extensions>
              <ns3:TPX>
                <ns3:Speed>2.6689999103546143</ns3:Speed>
              </ns3:TPX>
            </Extensions>
          </Trackpoint>
          <Trackpoint>
            <Time>2026-07-29T16:49:14.000Z</Time>
            <Position>
              <LatitudeDegrees>44.29340950213373</LatitudeDegrees>
              <LongitudeDegrees>-81.59868090413511</LongitudeDegrees>
            </Position>
            <AltitudeMeters>177.39999389648438</AltitudeMeters>
            <DistanceMeters>2030.9100341796875</DistanceMeters>
            <HeartRateBpm>
              <Value>92</Value>
            </HeartRateBpm>
            <Extensions>
              <ns3:TPX>
                <ns3:Speed>2.565999984741211</ns3:Speed>
              </ns3:TPX>
            </Extensions>
          </Trackpoint>
          <Trackpoint>
            <Time>2026-07-29T16:49:20.000Z</Time>
            <Position>
              <LatitudeDegrees>44.29331637918949</LatitudeDegrees>
              <LongitudeDegrees>-81.59857369959354</LongitudeDegrees>
            </Position>
            <AltitudeMeters>177.1999969482422</AltitudeMeters>
            <DistanceMeters>2044.3399658203125</DistanceMeters>
            <HeartRateBpm>
              <Value>91</Value>
            </HeartRateBpm>
            <Extensions>
              <ns3:TPX>
                <ns3:Speed>2.509999990463257</ns3:Speed>
              </ns3:TPX>
            </Extensions>
          </Trackpoint>
          <Trackpoint>
            <Time>2026-07-29T16:49:25.000Z</Time>
            <Position>
              <LatitudeDegrees>44.293264327570796</LatitudeDegrees>
              <LongitudeDegrees>-81.59849926829338</LongitudeDegrees>
            </Position>
            <AltitudeMeters>177.1999969482422</AltitudeMeters>
            <DistanceMeters>2052.679931640625</DistanceMeters>
            <HeartRateBpm>
              <Value>93</Value>
            </HeartRateBpm>
            <Extensions>
              <ns3:TPX>
                <ns3:Speed>1.781999945640564</ns3:Speed>
              </ns3:TPX>
            </Extensions>
          </Trackpoint>
          <Trackpoint>
            <Time>2026-07-29T16:49:30.000Z</Time>
            <Position>
              <LatitudeDegrees>44.293193919584155</LatitudeDegrees>
              <LongitudeDegrees>-81.59841746091843</LongitudeDegrees>
            </Position>
            <AltitudeMeters>177.1999969482422</AltitudeMeters>
            <DistanceMeters>2063.030029296875</DistanceMeters>
            <HeartRateBpm>
              <Value>96</Value>
            </HeartRateBpm>
            <Extensions>
              <ns3:TPX>
                <ns3:Speed>1.781999945640564</ns3:Speed>
              </ns3:TPX>
            </Extensions>
          </Trackpoint>
          <Trackpoint>
            <Time>2026-07-29T16:49:31.000Z</Time>
            <Position>
              <LatitudeDegrees>44.2931760661304</LatitudeDegrees>
              <LongitudeDegrees>-81.5984036307782</LongitudeDegrees>
            </Position>
            <AltitudeMeters>177.1999969482422</AltitudeMeters>
            <DistanceMeters>2065.2900390625</DistanceMeters>
            <HeartRateBpm>
              <Value>95</Value>
            </HeartRateBpm>
            <Extensions>
              <ns3:TPX>
                <ns3:Speed>1.968999981880188</ns3:Speed>
              </ns3:TPX>
            </Extensions>
          </Trackpoint>
          <Trackpoint>
            <Time>2026-07-29T16:49:40.000Z</Time>
            <Position>
              <LatitudeDegrees>44.29303432814777</LatitudeDegrees>
              <LongitudeDegrees>-81.59827907569706</LongitudeDegrees>
            </Position>
            <AltitudeMeters>177.1999969482422</AltitudeMeters>
            <DistanceMeters>2083.919921875</DistanceMeters>
            <HeartRateBpm>
              <Value>94</Value>
            </HeartRateBpm>
            <Extensions>
              <ns3:TPX>
                <ns3:Speed>2.1089999675750732</ns3:Speed>
              </ns3:TPX>
            </Extensions>
          </Trackpoint>
          <Trackpoint>
            <Time>2026-07-29T16:49:47.000Z</Time>
            <Position>
              <LatitudeDegrees>44.29294053465128</LatitudeDegrees>
              <LongitudeDegrees>-81.59817983396351</LongitudeDegrees>
            </Position>
            <AltitudeMeters>177.1999969482422</AltitudeMeters>
            <DistanceMeters>2097.080078125</DistanceMeters>
            <HeartRateBpm>
              <Value>91</Value>
            </HeartRateBpm>
            <Extensions>
              <ns3:TPX>
                <ns3:Speed>2.00600004196167</ns3:Speed>
              </ns3:TPX>
            </Extensions>
          </Trackpoint>
          <Trackpoint>
            <Time>2026-07-29T16:49:49.000Z</Time>
            <Position>
              <LatitudeDegrees>44.29291035979986</LatitudeDegrees>
              <LongitudeDegrees>-81.59814186394215</LongitudeDegrees>
            </Position>
            <AltitudeMeters>177.39999389648438</AltitudeMeters>
            <DistanceMeters>2101.6201171875</DistanceMeters>
            <HeartRateBpm>
              <Value>89</Value>
            </HeartRateBpm>
            <Extensions>
              <ns3:TPX>
                <ns3:Speed>2.00600004196167</ns3:Speed>
              </ns3:TPX>
            </Extensions>
          </Trackpoint>
          <Trackpoint>
            <Time>2026-07-29T16:49:55.000Z</Time>
            <Position>
              <LatitudeDegrees>44.29283098317683</LatitudeDegrees>
              <LongitudeDegrees>-81.5980479028076</LongitudeDegrees>
            </Position>
            <AltitudeMeters>177.39999389648438</AltitudeMeters>
            <DistanceMeters>2113.199951171875</DistanceMeters>
            <HeartRateBpm>
              <Value>86</Value>
            </HeartRateBpm>
            <Extensions>
              <ns3:TPX>
                <ns3:Speed>1.996999979019165</ns3:Speed>
              </ns3:TPX>
            </Extensions>
          </Trackpoint>
          <Trackpoint>
            <Time>2026-07-29T16:49:56.000Z</Time>
            <Position>
              <LatitudeDegrees>44.29281438700855</LatitudeDegrees>
              <LongitudeDegrees>-81.59803189337254</LongitudeDegrees>
            </Position>
            <AltitudeMeters>177.39999389648438</AltitudeMeters>
            <DistanceMeters>2115.43994140625</DistanceMeters>
            <HeartRateBpm>
              <Value>86</Value>
            </HeartRateBpm>
            <Extensions>
              <ns3:TPX>
                <ns3:Speed>2.00600004196167</ns3:Speed>
              </ns3:TPX>
            </Extensions>
          </Trackpoint>
          <Trackpoint>
            <Time>2026-07-29T16:49:57.000Z</Time>
            <Position>
              <LatitudeDegrees>44.2927928455174</LatitudeDegrees>
              <LongitudeDegrees>-81.59801471047103</LongitudeDegrees>
            </Position>
            <AltitudeMeters>177.39999389648438</AltitudeMeters>
            <DistanceMeters>2118.199951171875</DistanceMeters>
            <HeartRateBpm>
              <Value>86</Value>
            </HeartRateBpm>
            <Extensions>
              <ns3:TPX>
                <ns3:Speed>2.0429999828338623</ns3:Speed>
              </ns3:TPX>
            </Extensions>
          </Trackpoint>
          <Trackpoint>
            <Time>2026-07-29T16:50:04.000Z</Time>
            <Position>
              <LatitudeDegrees>44.292678851634264</LatitudeDegrees>
              <LongitudeDegrees>-81.59790549427271</LongitudeDegrees>
            </Position>
            <AltitudeMeters>177.1999969482422</AltitudeMeters>
            <DistanceMeters>2133.580078125</DistanceMeters>
            <HeartRateBpm>
              <Value>91</Value>
            </HeartRateBpm>
            <Extensions>
              <ns3:TPX>
                <ns3:Speed>2.1649999618530273</ns3:Speed>
              </ns3:TPX>
            </Extensions>
          </Trackpoint>
          <Trackpoint>
            <Time>2026-07-29T16:50:06.000Z</Time>
            <Position>
              <LatitudeDegrees>44.29265504702926</LatitudeDegrees>
              <LongitudeDegrees>-81.59787498414516</LongitudeDegrees>
            </Position>
            <AltitudeMeters>177.1999969482422</AltitudeMeters>
            <DistanceMeters>2137.18994140625</DistanceMeters>
            <HeartRateBpm>
              <Value>89</Value>
            </HeartRateBpm>
            <Extensions>
              <ns3:TPX>
                <ns3:Speed>2.249000072479248</ns3:Speed>
              </ns3:TPX>
            </Extensions>
          </Trackpoint>
          <Trackpoint>
            <Time>2026-07-29T16:50:11.000Z</Time>
            <Position>
              <LatitudeDegrees>44.29257592186332</LatitudeDegrees>
              <LongitudeDegrees>-81.59777398221195</LongitudeDegrees>
            </Position>
            <AltitudeMeters>177.1999969482422</AltitudeMeters>
            <DistanceMeters>2149.110107421875</DistanceMeters>
            <HeartRateBpm>
              <Value>92</Value>
            </HeartRateBpm>
            <Extensions>
              <ns3:TPX>
                <ns3:Speed>2.305000066757202</ns3:Speed>
              </ns3:TPX>
            </Extensions>
          </Trackpoint>
          <Trackpoint>
            <Time>2026-07-29T16:50:16.000Z</Time>
            <Position>
              <LatitudeDegrees>44.29250325076282</LatitudeDegrees>
              <LongitudeDegrees>-81.59768932498991</LongitudeDegrees>
            </Position>
            <AltitudeMeters>177.1999969482422</AltitudeMeters>
            <DistanceMeters>2159.639892578125</DistanceMeters>
            <HeartRateBpm>
              <Value>94</Value>
            </HeartRateBpm>
            <Extensions>
              <ns3:TPX>
                <ns3:Speed>2.239000082015991</ns3:Speed>
              </ns3:TPX>
            </Extensions>
          </Trackpoint>
          <Trackpoint>
            <Time>2026-07-29T16:50:23.000Z</Time>
            <Position>
              <LatitudeDegrees>44.292404260486364</LatitudeDegrees>
              <LongitudeDegrees>-81.59756761975586</LongitudeDegrees>
            </Position>
            <AltitudeMeters>177.39999389648438</AltitudeMeters>
            <DistanceMeters>2174.409912109375</DistanceMeters>
            <HeartRateBpm>
              <Value>96</Value>
            </HeartRateBpm>
            <Extensions>
              <ns3:TPX>
                <ns3:Speed>2.2300000190734863</ns3:Speed>
              </ns3:TPX>
            </Extensions>
          </Trackpoint>
          <Trackpoint>
            <Time>2026-07-29T16:50:29.000Z</Time>
            <Position>
              <LatitudeDegrees>44.29231474176049</LatitudeDegrees>
              <LongitudeDegrees>-81.59743627533317</LongitudeDegrees>
            </Position>
            <AltitudeMeters>177.1999969482422</AltitudeMeters>
            <DistanceMeters>2188.840087890625</DistanceMeters>
            <HeartRateBpm>
              <Value>93</Value>
            </HeartRateBpm>
            <Extensions>
              <ns3:TPX>
                <ns3:Speed>2.313999891281128</ns3:Speed>
              </ns3:TPX>
            </Extensions>
          </Trackpoint>
          <Trackpoint>
            <Time>2026-07-29T16:50:30.000Z</Time>
            <Position>
              <LatitudeDegrees>44.29230401292443</LatitudeDegrees>
              <LongitudeDegrees>-81.59741356037557</LongitudeDegrees>
            </Position>
            <AltitudeMeters>177.1999969482422</AltitudeMeters>
            <DistanceMeters>2191.010009765625</DistanceMeters>
            <HeartRateBpm>
              <Value>93</Value>
            </HeartRateBpm>
            <Extensions>
              <ns3:TPX>
                <ns3:Speed>2.313999891281128</ns3:Speed>
              </ns3:TPX>
            </Extensions>
          </Trackpoint>
          <Trackpoint>
            <Time>2026-07-29T16:50:39.000Z</Time>
            <Position>
              <LatitudeDegrees>44.292146349325776</LatitudeDegrees>
              <LongitudeDegrees>-81.59723469056189</LongitudeDegrees>
            </Position>
            <AltitudeMeters>177.1999969482422</AltitudeMeters>
            <DistanceMeters>2213.72998046875</DistanceMeters>
            <HeartRateBpm>
              <Value>92</Value>
            </HeartRateBpm>
            <Extensions>
              <ns3:TPX>
                <ns3:Speed>2.565999984741211</ns3:Speed>
              </ns3:TPX>
            </Extensions>
          </Trackpoint>
          <Trackpoint>
            <Time>2026-07-29T16:50:47.000Z</Time>
            <Position>
              <LatitudeDegrees>44.292020788416266</LatitudeDegrees>
              <LongitudeDegrees>-81.59708708524704</LongitudeDegrees>
            </Position>
            <AltitudeMeters>177.0</AltitudeMeters>
            <DistanceMeters>2232.10009765625</DistanceMeters>
            <HeartRateBpm>
              <Value>91</Value>
            </HeartRateBpm>
            <Extensions>
              <ns3:TPX>
                <ns3:Speed>2.4820001125335693</ns3:Speed>
              </ns3:TPX>
            </Extensions>
          </Trackpoint>
          <Trackpoint>
            <Time>2026-07-29T16:50:56.000Z</Time>
            <Position>
              <LatitudeDegrees>44.29184560663998</LatitudeDegrees>
              <LongitudeDegrees>-81.59692221321166</LongitudeDegrees>
            </Position>
            <AltitudeMeters>177.0</AltitudeMeters>
            <DistanceMeters>2255.659912109375</DistanceMeters>
            <HeartRateBpm>
              <Value>94</Value>
            </HeartRateBpm>
            <Extensions>
              <ns3:TPX>
                <ns3:Speed>2.6410000324249268</ns3:Speed>
              </ns3:TPX>
            </Extensions>
          </Trackpoint>
          <Trackpoint>
            <Time>2026-07-29T16:50:59.000Z</Time>
            <Position>
              <LatitudeDegrees>44.29178995080292</LatitudeDegrees>
              <LongitudeDegrees>-81.59687569364905</LongitudeDegrees>
            </Position>
            <AltitudeMeters>177.1999969482422</AltitudeMeters>
            <DistanceMeters>2262.889892578125</DistanceMeters>
            <HeartRateBpm>
              <Value>99</Value>
            </HeartRateBpm>
            <Extensions>
              <ns3:TPX>
                <ns3:Speed>2.5290000438690186</ns3:Speed>
              </ns3:TPX>
            </Extensions>
          </Trackpoint>
          <Trackpoint>
            <Time>2026-07-29T16:51:00.000Z</Time>
            <Position>
              <LatitudeDegrees>44.29176748730242</LatitudeDegrees>
              <LongitudeDegrees>-81.59686110913754</LongitudeDegrees>
            </Position>
            <AltitudeMeters>177.1999969482422</AltitudeMeters>
            <DistanceMeters>2265.639892578125</DistanceMeters>
            <HeartRateBpm>
              <Value>103</Value>
            </HeartRateBpm>
            <Extensions>
              <ns3:TPX>
                <ns3:Speed>2.6029999256134033</ns3:Speed>
              </ns3:TPX>
            </Extensions>
          </Trackpoint>
          <Trackpoint>
            <Time>2026-07-29T16:51:02.000Z</Time>
            <Position>
              <LatitudeDegrees>44.29172105155885</LatitudeDegrees>
              <LongitudeDegrees>-81.59683026373386</LongitudeDegrees>
            </Position>
            <AltitudeMeters>177.1999969482422</AltitudeMeters>
            <DistanceMeters>2271.360107421875</DistanceMeters>
            <HeartRateBpm>
              <Value>106</Value>
            </HeartRateBpm>
            <Extensions>
              <ns3:TPX>
                <ns3:Speed>2.5290000438690186</ns3:Speed>
              </ns3:TPX>
            </Extensions>
          </Trackpoint>
          <Trackpoint>
            <Time>2026-07-29T16:51:05.000Z</Time>
            <Position>
              <LatitudeDegrees>44.29165357723832</LatitudeDegrees>
              <LongitudeDegrees>-81.59681928344071</LongitudeDegrees>
            </Position>
            <AltitudeMeters>177.1999969482422</AltitudeMeters>
            <DistanceMeters>2278.909912109375</DistanceMeters>
            <HeartRateBpm>
              <Value>107</Value>
            </HeartRateBpm>
            <Extensions>
              <ns3:TPX>
                <ns3:Speed>2.509999990463257</ns3:Speed>
              </ns3:TPX>
            </Extensions>
          </Trackpoint>
          <Trackpoint>
            <Time>2026-07-29T16:51:13.000Z</Time>
            <Position>
              <LatitudeDegrees>44.29145702160895</LatitudeDegrees>
              <LongitudeDegrees>-81.59683579578996</LongitudeDegrees>
            </Position>
            <AltitudeMeters>177.1999969482422</AltitudeMeters>
            <DistanceMeters>2300.89990234375</DistanceMeters>
            <HeartRateBpm>
              <Value>107</Value>
            </HeartRateBpm>
            <Extensions>
              <ns3:TPX>
                <ns3:Speed>2.5940001010894775</ns3:Speed>
              </ns3:TPX>
            </Extensions>
          </Trackpoint>
          <Trackpoint>
            <Time>2026-07-29T16:51:22.000Z</Time>
            <Position>
              <LatitudeDegrees>44.291252084076405</LatitudeDegrees>
              <LongitudeDegrees>-81.59680520184338</LongitudeDegrees>
            </Position>
            <AltitudeMeters>177.1999969482422</AltitudeMeters>
            <DistanceMeters>2323.860107421875</DistanceMeters>
            <HeartRateBpm>
              <Value>105</Value>
            </HeartRateBpm>
            <Extensions>
              <ns3:TPX>
                <ns3:Speed>2.546999931335449</ns3:Speed>
              </ns3:TPX>
            </Extensions>
          </Trackpoint>
          <Trackpoint>
            <Time>2026-07-29T16:51:24.000Z</Time>
            <Position>
              <LatitudeDegrees>44.29120313376188</LatitudeDegrees>
              <LongitudeDegrees>-81.59679531119764</LongitudeDegrees>
            </Position>
            <AltitudeMeters>177.1999969482422</AltitudeMeters>
            <DistanceMeters>2329.35009765625</DistanceMeters>
            <HeartRateBpm>
              <Value>102</Value>
            </HeartRateBpm>
            <Extensions>
              <ns3:TPX>
                <ns3:Speed>2.6500000953674316</ns3:Speed>
              </ns3:TPX>
            </Extensions>
          </Trackpoint>
          <Trackpoint>
            <Time>2026-07-29T16:51:32.000Z</Time>
            <Position>
              <LatitudeDegrees>44.291028287261724</LatitudeDegrees>
              <LongitudeDegrees>-81.59675549715757</LongitudeDegrees>
            </Position>
            <AltitudeMeters>177.1999969482422</AltitudeMeters>
            <DistanceMeters>2349.090087890625</DistanceMeters>
            <HeartRateBpm>
              <Value>103</Value>
            </HeartRateBpm>
            <Extensions>
              <ns3:TPX>
                <ns3:Speed>2.556999921798706</ns3:Speed>
              </ns3:TPX>
            </Extensions>
          </Trackpoint>
          <Trackpoint>
            <Time>2026-07-29T16:51:41.000Z</Time>
            <Position>
              <LatitudeDegrees>44.290836341679096</LatitudeDegrees>
              <LongitudeDegrees>-81.59669045358896</LongitudeDegrees>
            </Position>
            <AltitudeMeters>176.8000030517578</AltitudeMeters>
            <DistanceMeters>2371.070068359375</DistanceMeters>
            <HeartRateBpm>
              <Value>101</Value>
            </HeartRateBpm>
            <Extensions>
              <ns3:TPX>
                <ns3:Speed>2.4820001125335693</ns3:Speed>
              </ns3:TPX>
            </Extensions>
          </Trackpoint>
          <Trackpoint>
            <Time>2026-07-29T16:51:48.000Z</Time>
            <Position>
              <LatitudeDegrees>44.29069200530648</LatitudeDegrees>
              <LongitudeDegrees>-81.59658785909414</LongitudeDegrees>
            </Position>
            <AltitudeMeters>176.8000030517578</AltitudeMeters>
            <DistanceMeters>2389.139892578125</DistanceMeters>
            <HeartRateBpm>
              <Value>102</Value>
            </HeartRateBpm>
            <Extensions>
              <ns3:TPX>
                <ns3:Speed>2.546999931335449</ns3:Speed>
              </ns3:TPX>
            </Extensions>
          </Trackpoint>
          <Trackpoint>
            <Time>2026-07-29T16:51:51.000Z</Time>
            <Position>
              <LatitudeDegrees>44.29064070805907</LatitudeDegrees>
              <LongitudeDegrees>-81.59653396345675</LongitudeDegrees>
            </Position>
            <AltitudeMeters>177.0</AltitudeMeters>
            <DistanceMeters>2396.280029296875</DistanceMeters>
            <HeartRateBpm>
              <Value>105</Value>
            </HeartRateBpm>
            <Extensions>
              <ns3:TPX>
                <ns3:Speed>2.5380001068115234</ns3:Speed>
              </ns3:TPX>
            </Extensions>
          </Trackpoint>
          <Trackpoint>
            <Time>2026-07-29T16:51:56.000Z</Time>
            <Position>
              <LatitudeDegrees>44.29058010689914</LatitudeDegrees>
              <LongitudeDegrees>-81.59644067287445</LongitudeDegrees>
            </Position>
            <AltitudeMeters>177.1999969482422</AltitudeMeters>
            <DistanceMeters>2406.39990234375</DistanceMeters>
            <HeartRateBpm>
              <Value>104</Value>
            </HeartRateBpm>
            <Extensions>
              <ns3:TPX>
                <ns3:Speed>2.257999897003174</ns3:Speed>
              </ns3:TPX>
            </Extensions>
          </Trackpoint>
          <Trackpoint>
            <Time>2026-07-29T16:52:01.000Z</Time>
            <Position>
              <LatitudeDegrees>44.2904750816524</LatitudeDegrees>
              <LongitudeDegrees>-81.59645969979465</LongitudeDegrees>
            </Position>
            <AltitudeMeters>177.39999389648438</AltitudeMeters>
            <DistanceMeters>2418.659912109375</DistanceMeters>
            <HeartRateBpm>
              <Value>104</Value>
            </HeartRateBpm>
            <Extensions>
              <ns3:TPX>
                <ns3:Speed>2.753000020980835</ns3:Speed>
              </ns3:TPX>
            </Extensions>
          </Trackpoint>
          <Trackpoint>
            <Time>2026-07-29T16:52:07.000Z</Time>
            <Position>
              <LatitudeDegrees>44.2903336789459</LatitudeDegrees>
              <LongitudeDegrees>-81.59655500203371</LongitudeDegrees>
            </Position>
            <AltitudeMeters>177.39999389648438</AltitudeMeters>
            <DistanceMeters>2436.110107421875</DistanceMeters>
            <HeartRateBpm>
              <Value>103</Value>
            </HeartRateBpm>
            <Extensions>
              <ns3:TPX>
                <ns3:Speed>2.7990000247955322</ns3:Speed>
              </ns3:TPX>
            </Extensions>
          </Trackpoint>
          <Trackpoint>
            <Time>2026-07-29T16:52:17.000Z</Time>
            <Position>
              <LatitudeDegrees>44.29012949578464</LatitudeDegrees>
              <LongitudeDegrees>-81.59671870060265</LongitudeDegrees>
            </Position>
            <AltitudeMeters>177.1999969482422</AltitudeMeters>
            <DistanceMeters>2462.300048828125</DistanceMeters>
            <HeartRateBpm>
              <Value>104</Value>
            </HeartRateBpm>
            <Extensions>
              <ns3:TPX>
                <ns3:Speed>2.63100004196167</ns3:Speed>
              </ns3:TPX>
            </Extensions>
          </Trackpoint>
          <Trackpoint>
            <Time>2026-07-29T16:52:26.000Z</Time>
            <Position>
              <LatitudeDegrees>44.28993411362171</LatitudeDegrees>
              <LongitudeDegrees>-81.5968631207943</LongitudeDegrees>
            </Position>
            <AltitudeMeters>177.0</AltitudeMeters>
            <DistanceMeters>2486.989990234375</DistanceMeters>
            <HeartRateBpm>
              <Value>105</Value>
            </HeartRateBpm>
            <Extensions>
              <ns3:TPX>
                <ns3:Speed>2.7149999141693115</ns3:Speed>
              </ns3:TPX>
            </Extensions>
          </Trackpoint>
          <Trackpoint>
            <Time>2026-07-29T16:52:36.000Z</Time>
            <Position>
              <LatitudeDegrees>44.289717776700854</LatitudeDegrees>
              <LongitudeDegrees>-81.59697057679296</LongitudeDegrees>
            </Position>
            <AltitudeMeters>177.1999969482422</AltitudeMeters>
            <DistanceMeters>2512.510009765625</DistanceMeters>
            <HeartRateBpm>
              <Value>103</Value>
            </HeartRateBpm>
            <Extensions>
              <ns3:TPX>
                <ns3:Speed>2.6029999256134033</ns3:Speed>
              </ns3:TPX>
            </Extensions>
          </Trackpoint>
          <Trackpoint>
            <Time>2026-07-29T16:52:49.000Z</Time>
            <Position>
              <LatitudeDegrees>44.28941007703543</LatitudeDegrees>
              <LongitudeDegrees>-81.59709337167442</LongitudeDegrees>
            </Position>
            <AltitudeMeters>177.1999969482422</AltitudeMeters>
            <DistanceMeters>2548.070068359375</DistanceMeters>
            <HeartRateBpm>
              <Value>100</Value>
            </HeartRateBpm>
            <Extensions>
              <ns3:TPX>
                <ns3:Speed>2.677999973297119</ns3:Speed>
              </ns3:TPX>
            </Extensions>
          </Trackpoint>
          <Trackpoint>
            <Time>2026-07-29T16:53:00.000Z</Time>
            <Position>
              <LatitudeDegrees>44.28916021250188</LatitudeDegrees>
              <LongitudeDegrees>-81.5971792023629</LongitudeDegrees>
            </Position>
            <AltitudeMeters>177.0</AltitudeMeters>
            <DistanceMeters>2576.669921875</DistanceMeters>
            <HeartRateBpm>
              <Value>97</Value>
            </HeartRateBpm>
            <Extensions>
              <ns3:TPX>
                <ns3:Speed>2.5190000534057617</ns3:Speed>
              </ns3:TPX>
            </Extensions>
          </Trackpoint>
          <Trackpoint>
            <Time>2026-07-29T16:53:02.000Z</Time>
            <Position>
              <LatitudeDegrees>44.28911059163511</LatitudeDegrees>
              <LongitudeDegrees>-81.59719755873084</LongitudeDegrees>
            </Position>
            <AltitudeMeters>177.0</AltitudeMeters>
            <DistanceMeters>2582.3701171875</DistanceMeters>
            <HeartRateBpm>
              <Value>96</Value>
            </HeartRateBpm>
            <Extensions>
              <ns3:TPX>
                <ns3:Speed>2.621999979019165</ns3:Speed>
              </ns3:TPX>
            </Extensions>
          </Trackpoint>
          <Trackpoint>
            <Time>2026-07-29T16:53:12.000Z</Time>
            <Position>
              <LatitudeDegrees>44.28888444788754</LatitudeDegrees>
              <LongitudeDegrees>-81.59734264947474</LongitudeDegrees>
            </Position>
            <AltitudeMeters>177.1999969482422</AltitudeMeters>
            <DistanceMeters>2610.22998046875</DistanceMeters>
            <HeartRateBpm>
              <Value>97</Value>
            </HeartRateBpm>
            <Extensions>
              <ns3:TPX>
                <ns3:Speed>2.6410000324249268</ns3:Speed>
              </ns3:TPX>
            </Extensions>
          </Trackpoint>
          <Trackpoint>
            <Time>2026-07-29T16:53:25.000Z</Time>
            <Position>
              <LatitudeDegrees>44.28862544707954</LatitudeDegrees>
              <LongitudeDegrees>-81.59756636247039</LongitudeDegrees>
            </Position>
            <AltitudeMeters>177.0</AltitudeMeters>
            <DistanceMeters>2644.090087890625</DistanceMeters>
            <HeartRateBpm>
              <Value>98</Value>
            </HeartRateBpm>
            <Extensions>
              <ns3:TPX>
                <ns3:Speed>2.5380001068115234</ns3:Speed>
              </ns3:TPX>
            </Extensions>
          </Trackpoint>
          <Trackpoint>
            <Time>2026-07-29T16:53:29.000Z</Time>
            <Position>
              <LatitudeDegrees>44.28854942321777</LatitudeDegrees>
              <LongitudeDegrees>-81.59764121286571</LongitudeDegrees>
            </Position>
            <AltitudeMeters>177.1999969482422</AltitudeMeters>
            <DistanceMeters>2654.429931640625</DistanceMeters>
            <HeartRateBpm>
              <Value>95</Value>
            </HeartRateBpm>
            <Extensions>
              <ns3:TPX>
                <ns3:Speed>2.5290000438690186</ns3:Speed>
              </ns3:TPX>
            </Extensions>
          </Trackpoint>
          <Trackpoint>
            <Time>2026-07-29T16:53:32.000Z</Time>
            <Position>
              <LatitudeDegrees>44.28848672658205</LatitudeDegrees>
              <LongitudeDegrees>-81.59770089201629</LongitudeDegrees>
            </Position>
            <AltitudeMeters>177.0</AltitudeMeters>
            <DistanceMeters>2662.8701171875</DistanceMeters>
            <HeartRateBpm>
              <Value>92</Value>
            </HeartRateBpm>
            <Extensions>
              <ns3:TPX>
                <ns3:Speed>2.753000020980835</ns3:Speed>
              </ns3:TPX>
            </Extensions>
          </Trackpoint>
          <Trackpoint>
            <Time>2026-07-29T16:53:38.000Z</Time>
            <Position>
              <LatitudeDegrees>44.28835806436837</LatitudeDegrees>
              <LongitudeDegrees>-81.59783374518156</LongitudeDegrees>
            </Position>
            <AltitudeMeters>177.0</AltitudeMeters>
            <DistanceMeters>2680.669921875</DistanceMeters>
            <HeartRateBpm>
              <Value>92</Value>
            </HeartRateBpm>
            <Extensions>
              <ns3:TPX>
                <ns3:Speed>2.930000066757202</ns3:Speed>
              </ns3:TPX>
            </Extensions>
          </Trackpoint>
          <Trackpoint>
            <Time>2026-07-29T16:53:42.000Z</Time>
            <Position>
              <LatitudeDegrees>44.288264606148005</LatitudeDegrees>
              <LongitudeDegrees>-81.59792745485902</LongitudeDegrees>
            </Position>
            <AltitudeMeters>177.0</AltitudeMeters>
            <DistanceMeters>2693.47998046875</DistanceMeters>
            <HeartRateBpm>
              <Value>95</Value>
            </HeartRateBpm>
            <Extensions>
              <ns3:TPX>
                <ns3:Speed>2.9670000076293945</ns3:Speed>
              </ns3:TPX>
            </Extensions>
          </Trackpoint>
          <Trackpoint>
            <Time>2026-07-29T16:53:46.000Z</Time>
            <Position>
              <LatitudeDegrees>44.28817877545953</LatitudeDegrees>
              <LongitudeDegrees>-81.59800071269274</LongitudeDegrees>
            </Position>
            <AltitudeMeters>177.0</AltitudeMeters>
            <DistanceMeters>2704.669921875</DistanceMeters>
            <HeartRateBpm>
              <Value>98</Value>
            </HeartRateBpm>
            <Extensions>
              <ns3:TPX>
                <ns3:Speed>3.0510001182556152</ns3:Speed>
              </ns3:TPX>
            </Extensions>
          </Trackpoint>
          <Trackpoint>
            <Time>2026-07-29T16:53:49.000Z</Time>
            <Position>
              <LatitudeDegrees>44.288121443241835</LatitudeDegrees>
              <LongitudeDegrees>-81.59804119728506</LongitudeDegrees>
            </Position>
            <AltitudeMeters>177.0</AltitudeMeters>
            <DistanceMeters>2711.81005859375</DistanceMeters>
            <HeartRateBpm>
              <Value>100</Value>
            </HeartRateBpm>
            <Extensions>
              <ns3:TPX>
                <ns3:Speed>2.63100004196167</ns3:Speed>
              </ns3:TPX>
            </Extensions>
          </Trackpoint>
          <Trackpoint>
            <Time>2026-07-29T16:54:01.000Z</Time>
            <Position>
              <LatitudeDegrees>44.28786663338542</LatitudeDegrees>
              <LongitudeDegrees>-81.59816784784198</LongitudeDegrees>
            </Position>
            <AltitudeMeters>177.0</AltitudeMeters>
            <DistanceMeters>2741.8701171875</DistanceMeters>
            <HeartRateBpm>
              <Value>101</Value>
            </HeartRateBpm>
            <Extensions>
              <ns3:TPX>
                <ns3:Speed>2.4820001125335693</ns3:Speed>
              </ns3:TPX>
            </Extensions>
          </Trackpoint>
          <Trackpoint>
            <Time>2026-07-29T16:54:09.000Z</Time>
            <Position>
              <LatitudeDegrees>44.287708047777414</LatitudeDegrees>
              <LongitudeDegrees>-81.59827128052711</LongitudeDegrees>
            </Position>
            <AltitudeMeters>177.0</AltitudeMeters>
            <DistanceMeters>2761.4599609375</DistanceMeters>
            <HeartRateBpm>
              <Value>99</Value>
            </HeartRateBpm>
            <Extensions>
              <ns3:TPX>
                <ns3:Speed>2.3329999446868896</ns3:Speed>
              </ns3:TPX>
            </Extensions>
          </Trackpoint>
          <Trackpoint>
            <Time>2026-07-29T16:54:19.000Z</Time>
            <Position>
              <LatitudeDegrees>44.28751107305288</LatitudeDegrees>
              <LongitudeDegrees>-81.5983930695802</LongitudeDegrees>
            </Position>
            <AltitudeMeters>177.0</AltitudeMeters>
            <DistanceMeters>2785.43994140625</DistanceMeters>
            <HeartRateBpm>
              <Value>98</Value>
            </HeartRateBpm>
            <Extensions>
              <ns3:TPX>
                <ns3:Speed>2.4730000495910645</ns3:Speed>
              </ns3:TPX>
            </Extensions>
          </Trackpoint>
          <Trackpoint>
            <Time>2026-07-29T16:54:22.000Z</Time>
            <Position>
              <LatitudeDegrees>44.28745374083519</LatitudeDegrees>
              <LongitudeDegrees>-81.5984258428216</LongitudeDegrees>
            </Position>
            <AltitudeMeters>177.0</AltitudeMeters>
            <DistanceMeters>2792.330078125</DistanceMeters>
            <HeartRateBpm>
              <Value>95</Value>
            </HeartRateBpm>
            <Extensions>
              <ns3:TPX>
                <ns3:Speed>2.369999885559082</ns3:Speed>
              </ns3:TPX>
            </Extensions>
          </Trackpoint>
          <Trackpoint>
            <Time>2026-07-29T16:54:26.000Z</Time>
            <Position>
              <LatitudeDegrees>44.28737637586892</LatitudeDegrees>
              <LongitudeDegrees>-81.59846129827201</LongitudeDegrees>
            </Position>
            <AltitudeMeters>177.0</AltitudeMeters>
            <DistanceMeters>2801.389892578125</DistanceMeters>
            <HeartRateBpm>
              <Value>91</Value>
            </HeartRateBpm>
            <Extensions>
              <ns3:TPX>
                <ns3:Speed>2.3420000076293945</ns3:Speed>
              </ns3:TPX>
            </Extensions>
          </Trackpoint>
          <Trackpoint>
            <Time>2026-07-29T16:54:29.000Z</Time>
            <Position>
              <LatitudeDegrees>44.287323066964746</LatitudeDegrees>
              <LongitudeDegrees>-81.5984794870019</LongitudeDegrees>
            </Position>
            <AltitudeMeters>177.0</AltitudeMeters>
            <DistanceMeters>2807.489990234375</DistanceMeters>
            <HeartRateBpm>
              <Value>88</Value>
            </HeartRateBpm>
            <Extensions>
              <ns3:TPX>
                <ns3:Speed>2.2769999504089355</ns3:Speed>
              </ns3:TPX>
            </Extensions>
          </Trackpoint>
          <Trackpoint>
            <Time>2026-07-29T16:54:30.000Z</Time>
            <Position>
              <LatitudeDegrees>44.28730244748294</LatitudeDegrees>
              <LongitudeDegrees>-81.5984861087054</LongitudeDegrees>
            </Position>
            <AltitudeMeters>177.0</AltitudeMeters>
            <DistanceMeters>2809.85009765625</DistanceMeters>
            <HeartRateBpm>
              <Value>87</Value>
            </HeartRateBpm>
            <Extensions>
              <ns3:TPX>
                <ns3:Speed>2.2669999599456787</ns3:Speed>
              </ns3:TPX>
            </Extensions>
          </Trackpoint>
          <Trackpoint>
            <Time>2026-07-29T16:54:41.000Z</Time>
            <Position>
              <LatitudeDegrees>44.287082087248564</LatitudeDegrees>
              <LongitudeDegrees>-81.59855081699789</LongitudeDegrees>
            </Position>
            <AltitudeMeters>177.0</AltitudeMeters>
            <DistanceMeters>2834.909912109375</DistanceMeters>
            <HeartRateBpm>
              <Value>86</Value>
            </HeartRateBpm>
            <Extensions>
              <ns3:TPX>
                <ns3:Speed>2.3420000076293945</ns3:Speed>
              </ns3:TPX>
            </Extensions>
          </Trackpoint>
          <Trackpoint>
            <Time>2026-07-29T16:54:53.000Z</Time>
            <Position>
              <LatitudeDegrees>44.28684404119849</LatitudeDegrees>
              <LongitudeDegrees>-81.59864385612309</LongitudeDegrees>
            </Position>
            <AltitudeMeters>177.0</AltitudeMeters>
            <DistanceMeters>2862.389892578125</DistanceMeters>
            <HeartRateBpm>
              <Value>88</Value>
            </HeartRateBpm>
            <Extensions>
              <ns3:TPX>
                <ns3:Speed>2.305000066757202</ns3:Speed>
              </ns3:TPX>
            </Extensions>
          </Trackpoint>
          <Trackpoint>
            <Time>2026-07-29T16:55:03.000Z</Time>
            <Position>
              <LatitudeDegrees>44.28665284998715</LatitudeDegrees>
              <LongitudeDegrees>-81.5988196246326</LongitudeDegrees>
            </Position>
            <AltitudeMeters>177.1999969482422</AltitudeMeters>
            <DistanceMeters>2888.219970703125</DistanceMeters>
            <HeartRateBpm>
              <Value>86</Value>
            </HeartRateBpm>
            <Extensions>
              <ns3:TPX>
                <ns3:Speed>2.5290000438690186</ns3:Speed>
              </ns3:TPX>
            </Extensions>
          </Trackpoint>
          <Trackpoint>
            <Time>2026-07-29T16:55:13.000Z</Time>
            <Position>
              <LatitudeDegrees>44.28647205233574</LatitudeDegrees>
              <LongitudeDegrees>-81.59905741922557</LongitudeDegrees>
            </Position>
            <AltitudeMeters>177.1999969482422</AltitudeMeters>
            <DistanceMeters>2915.8798828125</DistanceMeters>
            <HeartRateBpm>
              <Value>87</Value>
            </HeartRateBpm>
            <Extensions>
              <ns3:TPX>
                <ns3:Speed>2.753000020980835</ns3:Speed>
              </ns3:TPX>
            </Extensions>
          </Trackpoint>
          <Trackpoint>
            <Time>2026-07-29T16:55:20.000Z</Time>
            <Position>
              <LatitudeDegrees>44.28634079173207</LatitudeDegrees>
              <LongitudeDegrees>-81.59920292906463</LongitudeDegrees>
            </Position>
            <AltitudeMeters>177.1999969482422</AltitudeMeters>
            <DistanceMeters>2934.530029296875</DistanceMeters>
            <HeartRateBpm>
              <Value>84</Value>
            </HeartRateBpm>
            <Extensions>
              <ns3:TPX>
                <ns3:Speed>2.6410000324249268</ns3:Speed>
              </ns3:TPX>
            </Extensions>
          </Trackpoint>
          <Trackpoint>
            <Time>2026-07-29T16:55:25.000Z</Time>
            <Position>
              <LatitudeDegrees>44.286246076226234</LatitudeDegrees>
              <LongitudeDegrees>-81.59929471090436</LongitudeDegrees>
            </Position>
            <AltitudeMeters>177.1999969482422</AltitudeMeters>
            <DistanceMeters>2947.35009765625</DistanceMeters>
            <HeartRateBpm>
              <Value>83</Value>
            </HeartRateBpm>
            <Extensions>
              <ns3:TPX>
                <ns3:Speed>2.6410000324249268</ns3:Speed>
              </ns3:TPX>
            </Extensions>
          </Trackpoint>
          <Trackpoint>
            <Time>2026-07-29T16:55:40.000Z</Time>
            <Position>
              <LatitudeDegrees>44.28596788085997</LatitudeDegrees>
              <LongitudeDegrees>-81.59959117881954</LongitudeDegrees>
            </Position>
            <AltitudeMeters>177.39999389648438</AltitudeMeters>
            <DistanceMeters>2986.2900390625</DistanceMeters>
            <HeartRateBpm>
              <Value>82</Value>
            </HeartRateBpm>
            <Extensions>
              <ns3:TPX>
                <ns3:Speed>2.5940001010894775</ns3:Speed>
              </ns3:TPX>
            </Extensions>
          </Trackpoint>
          <Trackpoint>
            <Time>2026-07-29T16:55:44.000Z</Time>
            <Position>
              <LatitudeDegrees>44.28588774986565</LatitudeDegrees>
              <LongitudeDegrees>-81.59966871142387</LongitudeDegrees>
            </Position>
            <AltitudeMeters>177.1999969482422</AltitudeMeters>
            <DistanceMeters>2997.139892578125</DistanceMeters>
            <HeartRateBpm>
              <Value>79</Value>
            </HeartRateBpm>
            <Extensions>
              <ns3:TPX>
                <ns3:Speed>2.6410000324249268</ns3:Speed>
              </ns3:TPX>
            </Extensions>
          </Trackpoint>
          <Trackpoint>
            <Time>2026-07-29T16:55:51.000Z</Time>
            <Position>
              <LatitudeDegrees>44.285746682435274</LatitudeDegrees>
              <LongitudeDegrees>-81.59980307333171</LongitudeDegrees>
            </Position>
            <AltitudeMeters>177.39999389648438</AltitudeMeters>
            <DistanceMeters>3016.1298828125</DistanceMeters>
            <HeartRateBpm>
              <Value>80</Value>
            </HeartRateBpm>
            <Extensions>
              <ns3:TPX>
                <ns3:Speed>2.677999973297119</ns3:Speed>
              </ns3:TPX>
            </Extensions>
          </Trackpoint>
          <Trackpoint>
            <Time>2026-07-29T16:55:56.000Z</Time>
            <Position>
              <LatitudeDegrees>44.28564576432109</LatitudeDegrees>
              <LongitudeDegrees>-81.59991539083421</LongitudeDegrees>
            </Position>
            <AltitudeMeters>177.39999389648438</AltitudeMeters>
            <DistanceMeters>3030.47998046875</DistanceMeters>
            <HeartRateBpm>
              <Value>85</Value>
            </HeartRateBpm>
            <Extensions>
              <ns3:TPX>
                <ns3:Speed>2.743000030517578</ns3:Speed>
              </ns3:TPX>
            </Extensions>
          </Trackpoint>
          <Trackpoint>
            <Time>2026-07-29T16:56:06.000Z</Time>
            <Position>
              <LatitudeDegrees>44.2854502145201</LatitudeDegrees>
              <LongitudeDegrees>-81.60010767169297</LongitudeDegrees>
            </Position>
            <AltitudeMeters>177.1999969482422</AltitudeMeters>
            <DistanceMeters>3057.139892578125</DistanceMeters>
            <HeartRateBpm>
              <Value>87</Value>
            </HeartRateBpm>
            <Extensions>
              <ns3:TPX>
                <ns3:Speed>2.687000036239624</ns3:Speed>
              </ns3:TPX>
            </Extensions>
          </Trackpoint>
          <Trackpoint>
            <Time>2026-07-29T16:56:11.000Z</Time>
            <Position>
              <LatitudeDegrees>44.28534694947302</LatitudeDegrees>
              <LongitudeDegrees>-81.60021697171032</LongitudeDegrees>
            </Position>
            <AltitudeMeters>177.1999969482422</AltitudeMeters>
            <DistanceMeters>3071.580078125</DistanceMeters>
            <HeartRateBpm>
              <Value>83</Value>
            </HeartRateBpm>
            <Extensions>
              <ns3:TPX>
                <ns3:Speed>2.7249999046325684</ns3:Speed>
              </ns3:TPX>
            </Extensions>
          </Trackpoint>
          <Trackpoint>
            <Time>2026-07-29T16:56:15.000Z</Time>
            <Position>
              <LatitudeDegrees>44.28526757284999</LatitudeDegrees>
              <LongitudeDegrees>-81.60030405968428</LongitudeDegrees>
            </Position>
            <AltitudeMeters>177.39999389648438</AltitudeMeters>
            <DistanceMeters>3082.820068359375</DistanceMeters>
            <HeartRateBpm>
              <Value>81</Value>
            </HeartRateBpm>
            <Extensions>
              <ns3:TPX>
                <ns3:Speed>2.743000030517578</ns3:Speed>
              </ns3:TPX>
            </Extensions>
          </Trackpoint>
          <Trackpoint>
            <Time>2026-07-29T16:56:24.000Z</Time>
            <Position>
              <LatitudeDegrees>44.28510446101427</LatitudeDegrees>
              <LongitudeDegrees>-81.60048217512667</LongitudeDegrees>
            </Position>
            <AltitudeMeters>177.39999389648438</AltitudeMeters>
            <DistanceMeters>3105.860107421875</DistanceMeters>
            <HeartRateBpm>
              <Value>84</Value>
            </HeartRateBpm>
            <Extensions>
              <ns3:TPX>
                <ns3:Speed>2.565999984741211</ns3:Speed>
              </ns3:TPX>
            </Extensions>
          </Trackpoint>
          <Trackpoint>
            <Time>2026-07-29T16:56:27.000Z</Time>
            <Position>
              <LatitudeDegrees>44.28505349904299</LatitudeDegrees>
              <LongitudeDegrees>-81.6005427762866</LongitudeDegrees>
            </Position>
            <AltitudeMeters>177.39999389648438</AltitudeMeters>
            <DistanceMeters>3113.31005859375</DistanceMeters>
            <HeartRateBpm>
              <Value>87</Value>
            </HeartRateBpm>
            <Extensions>
              <ns3:TPX>
                <ns3:Speed>2.556999921798706</ns3:Speed>
              </ns3:TPX>
            </Extensions>
          </Trackpoint>
          <Trackpoint>
            <Time>2026-07-29T16:56:29.000Z</Time>
            <Position>
              <LatitudeDegrees>44.28500873968005</LatitudeDegrees>
              <LongitudeDegrees>-81.60058066248894</LongitudeDegrees>
            </Position>
            <AltitudeMeters>177.39999389648438</AltitudeMeters>
            <DistanceMeters>3119.1201171875</DistanceMeters>
            <HeartRateBpm>
              <Value>90</Value>
            </HeartRateBpm>
            <Extensions>
              <ns3:TPX>
                <ns3:Speed>2.575000047683716</ns3:Speed>
              </ns3:TPX>
            </Extensions>
          </Trackpoint>
          <Trackpoint>
            <Time>2026-07-29T16:56:41.000Z</Time>
            <Position>
              <LatitudeDegrees>44.28478443995118</LatitudeDegrees>
              <LongitudeDegrees>-81.60081191919744</LongitudeDegrees>
            </Position>
            <AltitudeMeters>177.39999389648438</AltitudeMeters>
            <DistanceMeters>3150.139892578125</DistanceMeters>
            <HeartRateBpm>
              <Value>87</Value>
            </HeartRateBpm>
            <Extensions>
              <ns3:TPX>
                <ns3:Speed>2.5850000381469727</ns3:Speed>
              </ns3:TPX>
            </Extensions>
          </Trackpoint>
          <Trackpoint>
            <Time>2026-07-29T16:56:43.000Z</Time>
            <Position>
              <LatitudeDegrees>44.28475200198591</LatitudeDegrees>
              <LongitudeDegrees>-81.60084947012365</LongitudeDegrees>
            </Position>
            <AltitudeMeters>177.39999389648438</AltitudeMeters>
            <DistanceMeters>3154.830078125</DistanceMeters>
            <HeartRateBpm>
              <Value>87</Value>
            </HeartRateBpm>
            <Extensions>
              <ns3:TPX>
                <ns3:Speed>2.575000047683716</ns3:Speed>
              </ns3:TPX>
            </Extensions>
          </Trackpoint>
          <Trackpoint>
            <Time>2026-07-29T16:56:56.000Z</Time>
            <Position>
              <LatitudeDegrees>44.28450347855687</LatitudeDegrees>
              <LongitudeDegrees>-81.60113101825118</LongitudeDegrees>
            </Position>
            <AltitudeMeters>177.39999389648438</AltitudeMeters>
            <DistanceMeters>3190.469970703125</DistanceMeters>
            <HeartRateBpm>
              <Value>87</Value>
            </HeartRateBpm>
            <Extensions>
              <ns3:TPX>
                <ns3:Speed>2.7899999618530273</ns3:Speed>
              </ns3:TPX>
            </Extensions>
          </Trackpoint>
          <Trackpoint>
            <Time>2026-07-29T16:57:08.000Z</Time>
            <Position>
              <LatitudeDegrees>44.28427029401064</LatitudeDegrees>
              <LongitudeDegrees>-81.60136722028255</LongitudeDegrees>
            </Position>
            <AltitudeMeters>177.39999389648438</AltitudeMeters>
            <DistanceMeters>3222.56005859375</DistanceMeters>
            <HeartRateBpm>
              <Value>86</Value>
            </HeartRateBpm>
            <Extensions>
              <ns3:TPX>
                <ns3:Speed>2.697000026702881</ns3:Speed>
              </ns3:TPX>
            </Extensions>
          </Trackpoint>
          <Trackpoint>
            <Time>2026-07-29T16:57:19.000Z</Time>
            <Position>
              <LatitudeDegrees>44.28406954742968</LatitudeDegrees>
              <LongitudeDegrees>-81.60162102431059</LongitudeDegrees>
            </Position>
            <AltitudeMeters>177.60000610351562</AltitudeMeters>
            <DistanceMeters>3252.699951171875</DistanceMeters>
            <HeartRateBpm>
              <Value>85</Value>
            </HeartRateBpm>
            <Extensions>
              <ns3:TPX>
                <ns3:Speed>2.7899999618530273</ns3:Speed>
              </ns3:TPX>
            </Extensions>
          </Trackpoint>
          <Trackpoint>
            <Time>2026-07-29T16:57:30.000Z</Time>
            <Position>
              <LatitudeDegrees>44.28386754356325</LatitudeDegrees>
              <LongitudeDegrees>-81.60187130793929</LongitudeDegrees>
            </Position>
            <AltitudeMeters>177.60000610351562</AltitudeMeters>
            <DistanceMeters>3282.77001953125</DistanceMeters>
            <HeartRateBpm>
              <Value>87</Value>
            </HeartRateBpm>
            <Extensions>
              <ns3:TPX>
                <ns3:Speed>2.7060000896453857</ns3:Speed>
              </ns3:TPX>
            </Extensions>
          </Trackpoint>
          <Trackpoint>
            <Time>2026-07-29T16:57:42.000Z</Time>
            <Position>
              <LatitudeDegrees>44.28362916223705</LatitudeDegrees>
              <LongitudeDegrees>-81.60211346112192</LongitudeDegrees>
            </Position>
            <AltitudeMeters>177.39999389648438</AltitudeMeters>
            <DistanceMeters>3315.56005859375</DistanceMeters>
            <HeartRateBpm>
              <Value>84</Value>
            </HeartRateBpm>
            <Extensions>
              <ns3:TPX>
                <ns3:Speed>2.7149999141693115</ns3:Speed>
              </ns3:TPX>
            </Extensions>
          </Trackpoint>
          <Trackpoint>
            <Time>2026-07-29T16:57:43.000Z</Time>
            <Position>
              <LatitudeDegrees>44.28360879421234</LatitudeDegrees>
              <LongitudeDegrees>-81.6021329909563</LongitudeDegrees>
            </Position>
            <AltitudeMeters>177.39999389648438</AltitudeMeters>
            <DistanceMeters>3318.300048828125</DistanceMeters>
            <HeartRateBpm>
              <Value>83</Value>
            </HeartRateBpm>
            <Extensions>
              <ns3:TPX>
                <ns3:Speed>2.7060000896453857</ns3:Speed>
              </ns3:TPX>
            </Extensions>
          </Trackpoint>
          <Trackpoint>
            <Time>2026-07-29T16:57:46.000Z</Time>
            <Position>
              <LatitudeDegrees>44.283554311841726</LatitudeDegrees>
              <LongitudeDegrees>-81.60219518467784</LongitudeDegrees>
            </Position>
            <AltitudeMeters>177.39999389648438</AltitudeMeters>
            <DistanceMeters>3326.1298828125</DistanceMeters>
            <HeartRateBpm>
              <Value>80</Value>
            </HeartRateBpm>
            <Extensions>
              <ns3:TPX>
                <ns3:Speed>2.6689999103546143</ns3:Speed>
              </ns3:TPX>
            </Extensions>
          </Trackpoint>
          <Trackpoint>
            <Time>2026-07-29T16:57:54.000Z</Time>
            <Position>
              <LatitudeDegrees>44.28339899517596</LatitudeDegrees>
              <LongitudeDegrees>-81.60234639421105</LongitudeDegrees>
            </Position>
            <AltitudeMeters>177.39999389648438</AltitudeMeters>
            <DistanceMeters>3347.199951171875</DistanceMeters>
            <HeartRateBpm>
              <Value>80</Value>
            </HeartRateBpm>
            <Extensions>
              <ns3:TPX>
                <ns3:Speed>2.6689999103546143</ns3:Speed>
              </ns3:TPX>
            </Extensions>
          </Trackpoint>
          <Trackpoint>
            <Time>2026-07-29T16:58:06.000Z</Time>
            <Position>
              <LatitudeDegrees>44.28317436017096</LatitudeDegrees>
              <LongitudeDegrees>-81.60257505252957</LongitudeDegrees>
            </Position>
            <AltitudeMeters>177.60000610351562</AltitudeMeters>
            <DistanceMeters>3378.239990234375</DistanceMeters>
            <HeartRateBpm>
              <Value>83</Value>
            </HeartRateBpm>
            <Extensions>
              <ns3:TPX>
                <ns3:Speed>2.6589999198913574</ns3:Speed>
              </ns3:TPX>
            </Extensions>
          </Trackpoint>
          <Trackpoint>
            <Time>2026-07-29T16:58:11.000Z</Time>
            <Position>
              <LatitudeDegrees>44.283156925812364</LatitudeDegrees>
              <LongitudeDegrees>-81.60266465507448</LongitudeDegrees>
            </Position>
            <AltitudeMeters>177.8000030517578</AltitudeMeters>
            <DistanceMeters>3385.77001953125</DistanceMeters>
            <HeartRateBpm>
              <Value>85</Value>
            </HeartRateBpm>
            <Extensions>
              <ns3:TPX>
                <ns3:Speed>1.2970000505447388</ns3:Speed>
              </ns3:TPX>
            </Extensions>
          </Trackpoint>
          <Trackpoint>
            <Time>2026-07-29T16:58:17.000Z</Time>
            <Position>
              <LatitudeDegrees>44.28316069766879</LatitudeDegrees>
              <LongitudeDegrees>-81.60271586850286</LongitudeDegrees>
            </Position>
            <AltitudeMeters>177.60000610351562</AltitudeMeters>
            <DistanceMeters>3389.919921875</DistanceMeters>
            <HeartRateBpm>
              <Value>84</Value>
            </HeartRateBpm>
            <Extensions>
              <ns3:TPX>
                <ns3:Speed>0.597000002861023</ns3:Speed>
              </ns3:TPX>
            </Extensions>
          </Trackpoint>
          <Trackpoint>
            <Time>2026-07-29T16:58:22.000Z</Time>
            <Position>
              <LatitudeDegrees>44.28315298631787</LatitudeDegrees>
              <LongitudeDegrees>-81.6027014516294</LongitudeDegrees>
            </Position>
            <AltitudeMeters>177.1999969482422</AltitudeMeters>
            <DistanceMeters>3391.6298828125</DistanceMeters>
            <HeartRateBpm>
              <Value>83</Value>
            </HeartRateBpm>
            <Extensions>
              <ns3:TPX>
                <ns3:Speed>0.0</ns3:Speed>
              </ns3:TPX>
            </Extensions>
          </Trackpoint>
          <Trackpoint>
            <Time>2026-07-29T16:58:27.000Z</Time>
            <Position>
              <LatitudeDegrees>44.283153573051095</LatitudeDegrees>
              <LongitudeDegrees>-81.60270220600069</LongitudeDegrees>
            </Position>
            <AltitudeMeters>177.39999389648438</AltitudeMeters>
            <DistanceMeters>3392.919921875</DistanceMeters>
            <HeartRateBpm>
              <Value>84</Value>
            </HeartRateBpm>
            <Extensions>
              <ns3:TPX>
                <ns3:Speed>0.46700000762939453</ns3:Speed>
              </ns3:TPX>
            </Extensions>
          </Trackpoint>
          <Trackpoint>
            <Time>2026-07-29T16:58:33.000Z</Time>
            <Position>
              <LatitudeDegrees>44.28317100740969</LatitudeDegrees>
              <LongitudeDegrees>-81.60267245024443</LongitudeDegrees>
            </Position>
            <AltitudeMeters>177.39999389648438</AltitudeMeters>
            <DistanceMeters>3395.830078125</DistanceMeters>
            <HeartRateBpm>
              <Value>85</Value>
            </HeartRateBpm>
            <Extensions>
              <ns3:TPX>
                <ns3:Speed>0.8960000276565552</ns3:Speed>
              </ns3:TPX>
            </Extensions>
          </Trackpoint>
          <Trackpoint>
            <Time>2026-07-29T16:58:38.000Z</Time>
            <Position>
              <LatitudeDegrees>44.28320998325944</LatitudeDegrees>
              <LongitudeDegrees>-81.60263012163341</LongitudeDegrees>
            </Position>
            <AltitudeMeters>177.60000610351562</AltitudeMeters>
            <DistanceMeters>3401.340087890625</DistanceMeters>
            <HeartRateBpm>
              <Value>87</Value>
            </HeartRateBpm>
            <Extensions>
              <ns3:TPX>
                <ns3:Speed>1.371999979019165</ns3:Speed>
              </ns3:TPX>
            </Extensions>
          </Trackpoint>
          <Trackpoint>
            <Time>2026-07-29T16:58:40.000Z</Time>
            <Position>
              <LatitudeDegrees>44.28323797881603</LatitudeDegrees>
              <LongitudeDegrees>-81.60260723903775</LongitudeDegrees>
            </Position>
            <AltitudeMeters>177.39999389648438</AltitudeMeters>
            <DistanceMeters>3404.93994140625</DistanceMeters>
            <HeartRateBpm>
              <Value>88</Value>
            </HeartRateBpm>
            <Extensions>
              <ns3:TPX>
                <ns3:Speed>1.875</ns3:Speed>
              </ns3:TPX>
            </Extensions>
          </Trackpoint>
          <Trackpoint>
            <Time>2026-07-29T16:58:42.000Z</Time>
            <Position>
              <LatitudeDegrees>44.28326798602939</LatitudeDegrees>
              <LongitudeDegrees>-81.60257488489151</LongitudeDegrees>
            </Position>
            <AltitudeMeters>177.60000610351562</AltitudeMeters>
            <DistanceMeters>3409.159912109375</DistanceMeters>
            <HeartRateBpm>
              <Value>91</Value>
            </HeartRateBpm>
            <Extensions>
              <ns3:TPX>
                <ns3:Speed>2.0250000953674316</ns3:Speed>
              </ns3:TPX>
            </Extensions>
          </Trackpoint>
          <Trackpoint>
            <Time>2026-07-29T16:58:45.000Z</Time>
            <Position>
              <LatitudeDegrees>44.283325066789985</LatitudeDegrees>
              <LongitudeDegrees>-81.60250850021839</LongitudeDegrees>
            </Position>
            <AltitudeMeters>177.60000610351562</AltitudeMeters>
            <DistanceMeters>3417.409912109375</DistanceMeters>
            <HeartRateBpm>
              <Value>88</Value>
            </HeartRateBpm>
            <Extensions>
              <ns3:TPX>
                <ns3:Speed>2.7709999084472656</ns3:Speed>
              </ns3:TPX>
            </Extensions>
          </Trackpoint>
          <Trackpoint>
            <Time>2026-07-29T16:58:47.000Z</Time>
            <Position>
              <LatitudeDegrees>44.28336261771619</LatitudeDegrees>
              <LongitudeDegrees>-81.6024617291987</LongitudeDegrees>
            </Position>
            <AltitudeMeters>177.60000610351562</AltitudeMeters>
            <DistanceMeters>3423.0</DistanceMeters>
            <HeartRateBpm>
              <Value>91</Value>
            </HeartRateBpm>
            <Extensions>
              <ns3:TPX>
                <ns3:Speed>2.753000020980835</ns3:Speed>
              </ns3:TPX>
            </Extensions>
          </Trackpoint>
          <Trackpoint>
            <Time>2026-07-29T16:58:53.000Z</Time>
            <Position>
              <LatitudeDegrees>44.28347543813288</LatitudeDegrees>
              <LongitudeDegrees>-81.60231462679803</LongitudeDegrees>
            </Position>
            <AltitudeMeters>177.0</AltitudeMeters>
            <DistanceMeters>3440.169921875</DistanceMeters>
            <HeartRateBpm>
              <Value>93</Value>
            </HeartRateBpm>
            <Extensions>
              <ns3:TPX>
                <ns3:Speed>2.7709999084472656</ns3:Speed>
              </ns3:TPX>
            </Extensions>
          </Trackpoint>
          <Trackpoint>
            <Time>2026-07-29T16:58:57.000Z</Time>
            <Position>
              <LatitudeDegrees>44.28357006981969</LatitudeDegrees>
              <LongitudeDegrees>-81.60221521742642</LongitudeDegrees>
            </Position>
            <AltitudeMeters>177.39999389648438</AltitudeMeters>
            <DistanceMeters>3453.360107421875</DistanceMeters>
            <HeartRateBpm>
              <Value>97</Value>
            </HeartRateBpm>
            <Extensions>
              <ns3:TPX>
                <ns3:Speed>2.9760000705718994</ns3:Speed>
              </ns3:TPX>
            </Extensions>
          </Trackpoint>
          <Trackpoint>
            <Time>2026-07-29T16:59:01.000Z</Time>
            <Position>
              <LatitudeDegrees>44.28364408202469</LatitudeDegrees>
              <LongitudeDegrees>-81.60211027599871</LongitudeDegrees>
            </Position>
            <AltitudeMeters>177.39999389648438</AltitudeMeters>
            <DistanceMeters>3465.239990234375</DistanceMeters>
            <HeartRateBpm>
              <Value>97</Value>
            </HeartRateBpm>
            <Extensions>
              <ns3:TPX>
                <ns3:Speed>3.059999942779541</ns3:Speed>
              </ns3:TPX>
            </Extensions>
          </Trackpoint>
          <Trackpoint>
            <Time>2026-07-29T16:59:07.000Z</Time>
            <Position>
              <LatitudeDegrees>44.28374265320599</LatitudeDegrees>
              <LongitudeDegrees>-81.60188438370824</LongitudeDegrees>
            </Position>
            <AltitudeMeters>177.60000610351562</AltitudeMeters>
            <DistanceMeters>3486.320068359375</DistanceMeters>
            <HeartRateBpm>
              <Value>100</Value>
            </HeartRateBpm>
            <Extensions>
              <ns3:TPX>
                <ns3:Speed>3.2100000381469727</ns3:Speed>
              </ns3:TPX>
            </Extensions>
          </Trackpoint>
          <Trackpoint>
            <Time>2026-07-29T16:59:09.000Z</Time>
            <Position>
              <LatitudeDegrees>44.28380216471851</LatitudeDegrees>
              <LongitudeDegrees>-81.60183124244213</LongitudeDegrees>
            </Position>
            <AltitudeMeters>177.60000610351562</AltitudeMeters>
            <DistanceMeters>3494.1298828125</DistanceMeters>
            <HeartRateBpm>
              <Value>101</Value>
            </HeartRateBpm>
            <Extensions>
              <ns3:TPX>
                <ns3:Speed>3.2750000953674316</ns3:Speed>
              </ns3:TPX>
            </Extensions>
          </Trackpoint>
          <Trackpoint>
            <Time>2026-07-29T16:59:16.000Z</Time>
            <Position>
              <LatitudeDegrees>44.28394792601466</LatitudeDegrees>
              <LongitudeDegrees>-81.6016046795994</LongitudeDegrees>
            </Position>
            <AltitudeMeters>177.60000610351562</AltitudeMeters>
            <DistanceMeters>3518.419921875</DistanceMeters>
            <HeartRateBpm>
              <Value>101</Value>
            </HeartRateBpm>
            <Extensions>
              <ns3:TPX>
                <ns3:Speed>3.619999885559082</ns3:Speed>
              </ns3:TPX>
            </Extensions>
          </Trackpoint>
          <Trackpoint>
            <Time>2026-07-29T16:59:22.000Z</Time>
            <Position>
              <LatitudeDegrees>44.284080024808645</LatitudeDegrees>
              <LongitudeDegrees>-81.60145975649357</LongitudeDegrees>
            </Position>
            <AltitudeMeters>177.60000610351562</AltitudeMeters>
            <DistanceMeters>3537.179931640625</DistanceMeters>
            <HeartRateBpm>
              <Value>103</Value>
            </HeartRateBpm>
            <Extensions>
              <ns3:TPX>
                <ns3:Speed>3.25600004196167</ns3:Speed>
              </ns3:TPX>
            </Extensions>
          </Trackpoint>
          <Trackpoint>
            <Time>2026-07-29T16:59:23.000Z</Time>
            <Position>
              <LatitudeDegrees>44.28410558961332</LatitudeDegrees>
              <LongitudeDegrees>-81.60143570043147</LongitudeDegrees>
            </Position>
            <AltitudeMeters>177.60000610351562</AltitudeMeters>
            <DistanceMeters>3540.6201171875</DistanceMeters>
            <HeartRateBpm>
              <Value>104</Value>
            </HeartRateBpm>
            <Extensions>
              <ns3:TPX>
                <ns3:Speed>3.2190001010894775</ns3:Speed>
              </ns3:TPX>
            </Extensions>
          </Trackpoint>
          <Trackpoint>
            <Time>2026-07-29T17:16:55.000Z</Time>
            <Position>
              <LatitudeDegrees>44.28911369293928</LatitudeDegrees>
              <LongitudeDegrees>-81.59156232140958</LongitudeDegrees>
            </Position>
            <AltitudeMeters>178.60000610351562</AltitudeMeters>
            <DistanceMeters>3540.6201171875</DistanceMeters>
            <HeartRateBpm>
              <Value>97</Value>
            </HeartRateBpm>
            <Extensions>
              <ns3:TPX>
                <ns3:Speed>0.0</ns3:Speed>
              </ns3:TPX>
            </Extensions>
          </Trackpoint>
          <Trackpoint>
            <Time>2026-07-29T17:16:56.000Z</Time>
            <Position>
              <LatitudeDegrees>44.28911201655865</LatitudeDegrees>
              <LongitudeDegrees>-81.59156735055149</LongitudeDegrees>
            </Position>
            <AltitudeMeters>178.60000610351562</AltitudeMeters>
            <DistanceMeters>3541.070068359375</DistanceMeters>
            <HeartRateBpm>
              <Value>96</Value>
            </HeartRateBpm>
            <Extensions>
              <ns3:TPX>
                <ns3:Speed>0.0</ns3:Speed>
              </ns3:TPX>
            </Extensions>
          </Trackpoint>
        </Track>
        <Extensions>
          <ns3:LX>
            <ns3:AvgSpeed>2.1619999408721924</ns3:AvgSpeed>
          </ns3:LX>
        </Extensions>
      </Lap>
      <Creator xsi:type="Device_t">
        <Name>vívoactive 4</Name>
        <UnitId>3432774097</UnitId>
        <ProductID>3225</ProductID>
        <Version>
          <VersionMajor>8</VersionMajor>
          <VersionMinor>30</VersionMinor>
          <BuildMajor>0</BuildMajor>
          <BuildMinor>0</BuildMinor>
        </Version>
      </Creator>
    </Activity>
  </Activities>
  <Author xsi:type="Application_t">
    <Name>Connect Api</Name>
    <Build>
      <Version>
        <VersionMajor>26</VersionMajor>
        <VersionMinor>15</VersionMinor>
        <BuildMajor>0</BuildMajor>
        <BuildMinor>0</BuildMinor>
      </Version>
    </Build>
    <LangID>en</LangID>
    <PartNumber>006-D2449-00</PartNumber>
  </Author>
</TrainingCenterDatabase>
