<?xml version="1.0" encoding="UTF-8"?>
<TrainingCenterDatabase
  xsi:schemaLocation="http://www.garmin.com/xmlschemas/TrainingCenterDatabase/v2 http://www.garmin.com/xmlschemas/TrainingCenterDatabasev2.xsd"
  xmlns:ns5="http://www.garmin.com/xmlschemas/ActivityGoals/v1"
  xmlns:ns3="http://www.garmin.com/xmlschemas/ActivityExtension/v2"
  xmlns:ns2="http://www.garmin.com/xmlschemas/UserProfile/v2"
  xmlns="http://www.garmin.com/xmlschemas/TrainingCenterDatabase/v2"
  xmlns:xsi="http://www.w3.org/2001/XMLSchema-instance" xmlns:ns4="http://www.garmin.com/xmlschemas/ProfileExtension/v1">
  <Activities>
    <Activity Sport="Other">
      <Id>2026-08-03T14:50:06.000Z</Id>
      <Lap StartTime="2026-08-03T14:50:06.000Z">
        <TotalTimeSeconds>2256.348</TotalTimeSeconds>
        <DistanceMeters>5268.58</DistanceMeters>
        <MaximumSpeed>5.066999912261963</MaximumSpeed>
        <Calories>160</Calories>
        <AverageHeartRateBpm>
          <Value>83</Value>
        </AverageHeartRateBpm>
        <MaximumHeartRateBpm>
          <Value>106</Value>
        </MaximumHeartRateBpm>
        <Intensity>Active</Intensity>
        <TriggerMethod>Manual</TriggerMethod>
        <Track>
          <Trackpoint>
            <Time>2026-08-03T14:50:06.000Z</Time>
            <Position>
              <LatitudeDegrees>44.28884237073362</LatitudeDegrees>
              <LongitudeDegrees>-81.59163348376751</LongitudeDegrees>
            </Position>
            <AltitudeMeters>176.0</AltitudeMeters>
            <DistanceMeters>0.0</DistanceMeters>
            <HeartRateBpm>
              <Value>93</Value>
            </HeartRateBpm>
            <Extensions>
              <ns3:TPX>
                <ns3:Speed>0.0</ns3:Speed>
              </ns3:TPX>
            </Extensions>
          </Trackpoint>
          <Trackpoint>
            <Time>2026-08-03T14:50:13.000Z</Time>
            <Position>
              <LatitudeDegrees>44.28907454945147</LatitudeDegrees>
              <LongitudeDegrees>-81.59162275493145</LongitudeDegrees>
            </Position>
            <AltitudeMeters>176.0</AltitudeMeters>
            <DistanceMeters>3.640000104904175</DistanceMeters>
            <HeartRateBpm>
              <Value>97</Value>
            </HeartRateBpm>
            <Extensions>
              <ns3:TPX>
                <ns3:Speed>0.5320000052452087</ns3:Speed>
              </ns3:TPX>
            </Extensions>
          </Trackpoint>
          <Trackpoint>
            <Time>2026-08-03T14:50:15.000Z</Time>
            <Position>
              <LatitudeDegrees>44.28906465880573</LatitudeDegrees>
              <LongitudeDegrees>-81.59162334166467</LongitudeDegrees>
            </Position>
            <AltitudeMeters>176.0</AltitudeMeters>
            <DistanceMeters>4.980000019073486</DistanceMeters>
            <HeartRateBpm>
              <Value>97</Value>
            </HeartRateBpm>
            <Extensions>
              <ns3:TPX>
                <ns3:Speed>0.5320000052452087</ns3:Speed>
              </ns3:TPX>
            </Extensions>
          </Trackpoint>
          <Trackpoint>
            <Time>2026-08-03T14:50:20.000Z</Time>
            <Position>
              <LatitudeDegrees>44.2890608869493</LatitudeDegrees>
              <LongitudeDegrees>-81.59158956259489</LongitudeDegrees>
            </Position>
            <AltitudeMeters>176.0</AltitudeMeters>
            <DistanceMeters>5.800000190734863</DistanceMeters>
            <HeartRateBpm>
              <Value>100</Value>
            </HeartRateBpm>
            <Extensions>
              <ns3:TPX>
                <ns3:Speed>0.4390000104904175</ns3:Speed>
              </ns3:TPX>
            </Extensions>
          </Trackpoint>
          <Trackpoint>
            <Time>2026-08-03T14:50:22.000Z</Time>
            <Position>
              <LatitudeDegrees>44.289064574986696</LatitudeDegrees>
              <LongitudeDegrees>-81.59157749265432</LongitudeDegrees>
            </Position>
            <AltitudeMeters>176.0</AltitudeMeters>
            <DistanceMeters>6.849999904632568</DistanceMeters>
            <HeartRateBpm>
              <Value>96</Value>
            </HeartRateBpm>
            <Extensions>
              <ns3:TPX>
                <ns3:Speed>0.47600001096725464</ns3:Speed>
              </ns3:TPX>
            </Extensions>
          </Trackpoint>
          <Trackpoint>
            <Time>2026-08-03T14:50:23.000Z</Time>
            <Position>
              <LatitudeDegrees>44.28907161578536</LatitudeDegrees>
              <LongitudeDegrees>-81.59157355315983</LongitudeDegrees>
            </Position>
            <AltitudeMeters>176.0</AltitudeMeters>
            <DistanceMeters>7.670000076293945</DistanceMeters>
            <HeartRateBpm>
              <Value>97</Value>
            </HeartRateBpm>
            <Extensions>
              <ns3:TPX>
                <ns3:Speed>0.47600001096725464</ns3:Speed>
              </ns3:TPX>
            </Extensions>
          </Trackpoint>
          <Trackpoint>
            <Time>2026-08-03T14:50:28.000Z</Time>
            <Position>
              <LatitudeDegrees>44.28909064270556</LatitudeDegrees>
              <LongitudeDegrees>-81.59158419817686</LongitudeDegrees>
            </Position>
            <AltitudeMeters>176.0</AltitudeMeters>
            <DistanceMeters>13.229999542236328</DistanceMeters>
            <HeartRateBpm>
              <Value>94</Value>
            </HeartRateBpm>
            <Extensions>
              <ns3:TPX>
                <ns3:Speed>0.6340000033378601</ns3:Speed>
              </ns3:TPX>
            </Extensions>
          </Trackpoint>
          <Trackpoint>
            <Time>2026-08-03T14:50:29.000Z</Time>
            <Position>
              <LatitudeDegrees>44.289084104821086</LatitudeDegrees>
              <LongitudeDegrees>-81.59158570691943</LongitudeDegrees>
            </Position>
            <AltitudeMeters>176.0</AltitudeMeters>
            <DistanceMeters>13.779999732971191</DistanceMeters>
            <HeartRateBpm>
              <Value>94</Value>
            </HeartRateBpm>
            <Extensions>
              <ns3:TPX>
                <ns3:Speed>0.6620000004768372</ns3:Speed>
              </ns3:TPX>
            </Extensions>
          </Trackpoint>
          <Trackpoint>
            <Time>2026-08-03T14:50:35.000Z</Time>
            <Position>
              <LatitudeDegrees>44.28910187445581</LatitudeDegrees>
              <LongitudeDegrees>-81.59164865501225</LongitudeDegrees>
            </Position>
            <AltitudeMeters>176.0</AltitudeMeters>
            <DistanceMeters>18.940000534057617</DistanceMeters>
            <HeartRateBpm>
              <Value>94</Value>
            </HeartRateBpm>
            <Extensions>
              <ns3:TPX>
                <ns3:Speed>0.9139999747276306</ns3:Speed>
              </ns3:TPX>
            </Extensions>
          </Trackpoint>
          <Trackpoint>
            <Time>2026-08-03T14:50:38.000Z</Time>
            <Position>
              <LatitudeDegrees>44.28912190720439</LatitudeDegrees>
              <LongitudeDegrees>-81.59167195670307</LongitudeDegrees>
            </Position>
            <AltitudeMeters>176.0</AltitudeMeters>
            <DistanceMeters>21.709999084472656</DistanceMeters>
            <HeartRateBpm>
              <Value>94</Value>
            </HeartRateBpm>
            <Extensions>
              <ns3:TPX>
                <ns3:Speed>0.6620000004768372</ns3:Speed>
              </ns3:TPX>
            </Extensions>
          </Trackpoint>
          <Trackpoint>
            <Time>2026-08-03T14:50:46.000Z</Time>
            <Position>
              <LatitudeDegrees>44.28912148810923</LatitudeDegrees>
              <LongitudeDegrees>-81.59168712794781</LongitudeDegrees>
            </Position>
            <AltitudeMeters>176.0</AltitudeMeters>
            <DistanceMeters>23.399999618530273</DistanceMeters>
            <HeartRateBpm>
              <Value>93</Value>
            </HeartRateBpm>
            <Extensions>
              <ns3:TPX>
                <ns3:Speed>0.0</ns3:Speed>
              </ns3:TPX>
            </Extensions>
          </Trackpoint>
          <Trackpoint>
            <Time>2026-08-03T14:51:05.000Z</Time>
            <Position>
              <LatitudeDegrees>44.2891179677099</LatitudeDegrees>
              <LongitudeDegrees>-81.59170246683061</LongitudeDegrees>
            </Position>
            <AltitudeMeters>176.0</AltitudeMeters>
            <DistanceMeters>24.239999771118164</DistanceMeters>
            <HeartRateBpm>
              <Value>91</Value>
            </HeartRateBpm>
            <Extensions>
              <ns3:TPX>
                <ns3:Speed>0.0</ns3:Speed>
              </ns3:TPX>
            </Extensions>
          </Trackpoint>
          <Trackpoint>
            <Time>2026-08-03T14:51:26.000Z</Time>
            <Position>
              <LatitudeDegrees>44.28907111287117</LatitudeDegrees>
              <LongitudeDegrees>-81.59177689813077</LongitudeDegrees>
            </Position>
            <AltitudeMeters>176.0</AltitudeMeters>
            <DistanceMeters>29.479999542236328</DistanceMeters>
            <HeartRateBpm>
              <Value>92</Value>
            </HeartRateBpm>
            <Extensions>
              <ns3:TPX>
                <ns3:Speed>0.0</ns3:Speed>
              </ns3:TPX>
            </Extensions>
          </Trackpoint>
          <Trackpoint>
            <Time>2026-08-03T14:51:31.000Z</Time>
            <Position>
              <LatitudeDegrees>44.28903674706817</LatitudeDegrees>
              <LongitudeDegrees>-81.59184772521257</LongitudeDegrees>
            </Position>
            <AltitudeMeters>176.0</AltitudeMeters>
            <DistanceMeters>36.04999923706055</DistanceMeters>
            <HeartRateBpm>
              <Value>92</Value>
            </HeartRateBpm>
            <Extensions>
              <ns3:TPX>
                <ns3:Speed>1.184999942779541</ns3:Speed>
              </ns3:TPX>
            </Extensions>
          </Trackpoint>
          <Trackpoint>
            <Time>2026-08-03T14:51:32.000Z</Time>
            <Position>
              <LatitudeDegrees>44.28903724998236</LatitudeDegrees>
              <LongitudeDegrees>-81.59186490811408</LongitudeDegrees>
            </Position>
            <AltitudeMeters>176.0</AltitudeMeters>
            <DistanceMeters>37.40999984741211</DistanceMeters>
            <HeartRateBpm>
              <Value>93</Value>
            </HeartRateBpm>
            <Extensions>
              <ns3:TPX>
                <ns3:Speed>1.315999984741211</ns3:Speed>
              </ns3:TPX>
            </Extensions>
          </Trackpoint>
          <Trackpoint>
            <Time>2026-08-03T14:51:34.000Z</Time>
            <Position>
              <LatitudeDegrees>44.28904144093394</LatitudeDegrees>
              <LongitudeDegrees>-81.59190095029771</LongitudeDegrees>
            </Position>
            <AltitudeMeters>176.0</AltitudeMeters>
            <DistanceMeters>40.31999969482422</DistanceMeters>
            <HeartRateBpm>
              <Value>89</Value>
            </HeartRateBpm>
            <Extensions>
              <ns3:TPX>
                <ns3:Speed>1.3899999856948853</ns3:Speed>
              </ns3:TPX>
            </Extensions>
          </Trackpoint>
          <Trackpoint>
            <Time>2026-08-03T14:51:35.000Z</Time>
            <Position>
              <LatitudeDegrees>44.2890452966094</LatitudeDegrees>
              <LongitudeDegrees>-81.59192215651274</LongitudeDegrees>
            </Position>
            <AltitudeMeters>176.0</AltitudeMeters>
            <DistanceMeters>42.029998779296875</DistanceMeters>
            <HeartRateBpm>
              <Value>93</Value>
            </HeartRateBpm>
            <Extensions>
              <ns3:TPX>
                <ns3:Speed>1.184999942779541</ns3:Speed>
              </ns3:TPX>
            </Extensions>
          </Trackpoint>
          <Trackpoint>
            <Time>2026-08-03T14:51:37.000Z</Time>
            <Position>
              <LatitudeDegrees>44.28904672153294</LatitudeDegrees>
              <LongitudeDegrees>-81.59197420813143</LongitudeDegrees>
            </Position>
            <AltitudeMeters>175.0</AltitudeMeters>
            <DistanceMeters>46.150001525878906</DistanceMeters>
            <HeartRateBpm>
              <Value>93</Value>
            </HeartRateBpm>
            <Extensions>
              <ns3:TPX>
                <ns3:Speed>1.3530000448226929</ns3:Speed>
              </ns3:TPX>
            </Extensions>
          </Trackpoint>
          <Trackpoint>
            <Time>2026-08-03T14:51:39.000Z</Time>
            <Position>
              <LatitudeDegrees>44.289051834493876</LatitudeDegrees>
              <LongitudeDegrees>-81.59202676266432</LongitudeDegrees>
            </Position>
            <AltitudeMeters>174.1999969482422</AltitudeMeters>
            <DistanceMeters>50.36000061035156</DistanceMeters>
            <HeartRateBpm>
              <Value>94</Value>
            </HeartRateBpm>
            <Extensions>
              <ns3:TPX>
                <ns3:Speed>1.5019999742507935</ns3:Speed>
              </ns3:TPX>
            </Extensions>
          </Trackpoint>
          <Trackpoint>
            <Time>2026-08-03T14:51:46.000Z</Time>
            <Position>
              <LatitudeDegrees>44.28907270543277</LatitudeDegrees>
              <LongitudeDegrees>-81.59223237074912</LongitudeDegrees>
            </Position>
            <AltitudeMeters>174.0</AltitudeMeters>
            <DistanceMeters>66.98999786376953</DistanceMeters>
            <HeartRateBpm>
              <Value>93</Value>
            </HeartRateBpm>
            <Extensions>
              <ns3:TPX>
                <ns3:Speed>2.753000020980835</ns3:Speed>
              </ns3:TPX>
            </Extensions>
          </Trackpoint>
          <Trackpoint>
            <Time>2026-08-03T14:51:51.000Z</Time>
            <Position>
              <LatitudeDegrees>44.289091397076845</LatitudeDegrees>
              <LongitudeDegrees>-81.59239363856614</LongitudeDegrees>
            </Position>
            <AltitudeMeters>173.8000030517578</AltitudeMeters>
            <DistanceMeters>80.0999984741211</DistanceMeters>
            <HeartRateBpm>
              <Value>94</Value>
            </HeartRateBpm>
            <Extensions>
              <ns3:TPX>
                <ns3:Speed>2.4070000648498535</ns3:Speed>
              </ns3:TPX>
            </Extensions>
          </Trackpoint>
          <Trackpoint>
            <Time>2026-08-03T14:51:52.000Z</Time>
            <Position>
              <LatitudeDegrees>44.28908284753561</LatitudeDegrees>
              <LongitudeDegrees>-81.59242104738951</LongitudeDegrees>
            </Position>
            <AltitudeMeters>173.8000030517578</AltitudeMeters>
            <DistanceMeters>82.45999908447266</DistanceMeters>
            <HeartRateBpm>
              <Value>95</Value>
            </HeartRateBpm>
            <Extensions>
              <ns3:TPX>
                <ns3:Speed>2.4630000591278076</ns3:Speed>
              </ns3:TPX>
            </Extensions>
          </Trackpoint>
          <Trackpoint>
            <Time>2026-08-03T14:51:53.000Z</Time>
            <Position>
              <LatitudeDegrees>44.28907513618469</LatitudeDegrees>
              <LongitudeDegrees>-81.59245189279318</LongitudeDegrees>
            </Position>
            <AltitudeMeters>173.8000030517578</AltitudeMeters>
            <DistanceMeters>85.05000305175781</DistanceMeters>
            <HeartRateBpm>
              <Value>98</Value>
            </HeartRateBpm>
            <Extensions>
              <ns3:TPX>
                <ns3:Speed>2.5380001068115234</ns3:Speed>
              </ns3:TPX>
            </Extensions>
          </Trackpoint>
          <Trackpoint>
            <Time>2026-08-03T14:51:55.000Z</Time>
            <Position>
              <LatitudeDegrees>44.289068011567</LatitudeDegrees>
              <LongitudeDegrees>-81.59252364188433</LongitudeDegrees>
            </Position>
            <AltitudeMeters>173.60000610351562</AltitudeMeters>
            <DistanceMeters>90.81999969482422</DistanceMeters>
            <HeartRateBpm>
              <Value>95</Value>
            </HeartRateBpm>
            <Extensions>
              <ns3:TPX>
                <ns3:Speed>2.5380001068115234</ns3:Speed>
              </ns3:TPX>
            </Extensions>
          </Trackpoint>
          <Trackpoint>
            <Time>2026-08-03T14:52:01.000Z</Time>
            <Position>
              <LatitudeDegrees>44.28904621861875</LatitudeDegrees>
              <LongitudeDegrees>-81.59274844452739</LongitudeDegrees>
            </Position>
            <AltitudeMeters>173.39999389648438</AltitudeMeters>
            <DistanceMeters>108.94000244140625</DistanceMeters>
            <HeartRateBpm>
              <Value>95</Value>
            </HeartRateBpm>
            <Extensions>
              <ns3:TPX>
                <ns3:Speed>2.9110000133514404</ns3:Speed>
              </ns3:TPX>
            </Extensions>
          </Trackpoint>
          <Trackpoint>
            <Time>2026-08-03T14:52:09.000Z</Time>
            <Position>
              <LatitudeDegrees>44.289044961333275</LatitudeDegrees>
              <LongitudeDegrees>-81.59304440952837</LongitudeDegrees>
            </Position>
            <AltitudeMeters>173.1999969482422</AltitudeMeters>
            <DistanceMeters>132.5800018310547</DistanceMeters>
            <HeartRateBpm>
              <Value>95</Value>
            </HeartRateBpm>
            <Extensions>
              <ns3:TPX>
                <ns3:Speed>2.9210000038146973</ns3:Speed>
              </ns3:TPX>
            </Extensions>
          </Trackpoint>
          <Trackpoint>
            <Time>2026-08-03T14:52:15.000Z</Time>
            <Position>
              <LatitudeDegrees>44.289040016010404</LatitudeDegrees>
              <LongitudeDegrees>-81.59325638785958</LongitudeDegrees>
            </Position>
            <AltitudeMeters>173.0</AltitudeMeters>
            <DistanceMeters>149.6300048828125</DistanceMeters>
            <HeartRateBpm>
              <Value>92</Value>
            </HeartRateBpm>
            <Extensions>
              <ns3:TPX>
                <ns3:Speed>2.687000036239624</ns3:Speed>
              </ns3:TPX>
            </Extensions>
          </Trackpoint>
          <Trackpoint>
            <Time>2026-08-03T14:52:20.000Z</Time>
            <Position>
              <LatitudeDegrees>44.28907999768853</LatitudeDegrees>
              <LongitudeDegrees>-81.59348269924521</LongitudeDegrees>
            </Position>
            <AltitudeMeters>173.0</AltitudeMeters>
            <DistanceMeters>168.24000549316406</DistanceMeters>
            <HeartRateBpm>
              <Value>89</Value>
            </HeartRateBpm>
            <Extensions>
              <ns3:TPX>
                <ns3:Speed>3.6480000019073486</ns3:Speed>
              </ns3:TPX>
            </Extensions>
          </Trackpoint>
          <Trackpoint>
            <Time>2026-08-03T14:52:24.000Z</Time>
            <Position>
              <LatitudeDegrees>44.2891264334321</LatitudeDegrees>
              <LongitudeDegrees>-81.5936491638422</LongitudeDegrees>
            </Position>
            <AltitudeMeters>172.8000030517578</AltitudeMeters>
            <DistanceMeters>182.47999572753906</DistanceMeters>
            <HeartRateBpm>
              <Value>88</Value>
            </HeartRateBpm>
            <Extensions>
              <ns3:TPX>
                <ns3:Speed>3.6389999389648438</ns3:Speed>
              </ns3:TPX>
            </Extensions>
          </Trackpoint>
          <Trackpoint>
            <Time>2026-08-03T14:52:27.000Z</Time>
            <Position>
              <LatitudeDegrees>44.28915954194963</LatitudeDegrees>
              <LongitudeDegrees>-81.5937630739063</LongitudeDegrees>
            </Position>
            <AltitudeMeters>172.8000030517578</AltitudeMeters>
            <DistanceMeters>192.2899932861328</DistanceMeters>
            <HeartRateBpm>
              <Value>87</Value>
            </HeartRateBpm>
            <Extensions>
              <ns3:TPX>
                <ns3:Speed>3.619999885559082</ns3:Speed>
              </ns3:TPX>
            </Extensions>
          </Trackpoint>
          <Trackpoint>
            <Time>2026-08-03T14:52:39.000Z</Time>
            <Position>
              <LatitudeDegrees>44.28932768292725</LatitudeDegrees>
              <LongitudeDegrees>-81.59429750405252</LongitudeDegrees>
            </Position>
            <AltitudeMeters>172.8000030517578</AltitudeMeters>
            <DistanceMeters>238.89999389648438</DistanceMeters>
            <HeartRateBpm>
              <Value>88</Value>
            </HeartRateBpm>
            <Extensions>
              <ns3:TPX>
                <ns3:Speed>3.937999963760376</ns3:Speed>
              </ns3:TPX>
            </Extensions>
          </Trackpoint>
          <Trackpoint>
            <Time>2026-08-03T14:52:48.000Z</Time>
            <Position>
              <LatitudeDegrees>44.289469085633755</LatitudeDegrees>
              <LongitudeDegrees>-81.59464216791093</LongitudeDegrees>
            </Position>
            <AltitudeMeters>172.39999389648438</AltitudeMeters>
            <DistanceMeters>270.6300048828125</DistanceMeters>
            <HeartRateBpm>
              <Value>87</Value>
            </HeartRateBpm>
            <Extensions>
              <ns3:TPX>
                <ns3:Speed>2.5290000438690186</ns3:Speed>
              </ns3:TPX>
            </Extensions>
          </Trackpoint>
          <Trackpoint>
            <Time>2026-08-03T14:52:55.000Z</Time>
            <Position>
              <LatitudeDegrees>44.28950604982674</LatitudeDegrees>
              <LongitudeDegrees>-81.59484190866351</LongitudeDegrees>
            </Position>
            <AltitudeMeters>172.1999969482422</AltitudeMeters>
            <DistanceMeters>287.20001220703125</DistanceMeters>
            <HeartRateBpm>
              <Value>87</Value>
            </HeartRateBpm>
            <Extensions>
              <ns3:TPX>
                <ns3:Speed>2.5190000534057617</ns3:Speed>
              </ns3:TPX>
            </Extensions>
          </Trackpoint>
          <Trackpoint>
            <Time>2026-08-03T14:53:03.000Z</Time>
            <Position>
              <LatitudeDegrees>44.289507642388344</LatitudeDegrees>
              <LongitudeDegrees>-81.59504181705415</LongitudeDegrees>
            </Position>
            <AltitudeMeters>172.1999969482422</AltitudeMeters>
            <DistanceMeters>303.1600036621094</DistanceMeters>
            <HeartRateBpm>
              <Value>86</Value>
            </HeartRateBpm>
            <Extensions>
              <ns3:TPX>
                <ns3:Speed>2.1459999084472656</ns3:Speed>
              </ns3:TPX>
            </Extensions>
          </Trackpoint>
          <Trackpoint>
            <Time>2026-08-03T14:53:13.000Z</Time>
            <Position>
              <LatitudeDegrees>44.28953781723976</LatitudeDegrees>
              <LongitudeDegrees>-81.59533627331257</LongitudeDegrees>
            </Position>
            <AltitudeMeters>171.8000030517578</AltitudeMeters>
            <DistanceMeters>326.8800048828125</DistanceMeters>
            <HeartRateBpm>
              <Value>82</Value>
            </HeartRateBpm>
            <Extensions>
              <ns3:TPX>
                <ns3:Speed>2.2860000133514404</ns3:Speed>
              </ns3:TPX>
            </Extensions>
          </Trackpoint>
          <Trackpoint>
            <Time>2026-08-03T14:53:14.000Z</Time>
            <Position>
              <LatitudeDegrees>44.28954225964844</LatitudeDegrees>
              <LongitudeDegrees>-81.59536426886916</LongitudeDegrees>
            </Position>
            <AltitudeMeters>171.8000030517578</AltitudeMeters>
            <DistanceMeters>329.1700134277344</DistanceMeters>
            <HeartRateBpm>
              <Value>83</Value>
            </HeartRateBpm>
            <Extensions>
              <ns3:TPX>
                <ns3:Speed>2.2950000762939453</ns3:Speed>
              </ns3:TPX>
            </Extensions>
          </Trackpoint>
          <Trackpoint>
            <Time>2026-08-03T14:53:17.000Z</Time>
            <Position>
              <LatitudeDegrees>44.289569333195686</LatitudeDegrees>
              <LongitudeDegrees>-81.59544926136732</LongitudeDegrees>
            </Position>
            <AltitudeMeters>171.8000030517578</AltitudeMeters>
            <DistanceMeters>336.5899963378906</DistanceMeters>
            <HeartRateBpm>
              <Value>80</Value>
            </HeartRateBpm>
            <Extensions>
              <ns3:TPX>
                <ns3:Speed>2.3420000076293945</ns3:Speed>
              </ns3:TPX>
            </Extensions>
          </Trackpoint>
          <Trackpoint>
            <Time>2026-08-03T14:53:21.000Z</Time>
            <Position>
              <LatitudeDegrees>44.28959892131388</LatitudeDegrees>
              <LongitudeDegrees>-81.59554582089186</LongitudeDegrees>
            </Position>
            <AltitudeMeters>171.8000030517578</AltitudeMeters>
            <DistanceMeters>344.9599914550781</DistanceMeters>
            <HeartRateBpm>
              <Value>77</Value>
            </HeartRateBpm>
            <Extensions>
              <ns3:TPX>
                <ns3:Speed>2.2300000190734863</ns3:Speed>
              </ns3:TPX>
            </Extensions>
          </Trackpoint>
          <Trackpoint>
            <Time>2026-08-03T14:53:23.000Z</Time>
            <Position>
              <LatitudeDegrees>44.28960721939802</LatitudeDegrees>
              <LongitudeDegrees>-81.59559158608317</LongitudeDegrees>
            </Position>
            <AltitudeMeters>171.60000610351562</AltitudeMeters>
            <DistanceMeters>348.70001220703125</DistanceMeters>
            <HeartRateBpm>
              <Value>74</Value>
            </HeartRateBpm>
            <Extensions>
              <ns3:TPX>
                <ns3:Speed>2.1649999618530273</ns3:Speed>
              </ns3:TPX>
            </Extensions>
          </Trackpoint>
          <Trackpoint>
            <Time>2026-08-03T14:53:24.000Z</Time>
            <Position>
              <LatitudeDegrees>44.28960990160704</LatitudeDegrees>
              <LongitudeDegrees>-81.5956164803356</LongitudeDegrees>
            </Position>
            <AltitudeMeters>171.60000610351562</AltitudeMeters>
            <DistanceMeters>350.70001220703125</DistanceMeters>
            <HeartRateBpm>
              <Value>75</Value>
            </HeartRateBpm>
            <Extensions>
              <ns3:TPX>
                <ns3:Speed>2.127000093460083</ns3:Speed>
              </ns3:TPX>
            </Extensions>
          </Trackpoint>
          <Trackpoint>
            <Time>2026-08-03T14:53:25.000Z</Time>
            <Position>
              <LatitudeDegrees>44.28961241617799</LatitudeDegrees>
              <LongitudeDegrees>-81.5956458169967</LongitudeDegrees>
            </Position>
            <AltitudeMeters>171.60000610351562</AltitudeMeters>
            <DistanceMeters>353.04998779296875</DistanceMeters>
            <HeartRateBpm>
              <Value>78</Value>
            </HeartRateBpm>
            <Extensions>
              <ns3:TPX>
                <ns3:Speed>2.127000093460083</ns3:Speed>
              </ns3:TPX>
            </Extensions>
          </Trackpoint>
          <Trackpoint>
            <Time>2026-08-03T14:53:26.000Z</Time>
            <Position>
              <LatitudeDegrees>44.28961727768183</LatitudeDegrees>
              <LongitudeDegrees>-81.59567691385746</LongitudeDegrees>
            </Position>
            <AltitudeMeters>171.60000610351562</AltitudeMeters>
            <DistanceMeters>355.55999755859375</DistanceMeters>
            <HeartRateBpm>
              <Value>75</Value>
            </HeartRateBpm>
            <Extensions>
              <ns3:TPX>
                <ns3:Speed>2.127000093460083</ns3:Speed>
              </ns3:TPX>
            </Extensions>
          </Trackpoint>
          <Trackpoint>
            <Time>2026-08-03T14:53:33.000Z</Time>
            <Position>
              <LatitudeDegrees>44.28964829072356</LatitudeDegrees>
              <LongitudeDegrees>-81.59590791910887</LongitudeDegrees>
            </Position>
            <AltitudeMeters>171.1999969482422</AltitudeMeters>
            <DistanceMeters>374.3800048828125</DistanceMeters>
            <HeartRateBpm>
              <Value>75</Value>
            </HeartRateBpm>
            <Extensions>
              <ns3:TPX>
                <ns3:Speed>2.546999931335449</ns3:Speed>
              </ns3:TPX>
            </Extensions>
          </Trackpoint>
          <Trackpoint>
            <Time>2026-08-03T14:53:35.000Z</Time>
            <Position>
              <LatitudeDegrees>44.28965306840837</LatitudeDegrees>
              <LongitudeDegrees>-81.59596181474626</LongitudeDegrees>
            </Position>
            <AltitudeMeters>171.1999969482422</AltitudeMeters>
            <DistanceMeters>378.67999267578125</DistanceMeters>
            <HeartRateBpm>
              <Value>74</Value>
            </HeartRateBpm>
            <Extensions>
              <ns3:TPX>
                <ns3:Speed>2.546999931335449</ns3:Speed>
              </ns3:TPX>
            </Extensions>
          </Trackpoint>
          <Trackpoint>
            <Time>2026-08-03T14:53:38.000Z</Time>
            <Position>
              <LatitudeDegrees>44.289670418947935</LatitudeDegrees>
              <LongitudeDegrees>-81.59604705870152</LongitudeDegrees>
            </Position>
            <AltitudeMeters>171.1999969482422</AltitudeMeters>
            <DistanceMeters>385.70001220703125</DistanceMeters>
            <HeartRateBpm>
              <Value>73</Value>
            </HeartRateBpm>
            <Extensions>
              <ns3:TPX>
                <ns3:Speed>2.4630000591278076</ns3:Speed>
              </ns3:TPX>
            </Extensions>
          </Trackpoint>
          <Trackpoint>
            <Time>2026-08-03T14:53:45.000Z</Time>
            <Position>
              <LatitudeDegrees>44.28970931097865</LatitudeDegrees>
              <LongitudeDegrees>-81.59623992629349</LongitudeDegrees>
            </Position>
            <AltitudeMeters>171.1999969482422</AltitudeMeters>
            <DistanceMeters>401.7099914550781</DistanceMeters>
            <HeartRateBpm>
              <Value>72</Value>
            </HeartRateBpm>
            <Extensions>
              <ns3:TPX>
                <ns3:Speed>2.313999891281128</ns3:Speed>
              </ns3:TPX>
            </Extensions>
          </Trackpoint>
          <Trackpoint>
            <Time>2026-08-03T14:53:52.000Z</Time>
            <Position>
              <LatitudeDegrees>44.289761781692505</LatitudeDegrees>
              <LongitudeDegrees>-81.59644964151084</LongitudeDegrees>
            </Position>
            <AltitudeMeters>170.8000030517578</AltitudeMeters>
            <DistanceMeters>419.5400085449219</DistanceMeters>
            <HeartRateBpm>
              <Value>71</Value>
            </HeartRateBpm>
            <Extensions>
              <ns3:TPX>
                <ns3:Speed>2.5850000381469727</ns3:Speed>
              </ns3:TPX>
            </Extensions>
          </Trackpoint>
          <Trackpoint>
            <Time>2026-08-03T14:53:53.000Z</Time>
            <Position>
              <LatitudeDegrees>44.28976831957698</LatitudeDegrees>
              <LongitudeDegrees>-81.59647688269615</LongitudeDegrees>
            </Position>
            <AltitudeMeters>170.8000030517578</AltitudeMeters>
            <DistanceMeters>421.8299865722656</DistanceMeters>
            <HeartRateBpm>
              <Value>70</Value>
            </HeartRateBpm>
            <Extensions>
              <ns3:TPX>
                <ns3:Speed>2.5940001010894775</ns3:Speed>
              </ns3:TPX>
            </Extensions>
          </Trackpoint>
          <Trackpoint>
            <Time>2026-08-03T14:53:59.000Z</Time>
            <Position>
              <LatitudeDegrees>44.28979757241905</LatitudeDegrees>
              <LongitudeDegrees>-81.59666203893721</LongitudeDegrees>
            </Position>
            <AltitudeMeters>170.8000030517578</AltitudeMeters>
            <DistanceMeters>436.9800109863281</DistanceMeters>
            <HeartRateBpm>
              <Value>70</Value>
            </HeartRateBpm>
            <Extensions>
              <ns3:TPX>
                <ns3:Speed>2.4730000495910645</ns3:Speed>
              </ns3:TPX>
            </Extensions>
          </Trackpoint>
          <Trackpoint>
            <Time>2026-08-03T14:54:07.000Z</Time>
            <Position>
              <LatitudeDegrees>44.289817437529564</LatitudeDegrees>
              <LongitudeDegrees>-81.59695867449045</LongitudeDegrees>
            </Position>
            <AltitudeMeters>170.60000610351562</AltitudeMeters>
            <DistanceMeters>460.7699890136719</DistanceMeters>
            <HeartRateBpm>
              <Value>71</Value>
            </HeartRateBpm>
            <Extensions>
              <ns3:TPX>
                <ns3:Speed>3.003999948501587</ns3:Speed>
              </ns3:TPX>
            </Extensions>
          </Trackpoint>
          <Trackpoint>
            <Time>2026-08-03T14:54:12.000Z</Time>
            <Position>
              <LatitudeDegrees>44.28983369842172</LatitudeDegrees>
              <LongitudeDegrees>-81.59713737666607</LongitudeDegrees>
            </Position>
            <AltitudeMeters>170.60000610351562</AltitudeMeters>
            <DistanceMeters>475.17999267578125</DistanceMeters>
            <HeartRateBpm>
              <Value>67</Value>
            </HeartRateBpm>
            <Extensions>
              <ns3:TPX>
                <ns3:Speed>3.003999948501587</ns3:Speed>
              </ns3:TPX>
            </Extensions>
          </Trackpoint>
          <Trackpoint>
            <Time>2026-08-03T14:54:15.000Z</Time>
            <Position>
              <LatitudeDegrees>44.289829675108194</LatitudeDegrees>
              <LongitudeDegrees>-81.59722664393485</LongitudeDegrees>
            </Position>
            <AltitudeMeters>170.60000610351562</AltitudeMeters>
            <DistanceMeters>482.260009765625</DistanceMeters>
            <HeartRateBpm>
              <Value>70</Value>
            </HeartRateBpm>
            <Extensions>
              <ns3:TPX>
                <ns3:Speed>2.8929998874664307</ns3:Speed>
              </ns3:TPX>
            </Extensions>
          </Trackpoint>
          <Trackpoint>
            <Time>2026-08-03T14:54:20.000Z</Time>
            <Position>
              <LatitudeDegrees>44.28983663208783</LatitudeDegrees>
              <LongitudeDegrees>-81.59740190953016</LongitudeDegrees>
            </Position>
            <AltitudeMeters>170.60000610351562</AltitudeMeters>
            <DistanceMeters>496.3399963378906</DistanceMeters>
            <HeartRateBpm>
              <Value>70</Value>
            </HeartRateBpm>
            <Extensions>
              <ns3:TPX>
                <ns3:Speed>2.6589999198913574</ns3:Speed>
              </ns3:TPX>
            </Extensions>
          </Trackpoint>
          <Trackpoint>
            <Time>2026-08-03T14:54:30.000Z</Time>
            <Position>
              <LatitudeDegrees>44.28988021798432</LatitudeDegrees>
              <LongitudeDegrees>-81.59770650789142</LongitudeDegrees>
            </Position>
            <AltitudeMeters>170.39999389648438</AltitudeMeters>
            <DistanceMeters>521.1699829101562</DistanceMeters>
            <HeartRateBpm>
              <Value>70</Value>
            </HeartRateBpm>
            <Extensions>
              <ns3:TPX>
                <ns3:Speed>2.4730000495910645</ns3:Speed>
              </ns3:TPX>
            </Extensions>
          </Trackpoint>
          <Trackpoint>
            <Time>2026-08-03T14:54:39.000Z</Time>
            <Position>
              <LatitudeDegrees>44.28993998095393</LatitudeDegrees>
              <LongitudeDegrees>-81.59794396720827</LongitudeDegrees>
            </Position>
            <AltitudeMeters>170.39999389648438</AltitudeMeters>
            <DistanceMeters>541.219970703125</DistanceMeters>
            <HeartRateBpm>
              <Value>70</Value>
            </HeartRateBpm>
            <Extensions>
              <ns3:TPX>
                <ns3:Speed>2.2019999027252197</ns3:Speed>
              </ns3:TPX>
            </Extensions>
          </Trackpoint>
          <Trackpoint>
            <Time>2026-08-03T14:54:45.000Z</Time>
            <Position>
              <LatitudeDegrees>44.28995406255126</LatitudeDegrees>
              <LongitudeDegrees>-81.59813339821994</LongitudeDegrees>
            </Position>
            <AltitudeMeters>170.0</AltitudeMeters>
            <DistanceMeters>556.4500122070312</DistanceMeters>
            <HeartRateBpm>
              <Value>67</Value>
            </HeartRateBpm>
            <Extensions>
              <ns3:TPX>
                <ns3:Speed>2.2109999656677246</ns3:Speed>
              </ns3:TPX>
            </Extensions>
          </Trackpoint>
          <Trackpoint>
            <Time>2026-08-03T14:54:47.000Z</Time>
            <Position>
              <LatitudeDegrees>44.28996386937797</LatitudeDegrees>
              <LongitudeDegrees>-81.59821755252779</LongitudeDegrees>
            </Position>
            <AltitudeMeters>170.0</AltitudeMeters>
            <DistanceMeters>563.260009765625</DistanceMeters>
            <HeartRateBpm>
              <Value>66</Value>
            </HeartRateBpm>
            <Extensions>
              <ns3:TPX>
                <ns3:Speed>2.8269999027252197</ns3:Speed>
              </ns3:TPX>
            </Extensions>
          </Trackpoint>
          <Trackpoint>
            <Time>2026-08-03T14:54:52.000Z</Time>
            <Position>
              <LatitudeDegrees>44.29000971838832</LatitudeDegrees>
              <LongitudeDegrees>-81.59845869988203</LongitudeDegrees>
            </Position>
            <AltitudeMeters>170.0</AltitudeMeters>
            <DistanceMeters>583.1699829101562</DistanceMeters>
            <HeartRateBpm>
              <Value>65</Value>
            </HeartRateBpm>
            <Extensions>
              <ns3:TPX>
                <ns3:Speed>3.5829999446868896</ns3:Speed>
              </ns3:TPX>
            </Extensions>
          </Trackpoint>
          <Trackpoint>
            <Time>2026-08-03T14:54:58.000Z</Time>
            <Position>
              <LatitudeDegrees>44.29005975835025</LatitudeDegrees>
              <LongitudeDegrees>-81.59872155636549</LongitudeDegrees>
            </Position>
            <AltitudeMeters>170.0</AltitudeMeters>
            <DistanceMeters>604.8599853515625</DistanceMeters>
            <HeartRateBpm>
              <Value>68</Value>
            </HeartRateBpm>
            <Extensions>
              <ns3:TPX>
                <ns3:Speed>2.7990000247955322</ns3:Speed>
              </ns3:TPX>
            </Extensions>
          </Trackpoint>
          <Trackpoint>
            <Time>2026-08-03T14:54:59.000Z</Time>
            <Position>
              <LatitudeDegrees>44.29006730206311</LatitudeDegrees>
              <LongitudeDegrees>-81.59875474870205</LongitudeDegrees>
            </Position>
            <AltitudeMeters>170.0</AltitudeMeters>
            <DistanceMeters>607.6300048828125</DistanceMeters>
            <HeartRateBpm>
              <Value>68</Value>
            </HeartRateBpm>
            <Extensions>
              <ns3:TPX>
                <ns3:Speed>2.743000030517578</ns3:Speed>
              </ns3:TPX>
            </Extensions>
          </Trackpoint>
          <Trackpoint>
            <Time>2026-08-03T14:55:05.000Z</Time>
            <Position>
              <LatitudeDegrees>44.290121449157596</LatitudeDegrees>
              <LongitudeDegrees>-81.59893386997283</LongitudeDegrees>
            </Position>
            <AltitudeMeters>169.8000030517578</AltitudeMeters>
            <DistanceMeters>623.1199951171875</DistanceMeters>
            <HeartRateBpm>
              <Value>66</Value>
            </HeartRateBpm>
            <Extensions>
              <ns3:TPX>
                <ns3:Speed>2.7249999046325684</ns3:Speed>
              </ns3:TPX>
            </Extensions>
          </Trackpoint>
          <Trackpoint>
            <Time>2026-08-03T14:55:07.000Z</Time>
            <Position>
              <LatitudeDegrees>44.290139973163605</LatitudeDegrees>
              <LongitudeDegrees>-81.59898843616247</LongitudeDegrees>
            </Position>
            <AltitudeMeters>169.60000610351562</AltitudeMeters>
            <DistanceMeters>627.9299926757812</DistanceMeters>
            <HeartRateBpm>
              <Value>65</Value>
            </HeartRateBpm>
            <Extensions>
              <ns3:TPX>
                <ns3:Speed>2.63100004196167</ns3:Speed>
              </ns3:TPX>
            </Extensions>
          </Trackpoint>
          <Trackpoint>
            <Time>2026-08-03T14:55:12.000Z</Time>
            <Position>
              <LatitudeDegrees>44.29013544693589</LatitudeDegrees>
              <LongitudeDegrees>-81.59911978058517</LongitudeDegrees>
            </Position>
            <AltitudeMeters>169.60000610351562</AltitudeMeters>
            <DistanceMeters>638.3800048828125</DistanceMeters>
            <HeartRateBpm>
              <Value>68</Value>
            </HeartRateBpm>
            <Extensions>
              <ns3:TPX>
                <ns3:Speed>2.2950000762939453</ns3:Speed>
              </ns3:TPX>
            </Extensions>
          </Trackpoint>
          <Trackpoint>
            <Time>2026-08-03T14:55:19.000Z</Time>
            <Position>
              <LatitudeDegrees>44.29013729095459</LatitudeDegrees>
              <LongitudeDegrees>-81.59926922991872</LongitudeDegrees>
            </Position>
            <AltitudeMeters>169.60000610351562</AltitudeMeters>
            <DistanceMeters>650.4099731445312</DistanceMeters>
            <HeartRateBpm>
              <Value>68</Value>
            </HeartRateBpm>
            <Extensions>
              <ns3:TPX>
                <ns3:Speed>1.5299999713897705</ns3:Speed>
              </ns3:TPX>
            </Extensions>
          </Trackpoint>
          <Trackpoint>
            <Time>2026-08-03T14:55:25.000Z</Time>
            <Position>
              <LatitudeDegrees>44.290158078074455</LatitudeDegrees>
              <LongitudeDegrees>-81.59938246943057</LongitudeDegrees>
            </Position>
            <AltitudeMeters>169.60000610351562</AltitudeMeters>
            <DistanceMeters>659.77001953125</DistanceMeters>
            <HeartRateBpm>
              <Value>71</Value>
            </HeartRateBpm>
            <Extensions>
              <ns3:TPX>
                <ns3:Speed>1.5299999713897705</ns3:Speed>
              </ns3:TPX>
            </Extensions>
          </Trackpoint>
          <Trackpoint>
            <Time>2026-08-03T14:55:26.000Z</Time>
            <Position>
              <LatitudeDegrees>44.29015866480768</LatitudeDegrees>
              <LongitudeDegrees>-81.59940384328365</LongitudeDegrees>
            </Position>
            <AltitudeMeters>169.60000610351562</AltitudeMeters>
            <DistanceMeters>661.469970703125</DistanceMeters>
            <HeartRateBpm>
              <Value>68</Value>
            </HeartRateBpm>
            <Extensions>
              <ns3:TPX>
                <ns3:Speed>1.5299999713897705</ns3:Speed>
              </ns3:TPX>
            </Extensions>
          </Trackpoint>
          <Trackpoint>
            <Time>2026-08-03T14:55:36.000Z</Time>
            <Position>
              <LatitudeDegrees>44.2901486903429</LatitudeDegrees>
              <LongitudeDegrees>-81.5996740758419</LongitudeDegrees>
            </Position>
            <AltitudeMeters>169.0</AltitudeMeters>
            <DistanceMeters>683.0900268554688</DistanceMeters>
            <HeartRateBpm>
              <Value>70</Value>
            </HeartRateBpm>
            <Extensions>
              <ns3:TPX>
                <ns3:Speed>2.0989999771118164</ns3:Speed>
              </ns3:TPX>
            </Extensions>
          </Trackpoint>
          <Trackpoint>
            <Time>2026-08-03T14:55:45.000Z</Time>
            <Position>
              <LatitudeDegrees>44.2901143245399</LatitudeDegrees>
              <LongitudeDegrees>-81.59991580992937</LongitudeDegrees>
            </Position>
            <AltitudeMeters>169.0</AltitudeMeters>
            <DistanceMeters>703.0</DistanceMeters>
            <HeartRateBpm>
              <Value>73</Value>
            </HeartRateBpm>
            <Extensions>
              <ns3:TPX>
                <ns3:Speed>2.2669999599456787</ns3:Speed>
              </ns3:TPX>
            </Extensions>
          </Trackpoint>
          <Trackpoint>
            <Time>2026-08-03T14:55:53.000Z</Time>
            <Position>
              <LatitudeDegrees>44.290108205750585</LatitudeDegrees>
              <LongitudeDegrees>-81.60011915490031</LongitudeDegrees>
            </Position>
            <AltitudeMeters>169.0</AltitudeMeters>
            <DistanceMeters>719.5599975585938</DistanceMeters>
            <HeartRateBpm>
              <Value>74</Value>
            </HeartRateBpm>
            <Extensions>
              <ns3:TPX>
                <ns3:Speed>2.118000030517578</ns3:Speed>
              </ns3:TPX>
            </Extensions>
          </Trackpoint>
          <Trackpoint>
            <Time>2026-08-03T14:55:58.000Z</Time>
            <Position>
              <LatitudeDegrees>44.29012035951018</LatitudeDegrees>
              <LongitudeDegrees>-81.60025360062718</LongitudeDegrees>
            </Position>
            <AltitudeMeters>168.8000030517578</AltitudeMeters>
            <DistanceMeters>730.4000244140625</DistanceMeters>
            <HeartRateBpm>
              <Value>76</Value>
            </HeartRateBpm>
            <Extensions>
              <ns3:TPX>
                <ns3:Speed>2.193000078201294</ns3:Speed>
              </ns3:TPX>
            </Extensions>
          </Trackpoint>
          <Trackpoint>
            <Time>2026-08-03T14:56:01.000Z</Time>
            <Position>
              <LatitudeDegrees>44.290134105831385</LatitudeDegrees>
              <LongitudeDegrees>-81.60034135915339</LongitudeDegrees>
            </Position>
            <AltitudeMeters>168.60000610351562</AltitudeMeters>
            <DistanceMeters>737.5599975585938</DistanceMeters>
            <HeartRateBpm>
              <Value>76</Value>
            </HeartRateBpm>
            <Extensions>
              <ns3:TPX>
                <ns3:Speed>2.193000078201294</ns3:Speed>
              </ns3:TPX>
            </Extensions>
          </Trackpoint>
          <Trackpoint>
            <Time>2026-08-03T14:56:10.000Z</Time>
            <Position>
              <LatitudeDegrees>44.29018280468881</LatitudeDegrees>
              <LongitudeDegrees>-81.60058761946857</LongitudeDegrees>
            </Position>
            <AltitudeMeters>168.60000610351562</AltitudeMeters>
            <DistanceMeters>757.9600219726562</DistanceMeters>
            <HeartRateBpm>
              <Value>73</Value>
            </HeartRateBpm>
            <Extensions>
              <ns3:TPX>
                <ns3:Speed>2.2860000133514404</ns3:Speed>
              </ns3:TPX>
            </Extensions>
          </Trackpoint>
          <Trackpoint>
            <Time>2026-08-03T14:56:11.000Z</Time>
            <Position>
              <LatitudeDegrees>44.2901869956404</LatitudeDegrees>
              <LongitudeDegrees>-81.60061896778643</LongitudeDegrees>
            </Position>
            <AltitudeMeters>168.60000610351562</AltitudeMeters>
            <DistanceMeters>760.489990234375</DistanceMeters>
            <HeartRateBpm>
              <Value>76</Value>
            </HeartRateBpm>
            <Extensions>
              <ns3:TPX>
                <ns3:Speed>2.313999891281128</ns3:Speed>
              </ns3:TPX>
            </Extensions>
          </Trackpoint>
          <Trackpoint>
            <Time>2026-08-03T14:56:14.000Z</Time>
            <Position>
              <LatitudeDegrees>44.29019143804908</LatitudeDegrees>
              <LongitudeDegrees>-81.60070773214102</LongitudeDegrees>
            </Position>
            <AltitudeMeters>168.60000610351562</AltitudeMeters>
            <DistanceMeters>767.5900268554688</DistanceMeters>
            <HeartRateBpm>
              <Value>73</Value>
            </HeartRateBpm>
            <Extensions>
              <ns3:TPX>
                <ns3:Speed>2.322999954223633</ns3:Speed>
              </ns3:TPX>
            </Extensions>
          </Trackpoint>
          <Trackpoint>
            <Time>2026-08-03T14:56:16.000Z</Time>
            <Position>
              <LatitudeDegrees>44.29018900729716</LatitudeDegrees>
              <LongitudeDegrees>-81.6007639747113</LongitudeDegrees>
            </Position>
            <AltitudeMeters>168.60000610351562</AltitudeMeters>
            <DistanceMeters>772.0700073242188</DistanceMeters>
            <HeartRateBpm>
              <Value>73</Value>
            </HeartRateBpm>
            <Extensions>
              <ns3:TPX>
                <ns3:Speed>2.2950000762939453</ns3:Speed>
              </ns3:TPX>
            </Extensions>
          </Trackpoint>
          <Trackpoint>
            <Time>2026-08-03T14:56:27.000Z</Time>
            <Position>
              <LatitudeDegrees>44.29018607363105</LatitudeDegrees>
              <LongitudeDegrees>-81.60103043541312</LongitudeDegrees>
            </Position>
            <AltitudeMeters>168.39999389648438</AltitudeMeters>
            <DistanceMeters>793.3699951171875</DistanceMeters>
            <HeartRateBpm>
              <Value>74</Value>
            </HeartRateBpm>
            <Extensions>
              <ns3:TPX>
                <ns3:Speed>1.940999984741211</ns3:Speed>
              </ns3:TPX>
            </Extensions>
          </Trackpoint>
          <Trackpoint>
            <Time>2026-08-03T14:56:28.000Z</Time>
            <Position>
              <LatitudeDegrees>44.29018112830818</LatitudeDegrees>
              <LongitudeDegrees>-81.60105809569359</LongitudeDegrees>
            </Position>
            <AltitudeMeters>168.39999389648438</AltitudeMeters>
            <DistanceMeters>795.6300048828125</DistanceMeters>
            <HeartRateBpm>
              <Value>71</Value>
            </HeartRateBpm>
            <Extensions>
              <ns3:TPX>
                <ns3:Speed>1.9780000448226929</ns3:Speed>
              </ns3:TPX>
            </Extensions>
          </Trackpoint>
          <Trackpoint>
            <Time>2026-08-03T14:56:29.000Z</Time>
            <Position>
              <LatitudeDegrees>44.29017685353756</LatitudeDegrees>
              <LongitudeDegrees>-81.60108567215502</LongitudeDegrees>
            </Position>
            <AltitudeMeters>168.39999389648438</AltitudeMeters>
            <DistanceMeters>797.8599853515625</DistanceMeters>
            <HeartRateBpm>
              <Value>74</Value>
            </HeartRateBpm>
            <Extensions>
              <ns3:TPX>
                <ns3:Speed>2.00600004196167</ns3:Speed>
              </ns3:TPX>
            </Extensions>
          </Trackpoint>
          <Trackpoint>
            <Time>2026-08-03T14:56:36.000Z</Time>
            <Position>
              <LatitudeDegrees>44.290180122479796</LatitudeDegrees>
              <LongitudeDegrees>-81.60129899159074</LongitudeDegrees>
            </Position>
            <AltitudeMeters>168.1999969482422</AltitudeMeters>
            <DistanceMeters>814.9000244140625</DistanceMeters>
            <HeartRateBpm>
              <Value>72</Value>
            </HeartRateBpm>
            <Extensions>
              <ns3:TPX>
                <ns3:Speed>2.3889999389648438</ns3:Speed>
              </ns3:TPX>
            </Extensions>
          </Trackpoint>
          <Trackpoint>
            <Time>2026-08-03T14:56:45.000Z</Time>
            <Position>
              <LatitudeDegrees>44.290140978991985</LatitudeDegrees>
              <LongitudeDegrees>-81.60155715420842</LongitudeDegrees>
            </Position>
            <AltitudeMeters>168.1999969482422</AltitudeMeters>
            <DistanceMeters>836.3499755859375</DistanceMeters>
            <HeartRateBpm>
              <Value>72</Value>
            </HeartRateBpm>
            <Extensions>
              <ns3:TPX>
                <ns3:Speed>2.3889999389648438</ns3:Speed>
              </ns3:TPX>
            </Extensions>
          </Trackpoint>
          <Trackpoint>
            <Time>2026-08-03T14:56:54.000Z</Time>
            <Position>
              <LatitudeDegrees>44.29005020298064</LatitudeDegrees>
              <LongitudeDegrees>-81.60182964988053</LongitudeDegrees>
            </Position>
            <AltitudeMeters>168.1999969482422</AltitudeMeters>
            <DistanceMeters>860.3200073242188</DistanceMeters>
            <HeartRateBpm>
              <Value>72</Value>
            </HeartRateBpm>
            <Extensions>
              <ns3:TPX>
                <ns3:Speed>2.5940001010894775</ns3:Speed>
              </ns3:TPX>
            </Extensions>
          </Trackpoint>
          <Trackpoint>
            <Time>2026-08-03T14:57:05.000Z</Time>
            <Position>
              <LatitudeDegrees>44.289941154420376</LatitudeDegrees>
              <LongitudeDegrees>-81.60216249525547</LongitudeDegrees>
            </Position>
            <AltitudeMeters>168.0</AltitudeMeters>
            <DistanceMeters>889.6199951171875</DistanceMeters>
            <HeartRateBpm>
              <Value>73</Value>
            </HeartRateBpm>
            <Extensions>
              <ns3:TPX>
                <ns3:Speed>2.500999927520752</ns3:Speed>
              </ns3:TPX>
            </Extensions>
          </Trackpoint>
          <Trackpoint>
            <Time>2026-08-03T14:57:13.000Z</Time>
            <Position>
              <LatitudeDegrees>44.28991827182472</LatitudeDegrees>
              <LongitudeDegrees>-81.60239081829786</LongitudeDegrees>
            </Position>
            <AltitudeMeters>167.8000030517578</AltitudeMeters>
            <DistanceMeters>908.0</DistanceMeters>
            <HeartRateBpm>
              <Value>72</Value>
            </HeartRateBpm>
            <Extensions>
              <ns3:TPX>
                <ns3:Speed>2.313999891281128</ns3:Speed>
              </ns3:TPX>
            </Extensions>
          </Trackpoint>
          <Trackpoint>
            <Time>2026-08-03T14:57:20.000Z</Time>
            <Position>
              <LatitudeDegrees>44.28993243724108</LatitudeDegrees>
              <LongitudeDegrees>-81.60257681272924</LongitudeDegrees>
            </Position>
            <AltitudeMeters>167.8000030517578</AltitudeMeters>
            <DistanceMeters>922.9099731445312</DistanceMeters>
            <HeartRateBpm>
              <Value>74</Value>
            </HeartRateBpm>
            <Extensions>
              <ns3:TPX>
                <ns3:Speed>2.052999973297119</ns3:Speed>
              </ns3:TPX>
            </Extensions>
          </Trackpoint>
          <Trackpoint>
            <Time>2026-08-03T14:57:29.000Z</Time>
            <Position>
              <LatitudeDegrees>44.289955822750926</LatitudeDegrees>
              <LongitudeDegrees>-81.60280622541904</LongitudeDegrees>
            </Position>
            <AltitudeMeters>167.8000030517578</AltitudeMeters>
            <DistanceMeters>941.5900268554688</DistanceMeters>
            <HeartRateBpm>
              <Value>73</Value>
            </HeartRateBpm>
            <Extensions>
              <ns3:TPX>
                <ns3:Speed>2.0250000953674316</ns3:Speed>
              </ns3:TPX>
            </Extensions>
          </Trackpoint>
          <Trackpoint>
            <Time>2026-08-03T14:57:36.000Z</Time>
            <Position>
              <LatitudeDegrees>44.28997317329049</LatitudeDegrees>
              <LongitudeDegrees>-81.60296321846545</LongitudeDegrees>
            </Position>
            <AltitudeMeters>167.8000030517578</AltitudeMeters>
            <DistanceMeters>954.5599975585938</DistanceMeters>
            <HeartRateBpm>
              <Value>72</Value>
            </HeartRateBpm>
            <Extensions>
              <ns3:TPX>
                <ns3:Speed>1.9589999914169312</ns3:Speed>
              </ns3:TPX>
            </Extensions>
          </Trackpoint>
          <Trackpoint>
            <Time>2026-08-03T14:57:43.000Z</Time>
            <Position>
              <LatitudeDegrees>44.28997845388949</LatitudeDegrees>
              <LongitudeDegrees>-81.60312071442604</LongitudeDegrees>
            </Position>
            <AltitudeMeters>167.8000030517578</AltitudeMeters>
            <DistanceMeters>967.1400146484375</DistanceMeters>
            <HeartRateBpm>
              <Value>71</Value>
            </HeartRateBpm>
            <Extensions>
              <ns3:TPX>
                <ns3:Speed>1.7259999513626099</ns3:Speed>
              </ns3:TPX>
            </Extensions>
          </Trackpoint>
          <Trackpoint>
            <Time>2026-08-03T14:57:45.000Z</Time>
            <Position>
              <LatitudeDegrees>44.28997619077563</LatitudeDegrees>
              <LongitudeDegrees>-81.60316865891218</LongitudeDegrees>
            </Position>
            <AltitudeMeters>167.60000610351562</AltitudeMeters>
            <DistanceMeters>970.969970703125</DistanceMeters>
            <HeartRateBpm>
              <Value>70</Value>
            </HeartRateBpm>
            <Extensions>
              <ns3:TPX>
                <ns3:Speed>1.8569999933242798</ns3:Speed>
              </ns3:TPX>
            </Extensions>
          </Trackpoint>
          <Trackpoint>
            <Time>2026-08-03T14:57:54.000Z</Time>
            <Position>
              <LatitudeDegrees>44.289992367848754</LatitudeDegrees>
              <LongitudeDegrees>-81.60333420149982</LongitudeDegrees>
            </Position>
            <AltitudeMeters>167.60000610351562</AltitudeMeters>
            <DistanceMeters>984.3699951171875</DistanceMeters>
            <HeartRateBpm>
              <Value>71</Value>
            </HeartRateBpm>
            <Extensions>
              <ns3:TPX>
                <ns3:Speed>1.6419999599456787</ns3:Speed>
              </ns3:TPX>
            </Extensions>
          </Trackpoint>
          <Trackpoint>
            <Time>2026-08-03T14:58:02.000Z</Time>
            <Position>
              <LatitudeDegrees>44.290003180503845</LatitudeDegrees>
              <LongitudeDegrees>-81.60353100858629</LongitudeDegrees>
            </Position>
            <AltitudeMeters>167.60000610351562</AltitudeMeters>
            <DistanceMeters>1000.1900024414062</DistanceMeters>
            <HeartRateBpm>
              <Value>71</Value>
            </HeartRateBpm>
            <Extensions>
              <ns3:TPX>
                <ns3:Speed>1.930999994277954</ns3:Speed>
              </ns3:TPX>
            </Extensions>
          </Trackpoint>
          <Trackpoint>
            <Time>2026-08-03T14:58:08.000Z</Time>
            <Position>
              <LatitudeDegrees>44.28998490795493</LatitudeDegrees>
              <LongitudeDegrees>-81.60369034856558</LongitudeDegrees>
            </Position>
            <AltitudeMeters>167.60000610351562</AltitudeMeters>
            <DistanceMeters>1013.0499877929688</DistanceMeters>
            <HeartRateBpm>
              <Value>74</Value>
            </HeartRateBpm>
            <Extensions>
              <ns3:TPX>
                <ns3:Speed>2.0899999141693115</ns3:Speed>
              </ns3:TPX>
            </Extensions>
          </Trackpoint>
          <Trackpoint>
            <Time>2026-08-03T14:58:10.000Z</Time>
            <Position>
              <LatitudeDegrees>44.28997811861336</LatitudeDegrees>
              <LongitudeDegrees>-81.60374063998461</LongitudeDegrees>
            </Position>
            <AltitudeMeters>167.39999389648438</AltitudeMeters>
            <DistanceMeters>1017.1300048828125</DistanceMeters>
            <HeartRateBpm>
              <Value>72</Value>
            </HeartRateBpm>
            <Extensions>
              <ns3:TPX>
                <ns3:Speed>2.1459999084472656</ns3:Speed>
              </ns3:TPX>
            </Extensions>
          </Trackpoint>
          <Trackpoint>
            <Time>2026-08-03T14:58:19.000Z</Time>
            <Position>
              <LatitudeDegrees>44.28996588103473</LatitudeDegrees>
              <LongitudeDegrees>-81.60398145206273</LongitudeDegrees>
            </Position>
            <AltitudeMeters>167.39999389648438</AltitudeMeters>
            <DistanceMeters>1036.4599609375</DistanceMeters>
            <HeartRateBpm>
              <Value>72</Value>
            </HeartRateBpm>
            <Extensions>
              <ns3:TPX>
                <ns3:Speed>2.2019999027252197</ns3:Speed>
              </ns3:TPX>
            </Extensions>
          </Trackpoint>
          <Trackpoint>
            <Time>2026-08-03T14:58:27.000Z</Time>
            <Position>
              <LatitudeDegrees>44.28997376002371</LatitudeDegrees>
              <LongitudeDegrees>-81.60420063883066</LongitudeDegrees>
            </Position>
            <AltitudeMeters>167.39999389648438</AltitudeMeters>
            <DistanceMeters>1053.8699951171875</DistanceMeters>
            <HeartRateBpm>
              <Value>72</Value>
            </HeartRateBpm>
            <Extensions>
              <ns3:TPX>
                <ns3:Speed>2.183000087738037</ns3:Speed>
              </ns3:TPX>
            </Extensions>
          </Trackpoint>
          <Trackpoint>
            <Time>2026-08-03T14:58:28.000Z</Time>
            <Position>
              <LatitudeDegrees>44.28997250273824</LatitudeDegrees>
              <LongitudeDegrees>-81.60422964021564</LongitudeDegrees>
            </Position>
            <AltitudeMeters>167.39999389648438</AltitudeMeters>
            <DistanceMeters>1056.1099853515625</DistanceMeters>
            <HeartRateBpm>
              <Value>69</Value>
            </HeartRateBpm>
            <Extensions>
              <ns3:TPX>
                <ns3:Speed>2.1740000247955322</ns3:Speed>
              </ns3:TPX>
            </Extensions>
          </Trackpoint>
          <Trackpoint>
            <Time>2026-08-03T14:58:29.000Z</Time>
            <Position>
              <LatitudeDegrees>44.28996864706278</LatitudeDegrees>
              <LongitudeDegrees>-81.60424942150712</LongitudeDegrees>
            </Position>
            <AltitudeMeters>167.39999389648438</AltitudeMeters>
            <DistanceMeters>1057.719970703125</DistanceMeters>
            <HeartRateBpm>
              <Value>72</Value>
            </HeartRateBpm>
            <Extensions>
              <ns3:TPX>
                <ns3:Speed>2.1740000247955322</ns3:Speed>
              </ns3:TPX>
            </Extensions>
          </Trackpoint>
          <Trackpoint>
            <Time>2026-08-03T14:58:33.000Z</Time>
            <Position>
              <LatitudeDegrees>44.289975268766284</LatitudeDegrees>
              <LongitudeDegrees>-81.60435117781162</LongitudeDegrees>
            </Position>
            <AltitudeMeters>167.39999389648438</AltitudeMeters>
            <DistanceMeters>1065.8900146484375</DistanceMeters>
            <HeartRateBpm>
              <Value>70</Value>
            </HeartRateBpm>
            <Extensions>
              <ns3:TPX>
                <ns3:Speed>2.0989999771118164</ns3:Speed>
              </ns3:TPX>
            </Extensions>
          </Trackpoint>
          <Trackpoint>
            <Time>2026-08-03T14:58:40.000Z</Time>
            <Position>
              <LatitudeDegrees>44.289973340928555</LatitudeDegrees>
              <LongitudeDegrees>-81.60447615198791</LongitudeDegrees>
            </Position>
            <AltitudeMeters>167.39999389648438</AltitudeMeters>
            <DistanceMeters>1076.0</DistanceMeters>
            <HeartRateBpm>
              <Value>70</Value>
            </HeartRateBpm>
            <Extensions>
              <ns3:TPX>
                <ns3:Speed>1.6979999542236328</ns3:Speed>
              </ns3:TPX>
            </Extensions>
          </Trackpoint>
          <Trackpoint>
            <Time>2026-08-03T14:58:44.000Z</Time>
            <Position>
              <LatitudeDegrees>44.289996391162276</LatitudeDegrees>
              <LongitudeDegrees>-81.60454077646136</LongitudeDegrees>
            </Position>
            <AltitudeMeters>167.1999969482422</AltitudeMeters>
            <DistanceMeters>1081.9599609375</DistanceMeters>
            <HeartRateBpm>
              <Value>70</Value>
            </HeartRateBpm>
            <Extensions>
              <ns3:TPX>
                <ns3:Speed>1.6330000162124634</ns3:Speed>
              </ns3:TPX>
            </Extensions>
          </Trackpoint>
          <Trackpoint>
            <Time>2026-08-03T14:58:46.000Z</Time>
            <Position>
              <LatitudeDegrees>44.29000862874091</LatitudeDegrees>
              <LongitudeDegrees>-81.60457246005535</LongitudeDegrees>
            </Position>
            <AltitudeMeters>167.1999969482422</AltitudeMeters>
            <DistanceMeters>1084.760009765625</DistanceMeters>
            <HeartRateBpm>
              <Value>70</Value>
            </HeartRateBpm>
            <Extensions>
              <ns3:TPX>
                <ns3:Speed>1.5490000247955322</ns3:Speed>
              </ns3:TPX>
            </Extensions>
          </Trackpoint>
          <Trackpoint>
            <Time>2026-08-03T14:58:52.000Z</Time>
            <Position>
              <LatitudeDegrees>44.29002916440368</LatitudeDegrees>
              <LongitudeDegrees>-81.60467396490276</LongitudeDegrees>
            </Position>
            <AltitudeMeters>167.1999969482422</AltitudeMeters>
            <DistanceMeters>1093.0699462890625</DistanceMeters>
            <HeartRateBpm>
              <Value>71</Value>
            </HeartRateBpm>
            <Extensions>
              <ns3:TPX>
                <ns3:Speed>1.437000036239624</ns3:Speed>
              </ns3:TPX>
            </Extensions>
          </Trackpoint>
          <Trackpoint>
            <Time>2026-08-03T14:59:00.000Z</Time>
            <Position>
              <LatitudeDegrees>44.29002488963306</LatitudeDegrees>
              <LongitudeDegrees>-81.60481947474182</LongitudeDegrees>
            </Position>
            <AltitudeMeters>167.1999969482422</AltitudeMeters>
            <DistanceMeters>1104.8299560546875</DistanceMeters>
            <HeartRateBpm>
              <Value>70</Value>
            </HeartRateBpm>
            <Extensions>
              <ns3:TPX>
                <ns3:Speed>1.5579999685287476</ns3:Speed>
              </ns3:TPX>
            </Extensions>
          </Trackpoint>
          <Trackpoint>
            <Time>2026-08-03T14:59:05.000Z</Time>
            <Position>
              <LatitudeDegrees>44.290012484416366</LatitudeDegrees>
              <LongitudeDegrees>-81.60493162460625</LongitudeDegrees>
            </Position>
            <AltitudeMeters>167.0</AltitudeMeters>
            <DistanceMeters>1113.93994140625</DistanceMeters>
            <HeartRateBpm>
              <Value>73</Value>
            </HeartRateBpm>
            <Extensions>
              <ns3:TPX>
                <ns3:Speed>1.6979999542236328</ns3:Speed>
              </ns3:TPX>
            </Extensions>
          </Trackpoint>
          <Trackpoint>
            <Time>2026-08-03T14:59:06.000Z</Time>
            <Position>
              <LatitudeDegrees>44.290011478587985</LatitudeDegrees>
              <LongitudeDegrees>-81.60495827905834</LongitudeDegrees>
            </Position>
            <AltitudeMeters>167.0</AltitudeMeters>
            <DistanceMeters>1116.0699462890625</DistanceMeters>
            <HeartRateBpm>
              <Value>70</Value>
            </HeartRateBpm>
            <Extensions>
              <ns3:TPX>
                <ns3:Speed>1.6979999542236328</ns3:Speed>
              </ns3:TPX>
            </Extensions>
          </Trackpoint>
          <Trackpoint>
            <Time>2026-08-03T14:59:09.000Z</Time>
            <Position>
              <LatitudeDegrees>44.29000284522772</LatitudeDegrees>
              <LongitudeDegrees>-81.60502759739757</LongitudeDegrees>
            </Position>
            <AltitudeMeters>167.0</AltitudeMeters>
            <DistanceMeters>1121.719970703125</DistanceMeters>
            <HeartRateBpm>
              <Value>70</Value>
            </HeartRateBpm>
            <Extensions>
              <ns3:TPX>
                <ns3:Speed>1.7640000581741333</ns3:Speed>
              </ns3:TPX>
            </Extensions>
          </Trackpoint>
          <Trackpoint>
            <Time>2026-08-03T14:59:17.000Z</Time>
            <Position>
              <LatitudeDegrees>44.28996479138732</LatitudeDegrees>
              <LongitudeDegrees>-81.60521342419088</LongitudeDegrees>
            </Position>
            <AltitudeMeters>167.0</AltitudeMeters>
            <DistanceMeters>1137.2099609375</DistanceMeters>
            <HeartRateBpm>
              <Value>70</Value>
            </HeartRateBpm>
            <Extensions>
              <ns3:TPX>
                <ns3:Speed>1.8849999904632568</ns3:Speed>
              </ns3:TPX>
            </Extensions>
          </Trackpoint>
          <Trackpoint>
            <Time>2026-08-03T14:59:23.000Z</Time>
            <Position>
              <LatitudeDegrees>44.28991835564375</LatitudeDegrees>
              <LongitudeDegrees>-81.60534502007067</LongitudeDegrees>
            </Position>
            <AltitudeMeters>167.0</AltitudeMeters>
            <DistanceMeters>1148.9200439453125</DistanceMeters>
            <HeartRateBpm>
              <Value>67</Value>
            </HeartRateBpm>
            <Extensions>
              <ns3:TPX>
                <ns3:Speed>1.9220000505447388</ns3:Speed>
              </ns3:TPX>
            </Extensions>
          </Trackpoint>
          <Trackpoint>
            <Time>2026-08-03T14:59:26.000Z</Time>
            <Position>
              <LatitudeDegrees>44.28989991545677</LatitudeDegrees>
              <LongitudeDegrees>-81.60540411248803</LongitudeDegrees>
            </Position>
            <AltitudeMeters>167.1999969482422</AltitudeMeters>
            <DistanceMeters>1154.0799560546875</DistanceMeters>
            <HeartRateBpm>
              <Value>69</Value>
            </HeartRateBpm>
            <Extensions>
              <ns3:TPX>
                <ns3:Speed>1.819000005722046</ns3:Speed>
              </ns3:TPX>
            </Extensions>
          </Trackpoint>
          <Trackpoint>
            <Time>2026-08-03T14:59:32.000Z</Time>
            <Position>
              <LatitudeDegrees>44.28986554965377</LatitudeDegrees>
              <LongitudeDegrees>-81.60549798980355</LongitudeDegrees>
            </Position>
            <AltitudeMeters>167.0</AltitudeMeters>
            <DistanceMeters>1162.489990234375</DistanceMeters>
            <HeartRateBpm>
              <Value>69</Value>
            </HeartRateBpm>
            <Extensions>
              <ns3:TPX>
                <ns3:Speed>1.5019999742507935</ns3:Speed>
              </ns3:TPX>
            </Extensions>
          </Trackpoint>
          <Trackpoint>
            <Time>2026-08-03T14:59:39.000Z</Time>
            <Position>
              <LatitudeDegrees>44.2898241430521</LatitudeDegrees>
              <LongitudeDegrees>-81.605607541278</LongitudeDegrees>
            </Position>
            <AltitudeMeters>166.8000030517578</AltitudeMeters>
            <DistanceMeters>1172.3900146484375</DistanceMeters>
            <HeartRateBpm>
              <Value>72</Value>
            </HeartRateBpm>
            <Extensions>
              <ns3:TPX>
                <ns3:Speed>1.4930000305175781</ns3:Speed>
              </ns3:TPX>
            </Extensions>
          </Trackpoint>
          <Trackpoint>
            <Time>2026-08-03T14:59:40.000Z</Time>
            <Position>
              <LatitudeDegrees>44.28981827571988</LatitudeDegrees>
              <LongitudeDegrees>-81.6056231316179</LongitudeDegrees>
            </Position>
            <AltitudeMeters>166.8000030517578</AltitudeMeters>
            <DistanceMeters>1173.7900390625</DistanceMeters>
            <HeartRateBpm>
              <Value>69</Value>
            </HeartRateBpm>
            <Extensions>
              <ns3:TPX>
                <ns3:Speed>1.4930000305175781</ns3:Speed>
              </ns3:TPX>
            </Extensions>
          </Trackpoint>
          <Trackpoint>
            <Time>2026-08-03T14:59:42.000Z</Time>
            <Position>
              <LatitudeDegrees>44.28980494849384</LatitudeDegrees>
              <LongitudeDegrees>-81.60565657541156</LongitudeDegrees>
            </Position>
            <AltitudeMeters>166.8000030517578</AltitudeMeters>
            <DistanceMeters>1176.8299560546875</DistanceMeters>
            <HeartRateBpm>
              <Value>70</Value>
            </HeartRateBpm>
            <Extensions>
              <ns3:TPX>
                <ns3:Speed>1.4739999771118164</ns3:Speed>
              </ns3:TPX>
            </Extensions>
          </Trackpoint>
          <Trackpoint>
            <Time>2026-08-03T14:59:46.000Z</Time>
            <Position>
              <LatitudeDegrees>44.28977862931788</LatitudeDegrees>
              <LongitudeDegrees>-81.6057198587805</LongitudeDegrees>
            </Position>
            <AltitudeMeters>167.0</AltitudeMeters>
            <DistanceMeters>1182.6700439453125</DistanceMeters>
            <HeartRateBpm>
              <Value>67</Value>
            </HeartRateBpm>
            <Extensions>
              <ns3:TPX>
                <ns3:Speed>1.437000036239624</ns3:Speed>
              </ns3:TPX>
            </Extensions>
          </Trackpoint>
          <Trackpoint>
            <Time>2026-08-03T14:59:48.000Z</Time>
            <Position>
              <LatitudeDegrees>44.28976337425411</LatitudeDegrees>
              <LongitudeDegrees>-81.60574718378484</LongitudeDegrees>
            </Position>
            <AltitudeMeters>167.1999969482422</AltitudeMeters>
            <DistanceMeters>1185.4200439453125</DistanceMeters>
            <HeartRateBpm>
              <Value>70</Value>
            </HeartRateBpm>
            <Extensions>
              <ns3:TPX>
                <ns3:Speed>1.409000039100647</ns3:Speed>
              </ns3:TPX>
            </Extensions>
          </Trackpoint>
          <Trackpoint>
            <Time>2026-08-03T14:59:54.000Z</Time>
            <Position>
              <LatitudeDegrees>44.289740743115544</LatitudeDegrees>
              <LongitudeDegrees>-81.60583762452006</LongitudeDegrees>
            </Position>
            <AltitudeMeters>167.39999389648438</AltitudeMeters>
            <DistanceMeters>1193.3800048828125</DistanceMeters>
            <HeartRateBpm>
              <Value>70</Value>
            </HeartRateBpm>
            <Extensions>
              <ns3:TPX>
                <ns3:Speed>1.3619999885559082</ns3:Speed>
              </ns3:TPX>
            </Extensions>
          </Trackpoint>
          <Trackpoint>
            <Time>2026-08-03T14:59:55.000Z</Time>
            <Position>
              <LatitudeDegrees>44.289750549942255</LatitudeDegrees>
              <LongitudeDegrees>-81.60585723817348</LongitudeDegrees>
            </Position>
            <AltitudeMeters>167.39999389648438</AltitudeMeters>
            <DistanceMeters>1195.2900390625</DistanceMeters>
            <HeartRateBpm>
              <Value>71</Value>
            </HeartRateBpm>
            <Extensions>
              <ns3:TPX>
                <ns3:Speed>1.5119999647140503</ns3:Speed>
              </ns3:TPX>
            </Extensions>
          </Trackpoint>
          <Trackpoint>
            <Time>2026-08-03T14:59:56.000Z</Time>
            <Position>
              <LatitudeDegrees>44.289750047028065</LatitudeDegrees>
              <LongitudeDegrees>-81.605871822685</LongitudeDegrees>
            </Position>
            <AltitudeMeters>167.60000610351562</AltitudeMeters>
            <DistanceMeters>1196.43994140625</DistanceMeters>
            <HeartRateBpm>
              <Value>72</Value>
            </HeartRateBpm>
            <Extensions>
              <ns3:TPX>
                <ns3:Speed>1.3619999885559082</ns3:Speed>
              </ns3:TPX>
            </Extensions>
          </Trackpoint>
          <Trackpoint>
            <Time>2026-08-03T15:00:00.000Z</Time>
            <Position>
              <LatitudeDegrees>44.289736803621054</LatitudeDegrees>
              <LongitudeDegrees>-81.60591054707766</LongitudeDegrees>
            </Position>
            <AltitudeMeters>167.8000030517578</AltitudeMeters>
            <DistanceMeters>1199.8900146484375</DistanceMeters>
            <HeartRateBpm>
              <Value>71</Value>
            </HeartRateBpm>
            <Extensions>
              <ns3:TPX>
                <ns3:Speed>1.156999945640564</ns3:Speed>
              </ns3:TPX>
            </Extensions>
          </Trackpoint>
          <Trackpoint>
            <Time>2026-08-03T15:00:02.000Z</Time>
            <Position>
              <LatitudeDegrees>44.28973185829818</LatitudeDegrees>
              <LongitudeDegrees>-81.60592194646597</LongitudeDegrees>
            </Position>
            <AltitudeMeters>167.8000030517578</AltitudeMeters>
            <DistanceMeters>1200.72998046875</DistanceMeters>
            <HeartRateBpm>
              <Value>71</Value>
            </HeartRateBpm>
            <Extensions>
              <ns3:TPX>
                <ns3:Speed>0.9700000286102295</ns3:Speed>
              </ns3:TPX>
            </Extensions>
          </Trackpoint>
          <Trackpoint>
            <Time>2026-08-03T15:00:05.000Z</Time>
            <Position>
              <LatitudeDegrees>44.28973261266947</LatitudeDegrees>
              <LongitudeDegrees>-81.6059373691678</LongitudeDegrees>
            </Position>
            <AltitudeMeters>167.8000030517578</AltitudeMeters>
            <DistanceMeters>1202.050048828125</DistanceMeters>
            <HeartRateBpm>
              <Value>72</Value>
            </HeartRateBpm>
            <Extensions>
              <ns3:TPX>
                <ns3:Speed>0.4569999873638153</ns3:Speed>
              </ns3:TPX>
            </Extensions>
          </Trackpoint>
          <Trackpoint>
            <Time>2026-08-03T15:00:09.000Z</Time>
            <Position>
              <LatitudeDegrees>44.2897239793092</LatitudeDegrees>
              <LongitudeDegrees>-81.60595203749835</LongitudeDegrees>
            </Position>
            <AltitudeMeters>167.8000030517578</AltitudeMeters>
            <DistanceMeters>1203.5400390625</DistanceMeters>
            <HeartRateBpm>
              <Value>71</Value>
            </HeartRateBpm>
            <Extensions>
              <ns3:TPX>
                <ns3:Speed>0.6159999966621399</ns3:Speed>
              </ns3:TPX>
            </Extensions>
          </Trackpoint>
          <Trackpoint>
            <Time>2026-08-03T15:00:15.000Z</Time>
            <Position>
              <LatitudeDegrees>44.289750969037414</LatitudeDegrees>
              <LongitudeDegrees>-81.60595857538283</LongitudeDegrees>
            </Position>
            <AltitudeMeters>167.8000030517578</AltitudeMeters>
            <DistanceMeters>1206.68994140625</DistanceMeters>
            <HeartRateBpm>
              <Value>69</Value>
            </HeartRateBpm>
            <Extensions>
              <ns3:TPX>
                <ns3:Speed>0.625</ns3:Speed>
              </ns3:TPX>
            </Extensions>
          </Trackpoint>
          <Trackpoint>
            <Time>2026-08-03T15:00:21.000Z</Time>
            <Position>
              <LatitudeDegrees>44.289757926017046</LatitudeDegrees>
              <LongitudeDegrees>-81.60597274079919</LongitudeDegrees>
            </Position>
            <AltitudeMeters>167.8000030517578</AltitudeMeters>
            <DistanceMeters>1208.4599609375</DistanceMeters>
            <HeartRateBpm>
              <Value>68</Value>
            </HeartRateBpm>
            <Extensions>
              <ns3:TPX>
                <ns3:Speed>0.5410000085830688</ns3:Speed>
              </ns3:TPX>
            </Extensions>
          </Trackpoint>
          <Trackpoint>
            <Time>2026-08-03T15:00:22.000Z</Time>
            <Position>
              <LatitudeDegrees>44.289749041199684</LatitudeDegrees>
              <LongitudeDegrees>-81.60599570721388</LongitudeDegrees>
            </Position>
            <AltitudeMeters>167.8000030517578</AltitudeMeters>
            <DistanceMeters>1210.5</DistanceMeters>
            <HeartRateBpm>
              <Value>65</Value>
            </HeartRateBpm>
            <Extensions>
              <ns3:TPX>
                <ns3:Speed>0.5410000085830688</ns3:Speed>
              </ns3:TPX>
            </Extensions>
          </Trackpoint>
          <Trackpoint>
            <Time>2026-08-03T15:00:28.000Z</Time>
            <Position>
              <LatitudeDegrees>44.28974778391421</LatitudeDegrees>
              <LongitudeDegrees>-81.60600023344159</LongitudeDegrees>
            </Position>
            <AltitudeMeters>167.60000610351562</AltitudeMeters>
            <DistanceMeters>1210.8900146484375</DistanceMeters>
            <HeartRateBpm>
              <Value>64</Value>
            </HeartRateBpm>
            <Extensions>
              <ns3:TPX>
                <ns3:Speed>0.0</ns3:Speed>
              </ns3:TPX>
            </Extensions>
          </Trackpoint>
          <Trackpoint>
            <Time>2026-08-03T15:00:31.000Z</Time>
            <Position>
              <LatitudeDegrees>44.28974778391421</LatitudeDegrees>
              <LongitudeDegrees>-81.60600023344159</LongitudeDegrees>
            </Position>
            <AltitudeMeters>167.39999389648438</AltitudeMeters>
            <DistanceMeters>1210.8900146484375</DistanceMeters>
            <HeartRateBpm>
              <Value>67</Value>
            </HeartRateBpm>
            <Extensions>
              <ns3:TPX>
                <ns3:Speed>0.0</ns3:Speed>
              </ns3:TPX>
            </Extensions>
          </Trackpoint>
          <Trackpoint>
            <Time>2026-08-03T15:00:42.000Z</Time>
            <Position>
              <LatitudeDegrees>44.28974057547748</LatitudeDegrees>
              <LongitudeDegrees>-81.6059688013047</LongitudeDegrees>
            </Position>
            <AltitudeMeters>167.8000030517578</AltitudeMeters>
            <DistanceMeters>1210.949951171875</DistanceMeters>
            <HeartRateBpm>
              <Value>70</Value>
            </HeartRateBpm>
            <Extensions>
              <ns3:TPX>
                <ns3:Speed>0.0</ns3:Speed>
              </ns3:TPX>
            </Extensions>
          </Trackpoint>
          <Trackpoint>
            <Time>2026-08-03T15:00:47.000Z</Time>
            <Position>
              <LatitudeDegrees>44.28972180001438</LatitudeDegrees>
              <LongitudeDegrees>-81.60594809800386</LongitudeDegrees>
            </Position>
            <AltitudeMeters>168.0</AltitudeMeters>
            <DistanceMeters>1212.1600341796875</DistanceMeters>
            <HeartRateBpm>
              <Value>73</Value>
            </HeartRateBpm>
            <Extensions>
              <ns3:TPX>
                <ns3:Speed>1.1380000114440918</ns3:Speed>
              </ns3:TPX>
            </Extensions>
          </Trackpoint>
          <Trackpoint>
            <Time>2026-08-03T15:00:49.000Z</Time>
            <Position>
              <LatitudeDegrees>44.28970813751221</LatitudeDegrees>
              <LongitudeDegrees>-81.60589068196714</LongitudeDegrees>
            </Position>
            <AltitudeMeters>167.8000030517578</AltitudeMeters>
            <DistanceMeters>1216.8399658203125</DistanceMeters>
            <HeartRateBpm>
              <Value>75</Value>
            </HeartRateBpm>
            <Extensions>
              <ns3:TPX>
                <ns3:Speed>1.222000002861023</ns3:Speed>
              </ns3:TPX>
            </Extensions>
          </Trackpoint>
          <Trackpoint>
            <Time>2026-08-03T15:00:50.000Z</Time>
            <Position>
              <LatitudeDegrees>44.289704114198685</LatitudeDegrees>
              <LongitudeDegrees>-81.60585891455412</LongitudeDegrees>
            </Position>
            <AltitudeMeters>167.8000030517578</AltitudeMeters>
            <DistanceMeters>1219.3699951171875</DistanceMeters>
            <HeartRateBpm>
              <Value>73</Value>
            </HeartRateBpm>
            <Extensions>
              <ns3:TPX>
                <ns3:Speed>1.4279999732971191</ns3:Speed>
              </ns3:TPX>
            </Extensions>
          </Trackpoint>
          <Trackpoint>
            <Time>2026-08-03T15:00:53.000Z</Time>
            <Position>
              <LatitudeDegrees>44.28967050276697</LatitudeDegrees>
              <LongitudeDegrees>-81.605752883479</LongitudeDegrees>
            </Position>
            <AltitudeMeters>167.60000610351562</AltitudeMeters>
            <DistanceMeters>1228.6300048828125</DistanceMeters>
            <HeartRateBpm>
              <Value>76</Value>
            </HeartRateBpm>
            <Extensions>
              <ns3:TPX>
                <ns3:Speed>1.222000002861023</ns3:Speed>
              </ns3:TPX>
            </Extensions>
          </Trackpoint>
          <Trackpoint>
            <Time>2026-08-03T15:00:57.000Z</Time>
            <Position>
              <LatitudeDegrees>44.289631359279156</LatitudeDegrees>
              <LongitudeDegrees>-81.60563486628234</LongitudeDegrees>
            </Position>
            <AltitudeMeters>167.60000610351562</AltitudeMeters>
            <DistanceMeters>1238.989990234375</DistanceMeters>
            <HeartRateBpm>
              <Value>79</Value>
            </HeartRateBpm>
            <Extensions>
              <ns3:TPX>
                <ns3:Speed>1.4279999732971191</ns3:Speed>
              </ns3:TPX>
            </Extensions>
          </Trackpoint>
          <Trackpoint>
            <Time>2026-08-03T15:01:03.000Z</Time>
            <Position>
              <LatitudeDegrees>44.28958668373525</LatitudeDegrees>
              <LongitudeDegrees>-81.60550058819354</LongitudeDegrees>
            </Position>
            <AltitudeMeters>168.0</AltitudeMeters>
            <DistanceMeters>1250.7900390625</DistanceMeters>
            <HeartRateBpm>
              <Value>82</Value>
            </HeartRateBpm>
            <Extensions>
              <ns3:TPX>
                <ns3:Speed>1.6799999475479126</ns3:Speed>
              </ns3:TPX>
            </Extensions>
          </Trackpoint>
          <Trackpoint>
            <Time>2026-08-03T15:01:05.000Z</Time>
            <Position>
              <LatitudeDegrees>44.289580984041095</LatitudeDegrees>
              <LongitudeDegrees>-81.60546018742025</LongitudeDegrees>
            </Position>
            <AltitudeMeters>168.0</AltitudeMeters>
            <DistanceMeters>1254.0899658203125</DistanceMeters>
            <HeartRateBpm>
              <Value>83</Value>
            </HeartRateBpm>
            <Extensions>
              <ns3:TPX>
                <ns3:Speed>1.8380000591278076</ns3:Speed>
              </ns3:TPX>
            </Extensions>
          </Trackpoint>
          <Trackpoint>
            <Time>2026-08-03T15:01:08.000Z</Time>
            <Position>
              <LatitudeDegrees>44.28957251831889</LatitudeDegrees>
              <LongitudeDegrees>-81.60538357682526</LongitudeDegrees>
            </Position>
            <AltitudeMeters>167.8000030517578</AltitudeMeters>
            <DistanceMeters>1260.239990234375</DistanceMeters>
            <HeartRateBpm>
              <Value>86</Value>
            </HeartRateBpm>
            <Extensions>
              <ns3:TPX>
                <ns3:Speed>1.8380000591278076</ns3:Speed>
              </ns3:TPX>
            </Extensions>
          </Trackpoint>
          <Trackpoint>
            <Time>2026-08-03T15:01:10.000Z</Time>
            <Position>
              <LatitudeDegrees>44.28957159630954</LatitudeDegrees>
              <LongitudeDegrees>-81.60532481968403</LongitudeDegrees>
            </Position>
            <AltitudeMeters>167.8000030517578</AltitudeMeters>
            <DistanceMeters>1264.9200439453125</DistanceMeters>
            <HeartRateBpm>
              <Value>90</Value>
            </HeartRateBpm>
            <Extensions>
              <ns3:TPX>
                <ns3:Speed>1.8940000534057617</ns3:Speed>
              </ns3:TPX>
            </Extensions>
          </Trackpoint>
          <Trackpoint>
            <Time>2026-08-03T15:01:13.000Z</Time>
            <Position>
              <LatitudeDegrees>44.28955818526447</LatitudeDegrees>
              <LongitudeDegrees>-81.60522851161659</LongitudeDegrees>
            </Position>
            <AltitudeMeters>167.8000030517578</AltitudeMeters>
            <DistanceMeters>1272.77001953125</DistanceMeters>
            <HeartRateBpm>
              <Value>93</Value>
            </HeartRateBpm>
            <Extensions>
              <ns3:TPX>
                <ns3:Speed>2.2109999656677246</ns3:Speed>
              </ns3:TPX>
            </Extensions>
          </Trackpoint>
          <Trackpoint>
            <Time>2026-08-03T15:01:14.000Z</Time>
            <Position>
              <LatitudeDegrees>44.289559442549944</LatitudeDegrees>
              <LongitudeDegrees>-81.60519875586033</LongitudeDegrees>
            </Position>
            <AltitudeMeters>167.8000030517578</AltitudeMeters>
            <DistanceMeters>1275.1500244140625</DistanceMeters>
            <HeartRateBpm>
              <Value>93</Value>
            </HeartRateBpm>
            <Extensions>
              <ns3:TPX>
                <ns3:Speed>2.2109999656677246</ns3:Speed>
              </ns3:TPX>
            </Extensions>
          </Trackpoint>
          <Trackpoint>
            <Time>2026-08-03T15:01:21.000Z</Time>
            <Position>
              <LatitudeDegrees>44.28955617360771</LatitudeDegrees>
              <LongitudeDegrees>-81.60497462376952</LongitudeDegrees>
            </Position>
            <AltitudeMeters>168.0</AltitudeMeters>
            <DistanceMeters>1293.1300048828125</DistanceMeters>
            <HeartRateBpm>
              <Value>93</Value>
            </HeartRateBpm>
            <Extensions>
              <ns3:TPX>
                <ns3:Speed>2.4539999961853027</ns3:Speed>
              </ns3:TPX>
            </Extensions>
          </Trackpoint>
          <Trackpoint>
            <Time>2026-08-03T15:01:24.000Z</Time>
            <Position>
              <LatitudeDegrees>44.289560532197356</LatitudeDegrees>
              <LongitudeDegrees>-81.60486523993313</LongitudeDegrees>
            </Position>
            <AltitudeMeters>168.1999969482422</AltitudeMeters>
            <DistanceMeters>1301.9000244140625</DistanceMeters>
            <HeartRateBpm>
              <Value>93</Value>
            </HeartRateBpm>
            <Extensions>
              <ns3:TPX>
                <ns3:Speed>2.4539999961853027</ns3:Speed>
              </ns3:TPX>
            </Extensions>
          </Trackpoint>
          <Trackpoint>
            <Time>2026-08-03T15:01:27.000Z</Time>
            <Position>
              <LatitudeDegrees>44.28954896517098</LatitudeDegrees>
              <LongitudeDegrees>-81.60476993769407</LongitudeDegrees>
            </Position>
            <AltitudeMeters>168.39999389648438</AltitudeMeters>
            <DistanceMeters>1309.6700439453125</DistanceMeters>
            <HeartRateBpm>
              <Value>93</Value>
            </HeartRateBpm>
            <Extensions>
              <ns3:TPX>
                <ns3:Speed>2.5940001010894775</ns3:Speed>
              </ns3:TPX>
            </Extensions>
          </Trackpoint>
          <Trackpoint>
            <Time>2026-08-03T15:01:32.000Z</Time>
            <Position>
              <LatitudeDegrees>44.289540499448776</LatitudeDegrees>
              <LongitudeDegrees>-81.60460573621094</LongitudeDegrees>
            </Position>
            <AltitudeMeters>168.39999389648438</AltitudeMeters>
            <DistanceMeters>1322.8599853515625</DistanceMeters>
            <HeartRateBpm>
              <Value>94</Value>
            </HeartRateBpm>
            <Extensions>
              <ns3:TPX>
                <ns3:Speed>2.63100004196167</ns3:Speed>
              </ns3:TPX>
            </Extensions>
          </Trackpoint>
          <Trackpoint>
            <Time>2026-08-03T15:01:38.000Z</Time>
            <Position>
              <LatitudeDegrees>44.28956128656864</LatitudeDegrees>
              <LongitudeDegrees>-81.6044333204627</LongitudeDegrees>
            </Position>
            <AltitudeMeters>168.39999389648438</AltitudeMeters>
            <DistanceMeters>1336.81005859375</DistanceMeters>
            <HeartRateBpm>
              <Value>91</Value>
            </HeartRateBpm>
            <Extensions>
              <ns3:TPX>
                <ns3:Speed>2.556999921798706</ns3:Speed>
              </ns3:TPX>
            </Extensions>
          </Trackpoint>
          <Trackpoint>
            <Time>2026-08-03T15:01:40.000Z</Time>
            <Position>
              <LatitudeDegrees>44.28956447169185</LatitudeDegrees>
              <LongitudeDegrees>-81.60437221638858</LongitudeDegrees>
            </Position>
            <AltitudeMeters>168.60000610351562</AltitudeMeters>
            <DistanceMeters>1341.699951171875</DistanceMeters>
            <HeartRateBpm>
              <Value>92</Value>
            </HeartRateBpm>
            <Extensions>
              <ns3:TPX>
                <ns3:Speed>2.687000036239624</ns3:Speed>
              </ns3:TPX>
            </Extensions>
          </Trackpoint>
          <Trackpoint>
            <Time>2026-08-03T15:01:44.000Z</Time>
            <Position>
              <LatitudeDegrees>44.289549719542265</LatitudeDegrees>
              <LongitudeDegrees>-81.6042295563966</LongitudeDegrees>
            </Position>
            <AltitudeMeters>168.60000610351562</AltitudeMeters>
            <DistanceMeters>1353.260009765625</DistanceMeters>
            <HeartRateBpm>
              <Value>95</Value>
            </HeartRateBpm>
            <Extensions>
              <ns3:TPX>
                <ns3:Speed>2.687000036239624</ns3:Speed>
              </ns3:TPX>
            </Extensions>
          </Trackpoint>
          <Trackpoint>
            <Time>2026-08-03T15:01:46.000Z</Time>
            <Position>
              <LatitudeDegrees>44.28954510949552</LatitudeDegrees>
              <LongitudeDegrees>-81.60417373292148</LongitudeDegrees>
            </Position>
            <AltitudeMeters>168.60000610351562</AltitudeMeters>
            <DistanceMeters>1357.739990234375</DistanceMeters>
            <HeartRateBpm>
              <Value>95</Value>
            </HeartRateBpm>
            <Extensions>
              <ns3:TPX>
                <ns3:Speed>2.4820001125335693</ns3:Speed>
              </ns3:TPX>
            </Extensions>
          </Trackpoint>
          <Trackpoint>
            <Time>2026-08-03T15:01:47.000Z</Time>
            <Position>
              <LatitudeDegrees>44.28954016417265</LatitudeDegrees>
              <LongitudeDegrees>-81.60413903184235</LongitudeDegrees>
            </Position>
            <AltitudeMeters>168.8000030517578</AltitudeMeters>
            <DistanceMeters>1360.5699462890625</DistanceMeters>
            <HeartRateBpm>
              <Value>93</Value>
            </HeartRateBpm>
            <Extensions>
              <ns3:TPX>
                <ns3:Speed>2.4820001125335693</ns3:Speed>
              </ns3:TPX>
            </Extensions>
          </Trackpoint>
          <Trackpoint>
            <Time>2026-08-03T15:01:54.000Z</Time>
            <Position>
              <LatitudeDegrees>44.289517533034086</LatitudeDegrees>
              <LongitudeDegrees>-81.60394599661231</LongitudeDegrees>
            </Position>
            <AltitudeMeters>169.0</AltitudeMeters>
            <DistanceMeters>1376.1600341796875</DistanceMeters>
            <HeartRateBpm>
              <Value>94</Value>
            </HeartRateBpm>
            <Extensions>
              <ns3:TPX>
                <ns3:Speed>2.818000078201294</ns3:Speed>
              </ns3:TPX>
            </Extensions>
          </Trackpoint>
          <Trackpoint>
            <Time>2026-08-03T15:02:00.000Z</Time>
            <Position>
              <LatitudeDegrees>44.28951325826347</LatitudeDegrees>
              <LongitudeDegrees>-81.60376922227442</LongitudeDegrees>
            </Position>
            <AltitudeMeters>169.1999969482422</AltitudeMeters>
            <DistanceMeters>1390.4100341796875</DistanceMeters>
            <HeartRateBpm>
              <Value>91</Value>
            </HeartRateBpm>
            <Extensions>
              <ns3:TPX>
                <ns3:Speed>2.257999897003174</ns3:Speed>
              </ns3:TPX>
            </Extensions>
          </Trackpoint>
          <Trackpoint>
            <Time>2026-08-03T15:02:01.000Z</Time>
            <Position>
              <LatitudeDegrees>44.28950194269419</LatitudeDegrees>
              <LongitudeDegrees>-81.60374835133553</LongitudeDegrees>
            </Position>
            <AltitudeMeters>169.1999969482422</AltitudeMeters>
            <DistanceMeters>1392.489990234375</DistanceMeters>
            <HeartRateBpm>
              <Value>91</Value>
            </HeartRateBpm>
            <Extensions>
              <ns3:TPX>
                <ns3:Speed>2.257999897003174</ns3:Speed>
              </ns3:TPX>
            </Extensions>
          </Trackpoint>
          <Trackpoint>
            <Time>2026-08-03T15:02:03.000Z</Time>
            <Position>
              <LatitudeDegrees>44.28947243839502</LatitudeDegrees>
              <LongitudeDegrees>-81.6037102136761</LongitudeDegrees>
            </Position>
            <AltitudeMeters>169.39999389648438</AltitudeMeters>
            <DistanceMeters>1397.0400390625</DistanceMeters>
            <HeartRateBpm>
              <Value>90</Value>
            </HeartRateBpm>
            <Extensions>
              <ns3:TPX>
                <ns3:Speed>2.2669999599456787</ns3:Speed>
              </ns3:TPX>
            </Extensions>
          </Trackpoint>
          <Trackpoint>
            <Time>2026-08-03T15:02:04.000Z</Time>
            <Position>
              <LatitudeDegrees>44.289469588547945</LatitudeDegrees>
              <LongitudeDegrees>-81.60368716344237</LongitudeDegrees>
            </Position>
            <AltitudeMeters>169.39999389648438</AltitudeMeters>
            <DistanceMeters>1398.9100341796875</DistanceMeters>
            <HeartRateBpm>
              <Value>90</Value>
            </HeartRateBpm>
            <Extensions>
              <ns3:TPX>
                <ns3:Speed>2.257999897003174</ns3:Speed>
              </ns3:TPX>
            </Extensions>
          </Trackpoint>
          <Trackpoint>
            <Time>2026-08-03T15:02:12.000Z</Time>
            <Position>
              <LatitudeDegrees>44.28948459215462</LatitudeDegrees>
              <LongitudeDegrees>-81.60343847237527</LongitudeDegrees>
            </Position>
            <AltitudeMeters>169.39999389648438</AltitudeMeters>
            <DistanceMeters>1418.68994140625</DistanceMeters>
            <HeartRateBpm>
              <Value>91</Value>
            </HeartRateBpm>
            <Extensions>
              <ns3:TPX>
                <ns3:Speed>2.546999931335449</ns3:Speed>
              </ns3:TPX>
            </Extensions>
          </Trackpoint>
          <Trackpoint>
            <Time>2026-08-03T15:02:19.000Z</Time>
            <Position>
              <LatitudeDegrees>44.28949674591422</LatitudeDegrees>
              <LongitudeDegrees>-81.60322682932019</LongitudeDegrees>
            </Position>
            <AltitudeMeters>169.60000610351562</AltitudeMeters>
            <DistanceMeters>1435.760009765625</DistanceMeters>
            <HeartRateBpm>
              <Value>90</Value>
            </HeartRateBpm>
            <Extensions>
              <ns3:TPX>
                <ns3:Speed>2.4170000553131104</ns3:Speed>
              </ns3:TPX>
            </Extensions>
          </Trackpoint>
          <Trackpoint>
            <Time>2026-08-03T15:02:20.000Z</Time>
            <Position>
              <LatitudeDegrees>44.28950663655996</LatitudeDegrees>
              <LongitudeDegrees>-81.60319749265909</LongitudeDegrees>
            </Position>
            <AltitudeMeters>169.60000610351562</AltitudeMeters>
            <DistanceMeters>1438.3199462890625</DistanceMeters>
            <HeartRateBpm>
              <Value>90</Value>
            </HeartRateBpm>
            <Extensions>
              <ns3:TPX>
                <ns3:Speed>2.4170000553131104</ns3:Speed>
              </ns3:TPX>
            </Extensions>
          </Trackpoint>
          <Trackpoint>
            <Time>2026-08-03T15:02:21.000Z</Time>
            <Position>
              <LatitudeDegrees>44.28950755856931</LatitudeDegrees>
              <LongitudeDegrees>-81.60316555760801</LongitudeDegrees>
            </Position>
            <AltitudeMeters>169.60000610351562</AltitudeMeters>
            <DistanceMeters>1440.8299560546875</DistanceMeters>
            <HeartRateBpm>
              <Value>90</Value>
            </HeartRateBpm>
            <Extensions>
              <ns3:TPX>
                <ns3:Speed>2.444999933242798</ns3:Speed>
              </ns3:TPX>
            </Extensions>
          </Trackpoint>
          <Trackpoint>
            <Time>2026-08-03T15:02:25.000Z</Time>
            <Position>
              <LatitudeDegrees>44.28950445726514</LatitudeDegrees>
              <LongitudeDegrees>-81.60305424593389</LongitudeDegrees>
            </Position>
            <AltitudeMeters>169.8000030517578</AltitudeMeters>
            <DistanceMeters>1449.739990234375</DistanceMeters>
            <HeartRateBpm>
              <Value>91</Value>
            </HeartRateBpm>
            <Extensions>
              <ns3:TPX>
                <ns3:Speed>2.4260001182556152</ns3:Speed>
              </ns3:TPX>
            </Extensions>
          </Trackpoint>
          <Trackpoint>
            <Time>2026-08-03T15:02:29.000Z</Time>
            <Position>
              <LatitudeDegrees>44.289501775056124</LatitudeDegrees>
              <LongitudeDegrees>-81.60293187014759</LongitudeDegrees>
            </Position>
            <AltitudeMeters>169.8000030517578</AltitudeMeters>
            <DistanceMeters>1459.510009765625</DistanceMeters>
            <HeartRateBpm>
              <Value>92</Value>
            </HeartRateBpm>
            <Extensions>
              <ns3:TPX>
                <ns3:Speed>2.313999891281128</ns3:Speed>
              </ns3:TPX>
            </Extensions>
          </Trackpoint>
          <Trackpoint>
            <Time>2026-08-03T15:02:31.000Z</Time>
            <Position>
              <LatitudeDegrees>44.28949037566781</LatitudeDegrees>
              <LongitudeDegrees>-81.60286707803607</LongitudeDegrees>
            </Position>
            <AltitudeMeters>169.8000030517578</AltitudeMeters>
            <DistanceMeters>1464.8199462890625</DistanceMeters>
            <HeartRateBpm>
              <Value>91</Value>
            </HeartRateBpm>
            <Extensions>
              <ns3:TPX>
                <ns3:Speed>2.313999891281128</ns3:Speed>
              </ns3:TPX>
            </Extensions>
          </Trackpoint>
          <Trackpoint>
            <Time>2026-08-03T15:02:39.000Z</Time>
            <Position>
              <LatitudeDegrees>44.2894771322608</LatitudeDegrees>
              <LongitudeDegrees>-81.60262634977698</LongitudeDegrees>
            </Position>
            <AltitudeMeters>170.0</AltitudeMeters>
            <DistanceMeters>1484.1400146484375</DistanceMeters>
            <HeartRateBpm>
              <Value>92</Value>
            </HeartRateBpm>
            <Extensions>
              <ns3:TPX>
                <ns3:Speed>2.4260001182556152</ns3:Speed>
              </ns3:TPX>
            </Extensions>
          </Trackpoint>
          <Trackpoint>
            <Time>2026-08-03T15:02:43.000Z</Time>
            <Position>
              <LatitudeDegrees>44.28947126492858</LatitudeDegrees>
              <LongitudeDegrees>-81.60249835811555</LongitudeDegrees>
            </Position>
            <AltitudeMeters>170.1999969482422</AltitudeMeters>
            <DistanceMeters>1494.3599853515625</DistanceMeters>
            <HeartRateBpm>
              <Value>89</Value>
            </HeartRateBpm>
            <Extensions>
              <ns3:TPX>
                <ns3:Speed>2.4260001182556152</ns3:Speed>
              </ns3:TPX>
            </Extensions>
          </Trackpoint>
          <Trackpoint>
            <Time>2026-08-03T15:02:46.000Z</Time>
            <Position>
              <LatitudeDegrees>44.28946246393025</LatitudeDegrees>
              <LongitudeDegrees>-81.60239291377366</LongitudeDegrees>
            </Position>
            <AltitudeMeters>170.39999389648438</AltitudeMeters>
            <DistanceMeters>1502.9100341796875</DistanceMeters>
            <HeartRateBpm>
              <Value>89</Value>
            </HeartRateBpm>
            <Extensions>
              <ns3:TPX>
                <ns3:Speed>2.434999942779541</ns3:Speed>
              </ns3:TPX>
            </Extensions>
          </Trackpoint>
          <Trackpoint>
            <Time>2026-08-03T15:02:52.000Z</Time>
            <Position>
              <LatitudeDegrees>44.289451567456126</LatitudeDegrees>
              <LongitudeDegrees>-81.60220918245614</LongitudeDegrees>
            </Position>
            <AltitudeMeters>170.60000610351562</AltitudeMeters>
            <DistanceMeters>1517.6500244140625</DistanceMeters>
            <HeartRateBpm>
              <Value>89</Value>
            </HeartRateBpm>
            <Extensions>
              <ns3:TPX>
                <ns3:Speed>2.4630000591278076</ns3:Speed>
              </ns3:TPX>
            </Extensions>
          </Trackpoint>
          <Trackpoint>
            <Time>2026-08-03T15:02:59.000Z</Time>
            <Position>
              <LatitudeDegrees>44.289442263543606</LatitudeDegrees>
              <LongitudeDegrees>-81.60200893878937</LongitudeDegrees>
            </Position>
            <AltitudeMeters>170.8000030517578</AltitudeMeters>
            <DistanceMeters>1533.719970703125</DistanceMeters>
            <HeartRateBpm>
              <Value>89</Value>
            </HeartRateBpm>
            <Extensions>
              <ns3:TPX>
                <ns3:Speed>2.249000072479248</ns3:Speed>
              </ns3:TPX>
            </Extensions>
          </Trackpoint>
          <Trackpoint>
            <Time>2026-08-03T15:03:01.000Z</Time>
            <Position>
              <LatitudeDegrees>44.28944159299135</LatitudeDegrees>
              <LongitudeDegrees>-81.60195278003812</LongitudeDegrees>
            </Position>
            <AltitudeMeters>170.8000030517578</AltitudeMeters>
            <DistanceMeters>1538.2099609375</DistanceMeters>
            <HeartRateBpm>
              <Value>86</Value>
            </HeartRateBpm>
            <Extensions>
              <ns3:TPX>
                <ns3:Speed>2.249000072479248</ns3:Speed>
              </ns3:TPX>
            </Extensions>
          </Trackpoint>
          <Trackpoint>
            <Time>2026-08-03T15:03:02.000Z</Time>
            <Position>
              <LatitudeDegrees>44.28944134153426</LatitudeDegrees>
              <LongitudeDegrees>-81.60192847251892</LongitudeDegrees>
            </Position>
            <AltitudeMeters>170.8000030517578</AltitudeMeters>
            <DistanceMeters>1540.1500244140625</DistanceMeters>
            <HeartRateBpm>
              <Value>88</Value>
            </HeartRateBpm>
            <Extensions>
              <ns3:TPX>
                <ns3:Speed>2.2209999561309814</ns3:Speed>
              </ns3:TPX>
            </Extensions>
          </Trackpoint>
          <Trackpoint>
            <Time>2026-08-03T15:03:07.000Z</Time>
            <Position>
              <LatitudeDegrees>44.28946187719703</LatitudeDegrees>
              <LongitudeDegrees>-81.6017703898251</LongitudeDegrees>
            </Position>
            <AltitudeMeters>171.0</AltitudeMeters>
            <DistanceMeters>1553.030029296875</DistanceMeters>
            <HeartRateBpm>
              <Value>86</Value>
            </HeartRateBpm>
            <Extensions>
              <ns3:TPX>
                <ns3:Speed>2.4820001125335693</ns3:Speed>
              </ns3:TPX>
            </Extensions>
          </Trackpoint>
          <Trackpoint>
            <Time>2026-08-03T15:03:13.000Z</Time>
            <Position>
              <LatitudeDegrees>44.28948367014527</LatitudeDegrees>
              <LongitudeDegrees>-81.60155857913196</LongitudeDegrees>
            </Position>
            <AltitudeMeters>171.1999969482422</AltitudeMeters>
            <DistanceMeters>1570.0899658203125</DistanceMeters>
            <HeartRateBpm>
              <Value>85</Value>
            </HeartRateBpm>
            <Extensions>
              <ns3:TPX>
                <ns3:Speed>2.7899999618530273</ns3:Speed>
              </ns3:TPX>
            </Extensions>
          </Trackpoint>
          <Trackpoint>
            <Time>2026-08-03T15:03:19.000Z</Time>
            <Position>
              <LatitudeDegrees>44.28950152359903</LatitudeDegrees>
              <LongitudeDegrees>-81.60136805847287</LongitudeDegrees>
            </Position>
            <AltitudeMeters>171.60000610351562</AltitudeMeters>
            <DistanceMeters>1585.56005859375</DistanceMeters>
            <HeartRateBpm>
              <Value>82</Value>
            </HeartRateBpm>
            <Extensions>
              <ns3:TPX>
                <ns3:Speed>2.6029999256134033</ns3:Speed>
              </ns3:TPX>
            </Extensions>
          </Trackpoint>
          <Trackpoint>
            <Time>2026-08-03T15:03:26.000Z</Time>
            <Position>
              <LatitudeDegrees>44.28948065266013</LatitudeDegrees>
              <LongitudeDegrees>-81.60111366771162</LongitudeDegrees>
            </Position>
            <AltitudeMeters>171.8000030517578</AltitudeMeters>
            <DistanceMeters>1606.0</DistanceMeters>
            <HeartRateBpm>
              <Value>77</Value>
            </HeartRateBpm>
            <Extensions>
              <ns3:TPX>
                <ns3:Speed>2.8929998874664307</ns3:Speed>
              </ns3:TPX>
            </Extensions>
          </Trackpoint>
          <Trackpoint>
            <Time>2026-08-03T15:03:27.000Z</Time>
            <Position>
              <LatitudeDegrees>44.28947092965245</LatitudeDegrees>
              <LongitudeDegrees>-81.6010745242238</LongitudeDegrees>
            </Position>
            <AltitudeMeters>171.8000030517578</AltitudeMeters>
            <DistanceMeters>1609.25</DistanceMeters>
            <HeartRateBpm>
              <Value>80</Value>
            </HeartRateBpm>
            <Extensions>
              <ns3:TPX>
                <ns3:Speed>2.8929998874664307</ns3:Speed>
              </ns3:TPX>
            </Extensions>
          </Trackpoint>
          <Trackpoint>
            <Time>2026-08-03T15:03:28.000Z</Time>
            <Position>
              <LatitudeDegrees>44.28946791216731</LatitudeDegrees>
              <LongitudeDegrees>-81.60104141570628</LongitudeDegrees>
            </Position>
            <AltitudeMeters>171.8000030517578</AltitudeMeters>
            <DistanceMeters>1611.8900146484375</DistanceMeters>
            <HeartRateBpm>
              <Value>80</Value>
            </HeartRateBpm>
            <Extensions>
              <ns3:TPX>
                <ns3:Speed>2.8929998874664307</ns3:Speed>
              </ns3:TPX>
            </Extensions>
          </Trackpoint>
          <Trackpoint>
            <Time>2026-08-03T15:03:34.000Z</Time>
            <Position>
              <LatitudeDegrees>44.28947126492858</LatitudeDegrees>
              <LongitudeDegrees>-81.60080471076071</LongitudeDegrees>
            </Position>
            <AltitudeMeters>172.0</AltitudeMeters>
            <DistanceMeters>1630.8299560546875</DistanceMeters>
            <HeartRateBpm>
              <Value>77</Value>
            </HeartRateBpm>
            <Extensions>
              <ns3:TPX>
                <ns3:Speed>3.0420000553131104</ns3:Speed>
              </ns3:TPX>
            </Extensions>
          </Trackpoint>
          <Trackpoint>
            <Time>2026-08-03T15:03:35.000Z</Time>
            <Position>
              <LatitudeDegrees>44.289470594376326</LatitudeDegrees>
              <LongitudeDegrees>-81.6007671598345</LongitudeDegrees>
            </Position>
            <AltitudeMeters>172.0</AltitudeMeters>
            <DistanceMeters>1633.8199462890625</DistanceMeters>
            <HeartRateBpm>
              <Value>77</Value>
            </HeartRateBpm>
            <Extensions>
              <ns3:TPX>
                <ns3:Speed>3.0420000553131104</ns3:Speed>
              </ns3:TPX>
            </Extensions>
          </Trackpoint>
          <Trackpoint>
            <Time>2026-08-03T15:03:43.000Z</Time>
            <Position>
              <LatitudeDegrees>44.28943312726915</LatitudeDegrees>
              <LongitudeDegrees>-81.60042190924287</LongitudeDegrees>
            </Position>
            <AltitudeMeters>172.39999389648438</AltitudeMeters>
            <DistanceMeters>1661.5999755859375</DistanceMeters>
            <HeartRateBpm>
              <Value>74</Value>
            </HeartRateBpm>
            <Extensions>
              <ns3:TPX>
                <ns3:Speed>3.507999897003174</ns3:Speed>
              </ns3:TPX>
            </Extensions>
          </Trackpoint>
          <Trackpoint>
            <Time>2026-08-03T15:03:51.000Z</Time>
            <Position>
              <LatitudeDegrees>44.2894271761179</LatitudeDegrees>
              <LongitudeDegrees>-81.60013508051634</LongitudeDegrees>
            </Position>
            <AltitudeMeters>172.8000030517578</AltitudeMeters>
            <DistanceMeters>1684.3800048828125</DistanceMeters>
            <HeartRateBpm>
              <Value>77</Value>
            </HeartRateBpm>
            <Extensions>
              <ns3:TPX>
                <ns3:Speed>3.003999948501587</ns3:Speed>
              </ns3:TPX>
            </Extensions>
          </Trackpoint>
          <Trackpoint>
            <Time>2026-08-03T15:03:58.000Z</Time>
            <Position>
              <LatitudeDegrees>44.289394821971655</LatitudeDegrees>
              <LongitudeDegrees>-81.59991136752069</LongitudeDegrees>
            </Position>
            <AltitudeMeters>172.8000030517578</AltitudeMeters>
            <DistanceMeters>1702.510009765625</DistanceMeters>
            <HeartRateBpm>
              <Value>75</Value>
            </HeartRateBpm>
            <Extensions>
              <ns3:TPX>
                <ns3:Speed>2.6689999103546143</ns3:Speed>
              </ns3:TPX>
            </Extensions>
          </Trackpoint>
          <Trackpoint>
            <Time>2026-08-03T15:04:00.000Z</Time>
            <Position>
              <LatitudeDegrees>44.28938660770655</LatitudeDegrees>
              <LongitudeDegrees>-81.59984380938113</LongitudeDegrees>
            </Position>
            <AltitudeMeters>172.8000030517578</AltitudeMeters>
            <DistanceMeters>1707.97998046875</DistanceMeters>
            <HeartRateBpm>
              <Value>76</Value>
            </HeartRateBpm>
            <Extensions>
              <ns3:TPX>
                <ns3:Speed>2.621999979019165</ns3:Speed>
              </ns3:TPX>
            </Extensions>
          </Trackpoint>
          <Trackpoint>
            <Time>2026-08-03T15:04:09.000Z</Time>
            <Position>
              <LatitudeDegrees>44.2893769685179</LatitudeDegrees>
              <LongitudeDegrees>-81.59952479414642</LongitudeDegrees>
            </Position>
            <AltitudeMeters>172.8000030517578</AltitudeMeters>
            <DistanceMeters>1733.489990234375</DistanceMeters>
            <HeartRateBpm>
              <Value>76</Value>
            </HeartRateBpm>
            <Extensions>
              <ns3:TPX>
                <ns3:Speed>2.8550000190734863</ns3:Speed>
              </ns3:TPX>
            </Extensions>
          </Trackpoint>
          <Trackpoint>
            <Time>2026-08-03T15:04:17.000Z</Time>
            <Position>
              <LatitudeDegrees>44.2893423512578</LatitudeDegrees>
              <LongitudeDegrees>-81.59929781220853</LongitudeDegrees>
            </Position>
            <AltitudeMeters>173.1999969482422</AltitudeMeters>
            <DistanceMeters>1752.0799560546875</DistanceMeters>
            <HeartRateBpm>
              <Value>75</Value>
            </HeartRateBpm>
            <Extensions>
              <ns3:TPX>
                <ns3:Speed>2.5290000438690186</ns3:Speed>
              </ns3:TPX>
            </Extensions>
          </Trackpoint>
          <Trackpoint>
            <Time>2026-08-03T15:04:25.000Z</Time>
            <Position>
              <LatitudeDegrees>44.28931167349219</LatitudeDegrees>
              <LongitudeDegrees>-81.59909346140921</LongitudeDegrees>
            </Position>
            <AltitudeMeters>173.0</AltitudeMeters>
            <DistanceMeters>1768.7900390625</DistanceMeters>
            <HeartRateBpm>
              <Value>73</Value>
            </HeartRateBpm>
            <Extensions>
              <ns3:TPX>
                <ns3:Speed>2.1649999618530273</ns3:Speed>
              </ns3:TPX>
            </Extensions>
          </Trackpoint>
          <Trackpoint>
            <Time>2026-08-03T15:04:35.000Z</Time>
            <Position>
              <LatitudeDegrees>44.28930890746415</LatitudeDegrees>
              <LongitudeDegrees>-81.59884812310338</LongitudeDegrees>
            </Position>
            <AltitudeMeters>173.1999969482422</AltitudeMeters>
            <DistanceMeters>1788.4200439453125</DistanceMeters>
            <HeartRateBpm>
              <Value>70</Value>
            </HeartRateBpm>
            <Extensions>
              <ns3:TPX>
                <ns3:Speed>2.2109999656677246</ns3:Speed>
              </ns3:TPX>
            </Extensions>
          </Trackpoint>
          <Trackpoint>
            <Time>2026-08-03T15:04:36.000Z</Time>
            <Position>
              <LatitudeDegrees>44.28930597379804</LatitudeDegrees>
              <LongitudeDegrees>-81.59882188774645</LongitudeDegrees>
            </Position>
            <AltitudeMeters>173.1999969482422</AltitudeMeters>
            <DistanceMeters>1790.5400390625</DistanceMeters>
            <HeartRateBpm>
              <Value>72</Value>
            </HeartRateBpm>
            <Extensions>
              <ns3:TPX>
                <ns3:Speed>2.193000078201294</ns3:Speed>
              </ns3:TPX>
            </Extensions>
          </Trackpoint>
          <Trackpoint>
            <Time>2026-08-03T15:04:44.000Z</Time>
            <Position>
              <LatitudeDegrees>44.28929113782942</LatitudeDegrees>
              <LongitudeDegrees>-81.59861896187067</LongitudeDegrees>
            </Position>
            <AltitudeMeters>173.1999969482422</AltitudeMeters>
            <DistanceMeters>1806.8199462890625</DistanceMeters>
            <HeartRateBpm>
              <Value>73</Value>
            </HeartRateBpm>
            <Extensions>
              <ns3:TPX>
                <ns3:Speed>2.0810000896453857</ns3:Speed>
              </ns3:TPX>
            </Extensions>
          </Trackpoint>
          <Trackpoint>
            <Time>2026-08-03T15:04:52.000Z</Time>
            <Position>
              <LatitudeDegrees>44.289291305467486</LatitudeDegrees>
              <LongitudeDegrees>-81.59841100685298</LongitudeDegrees>
            </Position>
            <AltitudeMeters>173.1999969482422</AltitudeMeters>
            <DistanceMeters>1823.4100341796875</DistanceMeters>
            <HeartRateBpm>
              <Value>73</Value>
            </HeartRateBpm>
            <Extensions>
              <ns3:TPX>
                <ns3:Speed>2.1549999713897705</ns3:Speed>
              </ns3:TPX>
            </Extensions>
          </Trackpoint>
          <Trackpoint>
            <Time>2026-08-03T15:05:00.000Z</Time>
            <Position>
              <LatitudeDegrees>44.289272194728255</LatitudeDegrees>
              <LongitudeDegrees>-81.59816038794816</LongitudeDegrees>
            </Position>
            <AltitudeMeters>173.0</AltitudeMeters>
            <DistanceMeters>1843.52001953125</DistanceMeters>
            <HeartRateBpm>
              <Value>76</Value>
            </HeartRateBpm>
            <Extensions>
              <ns3:TPX>
                <ns3:Speed>2.313999891281128</ns3:Speed>
              </ns3:TPX>
            </Extensions>
          </Trackpoint>
          <Trackpoint>
            <Time>2026-08-03T15:05:02.000Z</Time>
            <Position>
              <LatitudeDegrees>44.28927194327116</LatitudeDegrees>
              <LongitudeDegrees>-81.59809651784599</LongitudeDegrees>
            </Position>
            <AltitudeMeters>172.8000030517578</AltitudeMeters>
            <DistanceMeters>1848.6099853515625</DistanceMeters>
            <HeartRateBpm>
              <Value>78</Value>
            </HeartRateBpm>
            <Extensions>
              <ns3:TPX>
                <ns3:Speed>2.378999948501587</ns3:Speed>
              </ns3:TPX>
            </Extensions>
          </Trackpoint>
          <Trackpoint>
            <Time>2026-08-03T15:05:09.000Z</Time>
            <Position>
              <LatitudeDegrees>44.289250653237104</LatitudeDegrees>
              <LongitudeDegrees>-81.59783433191478</LongitudeDegrees>
            </Position>
            <AltitudeMeters>172.8000030517578</AltitudeMeters>
            <DistanceMeters>1869.72998046875</DistanceMeters>
            <HeartRateBpm>
              <Value>80</Value>
            </HeartRateBpm>
            <Extensions>
              <ns3:TPX>
                <ns3:Speed>3.0789999961853027</ns3:Speed>
              </ns3:TPX>
            </Extensions>
          </Trackpoint>
          <Trackpoint>
            <Time>2026-08-03T15:05:15.000Z</Time>
            <Position>
              <LatitudeDegrees>44.28923581726849</LatitudeDegrees>
              <LongitudeDegrees>-81.59763844683766</LongitudeDegrees>
            </Position>
            <AltitudeMeters>173.0</AltitudeMeters>
            <DistanceMeters>1885.5899658203125</DistanceMeters>
            <HeartRateBpm>
              <Value>82</Value>
            </HeartRateBpm>
            <Extensions>
              <ns3:TPX>
                <ns3:Speed>2.7990000247955322</ns3:Speed>
              </ns3:TPX>
            </Extensions>
          </Trackpoint>
          <Trackpoint>
            <Time>2026-08-03T15:05:21.000Z</Time>
            <Position>
              <LatitudeDegrees>44.289258448407054</LatitudeDegrees>
              <LongitudeDegrees>-81.59742546267807</LongitudeDegrees>
            </Position>
            <AltitudeMeters>173.1999969482422</AltitudeMeters>
            <DistanceMeters>1902.949951171875</DistanceMeters>
            <HeartRateBpm>
              <Value>83</Value>
            </HeartRateBpm>
            <Extensions>
              <ns3:TPX>
                <ns3:Speed>2.7149999141693115</ns3:Speed>
              </ns3:TPX>
            </Extensions>
          </Trackpoint>
          <Trackpoint>
            <Time>2026-08-03T15:05:27.000Z</Time>
            <Position>
              <LatitudeDegrees>44.28922710008919</LatitudeDegrees>
              <LongitudeDegrees>-81.59715187735856</LongitudeDegrees>
            </Position>
            <AltitudeMeters>173.1999969482422</AltitudeMeters>
            <DistanceMeters>1925.1400146484375</DistanceMeters>
            <HeartRateBpm>
              <Value>83</Value>
            </HeartRateBpm>
            <Extensions>
              <ns3:TPX>
                <ns3:Speed>3.6480000019073486</ns3:Speed>
              </ns3:TPX>
            </Extensions>
          </Trackpoint>
          <Trackpoint>
            <Time>2026-08-03T15:05:34.000Z</Time>
            <Position>
              <LatitudeDegrees>44.289238415658474</LatitudeDegrees>
              <LongitudeDegrees>-81.59686890430748</LongitudeDegrees>
            </Position>
            <AltitudeMeters>173.8000030517578</AltitudeMeters>
            <DistanceMeters>1947.6400146484375</DistanceMeters>
            <HeartRateBpm>
              <Value>82</Value>
            </HeartRateBpm>
            <Extensions>
              <ns3:TPX>
                <ns3:Speed>3.7230000495910645</ns3:Speed>
              </ns3:TPX>
            </Extensions>
          </Trackpoint>
          <Trackpoint>
            <Time>2026-08-03T15:05:38.000Z</Time>
            <Position>
              <LatitudeDegrees>44.289235062897205</LatitudeDegrees>
              <LongitudeDegrees>-81.59665072336793</LongitudeDegrees>
            </Position>
            <AltitudeMeters>174.0</AltitudeMeters>
            <DistanceMeters>1965.010009765625</DistanceMeters>
            <HeartRateBpm>
              <Value>81</Value>
            </HeartRateBpm>
            <Extensions>
              <ns3:TPX>
                <ns3:Speed>3.86299991607666</ns3:Speed>
              </ns3:TPX>
            </Extensions>
          </Trackpoint>
          <Trackpoint>
            <Time>2026-08-03T15:05:40.000Z</Time>
            <Position>
              <LatitudeDegrees>44.289226597175</LatitudeDegrees>
              <LongitudeDegrees>-81.59654276445508</LongitudeDegrees>
            </Position>
            <AltitudeMeters>174.0</AltitudeMeters>
            <DistanceMeters>1973.6800537109375</DistanceMeters>
            <HeartRateBpm>
              <Value>84</Value>
            </HeartRateBpm>
            <Extensions>
              <ns3:TPX>
                <ns3:Speed>3.9000000953674316</ns3:Speed>
              </ns3:TPX>
            </Extensions>
          </Trackpoint>
          <Trackpoint>
            <Time>2026-08-03T15:05:41.000Z</Time>
            <Position>
              <LatitudeDegrees>44.289225256070495</LatitudeDegrees>
              <LongitudeDegrees>-81.59649968147278</LongitudeDegrees>
            </Position>
            <AltitudeMeters>174.0</AltitudeMeters>
            <DistanceMeters>1977.1199951171875</DistanceMeters>
            <HeartRateBpm>
              <Value>84</Value>
            </HeartRateBpm>
            <Extensions>
              <ns3:TPX>
                <ns3:Speed>3.9000000953674316</ns3:Speed>
              </ns3:TPX>
            </Extensions>
          </Trackpoint>
          <Trackpoint>
            <Time>2026-08-03T15:05:46.000Z</Time>
            <Position>
              <LatitudeDegrees>44.289239421486855</LatitudeDegrees>
              <LongitudeDegrees>-81.59636867232621</LongitudeDegrees>
            </Position>
            <AltitudeMeters>173.60000610351562</AltitudeMeters>
            <DistanceMeters>1987.6199951171875</DistanceMeters>
            <HeartRateBpm>
              <Value>86</Value>
            </HeartRateBpm>
            <Extensions>
              <ns3:TPX>
                <ns3:Speed>2.2769999504089355</ns3:Speed>
              </ns3:TPX>
            </Extensions>
          </Trackpoint>
          <Trackpoint>
            <Time>2026-08-03T15:05:52.000Z</Time>
            <Position>
              <LatitudeDegrees>44.289230117574334</LatitudeDegrees>
              <LongitudeDegrees>-81.59610288217664</LongitudeDegrees>
            </Position>
            <AltitudeMeters>173.8000030517578</AltitudeMeters>
            <DistanceMeters>2008.8699951171875</DistanceMeters>
            <HeartRateBpm>
              <Value>89</Value>
            </HeartRateBpm>
            <Extensions>
              <ns3:TPX>
                <ns3:Speed>3.0320000648498535</ns3:Speed>
              </ns3:TPX>
            </Extensions>
          </Trackpoint>
          <Trackpoint>
            <Time>2026-08-03T15:05:53.000Z</Time>
            <Position>
              <LatitudeDegrees>44.28922441788018</LatitudeDegrees>
              <LongitudeDegrees>-81.59605485387146</LongitudeDegrees>
            </Position>
            <AltitudeMeters>173.8000030517578</AltitudeMeters>
            <DistanceMeters>2012.75</DistanceMeters>
            <HeartRateBpm>
              <Value>90</Value>
            </HeartRateBpm>
            <Extensions>
              <ns3:TPX>
                <ns3:Speed>3.3589999675750732</ns3:Speed>
              </ns3:TPX>
            </Extensions>
          </Trackpoint>
          <Trackpoint>
            <Time>2026-08-03T15:05:56.000Z</Time>
            <Position>
              <LatitudeDegrees>44.28920354694128</LatitudeDegrees>
              <LongitudeDegrees>-81.59592744894326</LongitudeDegrees>
            </Position>
            <AltitudeMeters>174.1999969482422</AltitudeMeters>
            <DistanceMeters>2023.1300048828125</DistanceMeters>
            <HeartRateBpm>
              <Value>93</Value>
            </HeartRateBpm>
            <Extensions>
              <ns3:TPX>
                <ns3:Speed>3.4149999618530273</ns3:Speed>
              </ns3:TPX>
            </Extensions>
          </Trackpoint>
          <Trackpoint>
            <Time>2026-08-03T15:06:01.000Z</Time>
            <Position>
              <LatitudeDegrees>44.2891819216311</LatitudeDegrees>
              <LongitudeDegrees>-81.59573256969452</LongitudeDegrees>
            </Position>
            <AltitudeMeters>174.1999969482422</AltitudeMeters>
            <DistanceMeters>2038.8800048828125</DistanceMeters>
            <HeartRateBpm>
              <Value>96</Value>
            </HeartRateBpm>
            <Extensions>
              <ns3:TPX>
                <ns3:Speed>3.23799991607666</ns3:Speed>
              </ns3:TPX>
            </Extensions>
          </Trackpoint>
          <Trackpoint>
            <Time>2026-08-03T15:06:06.000Z</Time>
            <Position>
              <LatitudeDegrees>44.28916675038636</LatitudeDegrees>
              <LongitudeDegrees>-81.59557331353426</LongitudeDegrees>
            </Position>
            <AltitudeMeters>174.1999969482422</AltitudeMeters>
            <DistanceMeters>2051.699951171875</DistanceMeters>
            <HeartRateBpm>
              <Value>99</Value>
            </HeartRateBpm>
            <Extensions>
              <ns3:TPX>
                <ns3:Speed>3.1070001125335693</ns3:Speed>
              </ns3:TPX>
            </Extensions>
          </Trackpoint>
          <Trackpoint>
            <Time>2026-08-03T15:06:13.000Z</Time>
            <Position>
              <LatitudeDegrees>44.28914881311357</LatitudeDegrees>
              <LongitudeDegrees>-81.59528497606516</LongitudeDegrees>
            </Position>
            <AltitudeMeters>174.39999389648438</AltitudeMeters>
            <DistanceMeters>2074.909912109375</DistanceMeters>
            <HeartRateBpm>
              <Value>99</Value>
            </HeartRateBpm>
            <Extensions>
              <ns3:TPX>
                <ns3:Speed>3.25600004196167</ns3:Speed>
              </ns3:TPX>
            </Extensions>
          </Trackpoint>
          <Trackpoint>
            <Time>2026-08-03T15:06:20.000Z</Time>
            <Position>
              <LatitudeDegrees>44.28915610536933</LatitudeDegrees>
              <LongitudeDegrees>-81.5949616022408</LongitudeDegrees>
            </Position>
            <AltitudeMeters>174.8000030517578</AltitudeMeters>
            <DistanceMeters>2100.7900390625</DistanceMeters>
            <HeartRateBpm>
              <Value>96</Value>
            </HeartRateBpm>
            <Extensions>
              <ns3:TPX>
                <ns3:Speed>3.6480000019073486</ns3:Speed>
              </ns3:TPX>
            </Extensions>
          </Trackpoint>
          <Trackpoint>
            <Time>2026-08-03T15:06:22.000Z</Time>
            <Position>
              <LatitudeDegrees>44.289147136732936</LatitudeDegrees>
              <LongitudeDegrees>-81.59487443044782</LongitudeDegrees>
            </Position>
            <AltitudeMeters>174.60000610351562</AltitudeMeters>
            <DistanceMeters>2107.81005859375</DistanceMeters>
            <HeartRateBpm>
              <Value>96</Value>
            </HeartRateBpm>
            <Extensions>
              <ns3:TPX>
                <ns3:Speed>3.555000066757202</ns3:Speed>
              </ns3:TPX>
            </Extensions>
          </Trackpoint>
          <Trackpoint>
            <Time>2026-08-03T15:06:29.000Z</Time>
            <Position>
              <LatitudeDegrees>44.28910841234028</LatitudeDegrees>
              <LongitudeDegrees>-81.59456052817404</LongitudeDegrees>
            </Position>
            <AltitudeMeters>174.8000030517578</AltitudeMeters>
            <DistanceMeters>2133.22998046875</DistanceMeters>
            <HeartRateBpm>
              <Value>95</Value>
            </HeartRateBpm>
            <Extensions>
              <ns3:TPX>
                <ns3:Speed>3.490000009536743</ns3:Speed>
              </ns3:TPX>
            </Extensions>
          </Trackpoint>
          <Trackpoint>
            <Time>2026-08-03T15:06:31.000Z</Time>
            <Position>
              <LatitudeDegrees>44.289102628827095</LatitudeDegrees>
              <LongitudeDegrees>-81.5944695007056</LongitudeDegrees>
            </Position>
            <AltitudeMeters>175.1999969482422</AltitudeMeters>
            <DistanceMeters>2140.52001953125</DistanceMeters>
            <HeartRateBpm>
              <Value>95</Value>
            </HeartRateBpm>
            <Extensions>
              <ns3:TPX>
                <ns3:Speed>3.4519999027252197</ns3:Speed>
              </ns3:TPX>
            </Extensions>
          </Trackpoint>
          <Trackpoint>
            <Time>2026-08-03T15:06:37.000Z</Time>
            <Position>
              <LatitudeDegrees>44.289073375985026</LatitudeDegrees>
              <LongitudeDegrees>-81.5942107513547</LongitudeDegrees>
            </Position>
            <AltitudeMeters>175.39999389648438</AltitudeMeters>
            <DistanceMeters>2161.43994140625</DistanceMeters>
            <HeartRateBpm>
              <Value>92</Value>
            </HeartRateBpm>
            <Extensions>
              <ns3:TPX>
                <ns3:Speed>3.4709999561309814</ns3:Speed>
              </ns3:TPX>
            </Extensions>
          </Trackpoint>
          <Trackpoint>
            <Time>2026-08-03T15:06:40.000Z</Time>
            <Position>
              <LatitudeDegrees>44.28905485197902</LatitudeDegrees>
              <LongitudeDegrees>-81.59406390041113</LongitudeDegrees>
            </Position>
            <AltitudeMeters>175.1999969482422</AltitudeMeters>
            <DistanceMeters>2173.330078125</DistanceMeters>
            <HeartRateBpm>
              <Value>91</Value>
            </HeartRateBpm>
            <Extensions>
              <ns3:TPX>
                <ns3:Speed>3.563999891281128</ns3:Speed>
              </ns3:TPX>
            </Extensions>
          </Trackpoint>
          <Trackpoint>
            <Time>2026-08-03T15:06:45.000Z</Time>
            <Position>
              <LatitudeDegrees>44.28905409760773</LatitudeDegrees>
              <LongitudeDegrees>-81.59379023127258</LongitudeDegrees>
            </Position>
            <AltitudeMeters>175.1999969482422</AltitudeMeters>
            <DistanceMeters>2195.1298828125</DistanceMeters>
            <HeartRateBpm>
              <Value>88</Value>
            </HeartRateBpm>
            <Extensions>
              <ns3:TPX>
                <ns3:Speed>4.236000061035156</ns3:Speed>
              </ns3:TPX>
            </Extensions>
          </Trackpoint>
          <Trackpoint>
            <Time>2026-08-03T15:06:48.000Z</Time>
            <Position>
              <LatitudeDegrees>44.28903582505882</LatitudeDegrees>
              <LongitudeDegrees>-81.5936145465821</LongitudeDegrees>
            </Position>
            <AltitudeMeters>175.1999969482422</AltitudeMeters>
            <DistanceMeters>2209.25</DistanceMeters>
            <HeartRateBpm>
              <Value>83</Value>
            </HeartRateBpm>
            <Extensions>
              <ns3:TPX>
                <ns3:Speed>4.468999862670898</ns3:Speed>
              </ns3:TPX>
            </Extensions>
          </Trackpoint>
          <Trackpoint>
            <Time>2026-08-03T15:06:49.000Z</Time>
            <Position>
              <LatitudeDegrees>44.2890368308872</LatitudeDegrees>
              <LongitudeDegrees>-81.59355721436441</LongitudeDegrees>
            </Position>
            <AltitudeMeters>175.1999969482422</AltitudeMeters>
            <DistanceMeters>2213.830078125</DistanceMeters>
            <HeartRateBpm>
              <Value>89</Value>
            </HeartRateBpm>
            <Extensions>
              <ns3:TPX>
                <ns3:Speed>4.468999862670898</ns3:Speed>
              </ns3:TPX>
            </Extensions>
          </Trackpoint>
          <Trackpoint>
            <Time>2026-08-03T15:06:50.000Z</Time>
            <Position>
              <LatitudeDegrees>44.289040518924594</LatitudeDegrees>
              <LongitudeDegrees>-81.59349761903286</LongitudeDegrees>
            </Position>
            <AltitudeMeters>175.1999969482422</AltitudeMeters>
            <DistanceMeters>2218.580078125</DistanceMeters>
            <HeartRateBpm>
              <Value>86</Value>
            </HeartRateBpm>
            <Extensions>
              <ns3:TPX>
                <ns3:Speed>4.515999794006348</ns3:Speed>
              </ns3:TPX>
            </Extensions>
          </Trackpoint>
          <Trackpoint>
            <Time>2026-08-03T15:06:53.000Z</Time>
            <Position>
              <LatitudeDegrees>44.28903733380139</LatitudeDegrees>
              <LongitudeDegrees>-81.593302404508</LongitudeDegrees>
            </Position>
            <AltitudeMeters>174.39999389648438</AltitudeMeters>
            <DistanceMeters>2234.179931640625</DistanceMeters>
            <HeartRateBpm>
              <Value>83</Value>
            </HeartRateBpm>
            <Extensions>
              <ns3:TPX>
                <ns3:Speed>4.758999824523926</ns3:Speed>
              </ns3:TPX>
            </Extensions>
          </Trackpoint>
          <Trackpoint>
            <Time>2026-08-03T15:06:55.000Z</Time>
            <Position>
              <LatitudeDegrees>44.28902358748019</LatitudeDegrees>
              <LongitudeDegrees>-81.59317273646593</LongitudeDegrees>
            </Position>
            <AltitudeMeters>174.1999969482422</AltitudeMeters>
            <DistanceMeters>2244.639892578125</DistanceMeters>
            <HeartRateBpm>
              <Value>82</Value>
            </HeartRateBpm>
            <Extensions>
              <ns3:TPX>
                <ns3:Speed>4.870999813079834</ns3:Speed>
              </ns3:TPX>
            </Extensions>
          </Trackpoint>
          <Trackpoint>
            <Time>2026-08-03T15:06:57.000Z</Time>
            <Position>
              <LatitudeDegrees>44.289007242769</LatitudeDegrees>
              <LongitudeDegrees>-81.59305262379348</LongitudeDegrees>
            </Position>
            <AltitudeMeters>174.1999969482422</AltitudeMeters>
            <DistanceMeters>2254.39990234375</DistanceMeters>
            <HeartRateBpm>
              <Value>78</Value>
            </HeartRateBpm>
            <Extensions>
              <ns3:TPX>
                <ns3:Speed>4.935999870300293</ns3:Speed>
              </ns3:TPX>
            </Extensions>
          </Trackpoint>
          <Trackpoint>
            <Time>2026-08-03T15:06:58.000Z</Time>
            <Position>
              <LatitudeDegrees>44.28900514729321</LatitudeDegrees>
              <LongitudeDegrees>-81.5929947886616</LongitudeDegrees>
            </Position>
            <AltitudeMeters>174.39999389648438</AltitudeMeters>
            <DistanceMeters>2259.02001953125</DistanceMeters>
            <HeartRateBpm>
              <Value>80</Value>
            </HeartRateBpm>
            <Extensions>
              <ns3:TPX>
                <ns3:Speed>4.935999870300293</ns3:Speed>
              </ns3:TPX>
            </Extensions>
          </Trackpoint>
          <Trackpoint>
            <Time>2026-08-03T15:07:00.000Z</Time>
            <Position>
              <LatitudeDegrees>44.288997603580356</LatitudeDegrees>
              <LongitudeDegrees>-81.59287065267563</LongitudeDegrees>
            </Position>
            <AltitudeMeters>174.39999389648438</AltitudeMeters>
            <DistanceMeters>2268.9599609375</DistanceMeters>
            <HeartRateBpm>
              <Value>77</Value>
            </HeartRateBpm>
            <Extensions>
              <ns3:TPX>
                <ns3:Speed>4.9730000495910645</ns3:Speed>
              </ns3:TPX>
            </Extensions>
          </Trackpoint>
          <Trackpoint>
            <Time>2026-08-03T15:07:01.000Z</Time>
            <Position>
              <LatitudeDegrees>44.28899232298136</LatitudeDegrees>
              <LongitudeDegrees>-81.59280954860151</LongitudeDegrees>
            </Position>
            <AltitudeMeters>174.39999389648438</AltitudeMeters>
            <DistanceMeters>2273.8701171875</DistanceMeters>
            <HeartRateBpm>
              <Value>80</Value>
            </HeartRateBpm>
            <Extensions>
              <ns3:TPX>
                <ns3:Speed>5.066999912261963</ns3:Speed>
              </ns3:TPX>
            </Extensions>
          </Trackpoint>
          <Trackpoint>
            <Time>2026-08-03T15:07:02.000Z</Time>
            <Position>
              <LatitudeDegrees>44.28898762911558</LatitudeDegrees>
              <LongitudeDegrees>-81.59274852834642</LongitudeDegrees>
            </Position>
            <AltitudeMeters>174.39999389648438</AltitudeMeters>
            <DistanceMeters>2278.75</DistanceMeters>
            <HeartRateBpm>
              <Value>77</Value>
            </HeartRateBpm>
            <Extensions>
              <ns3:TPX>
                <ns3:Speed>4.9730000495910645</ns3:Speed>
              </ns3:TPX>
            </Extensions>
          </Trackpoint>
          <Trackpoint>
            <Time>2026-08-03T15:07:06.000Z</Time>
            <Position>
              <LatitudeDegrees>44.289013277739286</LatitudeDegrees>
              <LongitudeDegrees>-81.59252665936947</LongitudeDegrees>
            </Position>
            <AltitudeMeters>174.60000610351562</AltitudeMeters>
            <DistanceMeters>2296.659912109375</DistanceMeters>
            <HeartRateBpm>
              <Value>74</Value>
            </HeartRateBpm>
            <Extensions>
              <ns3:TPX>
                <ns3:Speed>4.796000003814697</ns3:Speed>
              </ns3:TPX>
            </Extensions>
          </Trackpoint>
          <Trackpoint>
            <Time>2026-08-03T15:07:07.000Z</Time>
            <Position>
              <LatitudeDegrees>44.28902040235698</LatitudeDegrees>
              <LongitudeDegrees>-81.59247485920787</LongitudeDegrees>
            </Position>
            <AltitudeMeters>174.8000030517578</AltitudeMeters>
            <DistanceMeters>2300.8701171875</DistanceMeters>
            <HeartRateBpm>
              <Value>75</Value>
            </HeartRateBpm>
            <Extensions>
              <ns3:TPX>
                <ns3:Speed>4.76800012588501</ns3:Speed>
              </ns3:TPX>
            </Extensions>
          </Trackpoint>
          <Trackpoint>
            <Time>2026-08-03T15:07:13.000Z</Time>
            <Position>
              <LatitudeDegrees>44.28904831409454</LatitudeDegrees>
              <LongitudeDegrees>-81.5921916346997</LongitudeDegrees>
            </Position>
            <AltitudeMeters>174.60000610351562</AltitudeMeters>
            <DistanceMeters>2323.739990234375</DistanceMeters>
            <HeartRateBpm>
              <Value>74</Value>
            </HeartRateBpm>
            <Extensions>
              <ns3:TPX>
                <ns3:Speed>4.067999839782715</ns3:Speed>
              </ns3:TPX>
            </Extensions>
          </Trackpoint>
          <Trackpoint>
            <Time>2026-08-03T15:07:19.000Z</Time>
            <Position>
              <LatitudeDegrees>44.28902140818536</LatitudeDegrees>
              <LongitudeDegrees>-81.59192173741758</LongitudeDegrees>
            </Position>
            <AltitudeMeters>174.60000610351562</AltitudeMeters>
            <DistanceMeters>2345.550048828125</DistanceMeters>
            <HeartRateBpm>
              <Value>74</Value>
            </HeartRateBpm>
            <Extensions>
              <ns3:TPX>
                <ns3:Speed>3.750999927520752</ns3:Speed>
              </ns3:TPX>
            </Extensions>
          </Trackpoint>
          <Trackpoint>
            <Time>2026-08-03T15:07:23.000Z</Time>
            <Position>
              <LatitudeDegrees>44.28900858387351</LatitudeDegrees>
              <LongitudeDegrees>-81.59183632582426</LongitudeDegrees>
            </Position>
            <AltitudeMeters>174.60000610351562</AltitudeMeters>
            <DistanceMeters>2352.679931640625</DistanceMeters>
            <HeartRateBpm>
              <Value>72</Value>
            </HeartRateBpm>
            <Extensions>
              <ns3:TPX>
                <ns3:Speed>1.4179999828338623</ns3:Speed>
              </ns3:TPX>
            </Extensions>
          </Trackpoint>
          <Trackpoint>
            <Time>2026-08-03T15:07:26.000Z</Time>
            <Position>
              <LatitudeDegrees>44.289021575823426</LatitudeDegrees>
              <LongitudeDegrees>-81.59180279821157</LongitudeDegrees>
            </Position>
            <AltitudeMeters>174.8000030517578</AltitudeMeters>
            <DistanceMeters>2355.7099609375</DistanceMeters>
            <HeartRateBpm>
              <Value>72</Value>
            </HeartRateBpm>
            <Extensions>
              <ns3:TPX>
                <ns3:Speed>1.1200000047683716</ns3:Speed>
              </ns3:TPX>
            </Extensions>
          </Trackpoint>
          <Trackpoint>
            <Time>2026-08-03T15:07:30.000Z</Time>
            <Position>
              <LatitudeDegrees>44.289036160334945</LatitudeDegrees>
              <LongitudeDegrees>-81.59174169413745</LongitudeDegrees>
            </Position>
            <AltitudeMeters>174.60000610351562</AltitudeMeters>
            <DistanceMeters>2360.75</DistanceMeters>
            <HeartRateBpm>
              <Value>72</Value>
            </HeartRateBpm>
            <Extensions>
              <ns3:TPX>
                <ns3:Speed>1.399999976158142</ns3:Speed>
              </ns3:TPX>
            </Extensions>
          </Trackpoint>
          <Trackpoint>
            <Time>2026-08-03T15:07:33.000Z</Time>
            <Position>
              <LatitudeDegrees>44.28904663771391</LatitudeDegrees>
              <LongitudeDegrees>-81.59172786399722</LongitudeDegrees>
            </Position>
            <AltitudeMeters>174.39999389648438</AltitudeMeters>
            <DistanceMeters>2363.6201171875</DistanceMeters>
            <HeartRateBpm>
              <Value>69</Value>
            </HeartRateBpm>
            <Extensions>
              <ns3:TPX>
                <ns3:Speed>0.5789999961853027</ns3:Speed>
              </ns3:TPX>
            </Extensions>
          </Trackpoint>
          <Trackpoint>
            <Time>2026-08-03T15:07:34.000Z</Time>
            <Position>
              <LatitudeDegrees>44.28905418142676</LatitudeDegrees>
              <LongitudeDegrees>-81.59172744490206</LongitudeDegrees>
            </Position>
            <AltitudeMeters>174.39999389648438</AltitudeMeters>
            <DistanceMeters>2364.409912109375</DistanceMeters>
            <HeartRateBpm>
              <Value>72</Value>
            </HeartRateBpm>
            <Extensions>
              <ns3:TPX>
                <ns3:Speed>0.5040000081062317</ns3:Speed>
              </ns3:TPX>
            </Extensions>
          </Trackpoint>
          <Trackpoint>
            <Time>2026-08-03T15:07:35.000Z</Time>
            <Position>
              <LatitudeDegrees>44.289063988253474</LatitudeDegrees>
              <LongitudeDegrees>-81.59172283485532</LongitudeDegrees>
            </Position>
            <AltitudeMeters>174.60000610351562</AltitudeMeters>
            <DistanceMeters>2365.530029296875</DistanceMeters>
            <HeartRateBpm>
              <Value>72</Value>
            </HeartRateBpm>
            <Extensions>
              <ns3:TPX>
                <ns3:Speed>1.2130000591278076</ns3:Speed>
              </ns3:TPX>
            </Extensions>
          </Trackpoint>
          <Trackpoint>
            <Time>2026-08-03T15:07:38.000Z</Time>
            <Position>
              <LatitudeDegrees>44.289068933576345</LatitudeDegrees>
              <LongitudeDegrees>-81.59167564474046</LongitudeDegrees>
            </Position>
            <AltitudeMeters>174.60000610351562</AltitudeMeters>
            <DistanceMeters>2369.3701171875</DistanceMeters>
            <HeartRateBpm>
              <Value>73</Value>
            </HeartRateBpm>
            <Extensions>
              <ns3:TPX>
                <ns3:Speed>1.2410000562667847</ns3:Speed>
              </ns3:TPX>
            </Extensions>
          </Trackpoint>
          <Trackpoint>
            <Time>2026-08-03T15:07:40.000Z</Time>
            <Position>
              <LatitudeDegrees>44.28905895911157</LatitudeDegrees>
              <LongitudeDegrees>-81.591642703861</LongitudeDegrees>
            </Position>
            <AltitudeMeters>174.8000030517578</AltitudeMeters>
            <DistanceMeters>2372.389892578125</DistanceMeters>
            <HeartRateBpm>
              <Value>75</Value>
            </HeartRateBpm>
            <Extensions>
              <ns3:TPX>
                <ns3:Speed>1.2130000591278076</ns3:Speed>
              </ns3:TPX>
            </Extensions>
          </Trackpoint>
          <Trackpoint>
            <Time>2026-08-03T15:07:42.000Z</Time>
            <Position>
              <LatitudeDegrees>44.289049906656146</LatitudeDegrees>
              <LongitudeDegrees>-81.59163407050073</LongitudeDegrees>
            </Position>
            <AltitudeMeters>175.1999969482422</AltitudeMeters>
            <DistanceMeters>2373.60009765625</DistanceMeters>
            <HeartRateBpm>
              <Value>74</Value>
            </HeartRateBpm>
            <Extensions>
              <ns3:TPX>
                <ns3:Speed>0.0</ns3:Speed>
              </ns3:TPX>
            </Extensions>
          </Trackpoint>
          <Trackpoint>
            <Time>2026-08-03T15:07:43.000Z</Time>
            <Position>
              <LatitudeDegrees>44.28904915228486</LatitudeDegrees>
              <LongitudeDegrees>-81.59163289703429</LongitudeDegrees>
            </Position>
            <AltitudeMeters>175.1999969482422</AltitudeMeters>
            <DistanceMeters>2373.72998046875</DistanceMeters>
            <HeartRateBpm>
              <Value>73</Value>
            </HeartRateBpm>
            <Extensions>
              <ns3:TPX>
                <ns3:Speed>0.0</ns3:Speed>
              </ns3:TPX>
            </Extensions>
          </Trackpoint>
          <Trackpoint>
            <Time>2026-08-03T15:07:45.000Z</Time>
            <Position>
              <LatitudeDegrees>44.28904705680907</LatitudeDegrees>
              <LongitudeDegrees>-81.59163365140557</LongitudeDegrees>
            </Position>
            <AltitudeMeters>175.39999389648438</AltitudeMeters>
            <DistanceMeters>2374.0</DistanceMeters>
            <HeartRateBpm>
              <Value>76</Value>
            </HeartRateBpm>
            <Extensions>
              <ns3:TPX>
                <ns3:Speed>1.1100000143051147</ns3:Speed>
              </ns3:TPX>
            </Extensions>
          </Trackpoint>
          <Trackpoint>
            <Time>2026-08-03T15:07:48.000Z</Time>
            <Position>
              <LatitudeDegrees>44.28904655389488</LatitudeDegrees>
              <LongitudeDegrees>-81.59164974465966</LongitudeDegrees>
            </Position>
            <AltitudeMeters>175.60000610351562</AltitudeMeters>
            <DistanceMeters>2375.260009765625</DistanceMeters>
            <HeartRateBpm>
              <Value>78</Value>
            </HeartRateBpm>
            <Extensions>
              <ns3:TPX>
                <ns3:Speed>0.0</ns3:Speed>
              </ns3:TPX>
            </Extensions>
          </Trackpoint>
          <Trackpoint>
            <Time>2026-08-03T15:07:51.000Z</Time>
            <Position>
              <LatitudeDegrees>44.28903976455331</LatitudeDegrees>
              <LongitudeDegrees>-81.59163549542427</LongitudeDegrees>
            </Position>
            <AltitudeMeters>175.60000610351562</AltitudeMeters>
            <DistanceMeters>2376.6298828125</DistanceMeters>
            <HeartRateBpm>
              <Value>81</Value>
            </HeartRateBpm>
            <Extensions>
              <ns3:TPX>
                <ns3:Speed>0.4569999873638153</ns3:Speed>
              </ns3:TPX>
            </Extensions>
          </Trackpoint>
          <Trackpoint>
            <Time>2026-08-03T15:07:54.000Z</Time>
            <Position>
              <LatitudeDegrees>44.28903456777334</LatitudeDegrees>
              <LongitudeDegrees>-81.59161789342761</LongitudeDegrees>
            </Position>
            <AltitudeMeters>175.39999389648438</AltitudeMeters>
            <DistanceMeters>2378.070068359375</DistanceMeters>
            <HeartRateBpm>
              <Value>83</Value>
            </HeartRateBpm>
            <Extensions>
              <ns3:TPX>
                <ns3:Speed>0.0</ns3:Speed>
              </ns3:TPX>
            </Extensions>
          </Trackpoint>
          <Trackpoint>
            <Time>2026-08-03T15:07:57.000Z</Time>
            <Position>
              <LatitudeDegrees>44.289049403741956</LatitudeDegrees>
              <LongitudeDegrees>-81.5916255209595</LongitudeDegrees>
            </Position>
            <AltitudeMeters>175.60000610351562</AltitudeMeters>
            <DistanceMeters>2379.889892578125</DistanceMeters>
            <HeartRateBpm>
              <Value>87</Value>
            </HeartRateBpm>
            <Extensions>
              <ns3:TPX>
                <ns3:Speed>0.4569999873638153</ns3:Speed>
              </ns3:TPX>
            </Extensions>
          </Trackpoint>
          <Trackpoint>
            <Time>2026-08-03T15:08:01.000Z</Time>
            <Position>
              <LatitudeDegrees>44.289064072072506</LatitudeDegrees>
              <LongitudeDegrees>-81.59162811934948</LongitudeDegrees>
            </Position>
            <AltitudeMeters>175.60000610351562</AltitudeMeters>
            <DistanceMeters>2381.530029296875</DistanceMeters>
            <HeartRateBpm>
              <Value>88</Value>
            </HeartRateBpm>
            <Extensions>
              <ns3:TPX>
                <ns3:Speed>0.0</ns3:Speed>
              </ns3:TPX>
            </Extensions>
          </Trackpoint>
          <Trackpoint>
            <Time>2026-08-03T15:08:03.000Z</Time>
            <Position>
              <LatitudeDegrees>44.289055690169334</LatitudeDegrees>
              <LongitudeDegrees>-81.59161822870374</LongitudeDegrees>
            </Position>
            <AltitudeMeters>175.8000030517578</AltitudeMeters>
            <DistanceMeters>2382.85009765625</DistanceMeters>
            <HeartRateBpm>
              <Value>87</Value>
            </HeartRateBpm>
            <Extensions>
              <ns3:TPX>
                <ns3:Speed>0.9240000247955322</ns3:Speed>
              </ns3:TPX>
            </Extensions>
          </Trackpoint>
          <Trackpoint>
            <Time>2026-08-03T15:08:05.000Z</Time>
            <Position>
              <LatitudeDegrees>44.28904479369521</LatitudeDegrees>
              <LongitudeDegrees>-81.59163013100624</LongitudeDegrees>
            </Position>
            <AltitudeMeters>175.8000030517578</AltitudeMeters>
            <DistanceMeters>2384.35009765625</DistanceMeters>
            <HeartRateBpm>
              <Value>89</Value>
            </HeartRateBpm>
            <Extensions>
              <ns3:TPX>
                <ns3:Speed>1.194000005722046</ns3:Speed>
              </ns3:TPX>
            </Extensions>
          </Trackpoint>
          <Trackpoint>
            <Time>2026-08-03T15:08:07.000Z</Time>
            <Position>
              <LatitudeDegrees>44.28903993219137</LatitudeDegrees>
              <LongitudeDegrees>-81.59162962809205</LongitudeDegrees>
            </Position>
            <AltitudeMeters>175.60000610351562</AltitudeMeters>
            <DistanceMeters>2384.8798828125</DistanceMeters>
            <HeartRateBpm>
              <Value>92</Value>
            </HeartRateBpm>
            <Extensions>
              <ns3:TPX>
                <ns3:Speed>0.0</ns3:Speed>
              </ns3:TPX>
            </Extensions>
          </Trackpoint>
          <Trackpoint>
            <Time>2026-08-03T15:08:11.000Z</Time>
            <Position>
              <LatitudeDegrees>44.28903976455331</LatitudeDegrees>
              <LongitudeDegrees>-81.59163038246334</LongitudeDegrees>
            </Position>
            <AltitudeMeters>175.39999389648438</AltitudeMeters>
            <DistanceMeters>2384.919921875</DistanceMeters>
            <HeartRateBpm>
              <Value>94</Value>
            </HeartRateBpm>
            <Extensions>
              <ns3:TPX>
                <ns3:Speed>0.0</ns3:Speed>
              </ns3:TPX>
            </Extensions>
          </Trackpoint>
          <Trackpoint>
            <Time>2026-08-03T15:08:14.000Z</Time>
            <Position>
              <LatitudeDegrees>44.289039596915245</LatitudeDegrees>
              <LongitudeDegrees>-81.59163490869105</LongitudeDegrees>
            </Position>
            <AltitudeMeters>175.1999969482422</AltitudeMeters>
            <DistanceMeters>2385.27001953125</DistanceMeters>
            <HeartRateBpm>
              <Value>95</Value>
            </HeartRateBpm>
            <Extensions>
              <ns3:TPX>
                <ns3:Speed>1.7170000076293945</ns3:Speed>
              </ns3:TPX>
            </Extensions>
          </Trackpoint>
          <Trackpoint>
            <Time>2026-08-03T15:08:16.000Z</Time>
            <Position>
              <LatitudeDegrees>44.2890505772084</LatitudeDegrees>
              <LongitudeDegrees>-81.59164647571743</LongitudeDegrees>
            </Position>
            <AltitudeMeters>175.0</AltitudeMeters>
            <DistanceMeters>2387.02001953125</DistanceMeters>
            <HeartRateBpm>
              <Value>95</Value>
            </HeartRateBpm>
            <Extensions>
              <ns3:TPX>
                <ns3:Speed>1.277999997138977</ns3:Speed>
              </ns3:TPX>
            </Extensions>
          </Trackpoint>
          <Trackpoint>
            <Time>2026-08-03T15:08:20.000Z</Time>
            <Position>
              <LatitudeDegrees>44.28905485197902</LatitudeDegrees>
              <LongitudeDegrees>-81.59164790064096</LongitudeDegrees>
            </Position>
            <AltitudeMeters>174.1999969482422</AltitudeMeters>
            <DistanceMeters>2387.7900390625</DistanceMeters>
            <HeartRateBpm>
              <Value>95</Value>
            </HeartRateBpm>
            <Extensions>
              <ns3:TPX>
                <ns3:Speed>0.7179999947547913</ns3:Speed>
              </ns3:TPX>
            </Extensions>
          </Trackpoint>
          <Trackpoint>
            <Time>2026-08-03T15:08:21.000Z</Time>
            <Position>
              <LatitudeDegrees>44.28905191831291</LatitudeDegrees>
              <LongitudeDegrees>-81.59165519289672</LongitudeDegrees>
            </Position>
            <AltitudeMeters>174.1999969482422</AltitudeMeters>
            <DistanceMeters>2388.35009765625</DistanceMeters>
            <HeartRateBpm>
              <Value>96</Value>
            </HeartRateBpm>
            <Extensions>
              <ns3:TPX>
                <ns3:Speed>0.7179999947547913</ns3:Speed>
              </ns3:TPX>
            </Extensions>
          </Trackpoint>
          <Trackpoint>
            <Time>2026-08-03T15:08:25.000Z</Time>
            <Position>
              <LatitudeDegrees>44.289037669077516</LatitudeDegrees>
              <LongitudeDegrees>-81.59162719734013</LongitudeDegrees>
            </Position>
            <AltitudeMeters>174.39999389648438</AltitudeMeters>
            <DistanceMeters>2391.360107421875</DistanceMeters>
            <HeartRateBpm>
              <Value>95</Value>
            </HeartRateBpm>
            <Extensions>
              <ns3:TPX>
                <ns3:Speed>0.6620000004768372</ns3:Speed>
              </ns3:TPX>
            </Extensions>
          </Trackpoint>
          <Trackpoint>
            <Time>2026-08-03T15:08:31.000Z</Time>
            <Position>
              <LatitudeDegrees>44.28903582505882</LatitudeDegrees>
              <LongitudeDegrees>-81.59161982126534</LongitudeDegrees>
            </Position>
            <AltitudeMeters>175.0</AltitudeMeters>
            <DistanceMeters>2392.780029296875</DistanceMeters>
            <HeartRateBpm>
              <Value>95</Value>
            </HeartRateBpm>
            <Extensions>
              <ns3:TPX>
                <ns3:Speed>0.0</ns3:Speed>
              </ns3:TPX>
            </Extensions>
          </Trackpoint>
          <Trackpoint>
            <Time>2026-08-03T15:08:36.000Z</Time>
            <Position>
              <LatitudeDegrees>44.28902911953628</LatitudeDegrees>
              <LongitudeDegrees>-81.59161906689405</LongitudeDegrees>
            </Position>
            <AltitudeMeters>175.0</AltitudeMeters>
            <DistanceMeters>2393.64990234375</DistanceMeters>
            <HeartRateBpm>
              <Value>95</Value>
            </HeartRateBpm>
            <Extensions>
              <ns3:TPX>
                <ns3:Speed>0.0</ns3:Speed>
              </ns3:TPX>
            </Extensions>
          </Trackpoint>
          <Trackpoint>
            <Time>2026-08-03T15:08:38.000Z</Time>
            <Position>
              <LatitudeDegrees>44.28902853280306</LatitudeDegrees>
              <LongitudeDegrees>-81.59161806106567</LongitudeDegrees>
            </Position>
            <AltitudeMeters>175.1999969482422</AltitudeMeters>
            <DistanceMeters>2393.760009765625</DistanceMeters>
            <HeartRateBpm>
              <Value>94</Value>
            </HeartRateBpm>
            <Extensions>
              <ns3:TPX>
                <ns3:Speed>0.0</ns3:Speed>
              </ns3:TPX>
            </Extensions>
          </Trackpoint>
          <Trackpoint>
            <Time>2026-08-03T15:08:46.000Z</Time>
            <Position>
              <LatitudeDegrees>44.28902853280306</LatitudeDegrees>
              <LongitudeDegrees>-81.59161806106567</LongitudeDegrees>
            </Position>
            <AltitudeMeters>175.60000610351562</AltitudeMeters>
            <DistanceMeters>2393.760009765625</DistanceMeters>
            <HeartRateBpm>
              <Value>91</Value>
            </HeartRateBpm>
            <Extensions>
              <ns3:TPX>
                <ns3:Speed>0.0</ns3:Speed>
              </ns3:TPX>
            </Extensions>
          </Trackpoint>
          <Trackpoint>
            <Time>2026-08-03T15:08:51.000Z</Time>
            <Position>
              <LatitudeDegrees>44.28902870044112</LatitudeDegrees>
              <LongitudeDegrees>-81.59161806106567</LongitudeDegrees>
            </Position>
            <AltitudeMeters>175.60000610351562</AltitudeMeters>
            <DistanceMeters>2393.760009765625</DistanceMeters>
            <HeartRateBpm>
              <Value>87</Value>
            </HeartRateBpm>
            <Extensions>
              <ns3:TPX>
                <ns3:Speed>0.0</ns3:Speed>
              </ns3:TPX>
            </Extensions>
          </Trackpoint>
          <Trackpoint>
            <Time>2026-08-03T15:08:53.000Z</Time>
            <Position>
              <LatitudeDegrees>44.28902911953628</LatitudeDegrees>
              <LongitudeDegrees>-81.59161806106567</LongitudeDegrees>
            </Position>
            <AltitudeMeters>175.60000610351562</AltitudeMeters>
            <DistanceMeters>2393.760009765625</DistanceMeters>
            <HeartRateBpm>
              <Value>89</Value>
            </HeartRateBpm>
            <Extensions>
              <ns3:TPX>
                <ns3:Speed>0.0</ns3:Speed>
              </ns3:TPX>
            </Extensions>
          </Trackpoint>
          <Trackpoint>
            <Time>2026-08-03T15:08:56.000Z</Time>
            <Position>
              <LatitudeDegrees>44.289036663249135</LatitudeDegrees>
              <LongitudeDegrees>-81.59161973744631</LongitudeDegrees>
            </Position>
            <AltitudeMeters>175.60000610351562</AltitudeMeters>
            <DistanceMeters>2394.35009765625</DistanceMeters>
            <HeartRateBpm>
              <Value>89</Value>
            </HeartRateBpm>
            <Extensions>
              <ns3:TPX>
                <ns3:Speed>1.6330000162124634</ns3:Speed>
              </ns3:TPX>
            </Extensions>
          </Trackpoint>
          <Trackpoint>
            <Time>2026-08-03T15:08:59.000Z</Time>
            <Position>
              <LatitudeDegrees>44.289078153669834</LatitudeDegrees>
              <LongitudeDegrees>-81.59164438024163</LongitudeDegrees>
            </Position>
            <AltitudeMeters>175.60000610351562</AltitudeMeters>
            <DistanceMeters>2399.280029296875</DistanceMeters>
            <HeartRateBpm>
              <Value>87</Value>
            </HeartRateBpm>
            <Extensions>
              <ns3:TPX>
                <ns3:Speed>0.9139999747276306</ns3:Speed>
              </ns3:TPX>
            </Extensions>
          </Trackpoint>
          <Trackpoint>
            <Time>2026-08-03T15:09:05.000Z</Time>
            <Position>
              <LatitudeDegrees>44.28910866379738</LatitudeDegrees>
              <LongitudeDegrees>-81.59169844351709</LongitudeDegrees>
            </Position>
            <AltitudeMeters>175.0</AltitudeMeters>
            <DistanceMeters>2404.639892578125</DistanceMeters>
            <HeartRateBpm>
              <Value>89</Value>
            </HeartRateBpm>
            <Extensions>
              <ns3:TPX>
                <ns3:Speed>0.9139999747276306</ns3:Speed>
              </ns3:TPX>
            </Extensions>
          </Trackpoint>
          <Trackpoint>
            <Time>2026-08-03T15:09:09.000Z</Time>
            <Position>
              <LatitudeDegrees>44.2891229968518</LatitudeDegrees>
              <LongitudeDegrees>-81.59173289313912</LongitudeDegrees>
            </Position>
            <AltitudeMeters>174.8000030517578</AltitudeMeters>
            <DistanceMeters>2407.830078125</DistanceMeters>
            <HeartRateBpm>
              <Value>92</Value>
            </HeartRateBpm>
            <Extensions>
              <ns3:TPX>
                <ns3:Speed>0.7369999885559082</ns3:Speed>
              </ns3:TPX>
            </Extensions>
          </Trackpoint>
          <Trackpoint>
            <Time>2026-08-03T15:09:13.000Z</Time>
            <Position>
              <LatitudeDegrees>44.28912794217467</LatitudeDegrees>
              <LongitudeDegrees>-81.59176566638052</LongitudeDegrees>
            </Position>
            <AltitudeMeters>174.8000030517578</AltitudeMeters>
            <DistanceMeters>2410.5400390625</DistanceMeters>
            <HeartRateBpm>
              <Value>93</Value>
            </HeartRateBpm>
            <Extensions>
              <ns3:TPX>
                <ns3:Speed>0.652999997138977</ns3:Speed>
              </ns3:TPX>
            </Extensions>
          </Trackpoint>
          <Trackpoint>
            <Time>2026-08-03T15:09:21.000Z</Time>
            <Position>
              <LatitudeDegrees>44.289097767323256</LatitudeDegrees>
              <LongitudeDegrees>-81.59180363640189</LongitudeDegrees>
            </Position>
            <AltitudeMeters>174.39999389648438</AltitudeMeters>
            <DistanceMeters>2414.31005859375</DistanceMeters>
            <HeartRateBpm>
              <Value>92</Value>
            </HeartRateBpm>
            <Extensions>
              <ns3:TPX>
                <ns3:Speed>0.5320000052452087</ns3:Speed>
              </ns3:TPX>
            </Extensions>
          </Trackpoint>
          <Trackpoint>
            <Time>2026-08-03T15:09:23.000Z</Time>
            <Position>
              <LatitudeDegrees>44.28908418864012</LatitudeDegrees>
              <LongitudeDegrees>-81.5918084140867</LongitudeDegrees>
            </Position>
            <AltitudeMeters>174.60000610351562</AltitudeMeters>
            <DistanceMeters>2415.85009765625</DistanceMeters>
            <HeartRateBpm>
              <Value>90</Value>
            </HeartRateBpm>
            <Extensions>
              <ns3:TPX>
                <ns3:Speed>1.2970000505447388</ns3:Speed>
              </ns3:TPX>
            </Extensions>
          </Trackpoint>
          <Trackpoint>
            <Time>2026-08-03T15:09:26.000Z</Time>
            <Position>
              <LatitudeDegrees>44.2890711966902</LatitudeDegrees>
              <LongitudeDegrees>-81.59180824644864</LongitudeDegrees>
            </Position>
            <AltitudeMeters>174.60000610351562</AltitudeMeters>
            <DistanceMeters>2417.570068359375</DistanceMeters>
            <HeartRateBpm>
              <Value>91</Value>
            </HeartRateBpm>
            <Extensions>
              <ns3:TPX>
                <ns3:Speed>0.6159999966621399</ns3:Speed>
              </ns3:TPX>
            </Extensions>
          </Trackpoint>
          <Trackpoint>
            <Time>2026-08-03T15:09:28.000Z</Time>
            <Position>
              <LatitudeDegrees>44.28906977176666</LatitudeDegrees>
              <LongitudeDegrees>-81.59180791117251</LongitudeDegrees>
            </Position>
            <AltitudeMeters>174.60000610351562</AltitudeMeters>
            <DistanceMeters>2418.199951171875</DistanceMeters>
            <HeartRateBpm>
              <Value>94</Value>
            </HeartRateBpm>
            <Extensions>
              <ns3:TPX>
                <ns3:Speed>0.5789999961853027</ns3:Speed>
              </ns3:TPX>
            </Extensions>
          </Trackpoint>
          <Trackpoint>
            <Time>2026-08-03T15:09:31.000Z</Time>
            <Position>
              <LatitudeDegrees>44.289063988253474</LatitudeDegrees>
              <LongitudeDegrees>-81.59183381125331</LongitudeDegrees>
            </Position>
            <AltitudeMeters>174.8000030517578</AltitudeMeters>
            <DistanceMeters>2420.2099609375</DistanceMeters>
            <HeartRateBpm>
              <Value>94</Value>
            </HeartRateBpm>
            <Extensions>
              <ns3:TPX>
                <ns3:Speed>1.0729999542236328</ns3:Speed>
              </ns3:TPX>
            </Extensions>
          </Trackpoint>
          <Trackpoint>
            <Time>2026-08-03T15:09:35.000Z</Time>
            <Position>
              <LatitudeDegrees>44.28905367851257</LatitudeDegrees>
              <LongitudeDegrees>-81.5918794926256</LongitudeDegrees>
            </Position>
            <AltitudeMeters>176.0</AltitudeMeters>
            <DistanceMeters>2424.1201171875</DistanceMeters>
            <HeartRateBpm>
              <Value>94</Value>
            </HeartRateBpm>
            <Extensions>
              <ns3:TPX>
                <ns3:Speed>1.0729999542236328</ns3:Speed>
              </ns3:TPX>
            </Extensions>
          </Trackpoint>
          <Trackpoint>
            <Time>2026-08-03T15:09:38.000Z</Time>
            <Position>
              <LatitudeDegrees>44.28905007429421</LatitudeDegrees>
              <LongitudeDegrees>-81.59189583733678</LongitudeDegrees>
            </Position>
            <AltitudeMeters>176.0</AltitudeMeters>
            <DistanceMeters>2425.56005859375</DistanceMeters>
            <HeartRateBpm>
              <Value>92</Value>
            </HeartRateBpm>
            <Extensions>
              <ns3:TPX>
                <ns3:Speed>0.6439999938011169</ns3:Speed>
              </ns3:TPX>
            </Extensions>
          </Trackpoint>
          <Trackpoint>
            <Time>2026-08-03T15:09:40.000Z</Time>
            <Position>
              <LatitudeDegrees>44.28904948756099</LatitudeDegrees>
              <LongitudeDegrees>-81.59190530888736</LongitudeDegrees>
            </Position>
            <AltitudeMeters>176.39999389648438</AltitudeMeters>
            <DistanceMeters>2426.340087890625</DistanceMeters>
            <HeartRateBpm>
              <Value>91</Value>
            </HeartRateBpm>
            <Extensions>
              <ns3:TPX>
                <ns3:Speed>0.6439999938011169</ns3:Speed>
              </ns3:TPX>
            </Extensions>
          </Trackpoint>
          <Trackpoint>
            <Time>2026-08-03T15:09:44.000Z</Time>
            <Position>
              <LatitudeDegrees>44.28907756693661</LatitudeDegrees>
              <LongitudeDegrees>-81.59192978404462</LongitudeDegrees>
            </Position>
            <AltitudeMeters>176.8000030517578</AltitudeMeters>
            <DistanceMeters>2429.919921875</DistanceMeters>
            <HeartRateBpm>
              <Value>91</Value>
            </HeartRateBpm>
            <Extensions>
              <ns3:TPX>
                <ns3:Speed>0.8489999771118164</ns3:Speed>
              </ns3:TPX>
            </Extensions>
          </Trackpoint>
          <Trackpoint>
            <Time>2026-08-03T15:09:50.000Z</Time>
            <Position>
              <LatitudeDegrees>44.289094330742955</LatitudeDegrees>
              <LongitudeDegrees>-81.59193028695881</LongitudeDegrees>
            </Position>
            <AltitudeMeters>176.60000610351562</AltitudeMeters>
            <DistanceMeters>2431.97998046875</DistanceMeters>
            <HeartRateBpm>
              <Value>91</Value>
            </HeartRateBpm>
            <Extensions>
              <ns3:TPX>
                <ns3:Speed>0.4569999873638153</ns3:Speed>
              </ns3:TPX>
            </Extensions>
          </Trackpoint>
          <Trackpoint>
            <Time>2026-08-03T15:09:58.000Z</Time>
            <Position>
              <LatitudeDegrees>44.28910028189421</LatitudeDegrees>
              <LongitudeDegrees>-81.5919323824346</LongitudeDegrees>
            </Position>
            <AltitudeMeters>176.39999389648438</AltitudeMeters>
            <DistanceMeters>2432.639892578125</DistanceMeters>
            <HeartRateBpm>
              <Value>92</Value>
            </HeartRateBpm>
            <Extensions>
              <ns3:TPX>
                <ns3:Speed>0.0</ns3:Speed>
              </ns3:TPX>
            </Extensions>
          </Trackpoint>
          <Trackpoint>
            <Time>2026-08-03T15:10:02.000Z</Time>
            <Position>
              <LatitudeDegrees>44.28909835405648</LatitudeDegrees>
              <LongitudeDegrees>-81.59193095751107</LongitudeDegrees>
            </Position>
            <AltitudeMeters>176.1999969482422</AltitudeMeters>
            <DistanceMeters>2432.820068359375</DistanceMeters>
            <HeartRateBpm>
              <Value>95</Value>
            </HeartRateBpm>
            <Extensions>
              <ns3:TPX>
                <ns3:Speed>0.7839999794960022</ns3:Speed>
              </ns3:TPX>
            </Extensions>
          </Trackpoint>
          <Trackpoint>
            <Time>2026-08-03T15:10:03.000Z</Time>
            <Position>
              <LatitudeDegrees>44.28909072652459</LatitudeDegrees>
              <LongitudeDegrees>-81.59194034524262</LongitudeDegrees>
            </Position>
            <AltitudeMeters>176.1999969482422</AltitudeMeters>
            <DistanceMeters>2433.93994140625</DistanceMeters>
            <HeartRateBpm>
              <Value>96</Value>
            </HeartRateBpm>
            <Extensions>
              <ns3:TPX>
                <ns3:Speed>1.2410000562667847</ns3:Speed>
              </ns3:TPX>
            </Extensions>
          </Trackpoint>
          <Trackpoint>
            <Time>2026-08-03T15:10:05.000Z</Time>
            <Position>
              <LatitudeDegrees>44.28907496854663</LatitudeDegrees>
              <LongitudeDegrees>-81.59196163527668</LongitudeDegrees>
            </Position>
            <AltitudeMeters>176.1999969482422</AltitudeMeters>
            <DistanceMeters>2436.300048828125</DistanceMeters>
            <HeartRateBpm>
              <Value>98</Value>
            </HeartRateBpm>
            <Extensions>
              <ns3:TPX>
                <ns3:Speed>1.2410000562667847</ns3:Speed>
              </ns3:TPX>
            </Extensions>
          </Trackpoint>
          <Trackpoint>
            <Time>2026-08-03T15:10:11.000Z</Time>
            <Position>
              <LatitudeDegrees>44.2890246771276</LatitudeDegrees>
              <LongitudeDegrees>-81.59201611764729</LongitudeDegrees>
            </Position>
            <AltitudeMeters>176.8000030517578</AltitudeMeters>
            <DistanceMeters>2443.340087890625</DistanceMeters>
            <HeartRateBpm>
              <Value>101</Value>
            </HeartRateBpm>
            <Extensions>
              <ns3:TPX>
                <ns3:Speed>0.9240000247955322</ns3:Speed>
              </ns3:TPX>
            </Extensions>
          </Trackpoint>
          <Trackpoint>
            <Time>2026-08-03T15:10:18.000Z</Time>
            <Position>
              <LatitudeDegrees>44.28901428356767</LatitudeDegrees>
              <LongitudeDegrees>-81.59210563637316</LongitudeDegrees>
            </Position>
            <AltitudeMeters>176.39999389648438</AltitudeMeters>
            <DistanceMeters>2450.2900390625</DistanceMeters>
            <HeartRateBpm>
              <Value>102</Value>
            </HeartRateBpm>
            <Extensions>
              <ns3:TPX>
                <ns3:Speed>1.4559999704360962</ns3:Speed>
              </ns3:TPX>
            </Extensions>
          </Trackpoint>
          <Trackpoint>
            <Time>2026-08-03T15:10:24.000Z</Time>
            <Position>
              <LatitudeDegrees>44.288998106494546</LatitudeDegrees>
              <LongitudeDegrees>-81.59224041737616</LongitudeDegrees>
            </Position>
            <AltitudeMeters>176.8000030517578</AltitudeMeters>
            <DistanceMeters>2461.179931640625</DistanceMeters>
            <HeartRateBpm>
              <Value>103</Value>
            </HeartRateBpm>
            <Extensions>
              <ns3:TPX>
                <ns3:Speed>1.8380000591278076</ns3:Speed>
              </ns3:TPX>
            </Extensions>
          </Trackpoint>
          <Trackpoint>
            <Time>2026-08-03T15:10:25.000Z</Time>
            <Position>
              <LatitudeDegrees>44.28899240680039</LatitudeDegrees>
              <LongitudeDegrees>-81.59226489253342</LongitudeDegrees>
            </Position>
            <AltitudeMeters>176.8000030517578</AltitudeMeters>
            <DistanceMeters>2463.219970703125</DistanceMeters>
            <HeartRateBpm>
              <Value>103</Value>
            </HeartRateBpm>
            <Extensions>
              <ns3:TPX>
                <ns3:Speed>1.8380000591278076</ns3:Speed>
              </ns3:TPX>
            </Extensions>
          </Trackpoint>
          <Trackpoint>
            <Time>2026-08-03T15:10:29.000Z</Time>
            <Position>
              <LatitudeDegrees>44.28899483755231</LatitudeDegrees>
              <LongitudeDegrees>-81.5923866815865</LongitudeDegrees>
            </Position>
            <AltitudeMeters>176.39999389648438</AltitudeMeters>
            <DistanceMeters>2472.820068359375</DistanceMeters>
            <HeartRateBpm>
              <Value>103</Value>
            </HeartRateBpm>
            <Extensions>
              <ns3:TPX>
                <ns3:Speed>2.052999973297119</ns3:Speed>
              </ns3:TPX>
            </Extensions>
          </Trackpoint>
          <Trackpoint>
            <Time>2026-08-03T15:10:35.000Z</Time>
            <Position>
              <LatitudeDegrees>44.28899617865682</LatitudeDegrees>
              <LongitudeDegrees>-81.59254627302289</LongitudeDegrees>
            </Position>
            <AltitudeMeters>176.39999389648438</AltitudeMeters>
            <DistanceMeters>2485.570068359375</DistanceMeters>
            <HeartRateBpm>
              <Value>106</Value>
            </HeartRateBpm>
            <Extensions>
              <ns3:TPX>
                <ns3:Speed>2.2109999656677246</ns3:Speed>
              </ns3:TPX>
            </Extensions>
          </Trackpoint>
          <Trackpoint>
            <Time>2026-08-03T15:10:37.000Z</Time>
            <Position>
              <LatitudeDegrees>44.28899475373328</LatitudeDegrees>
              <LongitudeDegrees>-81.59259128384292</LongitudeDegrees>
            </Position>
            <AltitudeMeters>176.60000610351562</AltitudeMeters>
            <DistanceMeters>2489.159912109375</DistanceMeters>
            <HeartRateBpm>
              <Value>103</Value>
            </HeartRateBpm>
            <Extensions>
              <ns3:TPX>
                <ns3:Speed>2.2109999656677246</ns3:Speed>
              </ns3:TPX>
            </Extensions>
          </Trackpoint>
          <Trackpoint>
            <Time>2026-08-03T15:10:38.000Z</Time>
            <Position>
              <LatitudeDegrees>44.288998106494546</LatitudeDegrees>
              <LongitudeDegrees>-81.59261550754309</LongitudeDegrees>
            </Position>
            <AltitudeMeters>176.60000610351562</AltitudeMeters>
            <DistanceMeters>2491.110107421875</DistanceMeters>
            <HeartRateBpm>
              <Value>103</Value>
            </HeartRateBpm>
            <Extensions>
              <ns3:TPX>
                <ns3:Speed>2.127000093460083</ns3:Speed>
              </ns3:TPX>
            </Extensions>
          </Trackpoint>
          <Trackpoint>
            <Time>2026-08-03T15:10:41.000Z</Time>
            <Position>
              <LatitudeDegrees>44.28899735212326</LatitudeDegrees>
              <LongitudeDegrees>-81.59269027411938</LongitudeDegrees>
            </Position>
            <AltitudeMeters>176.8000030517578</AltitudeMeters>
            <DistanceMeters>2497.070068359375</DistanceMeters>
            <HeartRateBpm>
              <Value>99</Value>
            </HeartRateBpm>
            <Extensions>
              <ns3:TPX>
                <ns3:Speed>1.9589999914169312</ns3:Speed>
              </ns3:TPX>
            </Extensions>
          </Trackpoint>
          <Trackpoint>
            <Time>2026-08-03T15:10:42.000Z</Time>
            <Position>
              <LatitudeDegrees>44.28899575956166</LatitudeDegrees>
              <LongitudeDegrees>-81.5927181020379</LongitudeDegrees>
            </Position>
            <AltitudeMeters>176.8000030517578</AltitudeMeters>
            <DistanceMeters>2499.300048828125</DistanceMeters>
            <HeartRateBpm>
              <Value>96</Value>
            </HeartRateBpm>
            <Extensions>
              <ns3:TPX>
                <ns3:Speed>1.9589999914169312</ns3:Speed>
              </ns3:TPX>
            </Extensions>
          </Trackpoint>
          <Trackpoint>
            <Time>2026-08-03T15:10:44.000Z</Time>
            <Position>
              <LatitudeDegrees>44.28898989222944</LatitudeDegrees>
              <LongitudeDegrees>-81.59277895465493</LongitudeDegrees>
            </Position>
            <AltitudeMeters>176.8000030517578</AltitudeMeters>
            <DistanceMeters>2504.199951171875</DistanceMeters>
            <HeartRateBpm>
              <Value>93</Value>
            </HeartRateBpm>
            <Extensions>
              <ns3:TPX>
                <ns3:Speed>1.9589999914169312</ns3:Speed>
              </ns3:TPX>
            </Extensions>
          </Trackpoint>
          <Trackpoint>
            <Time>2026-08-03T15:10:46.000Z</Time>
            <Position>
              <LatitudeDegrees>44.288982935249805</LatitudeDegrees>
              <LongitudeDegrees>-81.59284609369934</LongitudeDegrees>
            </Position>
            <AltitudeMeters>176.8000030517578</AltitudeMeters>
            <DistanceMeters>2509.610107421875</DistanceMeters>
            <HeartRateBpm>
              <Value>91</Value>
            </HeartRateBpm>
            <Extensions>
              <ns3:TPX>
                <ns3:Speed>2.2669999599456787</ns3:Speed>
              </ns3:TPX>
            </Extensions>
          </Trackpoint>
          <Trackpoint>
            <Time>2026-08-03T15:10:49.000Z</Time>
            <Position>
              <LatitudeDegrees>44.28898234851658</LatitudeDegrees>
              <LongitudeDegrees>-81.59296721220016</LongitudeDegrees>
            </Position>
            <AltitudeMeters>177.0</AltitudeMeters>
            <DistanceMeters>2519.340087890625</DistanceMeters>
            <HeartRateBpm>
              <Value>88</Value>
            </HeartRateBpm>
            <Extensions>
              <ns3:TPX>
                <ns3:Speed>3.2190001010894775</ns3:Speed>
              </ns3:TPX>
            </Extensions>
          </Trackpoint>
          <Trackpoint>
            <Time>2026-08-03T15:10:52.000Z</Time>
            <Position>
              <LatitudeDegrees>44.288978576660156</LatitudeDegrees>
              <LongitudeDegrees>-81.59309696406126</LongitudeDegrees>
            </Position>
            <AltitudeMeters>177.0</AltitudeMeters>
            <DistanceMeters>2529.739990234375</DistanceMeters>
            <HeartRateBpm>
              <Value>87</Value>
            </HeartRateBpm>
            <Extensions>
              <ns3:TPX>
                <ns3:Speed>3.0230000019073486</ns3:Speed>
              </ns3:TPX>
            </Extensions>
          </Trackpoint>
          <Trackpoint>
            <Time>2026-08-03T15:10:59.000Z</Time>
            <Position>
              <LatitudeDegrees>44.28898016922176</LatitudeDegrees>
              <LongitudeDegrees>-81.59337582997978</LongitudeDegrees>
            </Position>
            <AltitudeMeters>177.1999969482422</AltitudeMeters>
            <DistanceMeters>2552.10009765625</DistanceMeters>
            <HeartRateBpm>
              <Value>84</Value>
            </HeartRateBpm>
            <Extensions>
              <ns3:TPX>
                <ns3:Speed>3.3499999046325684</ns3:Speed>
              </ns3:TPX>
            </Extensions>
          </Trackpoint>
          <Trackpoint>
            <Time>2026-08-03T15:11:05.000Z</Time>
            <Position>
              <LatitudeDegrees>44.28899441845715</LatitudeDegrees>
              <LongitudeDegrees>-81.59362125210464</LongitudeDegrees>
            </Position>
            <AltitudeMeters>177.39999389648438</AltitudeMeters>
            <DistanceMeters>2571.830078125</DistanceMeters>
            <HeartRateBpm>
              <Value>84</Value>
            </HeartRateBpm>
            <Extensions>
              <ns3:TPX>
                <ns3:Speed>3.171999931335449</ns3:Speed>
              </ns3:TPX>
            </Extensions>
          </Trackpoint>
          <Trackpoint>
            <Time>2026-08-03T15:11:08.000Z</Time>
            <Position>
              <LatitudeDegrees>44.28898788057268</LatitudeDegrees>
              <LongitudeDegrees>-81.59373147413135</LongitudeDegrees>
            </Position>
            <AltitudeMeters>177.39999389648438</AltitudeMeters>
            <DistanceMeters>2580.68994140625</DistanceMeters>
            <HeartRateBpm>
              <Value>83</Value>
            </HeartRateBpm>
            <Extensions>
              <ns3:TPX>
                <ns3:Speed>3.1630001068115234</ns3:Speed>
              </ns3:TPX>
            </Extensions>
          </Trackpoint>
          <Trackpoint>
            <Time>2026-08-03T15:11:17.000Z</Time>
            <Position>
              <LatitudeDegrees>44.28895711898804</LatitudeDegrees>
              <LongitudeDegrees>-81.59414093010128</LongitudeDegrees>
            </Position>
            <AltitudeMeters>177.60000610351562</AltitudeMeters>
            <DistanceMeters>2613.570068359375</DistanceMeters>
            <HeartRateBpm>
              <Value>82</Value>
            </HeartRateBpm>
            <Extensions>
              <ns3:TPX>
                <ns3:Speed>3.630000114440918</ns3:Speed>
              </ns3:TPX>
            </Extensions>
          </Trackpoint>
          <Trackpoint>
            <Time>2026-08-03T15:11:26.000Z</Time>
            <Position>
              <LatitudeDegrees>44.28892392665148</LatitudeDegrees>
              <LongitudeDegrees>-81.59460000693798</LongitudeDegrees>
            </Position>
            <AltitudeMeters>178.0</AltitudeMeters>
            <DistanceMeters>2650.4599609375</DistanceMeters>
            <HeartRateBpm>
              <Value>81</Value>
            </HeartRateBpm>
            <Extensions>
              <ns3:TPX>
                <ns3:Speed>4.050000190734863</ns3:Speed>
              </ns3:TPX>
            </Extensions>
          </Trackpoint>
          <Trackpoint>
            <Time>2026-08-03T15:11:38.000Z</Time>
            <Position>
              <LatitudeDegrees>44.288920406252146</LatitudeDegrees>
              <LongitudeDegrees>-81.59523979760706</LongitudeDegrees>
            </Position>
            <AltitudeMeters>178.0</AltitudeMeters>
            <DistanceMeters>2701.56005859375</DistanceMeters>
            <HeartRateBpm>
              <Value>82</Value>
            </HeartRateBpm>
            <Extensions>
              <ns3:TPX>
                <ns3:Speed>4.160999774932861</ns3:Speed>
              </ns3:TPX>
            </Extensions>
          </Trackpoint>
          <Trackpoint>
            <Time>2026-08-03T15:11:39.000Z</Time>
            <Position>
              <LatitudeDegrees>44.28892208263278</LatitudeDegrees>
              <LongitudeDegrees>-81.59529738128185</LongitudeDegrees>
            </Position>
            <AltitudeMeters>177.8000030517578</AltitudeMeters>
            <DistanceMeters>2706.159912109375</DistanceMeters>
            <HeartRateBpm>
              <Value>82</Value>
            </HeartRateBpm>
            <Extensions>
              <ns3:TPX>
                <ns3:Speed>4.460000038146973</ns3:Speed>
              </ns3:TPX>
            </Extensions>
          </Trackpoint>
          <Trackpoint>
            <Time>2026-08-03T15:11:48.000Z</Time>
            <Position>
              <LatitudeDegrees>44.28889475762844</LatitudeDegrees>
              <LongitudeDegrees>-81.59581513144076</LongitudeDegrees>
            </Position>
            <AltitudeMeters>177.8000030517578</AltitudeMeters>
            <DistanceMeters>2747.570068359375</DistanceMeters>
            <HeartRateBpm>
              <Value>82</Value>
            </HeartRateBpm>
            <Extensions>
              <ns3:TPX>
                <ns3:Speed>4.515999794006348</ns3:Speed>
              </ns3:TPX>
            </Extensions>
          </Trackpoint>
          <Trackpoint>
            <Time>2026-08-03T15:11:57.000Z</Time>
            <Position>
              <LatitudeDegrees>44.288848070427775</LatitudeDegrees>
              <LongitudeDegrees>-81.5963348094374</LongitudeDegrees>
            </Position>
            <AltitudeMeters>178.0</AltitudeMeters>
            <DistanceMeters>2789.39990234375</DistanceMeters>
            <HeartRateBpm>
              <Value>81</Value>
            </HeartRateBpm>
            <Extensions>
              <ns3:TPX>
                <ns3:Speed>4.563000202178955</ns3:Speed>
              </ns3:TPX>
            </Extensions>
          </Trackpoint>
          <Trackpoint>
            <Time>2026-08-03T15:11:59.000Z</Time>
            <Position>
              <LatitudeDegrees>44.28883206099272</LatitudeDegrees>
              <LongitudeDegrees>-81.59643958322704</LongitudeDegrees>
            </Position>
            <AltitudeMeters>178.0</AltitudeMeters>
            <DistanceMeters>2797.929931640625</DistanceMeters>
            <HeartRateBpm>
              <Value>81</Value>
            </HeartRateBpm>
            <Extensions>
              <ns3:TPX>
                <ns3:Speed>4.572000026702881</ns3:Speed>
              </ns3:TPX>
            </Extensions>
          </Trackpoint>
          <Trackpoint>
            <Time>2026-08-03T15:12:04.000Z</Time>
            <Position>
              <LatitudeDegrees>44.288786463439465</LatitudeDegrees>
              <LongitudeDegrees>-81.5966834127903</LongitudeDegrees>
            </Position>
            <AltitudeMeters>178.0</AltitudeMeters>
            <DistanceMeters>2818.02001953125</DistanceMeters>
            <HeartRateBpm>
              <Value>82</Value>
            </HeartRateBpm>
            <Extensions>
              <ns3:TPX>
                <ns3:Speed>4.328999996185303</ns3:Speed>
              </ns3:TPX>
            </Extensions>
          </Trackpoint>
          <Trackpoint>
            <Time>2026-08-03T15:12:05.000Z</Time>
            <Position>
              <LatitudeDegrees>44.28877732716501</LatitudeDegrees>
              <LongitudeDegrees>-81.596724903211</LongitudeDegrees>
            </Position>
            <AltitudeMeters>178.0</AltitudeMeters>
            <DistanceMeters>2821.47998046875</DistanceMeters>
            <HeartRateBpm>
              <Value>85</Value>
            </HeartRateBpm>
            <Extensions>
              <ns3:TPX>
                <ns3:Speed>3.7699999809265137</ns3:Speed>
              </ns3:TPX>
            </Extensions>
          </Trackpoint>
          <Trackpoint>
            <Time>2026-08-03T15:12:08.000Z</Time>
            <Position>
              <LatitudeDegrees>44.28875109180808</LatitudeDegrees>
              <LongitudeDegrees>-81.59683805890381</LongitudeDegrees>
            </Position>
            <AltitudeMeters>178.1999969482422</AltitudeMeters>
            <DistanceMeters>2830.969970703125</DistanceMeters>
            <HeartRateBpm>
              <Value>82</Value>
            </HeartRateBpm>
            <Extensions>
              <ns3:TPX>
                <ns3:Speed>3.1540000438690186</ns3:Speed>
              </ns3:TPX>
            </Extensions>
          </Trackpoint>
          <Trackpoint>
            <Time>2026-08-03T15:12:10.000Z</Time>
            <Position>
              <LatitudeDegrees>44.28873868659139</LatitudeDegrees>
              <LongitudeDegrees>-81.59691592678428</LongitudeDegrees>
            </Position>
            <AltitudeMeters>178.39999389648438</AltitudeMeters>
            <DistanceMeters>2837.340087890625</DistanceMeters>
            <HeartRateBpm>
              <Value>82</Value>
            </HeartRateBpm>
            <Extensions>
              <ns3:TPX>
                <ns3:Speed>3.4800000190734863</ns3:Speed>
              </ns3:TPX>
            </Extensions>
          </Trackpoint>
          <Trackpoint>
            <Time>2026-08-03T15:12:18.000Z</Time>
            <Position>
              <LatitudeDegrees>44.28870415315032</LatitudeDegrees>
              <LongitudeDegrees>-81.59726486541331</LongitudeDegrees>
            </Position>
            <AltitudeMeters>178.1999969482422</AltitudeMeters>
            <DistanceMeters>2865.389892578125</DistanceMeters>
            <HeartRateBpm>
              <Value>80</Value>
            </HeartRateBpm>
            <Extensions>
              <ns3:TPX>
                <ns3:Speed>3.4800000190734863</ns3:Speed>
              </ns3:TPX>
            </Extensions>
          </Trackpoint>
          <Trackpoint>
            <Time>2026-08-03T15:12:23.000Z</Time>
            <Position>
              <LatitudeDegrees>44.288684874773026</LatitudeDegrees>
              <LongitudeDegrees>-81.59750224091113</LongitudeDegrees>
            </Position>
            <AltitudeMeters>178.1999969482422</AltitudeMeters>
            <DistanceMeters>2884.469970703125</DistanceMeters>
            <HeartRateBpm>
              <Value>77</Value>
            </HeartRateBpm>
            <Extensions>
              <ns3:TPX>
                <ns3:Speed>3.694999933242798</ns3:Speed>
              </ns3:TPX>
            </Extensions>
          </Trackpoint>
          <Trackpoint>
            <Time>2026-08-03T15:12:28.000Z</Time>
            <Position>
              <LatitudeDegrees>44.288649167865515</LatitudeDegrees>
              <LongitudeDegrees>-81.59773668274283</LongitudeDegrees>
            </Position>
            <AltitudeMeters>178.1999969482422</AltitudeMeters>
            <DistanceMeters>2903.56005859375</DistanceMeters>
            <HeartRateBpm>
              <Value>79</Value>
            </HeartRateBpm>
            <Extensions>
              <ns3:TPX>
                <ns3:Speed>3.9660000801086426</ns3:Speed>
              </ns3:TPX>
            </Extensions>
          </Trackpoint>
          <Trackpoint>
            <Time>2026-08-03T15:12:33.000Z</Time>
            <Position>
              <LatitudeDegrees>44.2886412050575</LatitudeDegrees>
              <LongitudeDegrees>-81.59794698469341</LongitudeDegrees>
            </Position>
            <AltitudeMeters>178.1999969482422</AltitudeMeters>
            <DistanceMeters>2920.93994140625</DistanceMeters>
            <HeartRateBpm>
              <Value>79</Value>
            </HeartRateBpm>
            <Extensions>
              <ns3:TPX>
                <ns3:Speed>3.630000114440918</ns3:Speed>
              </ns3:TPX>
            </Extensions>
          </Trackpoint>
          <Trackpoint>
            <Time>2026-08-03T15:12:37.000Z</Time>
            <Position>
              <LatitudeDegrees>44.2886586394161</LatitudeDegrees>
              <LongitudeDegrees>-81.59812367521226</LongitudeDegrees>
            </Position>
            <AltitudeMeters>178.60000610351562</AltitudeMeters>
            <DistanceMeters>2935.179931640625</DistanceMeters>
            <HeartRateBpm>
              <Value>78</Value>
            </HeartRateBpm>
            <Extensions>
              <ns3:TPX>
                <ns3:Speed>3.6019999980926514</ns3:Speed>
              </ns3:TPX>
            </Extensions>
          </Trackpoint>
          <Trackpoint>
            <Time>2026-08-03T15:12:40.000Z</Time>
            <Position>
              <LatitudeDegrees>44.288665344938636</LatitudeDegrees>
              <LongitudeDegrees>-81.59829097799957</LongitudeDegrees>
            </Position>
            <AltitudeMeters>178.60000610351562</AltitudeMeters>
            <DistanceMeters>2948.570068359375</DistanceMeters>
            <HeartRateBpm>
              <Value>80</Value>
            </HeartRateBpm>
            <Extensions>
              <ns3:TPX>
                <ns3:Speed>4.468999862670898</ns3:Speed>
              </ns3:TPX>
            </Extensions>
          </Trackpoint>
          <Trackpoint>
            <Time>2026-08-03T15:12:46.000Z</Time>
            <Position>
              <LatitudeDegrees>44.288700548931956</LatitudeDegrees>
              <LongitudeDegrees>-81.59863564185798</LongitudeDegrees>
            </Position>
            <AltitudeMeters>178.60000610351562</AltitudeMeters>
            <DistanceMeters>2976.419921875</DistanceMeters>
            <HeartRateBpm>
              <Value>78</Value>
            </HeartRateBpm>
            <Extensions>
              <ns3:TPX>
                <ns3:Speed>4.367000102996826</ns3:Speed>
              </ns3:TPX>
            </Extensions>
          </Trackpoint>
          <Trackpoint>
            <Time>2026-08-03T15:12:50.000Z</Time>
            <Position>
              <LatitudeDegrees>44.28870624862611</LatitudeDegrees>
              <LongitudeDegrees>-81.59879908896983</LongitudeDegrees>
            </Position>
            <AltitudeMeters>178.39999389648438</AltitudeMeters>
            <DistanceMeters>2989.47998046875</DistanceMeters>
            <HeartRateBpm>
              <Value>79</Value>
            </HeartRateBpm>
            <Extensions>
              <ns3:TPX>
                <ns3:Speed>3.134999990463257</ns3:Speed>
              </ns3:TPX>
            </Extensions>
          </Trackpoint>
          <Trackpoint>
            <Time>2026-08-03T15:12:56.000Z</Time>
            <Position>
              <LatitudeDegrees>44.28870666772127</LatitudeDegrees>
              <LongitudeDegrees>-81.59898960962892</LongitudeDegrees>
            </Position>
            <AltitudeMeters>178.39999389648438</AltitudeMeters>
            <DistanceMeters>3004.820068359375</DistanceMeters>
            <HeartRateBpm>
              <Value>80</Value>
            </HeartRateBpm>
            <Extensions>
              <ns3:TPX>
                <ns3:Speed>2.938999891281128</ns3:Speed>
              </ns3:TPX>
            </Extensions>
          </Trackpoint>
          <Trackpoint>
            <Time>2026-08-03T15:13:02.000Z</Time>
            <Position>
              <LatitudeDegrees>44.28869820199907</LatitudeDegrees>
              <LongitudeDegrees>-81.59916076809168</LongitudeDegrees>
            </Position>
            <AltitudeMeters>178.39999389648438</AltitudeMeters>
            <DistanceMeters>3018.72998046875</DistanceMeters>
            <HeartRateBpm>
              <Value>82</Value>
            </HeartRateBpm>
            <Extensions>
              <ns3:TPX>
                <ns3:Speed>2.444999933242798</ns3:Speed>
              </ns3:TPX>
            </Extensions>
          </Trackpoint>
          <Trackpoint>
            <Time>2026-08-03T15:13:03.000Z</Time>
            <Position>
              <LatitudeDegrees>44.28869132883847</LatitudeDegrees>
              <LongitudeDegrees>-81.59918650053442</LongitudeDegrees>
            </Position>
            <AltitudeMeters>178.39999389648438</AltitudeMeters>
            <DistanceMeters>3020.919921875</DistanceMeters>
            <HeartRateBpm>
              <Value>78</Value>
            </HeartRateBpm>
            <Extensions>
              <ns3:TPX>
                <ns3:Speed>2.434999942779541</ns3:Speed>
              </ns3:TPX>
            </Extensions>
          </Trackpoint>
          <Trackpoint>
            <Time>2026-08-03T15:13:08.000Z</Time>
            <Position>
              <LatitudeDegrees>44.28864070214331</LatitudeDegrees>
              <LongitudeDegrees>-81.5993424039334</LongitudeDegrees>
            </Position>
            <AltitudeMeters>178.1999969482422</AltitudeMeters>
            <DistanceMeters>3034.570068359375</DistanceMeters>
            <HeartRateBpm>
              <Value>79</Value>
            </HeartRateBpm>
            <Extensions>
              <ns3:TPX>
                <ns3:Speed>2.444999933242798</ns3:Speed>
              </ns3:TPX>
            </Extensions>
          </Trackpoint>
          <Trackpoint>
            <Time>2026-08-03T15:13:16.000Z</Time>
            <Position>
              <LatitudeDegrees>44.288593931123614</LatitudeDegrees>
              <LongitudeDegrees>-81.59962671808898</LongitudeDegrees>
            </Position>
            <AltitudeMeters>178.1999969482422</AltitudeMeters>
            <DistanceMeters>3057.97998046875</DistanceMeters>
            <HeartRateBpm>
              <Value>80</Value>
            </HeartRateBpm>
            <Extensions>
              <ns3:TPX>
                <ns3:Speed>2.882999897003174</ns3:Speed>
              </ns3:TPX>
            </Extensions>
          </Trackpoint>
          <Trackpoint>
            <Time>2026-08-03T15:13:22.000Z</Time>
            <Position>
              <LatitudeDegrees>44.288579262793064</LatitudeDegrees>
              <LongitudeDegrees>-81.59979754127562</LongitudeDegrees>
            </Position>
            <AltitudeMeters>178.1999969482422</AltitudeMeters>
            <DistanceMeters>3071.830078125</DistanceMeters>
            <HeartRateBpm>
              <Value>78</Value>
            </HeartRateBpm>
            <Extensions>
              <ns3:TPX>
                <ns3:Speed>2.5940001010894775</ns3:Speed>
              </ns3:TPX>
            </Extensions>
          </Trackpoint>
          <Trackpoint>
            <Time>2026-08-03T15:13:29.000Z</Time>
            <Position>
              <LatitudeDegrees>44.28857205435634</LatitudeDegrees>
              <LongitudeDegrees>-81.59999401308596</LongitudeDegrees>
            </Position>
            <AltitudeMeters>178.1999969482422</AltitudeMeters>
            <DistanceMeters>3087.60009765625</DistanceMeters>
            <HeartRateBpm>
              <Value>77</Value>
            </HeartRateBpm>
            <Extensions>
              <ns3:TPX>
                <ns3:Speed>2.3329999446868896</ns3:Speed>
              </ns3:TPX>
            </Extensions>
          </Trackpoint>
          <Trackpoint>
            <Time>2026-08-03T15:13:35.000Z</Time>
            <Position>
              <LatitudeDegrees>44.28859091363847</LatitudeDegrees>
              <LongitudeDegrees>-81.60015259869397</LongitudeDegrees>
            </Position>
            <AltitudeMeters>178.1999969482422</AltitudeMeters>
            <DistanceMeters>3100.47998046875</DistanceMeters>
            <HeartRateBpm>
              <Value>76</Value>
            </HeartRateBpm>
            <Extensions>
              <ns3:TPX>
                <ns3:Speed>2.127000093460083</ns3:Speed>
              </ns3:TPX>
            </Extensions>
          </Trackpoint>
          <Trackpoint>
            <Time>2026-08-03T15:13:37.000Z</Time>
            <Position>
              <LatitudeDegrees>44.28857917897403</LatitudeDegrees>
              <LongitudeDegrees>-81.60020330920815</LongitudeDegrees>
            </Position>
            <AltitudeMeters>178.1999969482422</AltitudeMeters>
            <DistanceMeters>3104.739990234375</DistanceMeters>
            <HeartRateBpm>
              <Value>79</Value>
            </HeartRateBpm>
            <Extensions>
              <ns3:TPX>
                <ns3:Speed>2.127000093460083</ns3:Speed>
              </ns3:TPX>
            </Extensions>
          </Trackpoint>
          <Trackpoint>
            <Time>2026-08-03T15:13:42.000Z</Time>
            <Position>
              <LatitudeDegrees>44.28853961639106</LatitudeDegrees>
              <LongitudeDegrees>-81.60034814849496</LongitudeDegrees>
            </Position>
            <AltitudeMeters>178.0</AltitudeMeters>
            <DistanceMeters>3117.1201171875</DistanceMeters>
            <HeartRateBpm>
              <Value>80</Value>
            </HeartRateBpm>
            <Extensions>
              <ns3:TPX>
                <ns3:Speed>2.249000072479248</ns3:Speed>
              </ns3:TPX>
            </Extensions>
          </Trackpoint>
          <Trackpoint>
            <Time>2026-08-03T15:13:47.000Z</Time>
            <Position>
              <LatitudeDegrees>44.28848144598305</LatitudeDegrees>
              <LongitudeDegrees>-81.60051561892033</LongitudeDegrees>
            </Position>
            <AltitudeMeters>178.0</AltitudeMeters>
            <DistanceMeters>3132.179931640625</DistanceMeters>
            <HeartRateBpm>
              <Value>79</Value>
            </HeartRateBpm>
            <Extensions>
              <ns3:TPX>
                <ns3:Speed>2.7339999675750732</ns3:Speed>
              </ns3:TPX>
            </Extensions>
          </Trackpoint>
          <Trackpoint>
            <Time>2026-08-03T15:13:53.000Z</Time>
            <Position>
              <LatitudeDegrees>44.288433166220784</LatitudeDegrees>
              <LongitudeDegrees>-81.60072357393801</LongitudeDegrees>
            </Position>
            <AltitudeMeters>178.0</AltitudeMeters>
            <DistanceMeters>3149.679931640625</DistanceMeters>
            <HeartRateBpm>
              <Value>75</Value>
            </HeartRateBpm>
            <Extensions>
              <ns3:TPX>
                <ns3:Speed>2.9860000610351562</ns3:Speed>
              </ns3:TPX>
            </Extensions>
          </Trackpoint>
          <Trackpoint>
            <Time>2026-08-03T15:13:54.000Z</Time>
            <Position>
              <LatitudeDegrees>44.28842461667955</LatitudeDegrees>
              <LongitudeDegrees>-81.6007568500936</LongitudeDegrees>
            </Position>
            <AltitudeMeters>178.0</AltitudeMeters>
            <DistanceMeters>3152.5</DistanceMeters>
            <HeartRateBpm>
              <Value>75</Value>
            </HeartRateBpm>
            <Extensions>
              <ns3:TPX>
                <ns3:Speed>2.9860000610351562</ns3:Speed>
              </ns3:TPX>
            </Extensions>
          </Trackpoint>
          <Trackpoint>
            <Time>2026-08-03T15:14:02.000Z</Time>
            <Position>
              <LatitudeDegrees>44.28837616927922</LatitudeDegrees>
              <LongitudeDegrees>-81.60101274959743</LongitudeDegrees>
            </Position>
            <AltitudeMeters>177.8000030517578</AltitudeMeters>
            <DistanceMeters>3173.6298828125</DistanceMeters>
            <HeartRateBpm>
              <Value>76</Value>
            </HeartRateBpm>
            <Extensions>
              <ns3:TPX>
                <ns3:Speed>2.743000030517578</ns3:Speed>
              </ns3:TPX>
            </Extensions>
          </Trackpoint>
          <Trackpoint>
            <Time>2026-08-03T15:14:08.000Z</Time>
            <Position>
              <LatitudeDegrees>44.288363764062524</LatitudeDegrees>
              <LongitudeDegrees>-81.60119505599141</LongitudeDegrees>
            </Position>
            <AltitudeMeters>177.60000610351562</AltitudeMeters>
            <DistanceMeters>3188.2900390625</DistanceMeters>
            <HeartRateBpm>
              <Value>76</Value>
            </HeartRateBpm>
            <Extensions>
              <ns3:TPX>
                <ns3:Speed>2.5290000438690186</ns3:Speed>
              </ns3:TPX>
            </Extensions>
          </Trackpoint>
          <Trackpoint>
            <Time>2026-08-03T15:14:16.000Z</Time>
            <Position>
              <LatitudeDegrees>44.28834641352296</LatitudeDegrees>
              <LongitudeDegrees>-81.60144047811627</LongitudeDegrees>
            </Position>
            <AltitudeMeters>177.8000030517578</AltitudeMeters>
            <DistanceMeters>3207.9599609375</DistanceMeters>
            <HeartRateBpm>
              <Value>79</Value>
            </HeartRateBpm>
            <Extensions>
              <ns3:TPX>
                <ns3:Speed>2.3889999389648438</ns3:Speed>
              </ns3:TPX>
            </Extensions>
          </Trackpoint>
          <Trackpoint>
            <Time>2026-08-03T15:14:18.000Z</Time>
            <Position>
              <LatitudeDegrees>44.2883409652859</LatitudeDegrees>
              <LongitudeDegrees>-81.60150040872395</LongitudeDegrees>
            </Position>
            <AltitudeMeters>177.60000610351562</AltitudeMeters>
            <DistanceMeters>3212.77001953125</DistanceMeters>
            <HeartRateBpm>
              <Value>80</Value>
            </HeartRateBpm>
            <Extensions>
              <ns3:TPX>
                <ns3:Speed>2.4070000648498535</ns3:Speed>
              </ns3:TPX>
            </Extensions>
          </Trackpoint>
          <Trackpoint>
            <Time>2026-08-03T15:14:25.000Z</Time>
            <Position>
              <LatitudeDegrees>44.28830919787288</LatitudeDegrees>
              <LongitudeDegrees>-81.60166922025383</LongitudeDegrees>
            </Position>
            <AltitudeMeters>177.60000610351562</AltitudeMeters>
            <DistanceMeters>3226.6298828125</DistanceMeters>
            <HeartRateBpm>
              <Value>81</Value>
            </HeartRateBpm>
            <Extensions>
              <ns3:TPX>
                <ns3:Speed>2.257999897003174</ns3:Speed>
              </ns3:TPX>
            </Extensions>
          </Trackpoint>
          <Trackpoint>
            <Time>2026-08-03T15:14:26.000Z</Time>
            <Position>
              <LatitudeDegrees>44.288313053548336</LatitudeDegrees>
              <LongitudeDegrees>-81.6016947850585</LongitudeDegrees>
            </Position>
            <AltitudeMeters>177.60000610351562</AltitudeMeters>
            <DistanceMeters>3228.719970703125</DistanceMeters>
            <HeartRateBpm>
              <Value>81</Value>
            </HeartRateBpm>
            <Extensions>
              <ns3:TPX>
                <ns3:Speed>2.2300000190734863</ns3:Speed>
              </ns3:TPX>
            </Extensions>
          </Trackpoint>
          <Trackpoint>
            <Time>2026-08-03T15:14:29.000Z</Time>
            <Position>
              <LatitudeDegrees>44.288325207307935</LatitudeDegrees>
              <LongitudeDegrees>-81.60172378644347</LongitudeDegrees>
            </Position>
            <AltitudeMeters>177.60000610351562</AltitudeMeters>
            <DistanceMeters>3231.3798828125</DistanceMeters>
            <HeartRateBpm>
              <Value>81</Value>
            </HeartRateBpm>
            <Extensions>
              <ns3:TPX>
                <ns3:Speed>0.7459999918937683</ns3:Speed>
              </ns3:TPX>
            </Extensions>
          </Trackpoint>
          <Trackpoint>
            <Time>2026-08-03T15:14:30.000Z</Time>
            <Position>
              <LatitudeDegrees>44.28832830861211</LatitudeDegrees>
              <LongitudeDegrees>-81.60172428935766</LongitudeDegrees>
            </Position>
            <AltitudeMeters>177.60000610351562</AltitudeMeters>
            <DistanceMeters>3231.719970703125</DistanceMeters>
            <HeartRateBpm>
              <Value>81</Value>
            </HeartRateBpm>
            <Extensions>
              <ns3:TPX>
                <ns3:Speed>0.7369999885559082</ns3:Speed>
              </ns3:TPX>
            </Extensions>
          </Trackpoint>
          <Trackpoint>
            <Time>2026-08-03T15:14:34.000Z</Time>
            <Position>
              <LatitudeDegrees>44.28832143545151</LatitudeDegrees>
              <LongitudeDegrees>-81.60170735791326</LongitudeDegrees>
            </Position>
            <AltitudeMeters>176.8000030517578</AltitudeMeters>
            <DistanceMeters>3233.93994140625</DistanceMeters>
            <HeartRateBpm>
              <Value>82</Value>
            </HeartRateBpm>
            <Extensions>
              <ns3:TPX>
                <ns3:Speed>1.1100000143051147</ns3:Speed>
              </ns3:TPX>
            </Extensions>
          </Trackpoint>
          <Trackpoint>
            <Time>2026-08-03T15:14:39.000Z</Time>
            <Position>
              <LatitudeDegrees>44.28832529112697</LatitudeDegrees>
              <LongitudeDegrees>-81.60164935514331</LongitudeDegrees>
            </Position>
            <AltitudeMeters>176.8000030517578</AltitudeMeters>
            <DistanceMeters>3238.909912109375</DistanceMeters>
            <HeartRateBpm>
              <Value>85</Value>
            </HeartRateBpm>
            <Extensions>
              <ns3:TPX>
                <ns3:Speed>1.305999994277954</ns3:Speed>
              </ns3:TPX>
            </Extensions>
          </Trackpoint>
          <Trackpoint>
            <Time>2026-08-03T15:14:40.000Z</Time>
            <Position>
              <LatitudeDegrees>44.28832923062146</LatitudeDegrees>
              <LongitudeDegrees>-81.60162940621376</LongitudeDegrees>
            </Position>
            <AltitudeMeters>176.8000030517578</AltitudeMeters>
            <DistanceMeters>3240.56005859375</DistanceMeters>
            <HeartRateBpm>
              <Value>87</Value>
            </HeartRateBpm>
            <Extensions>
              <ns3:TPX>
                <ns3:Speed>1.465000033378601</ns3:Speed>
              </ns3:TPX>
            </Extensions>
          </Trackpoint>
          <Trackpoint>
            <Time>2026-08-03T15:14:41.000Z</Time>
            <Position>
              <LatitudeDegrees>44.28832998499274</LatitudeDegrees>
              <LongitudeDegrees>-81.60160451196134</LongitudeDegrees>
            </Position>
            <AltitudeMeters>176.8000030517578</AltitudeMeters>
            <DistanceMeters>3242.5400390625</DistanceMeters>
            <HeartRateBpm>
              <Value>88</Value>
            </HeartRateBpm>
            <Extensions>
              <ns3:TPX>
                <ns3:Speed>1.6610000133514404</ns3:Speed>
              </ns3:TPX>
            </Extensions>
          </Trackpoint>
          <Trackpoint>
            <Time>2026-08-03T15:14:45.000Z</Time>
            <Position>
              <LatitudeDegrees>44.28836015984416</LatitudeDegrees>
              <LongitudeDegrees>-81.60150652751327</LongitudeDegrees>
            </Position>
            <AltitudeMeters>176.8000030517578</AltitudeMeters>
            <DistanceMeters>3251.06005859375</DistanceMeters>
            <HeartRateBpm>
              <Value>91</Value>
            </HeartRateBpm>
            <Extensions>
              <ns3:TPX>
                <ns3:Speed>2.2860000133514404</ns3:Speed>
              </ns3:TPX>
            </Extensions>
          </Trackpoint>
          <Trackpoint>
            <Time>2026-08-03T15:14:50.000Z</Time>
            <Position>
              <LatitudeDegrees>44.28836292587221</LatitudeDegrees>
              <LongitudeDegrees>-81.60133277066052</LongitudeDegrees>
            </Position>
            <AltitudeMeters>177.1999969482422</AltitudeMeters>
            <DistanceMeters>3264.949951171875</DistanceMeters>
            <HeartRateBpm>
              <Value>93</Value>
            </HeartRateBpm>
            <Extensions>
              <ns3:TPX>
                <ns3:Speed>2.5290000438690186</ns3:Speed>
              </ns3:TPX>
            </Extensions>
          </Trackpoint>
          <Trackpoint>
            <Time>2026-08-03T15:14:55.000Z</Time>
            <Position>
              <LatitudeDegrees>44.288364769890904</LatitudeDegrees>
              <LongitudeDegrees>-81.60116404294968</LongitudeDegrees>
            </Position>
            <AltitudeMeters>177.1999969482422</AltitudeMeters>
            <DistanceMeters>3278.510009765625</DistanceMeters>
            <HeartRateBpm>
              <Value>97</Value>
            </HeartRateBpm>
            <Extensions>
              <ns3:TPX>
                <ns3:Speed>2.687000036239624</ns3:Speed>
              </ns3:TPX>
            </Extensions>
          </Trackpoint>
          <Trackpoint>
            <Time>2026-08-03T15:14:56.000Z</Time>
            <Position>
              <LatitudeDegrees>44.288354543969035</LatitudeDegrees>
              <LongitudeDegrees>-81.60112272016704</LongitudeDegrees>
            </Position>
            <AltitudeMeters>177.1999969482422</AltitudeMeters>
            <DistanceMeters>3281.97998046875</DistanceMeters>
            <HeartRateBpm>
              <Value>97</Value>
            </HeartRateBpm>
            <Extensions>
              <ns3:TPX>
                <ns3:Speed>2.687000036239624</ns3:Speed>
              </ns3:TPX>
            </Extensions>
          </Trackpoint>
          <Trackpoint>
            <Time>2026-08-03T15:15:01.000Z</Time>
            <Position>
              <LatitudeDegrees>44.28834155201912</LatitudeDegrees>
              <LongitudeDegrees>-81.60098793916404</LongitudeDegrees>
            </Position>
            <AltitudeMeters>177.39999389648438</AltitudeMeters>
            <DistanceMeters>3292.830078125</DistanceMeters>
            <HeartRateBpm>
              <Value>96</Value>
            </HeartRateBpm>
            <Extensions>
              <ns3:TPX>
                <ns3:Speed>2.434999942779541</ns3:Speed>
              </ns3:TPX>
            </Extensions>
          </Trackpoint>
          <Trackpoint>
            <Time>2026-08-03T15:15:07.000Z</Time>
            <Position>
              <LatitudeDegrees>44.28832981735468</LatitudeDegrees>
              <LongitudeDegrees>-81.60082172602415</LongitudeDegrees>
            </Position>
            <AltitudeMeters>177.39999389648438</AltitudeMeters>
            <DistanceMeters>3306.419921875</DistanceMeters>
            <HeartRateBpm>
              <Value>96</Value>
            </HeartRateBpm>
            <Extensions>
              <ns3:TPX>
                <ns3:Speed>2.118000030517578</ns3:Speed>
              </ns3:TPX>
            </Extensions>
          </Trackpoint>
          <Trackpoint>
            <Time>2026-08-03T15:15:14.000Z</Time>
            <Position>
              <LatitudeDegrees>44.28831674158573</LatitudeDegrees>
              <LongitudeDegrees>-81.60063640214503</LongitudeDegrees>
            </Position>
            <AltitudeMeters>178.0</AltitudeMeters>
            <DistanceMeters>3321.360107421875</DistanceMeters>
            <HeartRateBpm>
              <Value>99</Value>
            </HeartRateBpm>
            <Extensions>
              <ns3:TPX>
                <ns3:Speed>2.118000030517578</ns3:Speed>
              </ns3:TPX>
            </Extensions>
          </Trackpoint>
          <Trackpoint>
            <Time>2026-08-03T15:15:15.000Z</Time>
            <Position>
              <LatitudeDegrees>44.28832093253732</LatitudeDegrees>
              <LongitudeDegrees>-81.60061419010162</LongitudeDegrees>
            </Position>
            <AltitudeMeters>178.0</AltitudeMeters>
            <DistanceMeters>3323.14990234375</DistanceMeters>
            <HeartRateBpm>
              <Value>99</Value>
            </HeartRateBpm>
            <Extensions>
              <ns3:TPX>
                <ns3:Speed>2.00600004196167</ns3:Speed>
              </ns3:TPX>
            </Extensions>
          </Trackpoint>
          <Trackpoint>
            <Time>2026-08-03T15:15:24.000Z</Time>
            <Position>
              <LatitudeDegrees>44.28833618760109</LatitudeDegrees>
              <LongitudeDegrees>-81.60037488676608</LongitudeDegrees>
            </Position>
            <AltitudeMeters>178.1999969482422</AltitudeMeters>
            <DistanceMeters>3342.219970703125</DistanceMeters>
            <HeartRateBpm>
              <Value>99</Value>
            </HeartRateBpm>
            <Extensions>
              <ns3:TPX>
                <ns3:Speed>2.0810000896453857</ns3:Speed>
              </ns3:TPX>
            </Extensions>
          </Trackpoint>
          <Trackpoint>
            <Time>2026-08-03T15:15:27.000Z</Time>
            <Position>
              <LatitudeDegrees>44.28833467885852</LatitudeDegrees>
              <LongitudeDegrees>-81.60029173828661</LongitudeDegrees>
            </Position>
            <AltitudeMeters>178.39999389648438</AltitudeMeters>
            <DistanceMeters>3348.85009765625</DistanceMeters>
            <HeartRateBpm>
              <Value>95</Value>
            </HeartRateBpm>
            <Extensions>
              <ns3:TPX>
                <ns3:Speed>2.1649999618530273</ns3:Speed>
              </ns3:TPX>
            </Extensions>
          </Trackpoint>
          <Trackpoint>
            <Time>2026-08-03T15:15:28.000Z</Time>
            <Position>
              <LatitudeDegrees>44.28833576850593</LatitudeDegrees>
              <LongitudeDegrees>-81.6002631559968</LongitudeDegrees>
            </Position>
            <AltitudeMeters>178.1999969482422</AltitudeMeters>
            <DistanceMeters>3351.1298828125</DistanceMeters>
            <HeartRateBpm>
              <Value>92</Value>
            </HeartRateBpm>
            <Extensions>
              <ns3:TPX>
                <ns3:Speed>2.1649999618530273</ns3:Speed>
              </ns3:TPX>
            </Extensions>
          </Trackpoint>
          <Trackpoint>
            <Time>2026-08-03T15:15:30.000Z</Time>
            <Position>
              <LatitudeDegrees>44.28834205493331</LatitudeDegrees>
              <LongitudeDegrees>-81.60020825453103</LongitudeDegrees>
            </Position>
            <AltitudeMeters>178.1999969482422</AltitudeMeters>
            <DistanceMeters>3355.5400390625</DistanceMeters>
            <HeartRateBpm>
              <Value>89</Value>
            </HeartRateBpm>
            <Extensions>
              <ns3:TPX>
                <ns3:Speed>2.2109999656677246</ns3:Speed>
              </ns3:TPX>
            </Extensions>
          </Trackpoint>
          <Trackpoint>
            <Time>2026-08-03T15:15:32.000Z</Time>
            <Position>
              <LatitudeDegrees>44.28834884427488</LatitudeDegrees>
              <LongitudeDegrees>-81.60015762783587</LongitudeDegrees>
            </Position>
            <AltitudeMeters>178.1999969482422</AltitudeMeters>
            <DistanceMeters>3359.639892578125</DistanceMeters>
            <HeartRateBpm>
              <Value>88</Value>
            </HeartRateBpm>
            <Extensions>
              <ns3:TPX>
                <ns3:Speed>2.2209999561309814</ns3:Speed>
              </ns3:TPX>
            </Extensions>
          </Trackpoint>
          <Trackpoint>
            <Time>2026-08-03T15:15:38.000Z</Time>
            <Position>
              <LatitudeDegrees>44.288342809304595</LatitudeDegrees>
              <LongitudeDegrees>-81.59997490234673</LongitudeDegrees>
            </Position>
            <AltitudeMeters>178.1999969482422</AltitudeMeters>
            <DistanceMeters>3374.2900390625</DistanceMeters>
            <HeartRateBpm>
              <Value>86</Value>
            </HeartRateBpm>
            <Extensions>
              <ns3:TPX>
                <ns3:Speed>2.2769999504089355</ns3:Speed>
              </ns3:TPX>
            </Extensions>
          </Trackpoint>
          <Trackpoint>
            <Time>2026-08-03T15:15:46.000Z</Time>
            <Position>
              <LatitudeDegrees>44.28832529112697</LatitudeDegrees>
              <LongitudeDegrees>-81.59976275637746</LongitudeDegrees>
            </Position>
            <AltitudeMeters>178.0</AltitudeMeters>
            <DistanceMeters>3391.31005859375</DistanceMeters>
            <HeartRateBpm>
              <Value>83</Value>
            </HeartRateBpm>
            <Extensions>
              <ns3:TPX>
                <ns3:Speed>2.3420000076293945</ns3:Speed>
              </ns3:TPX>
            </Extensions>
          </Trackpoint>
          <Trackpoint>
            <Time>2026-08-03T15:15:53.000Z</Time>
            <Position>
              <LatitudeDegrees>44.28830115124583</LatitudeDegrees>
              <LongitudeDegrees>-81.59954055212438</LongitudeDegrees>
            </Position>
            <AltitudeMeters>178.1999969482422</AltitudeMeters>
            <DistanceMeters>3409.260009765625</DistanceMeters>
            <HeartRateBpm>
              <Value>81</Value>
            </HeartRateBpm>
            <Extensions>
              <ns3:TPX>
                <ns3:Speed>2.5190000534057617</ns3:Speed>
              </ns3:TPX>
            </Extensions>
          </Trackpoint>
          <Trackpoint>
            <Time>2026-08-03T15:16:01.000Z</Time>
            <Position>
              <LatitudeDegrees>44.28826209157705</LatitudeDegrees>
              <LongitudeDegrees>-81.59928699955344</LongitudeDegrees>
            </Position>
            <AltitudeMeters>178.1999969482422</AltitudeMeters>
            <DistanceMeters>3430.1298828125</DistanceMeters>
            <HeartRateBpm>
              <Value>81</Value>
            </HeartRateBpm>
            <Extensions>
              <ns3:TPX>
                <ns3:Speed>1.9589999914169312</ns3:Speed>
              </ns3:TPX>
            </Extensions>
          </Trackpoint>
          <Trackpoint>
            <Time>2026-08-03T15:16:02.000Z</Time>
            <Position>
              <LatitudeDegrees>44.2882527038455</LatitudeDegrees>
              <LongitudeDegrees>-81.59925925545394</LongitudeDegrees>
            </Position>
            <AltitudeMeters>178.1999969482422</AltitudeMeters>
            <DistanceMeters>3432.580078125</DistanceMeters>
            <HeartRateBpm>
              <Value>81</Value>
            </HeartRateBpm>
            <Extensions>
              <ns3:TPX>
                <ns3:Speed>2.500999927520752</ns3:Speed>
              </ns3:TPX>
            </Extensions>
          </Trackpoint>
          <Trackpoint>
            <Time>2026-08-03T15:16:07.000Z</Time>
            <Position>
              <LatitudeDegrees>44.288244070485234</LatitudeDegrees>
              <LongitudeDegrees>-81.59909941256046</LongitudeDegrees>
            </Position>
            <AltitudeMeters>178.1999969482422</AltitudeMeters>
            <DistanceMeters>3445.360107421875</DistanceMeters>
            <HeartRateBpm>
              <Value>81</Value>
            </HeartRateBpm>
            <Extensions>
              <ns3:TPX>
                <ns3:Speed>2.4260001182556152</ns3:Speed>
              </ns3:TPX>
            </Extensions>
          </Trackpoint>
          <Trackpoint>
            <Time>2026-08-03T15:16:16.000Z</Time>
            <Position>
              <LatitudeDegrees>44.28821615874767</LatitudeDegrees>
              <LongitudeDegrees>-81.59877737984061</LongitudeDegrees>
            </Position>
            <AltitudeMeters>177.8000030517578</AltitudeMeters>
            <DistanceMeters>3471.090087890625</DistanceMeters>
            <HeartRateBpm>
              <Value>79</Value>
            </HeartRateBpm>
            <Extensions>
              <ns3:TPX>
                <ns3:Speed>2.565999984741211</ns3:Speed>
              </ns3:TPX>
            </Extensions>
          </Trackpoint>
          <Trackpoint>
            <Time>2026-08-03T15:16:22.000Z</Time>
            <Position>
              <LatitudeDegrees>44.288217667490244</LatitudeDegrees>
              <LongitudeDegrees>-81.59857613034546</LongitudeDegrees>
            </Position>
            <AltitudeMeters>178.1999969482422</AltitudeMeters>
            <DistanceMeters>3487.070068359375</DistanceMeters>
            <HeartRateBpm>
              <Value>79</Value>
            </HeartRateBpm>
            <Extensions>
              <ns3:TPX>
                <ns3:Speed>2.7709999084472656</ns3:Speed>
              </ns3:TPX>
            </Extensions>
          </Trackpoint>
          <Trackpoint>
            <Time>2026-08-03T15:16:28.000Z</Time>
            <Position>
              <LatitudeDegrees>44.28824373520911</LatitudeDegrees>
              <LongitudeDegrees>-81.59835233353078</LongitudeDegrees>
            </Position>
            <AltitudeMeters>178.1999969482422</AltitudeMeters>
            <DistanceMeters>3505.06005859375</DistanceMeters>
            <HeartRateBpm>
              <Value>80</Value>
            </HeartRateBpm>
            <Extensions>
              <ns3:TPX>
                <ns3:Speed>3.0789999961853027</ns3:Speed>
              </ns3:TPX>
            </Extensions>
          </Trackpoint>
          <Trackpoint>
            <Time>2026-08-03T15:16:33.000Z</Time>
            <Position>
              <LatitudeDegrees>44.288258738815784</LatitudeDegrees>
              <LongitudeDegrees>-81.5981359127909</LongitudeDegrees>
            </Position>
            <AltitudeMeters>178.39999389648438</AltitudeMeters>
            <DistanceMeters>3522.489990234375</DistanceMeters>
            <HeartRateBpm>
              <Value>81</Value>
            </HeartRateBpm>
            <Extensions>
              <ns3:TPX>
                <ns3:Speed>3.378000020980835</ns3:Speed>
              </ns3:TPX>
            </Extensions>
          </Trackpoint>
          <Trackpoint>
            <Time>2026-08-03T15:16:34.000Z</Time>
            <Position>
              <LatitudeDegrees>44.288266617804766</LatitudeDegrees>
              <LongitudeDegrees>-81.59809668548405</LongitudeDegrees>
            </Position>
            <AltitudeMeters>178.60000610351562</AltitudeMeters>
            <DistanceMeters>3525.68994140625</DistanceMeters>
            <HeartRateBpm>
              <Value>81</Value>
            </HeartRateBpm>
            <Extensions>
              <ns3:TPX>
                <ns3:Speed>3.378000020980835</ns3:Speed>
              </ns3:TPX>
            </Extensions>
          </Trackpoint>
          <Trackpoint>
            <Time>2026-08-03T15:16:40.000Z</Time>
            <Position>
              <LatitudeDegrees>44.28835613653064</LatitudeDegrees>
              <LongitudeDegrees>-81.59786886535585</LongitudeDegrees>
            </Position>
            <AltitudeMeters>178.8000030517578</AltitudeMeters>
            <DistanceMeters>3546.409912109375</DistanceMeters>
            <HeartRateBpm>
              <Value>82</Value>
            </HeartRateBpm>
            <Extensions>
              <ns3:TPX>
                <ns3:Speed>3.3399999141693115</ns3:Speed>
              </ns3:TPX>
            </Extensions>
          </Trackpoint>
          <Trackpoint>
            <Time>2026-08-03T15:16:46.000Z</Time>
            <Position>
              <LatitudeDegrees>44.28848588839173</LatitudeDegrees>
              <LongitudeDegrees>-81.59766459837556</LongitudeDegrees>
            </Position>
            <AltitudeMeters>178.60000610351562</AltitudeMeters>
            <DistanceMeters>3568.300048828125</DistanceMeters>
            <HeartRateBpm>
              <Value>80</Value>
            </HeartRateBpm>
            <Extensions>
              <ns3:TPX>
                <ns3:Speed>3.6670000553131104</ns3:Speed>
              </ns3:TPX>
            </Extensions>
          </Trackpoint>
          <Trackpoint>
            <Time>2026-08-03T15:16:48.000Z</Time>
            <Position>
              <LatitudeDegrees>44.288537269458175</LatitudeDegrees>
              <LongitudeDegrees>-81.59759980626404</LongitudeDegrees>
            </Position>
            <AltitudeMeters>178.60000610351562</AltitudeMeters>
            <DistanceMeters>3576.02001953125</DistanceMeters>
            <HeartRateBpm>
              <Value>83</Value>
            </HeartRateBpm>
            <Extensions>
              <ns3:TPX>
                <ns3:Speed>3.686000108718872</ns3:Speed>
              </ns3:TPX>
            </Extensions>
          </Trackpoint>
          <Trackpoint>
            <Time>2026-08-03T15:16:52.000Z</Time>
            <Position>
              <LatitudeDegrees>44.28861262276769</LatitudeDegrees>
              <LongitudeDegrees>-81.59746024757624</LongitudeDegrees>
            </Position>
            <AltitudeMeters>178.39999389648438</AltitudeMeters>
            <DistanceMeters>3589.989990234375</DistanceMeters>
            <HeartRateBpm>
              <Value>86</Value>
            </HeartRateBpm>
            <Extensions>
              <ns3:TPX>
                <ns3:Speed>3.694999933242798</ns3:Speed>
              </ns3:TPX>
            </Extensions>
          </Trackpoint>
          <Trackpoint>
            <Time>2026-08-03T15:16:53.000Z</Time>
            <Position>
              <LatitudeDegrees>44.288631565868855</LatitudeDegrees>
              <LongitudeDegrees>-81.5974242053926</LongitudeDegrees>
            </Position>
            <AltitudeMeters>178.39999389648438</AltitudeMeters>
            <DistanceMeters>3593.550048828125</DistanceMeters>
            <HeartRateBpm>
              <Value>85</Value>
            </HeartRateBpm>
            <Extensions>
              <ns3:TPX>
                <ns3:Speed>3.686000108718872</ns3:Speed>
              </ns3:TPX>
            </Extensions>
          </Trackpoint>
          <Trackpoint>
            <Time>2026-08-03T15:16:54.000Z</Time>
            <Position>
              <LatitudeDegrees>44.28865235298872</LatitudeDegrees>
              <LongitudeDegrees>-81.59738942049444</LongitudeDegrees>
            </Position>
            <AltitudeMeters>178.1999969482422</AltitudeMeters>
            <DistanceMeters>3597.169921875</DistanceMeters>
            <HeartRateBpm>
              <Value>88</Value>
            </HeartRateBpm>
            <Extensions>
              <ns3:TPX>
                <ns3:Speed>3.6579999923706055</ns3:Speed>
              </ns3:TPX>
            </Extensions>
          </Trackpoint>
          <Trackpoint>
            <Time>2026-08-03T15:17:02.000Z</Time>
            <Position>
              <LatitudeDegrees>44.28879451006651</LatitudeDegrees>
              <LongitudeDegrees>-81.59713293425739</LongitudeDegrees>
            </Position>
            <AltitudeMeters>178.60000610351562</AltitudeMeters>
            <DistanceMeters>3623.06005859375</DistanceMeters>
            <HeartRateBpm>
              <Value>89</Value>
            </HeartRateBpm>
            <Extensions>
              <ns3:TPX>
                <ns3:Speed>3.322000026702881</ns3:Speed>
              </ns3:TPX>
            </Extensions>
          </Trackpoint>
          <Trackpoint>
            <Time>2026-08-03T15:17:09.000Z</Time>
            <Position>
              <LatitudeDegrees>44.28892015479505</LatitudeDegrees>
              <LongitudeDegrees>-81.59698130562901</LongitudeDegrees>
            </Position>
            <AltitudeMeters>179.0</AltitudeMeters>
            <DistanceMeters>3641.679931640625</DistanceMeters>
            <HeartRateBpm>
              <Value>89</Value>
            </HeartRateBpm>
            <Extensions>
              <ns3:TPX>
                <ns3:Speed>2.930000066757202</ns3:Speed>
              </ns3:TPX>
            </Extensions>
          </Trackpoint>
          <Trackpoint>
            <Time>2026-08-03T15:17:14.000Z</Time>
            <Position>
              <LatitudeDegrees>44.28898176178336</LatitudeDegrees>
              <LongitudeDegrees>-81.59682548604906</LongitudeDegrees>
            </Position>
            <AltitudeMeters>179.0</AltitudeMeters>
            <DistanceMeters>3656.31005859375</DistanceMeters>
            <HeartRateBpm>
              <Value>88</Value>
            </HeartRateBpm>
            <Extensions>
              <ns3:TPX>
                <ns3:Speed>2.930000066757202</ns3:Speed>
              </ns3:TPX>
            </Extensions>
          </Trackpoint>
          <Trackpoint>
            <Time>2026-08-03T15:17:16.000Z</Time>
            <Position>
              <LatitudeDegrees>44.288981929421425</LatitudeDegrees>
              <LongitudeDegrees>-81.59675289876759</LongitudeDegrees>
            </Position>
            <AltitudeMeters>179.0</AltitudeMeters>
            <DistanceMeters>3662.050048828125</DistanceMeters>
            <HeartRateBpm>
              <Value>87</Value>
            </HeartRateBpm>
            <Extensions>
              <ns3:TPX>
                <ns3:Speed>2.874000072479248</ns3:Speed>
              </ns3:TPX>
            </Extensions>
          </Trackpoint>
          <Trackpoint>
            <Time>2026-08-03T15:17:22.000Z</Time>
            <Position>
              <LatitudeDegrees>44.288991736248136</LatitudeDegrees>
              <LongitudeDegrees>-81.59649264067411</LongitudeDegrees>
            </Position>
            <AltitudeMeters>179.0</AltitudeMeters>
            <DistanceMeters>3682.860107421875</DistanceMeters>
            <HeartRateBpm>
              <Value>85</Value>
            </HeartRateBpm>
            <Extensions>
              <ns3:TPX>
                <ns3:Speed>3.5920000076293945</ns3:Speed>
              </ns3:TPX>
            </Extensions>
          </Trackpoint>
          <Trackpoint>
            <Time>2026-08-03T15:17:27.000Z</Time>
            <Position>
              <LatitudeDegrees>44.2889934964478</LatitudeDegrees>
              <LongitudeDegrees>-81.59623799845576</LongitudeDegrees>
            </Position>
            <AltitudeMeters>179.1999969482422</AltitudeMeters>
            <DistanceMeters>3703.199951171875</DistanceMeters>
            <HeartRateBpm>
              <Value>82</Value>
            </HeartRateBpm>
            <Extensions>
              <ns3:TPX>
                <ns3:Speed>3.8440001010894775</ns3:Speed>
              </ns3:TPX>
            </Extensions>
          </Trackpoint>
          <Trackpoint>
            <Time>2026-08-03T15:17:30.000Z</Time>
            <Position>
              <LatitudeDegrees>44.28898360580206</LatitudeDegrees>
              <LongitudeDegrees>-81.5960996132344</LongitudeDegrees>
            </Position>
            <AltitudeMeters>179.0</AltitudeMeters>
            <DistanceMeters>3714.2900390625</DistanceMeters>
            <HeartRateBpm>
              <Value>83</Value>
            </HeartRateBpm>
            <Extensions>
              <ns3:TPX>
                <ns3:Speed>3.8910000324249268</ns3:Speed>
              </ns3:TPX>
            </Extensions>
          </Trackpoint>
          <Trackpoint>
            <Time>2026-08-03T15:17:33.000Z</Time>
            <Position>
              <LatitudeDegrees>44.28897916339338</LatitudeDegrees>
              <LongitudeDegrees>-81.59598620608449</LongitudeDegrees>
            </Position>
            <AltitudeMeters>179.0</AltitudeMeters>
            <DistanceMeters>3723.3701171875</DistanceMeters>
            <HeartRateBpm>
              <Value>86</Value>
            </HeartRateBpm>
            <Extensions>
              <ns3:TPX>
                <ns3:Speed>2.882999897003174</ns3:Speed>
              </ns3:TPX>
            </Extensions>
          </Trackpoint>
          <Trackpoint>
            <Time>2026-08-03T15:17:35.000Z</Time>
            <Position>
              <LatitudeDegrees>44.288974553346634</LatitudeDegrees>
              <LongitudeDegrees>-81.59591060131788</LongitudeDegrees>
            </Position>
            <AltitudeMeters>179.0</AltitudeMeters>
            <DistanceMeters>3729.43994140625</DistanceMeters>
            <HeartRateBpm>
              <Value>85</Value>
            </HeartRateBpm>
            <Extensions>
              <ns3:TPX>
                <ns3:Speed>3.1540000438690186</ns3:Speed>
              </ns3:TPX>
            </Extensions>
          </Trackpoint>
          <Trackpoint>
            <Time>2026-08-03T15:17:40.000Z</Time>
            <Position>
              <LatitudeDegrees>44.288992239162326</LatitudeDegrees>
              <LongitudeDegrees>-81.59573474898934</LongitudeDegrees>
            </Position>
            <AltitudeMeters>179.0</AltitudeMeters>
            <DistanceMeters>3743.52001953125</DistanceMeters>
            <HeartRateBpm>
              <Value>88</Value>
            </HeartRateBpm>
            <Extensions>
              <ns3:TPX>
                <ns3:Speed>2.9579999446868896</ns3:Speed>
              </ns3:TPX>
            </Extensions>
          </Trackpoint>
          <Trackpoint>
            <Time>2026-08-03T15:17:42.000Z</Time>
            <Position>
              <LatitudeDegrees>44.288989221677184</LatitudeDegrees>
              <LongitudeDegrees>-81.59565051086247</LongitudeDegrees>
            </Position>
            <AltitudeMeters>179.0</AltitudeMeters>
            <DistanceMeters>3750.260009765625</DistanceMeters>
            <HeartRateBpm>
              <Value>92</Value>
            </HeartRateBpm>
            <Extensions>
              <ns3:TPX>
                <ns3:Speed>3.0139999389648438</ns3:Speed>
              </ns3:TPX>
            </Extensions>
          </Trackpoint>
          <Trackpoint>
            <Time>2026-08-03T15:17:50.000Z</Time>
            <Position>
              <LatitudeDegrees>44.28900271654129</LatitudeDegrees>
              <LongitudeDegrees>-81.59529922530055</LongitudeDegrees>
            </Position>
            <AltitudeMeters>179.1999969482422</AltitudeMeters>
            <DistanceMeters>3778.3701171875</DistanceMeters>
            <HeartRateBpm>
              <Value>94</Value>
            </HeartRateBpm>
            <Extensions>
              <ns3:TPX>
                <ns3:Speed>3.5269999504089355</ns3:Speed>
              </ns3:TPX>
            </Extensions>
          </Trackpoint>
          <Trackpoint>
            <Time>2026-08-03T15:17:57.000Z</Time>
            <Position>
              <LatitudeDegrees>44.28901654668152</LatitudeDegrees>
              <LongitudeDegrees>-81.59493997693062</LongitudeDegrees>
            </Position>
            <AltitudeMeters>179.39999389648438</AltitudeMeters>
            <DistanceMeters>3807.110107421875</DistanceMeters>
            <HeartRateBpm>
              <Value>92</Value>
            </HeartRateBpm>
            <Extensions>
              <ns3:TPX>
                <ns3:Speed>4.2170000076293945</ns3:Speed>
              </ns3:TPX>
            </Extensions>
          </Trackpoint>
          <Trackpoint>
            <Time>2026-08-03T15:18:04.000Z</Time>
            <Position>
              <LatitudeDegrees>44.28907790221274</LatitudeDegrees>
              <LongitudeDegrees>-81.59456371329725</LongitudeDegrees>
            </Position>
            <AltitudeMeters>179.39999389648438</AltitudeMeters>
            <DistanceMeters>3838.0</DistanceMeters>
            <HeartRateBpm>
              <Value>90</Value>
            </HeartRateBpm>
            <Extensions>
              <ns3:TPX>
                <ns3:Speed>4.35699987411499</ns3:Speed>
              </ns3:TPX>
            </Extensions>
          </Trackpoint>
          <Trackpoint>
            <Time>2026-08-03T15:18:10.000Z</Time>
            <Position>
              <LatitudeDegrees>44.289162224158645</LatitudeDegrees>
              <LongitudeDegrees>-81.5942398365587</LongitudeDegrees>
            </Position>
            <AltitudeMeters>179.60000610351562</AltitudeMeters>
            <DistanceMeters>3865.510009765625</DistanceMeters>
            <HeartRateBpm>
              <Value>89</Value>
            </HeartRateBpm>
            <Extensions>
              <ns3:TPX>
                <ns3:Speed>4.479000091552734</ns3:Speed>
              </ns3:TPX>
            </Extensions>
          </Trackpoint>
          <Trackpoint>
            <Time>2026-08-03T15:18:11.000Z</Time>
            <Position>
              <LatitudeDegrees>44.28918049670756</LatitudeDegrees>
              <LongitudeDegrees>-81.59419340081513</LongitudeDegrees>
            </Position>
            <AltitudeMeters>179.8000030517578</AltitudeMeters>
            <DistanceMeters>3869.72998046875</DistanceMeters>
            <HeartRateBpm>
              <Value>90</Value>
            </HeartRateBpm>
            <Extensions>
              <ns3:TPX>
                <ns3:Speed>4.479000091552734</ns3:Speed>
              </ns3:TPX>
            </Extensions>
          </Trackpoint>
          <Trackpoint>
            <Time>2026-08-03T15:18:16.000Z</Time>
            <Position>
              <LatitudeDegrees>44.289271188899875</LatitudeDegrees>
              <LongitudeDegrees>-81.59398972056806</LongitudeDegrees>
            </Position>
            <AltitudeMeters>179.8000030517578</AltitudeMeters>
            <DistanceMeters>3888.860107421875</DistanceMeters>
            <HeartRateBpm>
              <Value>88</Value>
            </HeartRateBpm>
            <Extensions>
              <ns3:TPX>
                <ns3:Speed>4.059000015258789</ns3:Speed>
              </ns3:TPX>
            </Extensions>
          </Trackpoint>
          <Trackpoint>
            <Time>2026-08-03T15:18:25.000Z</Time>
            <Position>
              <LatitudeDegrees>44.28945668041706</LatitudeDegrees>
              <LongitudeDegrees>-81.5936198271811</LongitudeDegrees>
            </Position>
            <AltitudeMeters>180.0</AltitudeMeters>
            <DistanceMeters>3924.89990234375</DistanceMeters>
            <HeartRateBpm>
              <Value>88</Value>
            </HeartRateBpm>
            <Extensions>
              <ns3:TPX>
                <ns3:Speed>3.9100000858306885</ns3:Speed>
              </ns3:TPX>
            </Extensions>
          </Trackpoint>
          <Trackpoint>
            <Time>2026-08-03T15:18:32.000Z</Time>
            <Position>
              <LatitudeDegrees>44.28962264209986</LatitudeDegrees>
              <LongitudeDegrees>-81.5933692920953</LongitudeDegrees>
            </Position>
            <AltitudeMeters>180.1999969482422</AltitudeMeters>
            <DistanceMeters>3952.159912109375</DistanceMeters>
            <HeartRateBpm>
              <Value>91</Value>
            </HeartRateBpm>
            <Extensions>
              <ns3:TPX>
                <ns3:Speed>3.9000000953674316</ns3:Speed>
              </ns3:TPX>
            </Extensions>
          </Trackpoint>
          <Trackpoint>
            <Time>2026-08-03T15:18:34.000Z</Time>
            <Position>
              <LatitudeDegrees>44.28966488689184</LatitudeDegrees>
              <LongitudeDegrees>-81.5933259576559</LongitudeDegrees>
            </Position>
            <AltitudeMeters>180.0</AltitudeMeters>
            <DistanceMeters>3958.010009765625</DistanceMeters>
            <HeartRateBpm>
              <Value>91</Value>
            </HeartRateBpm>
            <Extensions>
              <ns3:TPX>
                <ns3:Speed>3.200000047683716</ns3:Speed>
              </ns3:TPX>
            </Extensions>
          </Trackpoint>
          <Trackpoint>
            <Time>2026-08-03T15:18:37.000Z</Time>
            <Position>
              <LatitudeDegrees>44.28971475921571</LatitudeDegrees>
              <LongitudeDegrees>-81.59331732429564</LongitudeDegrees>
            </Position>
            <AltitudeMeters>180.1999969482422</AltitudeMeters>
            <DistanceMeters>3963.580078125</DistanceMeters>
            <HeartRateBpm>
              <Value>92</Value>
            </HeartRateBpm>
            <Extensions>
              <ns3:TPX>
                <ns3:Speed>2.2109999656677246</ns3:Speed>
              </ns3:TPX>
            </Extensions>
          </Trackpoint>
          <Trackpoint>
            <Time>2026-08-03T15:18:38.000Z</Time>
            <Position>
              <LatitudeDegrees>44.28972138091922</LatitudeDegrees>
              <LongitudeDegrees>-81.593320928514</LongitudeDegrees>
            </Position>
            <AltitudeMeters>180.1999969482422</AltitudeMeters>
            <DistanceMeters>3964.360107421875</DistanceMeters>
            <HeartRateBpm>
              <Value>92</Value>
            </HeartRateBpm>
            <Extensions>
              <ns3:TPX>
                <ns3:Speed>1.1380000114440918</ns3:Speed>
              </ns3:TPX>
            </Extensions>
          </Trackpoint>
          <Trackpoint>
            <Time>2026-08-03T15:18:42.000Z</Time>
            <Position>
              <LatitudeDegrees>44.2897311039269</LatitudeDegrees>
              <LongitudeDegrees>-81.59333375282586</LongitudeDegrees>
            </Position>
            <AltitudeMeters>180.60000610351562</AltitudeMeters>
            <DistanceMeters>3965.93994140625</DistanceMeters>
            <HeartRateBpm>
              <Value>90</Value>
            </HeartRateBpm>
            <Extensions>
              <ns3:TPX>
                <ns3:Speed>0.7739999890327454</ns3:Speed>
              </ns3:TPX>
            </Extensions>
          </Trackpoint>
          <Trackpoint>
            <Time>2026-08-03T15:18:45.000Z</Time>
            <Position>
              <LatitudeDegrees>44.289727583527565</LatitudeDegrees>
              <LongitudeDegrees>-81.59338094294071</LongitudeDegrees>
            </Position>
            <AltitudeMeters>180.60000610351562</AltitudeMeters>
            <DistanceMeters>3969.72998046875</DistanceMeters>
            <HeartRateBpm>
              <Value>89</Value>
            </HeartRateBpm>
            <Extensions>
              <ns3:TPX>
                <ns3:Speed>1.6519999504089355</ns3:Speed>
              </ns3:TPX>
            </Extensions>
          </Trackpoint>
          <Trackpoint>
            <Time>2026-08-03T15:18:47.000Z</Time>
            <Position>
              <LatitudeDegrees>44.28972641006112</LatitudeDegrees>
              <LongitudeDegrees>-81.59343525767326</LongitudeDegrees>
            </Position>
            <AltitudeMeters>180.60000610351562</AltitudeMeters>
            <DistanceMeters>3974.030029296875</DistanceMeters>
            <HeartRateBpm>
              <Value>89</Value>
            </HeartRateBpm>
            <Extensions>
              <ns3:TPX>
                <ns3:Speed>2.071000099182129</ns3:Speed>
              </ns3:TPX>
            </Extensions>
          </Trackpoint>
          <Trackpoint>
            <Time>2026-08-03T15:18:52.000Z</Time>
            <Position>
              <LatitudeDegrees>44.289731942117214</LatitudeDegrees>
              <LongitudeDegrees>-81.59358856268227</LongitudeDegrees>
            </Position>
            <AltitudeMeters>180.60000610351562</AltitudeMeters>
            <DistanceMeters>3986.27001953125</DistanceMeters>
            <HeartRateBpm>
              <Value>92</Value>
            </HeartRateBpm>
            <Extensions>
              <ns3:TPX>
                <ns3:Speed>2.071000099182129</ns3:Speed>
              </ns3:TPX>
            </Extensions>
          </Trackpoint>
          <Trackpoint>
            <Time>2026-08-03T15:18:53.000Z</Time>
            <Position>
              <LatitudeDegrees>44.28972967900336</LatitudeDegrees>
              <LongitudeDegrees>-81.59361429512501</LongitudeDegrees>
            </Position>
            <AltitudeMeters>180.60000610351562</AltitudeMeters>
            <DistanceMeters>3988.31005859375</DistanceMeters>
            <HeartRateBpm>
              <Value>89</Value>
            </HeartRateBpm>
            <Extensions>
              <ns3:TPX>
                <ns3:Speed>2.071000099182129</ns3:Speed>
              </ns3:TPX>
            </Extensions>
          </Trackpoint>
          <Trackpoint>
            <Time>2026-08-03T15:19:00.000Z</Time>
            <Position>
              <LatitudeDegrees>44.289737809449434</LatitudeDegrees>
              <LongitudeDegrees>-81.59387974999845</LongitudeDegrees>
            </Position>
            <AltitudeMeters>180.39999389648438</AltitudeMeters>
            <DistanceMeters>4009.590087890625</DistanceMeters>
            <HeartRateBpm>
              <Value>89</Value>
            </HeartRateBpm>
            <Extensions>
              <ns3:TPX>
                <ns3:Speed>2.947999954223633</ns3:Speed>
              </ns3:TPX>
            </Extensions>
          </Trackpoint>
          <Trackpoint>
            <Time>2026-08-03T15:19:05.000Z</Time>
            <Position>
              <LatitudeDegrees>44.28975557908416</LatitudeDegrees>
              <LongitudeDegrees>-81.59406281076372</LongitudeDegrees>
            </Position>
            <AltitudeMeters>180.1999969482422</AltitudeMeters>
            <DistanceMeters>4024.719970703125</DistanceMeters>
            <HeartRateBpm>
              <Value>90</Value>
            </HeartRateBpm>
            <Extensions>
              <ns3:TPX>
                <ns3:Speed>3.0789999961853027</ns3:Speed>
              </ns3:TPX>
            </Extensions>
          </Trackpoint>
          <Trackpoint>
            <Time>2026-08-03T15:19:11.000Z</Time>
            <Position>
              <LatitudeDegrees>44.28976253606379</LatitudeDegrees>
              <LongitudeDegrees>-81.59430110827088</LongitudeDegrees>
            </Position>
            <AltitudeMeters>180.1999969482422</AltitudeMeters>
            <DistanceMeters>4043.77001953125</DistanceMeters>
            <HeartRateBpm>
              <Value>93</Value>
            </HeartRateBpm>
            <Extensions>
              <ns3:TPX>
                <ns3:Speed>3.0139999389648438</ns3:Speed>
              </ns3:TPX>
            </Extensions>
          </Trackpoint>
          <Trackpoint>
            <Time>2026-08-03T15:19:12.000Z</Time>
            <Position>
              <LatitudeDegrees>44.289771001785994</LatitudeDegrees>
              <LongitudeDegrees>-81.59434787929058</LongitudeDegrees>
            </Position>
            <AltitudeMeters>180.1999969482422</AltitudeMeters>
            <DistanceMeters>4047.60009765625</DistanceMeters>
            <HeartRateBpm>
              <Value>93</Value>
            </HeartRateBpm>
            <Extensions>
              <ns3:TPX>
                <ns3:Speed>3.2100000381469727</ns3:Speed>
              </ns3:TPX>
            </Extensions>
          </Trackpoint>
          <Trackpoint>
            <Time>2026-08-03T15:19:21.000Z</Time>
            <Position>
              <LatitudeDegrees>44.28982699289918</LatitudeDegrees>
              <LongitudeDegrees>-81.59467594698071</LongitudeDegrees>
            </Position>
            <AltitudeMeters>180.0</AltitudeMeters>
            <DistanceMeters>4074.56005859375</DistanceMeters>
            <HeartRateBpm>
              <Value>92</Value>
            </HeartRateBpm>
            <Extensions>
              <ns3:TPX>
                <ns3:Speed>3.2100000381469727</ns3:Speed>
              </ns3:TPX>
            </Extensions>
          </Trackpoint>
          <Trackpoint>
            <Time>2026-08-03T15:19:27.000Z</Time>
            <Position>
              <LatitudeDegrees>44.28986202925444</LatitudeDegrees>
              <LongitudeDegrees>-81.59492413513362</LongitudeDegrees>
            </Position>
            <AltitudeMeters>180.0</AltitudeMeters>
            <DistanceMeters>4094.77001953125</DistanceMeters>
            <HeartRateBpm>
              <Value>89</Value>
            </HeartRateBpm>
            <Extensions>
              <ns3:TPX>
                <ns3:Speed>3.507999897003174</ns3:Speed>
              </ns3:TPX>
            </Extensions>
          </Trackpoint>
          <Trackpoint>
            <Time>2026-08-03T15:19:37.000Z</Time>
            <Position>
              <LatitudeDegrees>44.28996336646378</LatitudeDegrees>
              <LongitudeDegrees>-81.59536443650723</LongitudeDegrees>
            </Position>
            <AltitudeMeters>179.8000030517578</AltitudeMeters>
            <DistanceMeters>4131.66015625</DistanceMeters>
            <HeartRateBpm>
              <Value>87</Value>
            </HeartRateBpm>
            <Extensions>
              <ns3:TPX>
                <ns3:Speed>3.6019999980926514</ns3:Speed>
              </ns3:TPX>
            </Extensions>
          </Trackpoint>
          <Trackpoint>
            <Time>2026-08-03T15:19:48.000Z</Time>
            <Position>
              <LatitudeDegrees>44.290094040334225</LatitudeDegrees>
              <LongitudeDegrees>-81.59584597684443</LongitudeDegrees>
            </Position>
            <AltitudeMeters>179.60000610351562</AltitudeMeters>
            <DistanceMeters>4172.81005859375</DistanceMeters>
            <HeartRateBpm>
              <Value>85</Value>
            </HeartRateBpm>
            <Extensions>
              <ns3:TPX>
                <ns3:Speed>3.630000114440918</ns3:Speed>
              </ns3:TPX>
            </Extensions>
          </Trackpoint>
          <Trackpoint>
            <Time>2026-08-03T15:19:55.000Z</Time>
            <Position>
              <LatitudeDegrees>44.290161011740565</LatitudeDegrees>
              <LongitudeDegrees>-81.59607698209584</LongitudeDegrees>
            </Position>
            <AltitudeMeters>179.39999389648438</AltitudeMeters>
            <DistanceMeters>4192.72021484375</DistanceMeters>
            <HeartRateBpm>
              <Value>82</Value>
            </HeartRateBpm>
            <Extensions>
              <ns3:TPX>
                <ns3:Speed>2.4539999961853027</ns3:Speed>
              </ns3:TPX>
            </Extensions>
          </Trackpoint>
          <Trackpoint>
            <Time>2026-08-03T15:19:56.000Z</Time>
            <Position>
              <LatitudeDegrees>44.290173752233386</LatitudeDegrees>
              <LongitudeDegrees>-81.59610640257597</LongitudeDegrees>
            </Position>
            <AltitudeMeters>179.39999389648438</AltitudeMeters>
            <DistanceMeters>4195.4501953125</DistanceMeters>
            <HeartRateBpm>
              <Value>82</Value>
            </HeartRateBpm>
            <Extensions>
              <ns3:TPX>
                <ns3:Speed>2.7339999675750732</ns3:Speed>
              </ns3:TPX>
            </Extensions>
          </Trackpoint>
          <Trackpoint>
            <Time>2026-08-03T15:20:06.000Z</Time>
            <Position>
              <LatitudeDegrees>44.29029126651585</LatitudeDegrees>
              <LongitudeDegrees>-81.59645643085241</LongitudeDegrees>
            </Position>
            <AltitudeMeters>179.39999389648438</AltitudeMeters>
            <DistanceMeters>4226.3798828125</DistanceMeters>
            <HeartRateBpm>
              <Value>79</Value>
            </HeartRateBpm>
            <Extensions>
              <ns3:TPX>
                <ns3:Speed>2.8929998874664307</ns3:Speed>
              </ns3:TPX>
            </Extensions>
          </Trackpoint>
          <Trackpoint>
            <Time>2026-08-03T15:20:07.000Z</Time>
            <Position>
              <LatitudeDegrees>44.29030140861869</LatitudeDegrees>
              <LongitudeDegrees>-81.59649733453989</LongitudeDegrees>
            </Position>
            <AltitudeMeters>179.1999969482422</AltitudeMeters>
            <DistanceMeters>4229.830078125</DistanceMeters>
            <HeartRateBpm>
              <Value>80</Value>
            </HeartRateBpm>
            <Extensions>
              <ns3:TPX>
                <ns3:Speed>2.8929998874664307</ns3:Speed>
              </ns3:TPX>
            </Extensions>
          </Trackpoint>
          <Trackpoint>
            <Time>2026-08-03T15:20:14.000Z</Time>
            <Position>
              <LatitudeDegrees>44.29038489237428</LatitudeDegrees>
              <LongitudeDegrees>-81.59674032591283</LongitudeDegrees>
            </Position>
            <AltitudeMeters>179.0</AltitudeMeters>
            <DistanceMeters>4251.33984375</DistanceMeters>
            <HeartRateBpm>
              <Value>79</Value>
            </HeartRateBpm>
            <Extensions>
              <ns3:TPX>
                <ns3:Speed>3.3310000896453857</ns3:Speed>
              </ns3:TPX>
            </Extensions>
          </Trackpoint>
          <Trackpoint>
            <Time>2026-08-03T15:20:20.000Z</Time>
            <Position>
              <LatitudeDegrees>44.29044507443905</LatitudeDegrees>
              <LongitudeDegrees>-81.59696261398494</LongitudeDegrees>
            </Position>
            <AltitudeMeters>179.1999969482422</AltitudeMeters>
            <DistanceMeters>4270.35986328125</DistanceMeters>
            <HeartRateBpm>
              <Value>76</Value>
            </HeartRateBpm>
            <Extensions>
              <ns3:TPX>
                <ns3:Speed>3.190999984741211</ns3:Speed>
              </ns3:TPX>
            </Extensions>
          </Trackpoint>
          <Trackpoint>
            <Time>2026-08-03T15:20:24.000Z</Time>
            <Position>
              <LatitudeDegrees>44.29047633893788</LatitudeDegrees>
              <LongitudeDegrees>-81.59711591899395</LongitudeDegrees>
            </Position>
            <AltitudeMeters>179.0</AltitudeMeters>
            <DistanceMeters>4283.08984375</DistanceMeters>
            <HeartRateBpm>
              <Value>75</Value>
            </HeartRateBpm>
            <Extensions>
              <ns3:TPX>
                <ns3:Speed>3.2750000953674316</ns3:Speed>
              </ns3:TPX>
            </Extensions>
          </Trackpoint>
          <Trackpoint>
            <Time>2026-08-03T15:20:27.000Z</Time>
            <Position>
              <LatitudeDegrees>44.290501568466425</LatitudeDegrees>
              <LongitudeDegrees>-81.59724055789411</LongitudeDegrees>
            </Position>
            <AltitudeMeters>179.0</AltitudeMeters>
            <DistanceMeters>4293.41015625</DistanceMeters>
            <HeartRateBpm>
              <Value>70</Value>
            </HeartRateBpm>
            <Extensions>
              <ns3:TPX>
                <ns3:Speed>3.2939999103546143</ns3:Speed>
              </ns3:TPX>
            </Extensions>
          </Trackpoint>
          <Trackpoint>
            <Time>2026-08-03T15:20:31.000Z</Time>
            <Position>
              <LatitudeDegrees>44.29051263257861</LatitudeDegrees>
              <LongitudeDegrees>-81.5973602514714</LongitudeDegrees>
            </Position>
            <AltitudeMeters>179.0</AltitudeMeters>
            <DistanceMeters>4303.0498046875</DistanceMeters>
            <HeartRateBpm>
              <Value>71</Value>
            </HeartRateBpm>
            <Extensions>
              <ns3:TPX>
                <ns3:Speed>2.1549999713897705</ns3:Speed>
              </ns3:TPX>
            </Extensions>
          </Trackpoint>
          <Trackpoint>
            <Time>2026-08-03T15:20:36.000Z</Time>
            <Position>
              <LatitudeDegrees>44.290537778288126</LatitudeDegrees>
              <LongitudeDegrees>-81.59748556092381</LongitudeDegrees>
            </Position>
            <AltitudeMeters>178.8000030517578</AltitudeMeters>
            <DistanceMeters>4313.43017578125</DistanceMeters>
            <HeartRateBpm>
              <Value>68</Value>
            </HeartRateBpm>
            <Extensions>
              <ns3:TPX>
                <ns3:Speed>2.1549999713897705</ns3:Speed>
              </ns3:TPX>
            </Extensions>
          </Trackpoint>
          <Trackpoint>
            <Time>2026-08-03T15:20:38.000Z</Time>
            <Position>
              <LatitudeDegrees>44.29054917767644</LatitudeDegrees>
              <LongitudeDegrees>-81.59753032028675</LongitudeDegrees>
            </Position>
            <AltitudeMeters>178.8000030517578</AltitudeMeters>
            <DistanceMeters>4317.22021484375</DistanceMeters>
            <HeartRateBpm>
              <Value>68</Value>
            </HeartRateBpm>
            <Extensions>
              <ns3:TPX>
                <ns3:Speed>2.062000036239624</ns3:Speed>
              </ns3:TPX>
            </Extensions>
          </Trackpoint>
          <Trackpoint>
            <Time>2026-08-03T15:20:47.000Z</Time>
            <Position>
              <LatitudeDegrees>44.29059360176325</LatitudeDegrees>
              <LongitudeDegrees>-81.59769862890244</LongitudeDegrees>
            </Position>
            <AltitudeMeters>178.8000030517578</AltitudeMeters>
            <DistanceMeters>4331.64990234375</DistanceMeters>
            <HeartRateBpm>
              <Value>69</Value>
            </HeartRateBpm>
            <Extensions>
              <ns3:TPX>
                <ns3:Speed>1.8289999961853027</ns3:Speed>
              </ns3:TPX>
            </Extensions>
          </Trackpoint>
          <Trackpoint>
            <Time>2026-08-03T15:20:49.000Z</Time>
            <Position>
              <LatitudeDegrees>44.290594859048724</LatitudeDegrees>
              <LongitudeDegrees>-81.59776668995619</LongitudeDegrees>
            </Position>
            <AltitudeMeters>178.8000030517578</AltitudeMeters>
            <DistanceMeters>4337.08984375</DistanceMeters>
            <HeartRateBpm>
              <Value>70</Value>
            </HeartRateBpm>
            <Extensions>
              <ns3:TPX>
                <ns3:Speed>2.818000078201294</ns3:Speed>
              </ns3:TPX>
            </Extensions>
          </Trackpoint>
          <Trackpoint>
            <Time>2026-08-03T15:20:53.000Z</Time>
            <Position>
              <LatitudeDegrees>44.29058932699263</LatitudeDegrees>
              <LongitudeDegrees>-81.59790717065334</LongitudeDegrees>
            </Position>
            <AltitudeMeters>178.39999389648438</AltitudeMeters>
            <DistanceMeters>4348.2998046875</DistanceMeters>
            <HeartRateBpm>
              <Value>70</Value>
            </HeartRateBpm>
            <Extensions>
              <ns3:TPX>
                <ns3:Speed>3.134999990463257</ns3:Speed>
              </ns3:TPX>
            </Extensions>
          </Trackpoint>
          <Trackpoint>
            <Time>2026-08-03T15:21:01.000Z</Time>
            <Position>
              <LatitudeDegrees>44.29059016518295</LatitudeDegrees>
              <LongitudeDegrees>-81.59823280759156</LongitudeDegrees>
            </Position>
            <AltitudeMeters>178.39999389648438</AltitudeMeters>
            <DistanceMeters>4374.41015625</DistanceMeters>
            <HeartRateBpm>
              <Value>72</Value>
            </HeartRateBpm>
            <Extensions>
              <ns3:TPX>
                <ns3:Speed>3.2939999103546143</ns3:Speed>
              </ns3:TPX>
            </Extensions>
          </Trackpoint>
          <Trackpoint>
            <Time>2026-08-03T15:21:09.000Z</Time>
            <Position>
              <LatitudeDegrees>44.29061824455857</LatitudeDegrees>
              <LongitudeDegrees>-81.59853086806834</LongitudeDegrees>
            </Position>
            <AltitudeMeters>178.39999389648438</AltitudeMeters>
            <DistanceMeters>4398.580078125</DistanceMeters>
            <HeartRateBpm>
              <Value>71</Value>
            </HeartRateBpm>
            <Extensions>
              <ns3:TPX>
                <ns3:Speed>3.0880000591278076</ns3:Speed>
              </ns3:TPX>
            </Extensions>
          </Trackpoint>
          <Trackpoint>
            <Time>2026-08-03T15:21:10.000Z</Time>
            <Position>
              <LatitudeDegrees>44.29061623290181</LatitudeDegrees>
              <LongitudeDegrees>-81.59856833517551</LongitudeDegrees>
            </Position>
            <AltitudeMeters>178.39999389648438</AltitudeMeters>
            <DistanceMeters>4401.56982421875</DistanceMeters>
            <HeartRateBpm>
              <Value>74</Value>
            </HeartRateBpm>
            <Extensions>
              <ns3:TPX>
                <ns3:Speed>3.0880000591278076</ns3:Speed>
              </ns3:TPX>
            </Extensions>
          </Trackpoint>
          <Trackpoint>
            <Time>2026-08-03T15:21:20.000Z</Time>
            <Position>
              <LatitudeDegrees>44.29063710384071</LatitudeDegrees>
              <LongitudeDegrees>-81.5989803057164</LongitudeDegrees>
            </Position>
            <AltitudeMeters>178.1999969482422</AltitudeMeters>
            <DistanceMeters>4434.72021484375</DistanceMeters>
            <HeartRateBpm>
              <Value>75</Value>
            </HeartRateBpm>
            <Extensions>
              <ns3:TPX>
                <ns3:Speed>3.3499999046325684</ns3:Speed>
              </ns3:TPX>
            </Extensions>
          </Trackpoint>
          <Trackpoint>
            <Time>2026-08-03T15:21:31.000Z</Time>
            <Position>
              <LatitudeDegrees>44.29076861590147</LatitudeDegrees>
              <LongitudeDegrees>-81.59940300509334</LongitudeDegrees>
            </Position>
            <AltitudeMeters>178.1999969482422</AltitudeMeters>
            <DistanceMeters>4471.5</DistanceMeters>
            <HeartRateBpm>
              <Value>74</Value>
            </HeartRateBpm>
            <Extensions>
              <ns3:TPX>
                <ns3:Speed>3.434000015258789</ns3:Speed>
              </ns3:TPX>
            </Extensions>
          </Trackpoint>
          <Trackpoint>
            <Time>2026-08-03T15:21:38.000Z</Time>
            <Position>
              <LatitudeDegrees>44.2908759880811</LatitudeDegrees>
              <LongitudeDegrees>-81.59964264370501</LongitudeDegrees>
            </Position>
            <AltitudeMeters>178.0</AltitudeMeters>
            <DistanceMeters>4494.06005859375</DistanceMeters>
            <HeartRateBpm>
              <Value>71</Value>
            </HeartRateBpm>
            <Extensions>
              <ns3:TPX>
                <ns3:Speed>3.069999933242798</ns3:Speed>
              </ns3:TPX>
            </Extensions>
          </Trackpoint>
          <Trackpoint>
            <Time>2026-08-03T15:21:40.000Z</Time>
            <Position>
              <LatitudeDegrees>44.29091043770313</LatitudeDegrees>
              <LongitudeDegrees>-81.59970131702721</LongitudeDegrees>
            </Position>
            <AltitudeMeters>178.0</AltitudeMeters>
            <DistanceMeters>4500.10986328125</DistanceMeters>
            <HeartRateBpm>
              <Value>72</Value>
            </HeartRateBpm>
            <Extensions>
              <ns3:TPX>
                <ns3:Speed>3.069999933242798</ns3:Speed>
              </ns3:TPX>
            </Extensions>
          </Trackpoint>
          <Trackpoint>
            <Time>2026-08-03T15:21:43.000Z</Time>
            <Position>
              <LatitudeDegrees>44.290953604504466</LatitudeDegrees>
              <LongitudeDegrees>-81.59976845607162</LongitudeDegrees>
            </Position>
            <AltitudeMeters>178.0</AltitudeMeters>
            <DistanceMeters>4507.2998046875</DistanceMeters>
            <HeartRateBpm>
              <Value>69</Value>
            </HeartRateBpm>
            <Extensions>
              <ns3:TPX>
                <ns3:Speed>3.0420000553131104</ns3:Speed>
              </ns3:TPX>
            </Extensions>
          </Trackpoint>
          <Trackpoint>
            <Time>2026-08-03T15:21:48.000Z</Time>
            <Position>
              <LatitudeDegrees>44.29101336747408</LatitudeDegrees>
              <LongitudeDegrees>-81.599872559309</LongitudeDegrees>
            </Position>
            <AltitudeMeters>178.1999969482422</AltitudeMeters>
            <DistanceMeters>4517.97021484375</DistanceMeters>
            <HeartRateBpm>
              <Value>67</Value>
            </HeartRateBpm>
            <Extensions>
              <ns3:TPX>
                <ns3:Speed>2.3610000610351562</ns3:Speed>
              </ns3:TPX>
            </Extensions>
          </Trackpoint>
          <Trackpoint>
            <Time>2026-08-03T15:21:52.000Z</Time>
            <Position>
              <LatitudeDegrees>44.291028790175915</LatitudeDegrees>
              <LongitudeDegrees>-81.59988144412637</LongitudeDegrees>
            </Position>
            <AltitudeMeters>178.1999969482422</AltitudeMeters>
            <DistanceMeters>4519.990234375</DistanceMeters>
            <HeartRateBpm>
              <Value>68</Value>
            </HeartRateBpm>
            <Extensions>
              <ns3:TPX>
                <ns3:Speed>0.4569999873638153</ns3:Speed>
              </ns3:TPX>
            </Extensions>
          </Trackpoint>
          <Trackpoint>
            <Time>2026-08-03T15:21:54.000Z</Time>
            <Position>
              <LatitudeDegrees>44.29103256203234</LatitudeDegrees>
              <LongitudeDegrees>-81.59986292012036</LongitudeDegrees>
            </Position>
            <AltitudeMeters>178.0</AltitudeMeters>
            <DistanceMeters>4521.5</DistanceMeters>
            <HeartRateBpm>
              <Value>69</Value>
            </HeartRateBpm>
            <Extensions>
              <ns3:TPX>
                <ns3:Speed>0.9700000286102295</ns3:Speed>
              </ns3:TPX>
            </Extensions>
          </Trackpoint>
          <Trackpoint>
            <Time>2026-08-03T15:21:57.000Z</Time>
            <Position>
              <LatitudeDegrees>44.291053768247366</LatitudeDegrees>
              <LongitudeDegrees>-81.59979754127562</LongitudeDegrees>
            </Position>
            <AltitudeMeters>177.8000030517578</AltitudeMeters>
            <DistanceMeters>4527.330078125</DistanceMeters>
            <HeartRateBpm>
              <Value>69</Value>
            </HeartRateBpm>
            <Extensions>
              <ns3:TPX>
                <ns3:Speed>2.2860000133514404</ns3:Speed>
              </ns3:TPX>
            </Extensions>
          </Trackpoint>
          <Trackpoint>
            <Time>2026-08-03T15:22:00.000Z</Time>
            <Position>
              <LatitudeDegrees>44.29106776602566</LatitudeDegrees>
              <LongitudeDegrees>-81.59967524930835</LongitudeDegrees>
            </Position>
            <AltitudeMeters>177.60000610351562</AltitudeMeters>
            <DistanceMeters>4537.22998046875</DistanceMeters>
            <HeartRateBpm>
              <Value>72</Value>
            </HeartRateBpm>
            <Extensions>
              <ns3:TPX>
                <ns3:Speed>3.1070001125335693</ns3:Speed>
              </ns3:TPX>
            </Extensions>
          </Trackpoint>
          <Trackpoint>
            <Time>2026-08-03T15:22:02.000Z</Time>
            <Position>
              <LatitudeDegrees>44.291063491255045</LatitudeDegrees>
              <LongitudeDegrees>-81.59957936033607</LongitudeDegrees>
            </Position>
            <AltitudeMeters>177.60000610351562</AltitudeMeters>
            <DistanceMeters>4544.89990234375</DistanceMeters>
            <HeartRateBpm>
              <Value>70</Value>
            </HeartRateBpm>
            <Extensions>
              <ns3:TPX>
                <ns3:Speed>3.742000102996826</ns3:Speed>
              </ns3:TPX>
            </Extensions>
          </Trackpoint>
          <Trackpoint>
            <Time>2026-08-03T15:22:03.000Z</Time>
            <Position>
              <LatitudeDegrees>44.29105804301798</LatitudeDegrees>
              <LongitudeDegrees>-81.59953560680151</LongitudeDegrees>
            </Position>
            <AltitudeMeters>177.60000610351562</AltitudeMeters>
            <DistanceMeters>4548.4501953125</DistanceMeters>
            <HeartRateBpm>
              <Value>73</Value>
            </HeartRateBpm>
            <Extensions>
              <ns3:TPX>
                <ns3:Speed>3.2750000953674316</ns3:Speed>
              </ns3:TPX>
            </Extensions>
          </Trackpoint>
          <Trackpoint>
            <Time>2026-08-03T15:22:08.000Z</Time>
            <Position>
              <LatitudeDegrees>44.29102359339595</LatitudeDegrees>
              <LongitudeDegrees>-81.59936101175845</LongitudeDegrees>
            </Position>
            <AltitudeMeters>177.60000610351562</AltitudeMeters>
            <DistanceMeters>4562.8798828125</DistanceMeters>
            <HeartRateBpm>
              <Value>73</Value>
            </HeartRateBpm>
            <Extensions>
              <ns3:TPX>
                <ns3:Speed>3.0789999961853027</ns3:Speed>
              </ns3:TPX>
            </Extensions>
          </Trackpoint>
          <Trackpoint>
            <Time>2026-08-03T15:22:13.000Z</Time>
            <Position>
              <LatitudeDegrees>44.29099157452583</LatitudeDegrees>
              <LongitudeDegrees>-81.59920862875879</LongitudeDegrees>
            </Position>
            <AltitudeMeters>177.39999389648438</AltitudeMeters>
            <DistanceMeters>4575.580078125</DistanceMeters>
            <HeartRateBpm>
              <Value>76</Value>
            </HeartRateBpm>
            <Extensions>
              <ns3:TPX>
                <ns3:Speed>2.743000030517578</ns3:Speed>
              </ns3:TPX>
            </Extensions>
          </Trackpoint>
          <Trackpoint>
            <Time>2026-08-03T15:22:16.000Z</Time>
            <Position>
              <LatitudeDegrees>44.290973637253046</LatitudeDegrees>
              <LongitudeDegrees>-81.59913000650704</LongitudeDegrees>
            </Position>
            <AltitudeMeters>177.60000610351562</AltitudeMeters>
            <DistanceMeters>4582.16015625</DistanceMeters>
            <HeartRateBpm>
              <Value>77</Value>
            </HeartRateBpm>
            <Extensions>
              <ns3:TPX>
                <ns3:Speed>2.3420000076293945</ns3:Speed>
              </ns3:TPX>
            </Extensions>
          </Trackpoint>
          <Trackpoint>
            <Time>2026-08-03T15:22:21.000Z</Time>
            <Position>
              <LatitudeDegrees>44.290927620604634</LatitudeDegrees>
              <LongitudeDegrees>-81.59900528378785</LongitudeDegrees>
            </Position>
            <AltitudeMeters>177.8000030517578</AltitudeMeters>
            <DistanceMeters>4593.35986328125</DistanceMeters>
            <HeartRateBpm>
              <Value>80</Value>
            </HeartRateBpm>
            <Extensions>
              <ns3:TPX>
                <ns3:Speed>2.0899999141693115</ns3:Speed>
              </ns3:TPX>
            </Extensions>
          </Trackpoint>
          <Trackpoint>
            <Time>2026-08-03T15:22:23.000Z</Time>
            <Position>
              <LatitudeDegrees>44.290912533178926</LatitudeDegrees>
              <LongitudeDegrees>-81.59896136261523</LongitudeDegrees>
            </Position>
            <AltitudeMeters>177.8000030517578</AltitudeMeters>
            <DistanceMeters>4597.22998046875</DistanceMeters>
            <HeartRateBpm>
              <Value>80</Value>
            </HeartRateBpm>
            <Extensions>
              <ns3:TPX>
                <ns3:Speed>2.0810000896453857</ns3:Speed>
              </ns3:TPX>
            </Extensions>
          </Trackpoint>
          <Trackpoint>
            <Time>2026-08-03T15:22:30.000Z</Time>
            <Position>
              <LatitudeDegrees>44.29084178991616</LatitudeDegrees>
              <LongitudeDegrees>-81.59880579449236</LongitudeDegrees>
            </Position>
            <AltitudeMeters>177.8000030517578</AltitudeMeters>
            <DistanceMeters>4611.990234375</DistanceMeters>
            <HeartRateBpm>
              <Value>83</Value>
            </HeartRateBpm>
            <Extensions>
              <ns3:TPX>
                <ns3:Speed>2.0899999141693115</ns3:Speed>
              </ns3:TPX>
            </Extensions>
          </Trackpoint>
          <Trackpoint>
            <Time>2026-08-03T15:22:32.000Z</Time>
            <Position>
              <LatitudeDegrees>44.29082301445305</LatitudeDegrees>
              <LongitudeDegrees>-81.5987437684089</LongitudeDegrees>
            </Position>
            <AltitudeMeters>177.8000030517578</AltitudeMeters>
            <DistanceMeters>4617.35986328125</DistanceMeters>
            <HeartRateBpm>
              <Value>83</Value>
            </HeartRateBpm>
            <Extensions>
              <ns3:TPX>
                <ns3:Speed>2.2209999561309814</ns3:Speed>
              </ns3:TPX>
            </Extensions>
          </Trackpoint>
          <Trackpoint>
            <Time>2026-08-03T15:22:37.000Z</Time>
            <Position>
              <LatitudeDegrees>44.29078169167042</LatitudeDegrees>
              <LongitudeDegrees>-81.598603958264</LongitudeDegrees>
            </Position>
            <AltitudeMeters>177.8000030517578</AltitudeMeters>
            <DistanceMeters>4629.419921875</DistanceMeters>
            <HeartRateBpm>
              <Value>87</Value>
            </HeartRateBpm>
            <Extensions>
              <ns3:TPX>
                <ns3:Speed>2.4539999961853027</ns3:Speed>
              </ns3:TPX>
            </Extensions>
          </Trackpoint>
          <Trackpoint>
            <Time>2026-08-03T15:22:38.000Z</Time>
            <Position>
              <LatitudeDegrees>44.2907739803195</LatitudeDegrees>
              <LongitudeDegrees>-81.59857328049839</LongitudeDegrees>
            </Position>
            <AltitudeMeters>177.60000610351562</AltitudeMeters>
            <DistanceMeters>4632.009765625</DistanceMeters>
            <HeartRateBpm>
              <Value>84</Value>
            </HeartRateBpm>
            <Extensions>
              <ns3:TPX>
                <ns3:Speed>2.4820001125335693</ns3:Speed>
              </ns3:TPX>
            </Extensions>
          </Trackpoint>
          <Trackpoint>
            <Time>2026-08-03T15:22:43.000Z</Time>
            <Position>
              <LatitudeDegrees>44.29074405692518</LatitudeDegrees>
              <LongitudeDegrees>-81.59843137487769</LongitudeDegrees>
            </Position>
            <AltitudeMeters>177.8000030517578</AltitudeMeters>
            <DistanceMeters>4643.83984375</DistanceMeters>
            <HeartRateBpm>
              <Value>85</Value>
            </HeartRateBpm>
            <Extensions>
              <ns3:TPX>
                <ns3:Speed>2.4539999961853027</ns3:Speed>
              </ns3:TPX>
            </Extensions>
          </Trackpoint>
          <Trackpoint>
            <Time>2026-08-03T15:22:52.000Z</Time>
            <Position>
              <LatitudeDegrees>44.29069544188678</LatitudeDegrees>
              <LongitudeDegrees>-81.5981525927782</LongitudeDegrees>
            </Position>
            <AltitudeMeters>177.8000030517578</AltitudeMeters>
            <DistanceMeters>4666.91015625</DistanceMeters>
            <HeartRateBpm>
              <Value>86</Value>
            </HeartRateBpm>
            <Extensions>
              <ns3:TPX>
                <ns3:Speed>2.575000047683716</ns3:Speed>
              </ns3:TPX>
            </Extensions>
          </Trackpoint>
          <Trackpoint>
            <Time>2026-08-03T15:23:02.000Z</Time>
            <Position>
              <LatitudeDegrees>44.290627213194966</LatitudeDegrees>
              <LongitudeDegrees>-81.59788277931511</LongitudeDegrees>
            </Position>
            <AltitudeMeters>177.1999969482422</AltitudeMeters>
            <DistanceMeters>4689.72021484375</DistanceMeters>
            <HeartRateBpm>
              <Value>85</Value>
            </HeartRateBpm>
            <Extensions>
              <ns3:TPX>
                <ns3:Speed>2.3889999389648438</ns3:Speed>
              </ns3:TPX>
            </Extensions>
          </Trackpoint>
          <Trackpoint>
            <Time>2026-08-03T15:23:06.000Z</Time>
            <Position>
              <LatitudeDegrees>44.29059502668679</LatitudeDegrees>
              <LongitudeDegrees>-81.59776912070811</LongitudeDegrees>
            </Position>
            <AltitudeMeters>177.1999969482422</AltitudeMeters>
            <DistanceMeters>4699.4599609375</DistanceMeters>
            <HeartRateBpm>
              <Value>88</Value>
            </HeartRateBpm>
            <Extensions>
              <ns3:TPX>
                <ns3:Speed>2.322999954223633</ns3:Speed>
              </ns3:TPX>
            </Extensions>
          </Trackpoint>
          <Trackpoint>
            <Time>2026-08-03T15:23:13.000Z</Time>
            <Position>
              <LatitudeDegrees>44.29053073748946</LatitudeDegrees>
              <LongitudeDegrees>-81.5975951962173</LongitudeDegrees>
            </Position>
            <AltitudeMeters>177.39999389648438</AltitudeMeters>
            <DistanceMeters>4715.08984375</DistanceMeters>
            <HeartRateBpm>
              <Value>90</Value>
            </HeartRateBpm>
            <Extensions>
              <ns3:TPX>
                <ns3:Speed>2.313999891281128</ns3:Speed>
              </ns3:TPX>
            </Extensions>
          </Trackpoint>
          <Trackpoint>
            <Time>2026-08-03T15:23:24.000Z</Time>
            <Position>
              <LatitudeDegrees>44.29042738862336</LatitudeDegrees>
              <LongitudeDegrees>-81.5972653683275</LongitudeDegrees>
            </Position>
            <AltitudeMeters>177.60000610351562</AltitudeMeters>
            <DistanceMeters>4743.7900390625</DistanceMeters>
            <HeartRateBpm>
              <Value>93</Value>
            </HeartRateBpm>
            <Extensions>
              <ns3:TPX>
                <ns3:Speed>2.818000078201294</ns3:Speed>
              </ns3:TPX>
            </Extensions>
          </Trackpoint>
          <Trackpoint>
            <Time>2026-08-03T15:23:25.000Z</Time>
            <Position>
              <LatitudeDegrees>44.2904198449105</LatitudeDegrees>
              <LongitudeDegrees>-81.597237624228</LongitudeDegrees>
            </Position>
            <AltitudeMeters>177.39999389648438</AltitudeMeters>
            <DistanceMeters>4746.16015625</DistanceMeters>
            <HeartRateBpm>
              <Value>93</Value>
            </HeartRateBpm>
            <Extensions>
              <ns3:TPX>
                <ns3:Speed>2.818000078201294</ns3:Speed>
              </ns3:TPX>
            </Extensions>
          </Trackpoint>
          <Trackpoint>
            <Time>2026-08-03T15:23:32.000Z</Time>
            <Position>
              <LatitudeDegrees>44.29036444053054</LatitudeDegrees>
              <LongitudeDegrees>-81.59705338999629</LongitudeDegrees>
            </Position>
            <AltitudeMeters>177.39999389648438</AltitudeMeters>
            <DistanceMeters>4762.06982421875</DistanceMeters>
            <HeartRateBpm>
              <Value>90</Value>
            </HeartRateBpm>
            <Extensions>
              <ns3:TPX>
                <ns3:Speed>2.4539999961853027</ns3:Speed>
              </ns3:TPX>
            </Extensions>
          </Trackpoint>
          <Trackpoint>
            <Time>2026-08-03T15:23:35.000Z</Time>
            <Position>
              <LatitudeDegrees>44.29032688960433</LatitudeDegrees>
              <LongitudeDegrees>-81.59698809497058</LongitudeDegrees>
            </Position>
            <AltitudeMeters>177.39999389648438</AltitudeMeters>
            <DistanceMeters>4768.72998046875</DistanceMeters>
            <HeartRateBpm>
              <Value>88</Value>
            </HeartRateBpm>
            <Extensions>
              <ns3:TPX>
                <ns3:Speed>2.378999948501587</ns3:Speed>
              </ns3:TPX>
            </Extensions>
          </Trackpoint>
          <Trackpoint>
            <Time>2026-08-03T15:23:44.000Z</Time>
            <Position>
              <LatitudeDegrees>44.29021876305342</LatitudeDegrees>
              <LongitudeDegrees>-81.59680243581533</LongitudeDegrees>
            </Position>
            <AltitudeMeters>177.1999969482422</AltitudeMeters>
            <DistanceMeters>4787.89013671875</DistanceMeters>
            <HeartRateBpm>
              <Value>87</Value>
            </HeartRateBpm>
            <Extensions>
              <ns3:TPX>
                <ns3:Speed>2.0810000896453857</ns3:Speed>
              </ns3:TPX>
            </Extensions>
          </Trackpoint>
          <Trackpoint>
            <Time>2026-08-03T15:23:56.000Z</Time>
            <Position>
              <LatitudeDegrees>44.2901090439409</LatitudeDegrees>
              <LongitudeDegrees>-81.59647948108613</LongitudeDegrees>
            </Position>
            <AltitudeMeters>177.0</AltitudeMeters>
            <DistanceMeters>4816.43017578125</DistanceMeters>
            <HeartRateBpm>
              <Value>86</Value>
            </HeartRateBpm>
            <Extensions>
              <ns3:TPX>
                <ns3:Speed>2.378999948501587</ns3:Speed>
              </ns3:TPX>
            </Extensions>
          </Trackpoint>
          <Trackpoint>
            <Time>2026-08-03T15:23:59.000Z</Time>
            <Position>
              <LatitudeDegrees>44.29009051993489</LatitudeDegrees>
              <LongitudeDegrees>-81.59637956880033</LongitudeDegrees>
            </Position>
            <AltitudeMeters>176.8000030517578</AltitudeMeters>
            <DistanceMeters>4824.669921875</DistanceMeters>
            <HeartRateBpm>
              <Value>83</Value>
            </HeartRateBpm>
            <Extensions>
              <ns3:TPX>
                <ns3:Speed>2.7249999046325684</ns3:Speed>
              </ns3:TPX>
            </Extensions>
          </Trackpoint>
          <Trackpoint>
            <Time>2026-08-03T15:24:02.000Z</Time>
            <Position>
              <LatitudeDegrees>44.29007090628147</LatitudeDegrees>
              <LongitudeDegrees>-81.59628946334124</LongitudeDegrees>
            </Position>
            <AltitudeMeters>176.60000610351562</AltitudeMeters>
            <DistanceMeters>4832.18017578125</DistanceMeters>
            <HeartRateBpm>
              <Value>81</Value>
            </HeartRateBpm>
            <Extensions>
              <ns3:TPX>
                <ns3:Speed>2.7249999046325684</ns3:Speed>
              </ns3:TPX>
            </Extensions>
          </Trackpoint>
          <Trackpoint>
            <Time>2026-08-03T15:24:05.000Z</Time>
            <Position>
              <LatitudeDegrees>44.290057914331555</LatitudeDegrees>
              <LongitudeDegrees>-81.59620405174792</LongitudeDegrees>
            </Position>
            <AltitudeMeters>176.39999389648438</AltitudeMeters>
            <DistanceMeters>4839.14013671875</DistanceMeters>
            <HeartRateBpm>
              <Value>80</Value>
            </HeartRateBpm>
            <Extensions>
              <ns3:TPX>
                <ns3:Speed>2.6410000324249268</ns3:Speed>
              </ns3:TPX>
            </Extensions>
          </Trackpoint>
          <Trackpoint>
            <Time>2026-08-03T15:24:12.000Z</Time>
            <Position>
              <LatitudeDegrees>44.28998960182071</LatitudeDegrees>
              <LongitudeDegrees>-81.59597874619067</LongitudeDegrees>
            </Position>
            <AltitudeMeters>176.8000030517578</AltitudeMeters>
            <DistanceMeters>4858.669921875</DistanceMeters>
            <HeartRateBpm>
              <Value>83</Value>
            </HeartRateBpm>
            <Extensions>
              <ns3:TPX>
                <ns3:Speed>2.687000036239624</ns3:Speed>
              </ns3:TPX>
            </Extensions>
          </Trackpoint>
          <Trackpoint>
            <Time>2026-08-03T15:24:16.000Z</Time>
            <Position>
              <LatitudeDegrees>44.28994878195226</LatitudeDegrees>
              <LongitudeDegrees>-81.59585553221405</LongitudeDegrees>
            </Position>
            <AltitudeMeters>177.0</AltitudeMeters>
            <DistanceMeters>4869.5</DistanceMeters>
            <HeartRateBpm>
              <Value>80</Value>
            </HeartRateBpm>
            <Extensions>
              <ns3:TPX>
                <ns3:Speed>2.7060000896453857</ns3:Speed>
              </ns3:TPX>
            </Extensions>
          </Trackpoint>
          <Trackpoint>
            <Time>2026-08-03T15:24:22.000Z</Time>
            <Position>
              <LatitudeDegrees>44.28989237174392</LatitudeDegrees>
              <LongitudeDegrees>-81.59566626884043</LongitudeDegrees>
            </Position>
            <AltitudeMeters>177.0</AltitudeMeters>
            <DistanceMeters>4885.8701171875</DistanceMeters>
            <HeartRateBpm>
              <Value>77</Value>
            </HeartRateBpm>
            <Extensions>
              <ns3:TPX>
                <ns3:Speed>2.575000047683716</ns3:Speed>
              </ns3:TPX>
            </Extensions>
          </Trackpoint>
          <Trackpoint>
            <Time>2026-08-03T15:24:27.000Z</Time>
            <Position>
              <LatitudeDegrees>44.2898606043309</LatitudeDegrees>
              <LongitudeDegrees>-81.5955419652164</LongitudeDegrees>
            </Position>
            <AltitudeMeters>177.0</AltitudeMeters>
            <DistanceMeters>4896.33984375</DistanceMeters>
            <HeartRateBpm>
              <Value>79</Value>
            </HeartRateBpm>
            <Extensions>
              <ns3:TPX>
                <ns3:Speed>2.556999921798706</ns3:Speed>
              </ns3:TPX>
            </Extensions>
          </Trackpoint>
          <Trackpoint>
            <Time>2026-08-03T15:24:31.000Z</Time>
            <Position>
              <LatitudeDegrees>44.28982129320502</LatitudeDegrees>
              <LongitudeDegrees>-81.59541556611657</LongitudeDegrees>
            </Position>
            <AltitudeMeters>177.0</AltitudeMeters>
            <DistanceMeters>4907.330078125</DistanceMeters>
            <HeartRateBpm>
              <Value>82</Value>
            </HeartRateBpm>
            <Extensions>
              <ns3:TPX>
                <ns3:Speed>2.5380001068115234</ns3:Speed>
              </ns3:TPX>
            </Extensions>
          </Trackpoint>
          <Trackpoint>
            <Time>2026-08-03T15:24:33.000Z</Time>
            <Position>
              <LatitudeDegrees>44.28979572840035</LatitudeDegrees>
              <LongitudeDegrees>-81.59535077400506</LongitudeDegrees>
            </Position>
            <AltitudeMeters>177.0</AltitudeMeters>
            <DistanceMeters>4913.22021484375</DistanceMeters>
            <HeartRateBpm>
              <Value>85</Value>
            </HeartRateBpm>
            <Extensions>
              <ns3:TPX>
                <ns3:Speed>2.5380001068115234</ns3:Speed>
              </ns3:TPX>
            </Extensions>
          </Trackpoint>
          <Trackpoint>
            <Time>2026-08-03T15:24:40.000Z</Time>
            <Position>
              <LatitudeDegrees>44.28972884081304</LatitudeDegrees>
              <LongitudeDegrees>-81.59515178762376</LongitudeDegrees>
            </Position>
            <AltitudeMeters>177.1999969482422</AltitudeMeters>
            <DistanceMeters>4930.77001953125</DistanceMeters>
            <HeartRateBpm>
              <Value>87</Value>
            </HeartRateBpm>
            <Extensions>
              <ns3:TPX>
                <ns3:Speed>2.3510000705718994</ns3:Speed>
              </ns3:TPX>
            </Extensions>
          </Trackpoint>
          <Trackpoint>
            <Time>2026-08-03T15:24:50.000Z</Time>
            <Position>
              <LatitudeDegrees>44.28965851664543</LatitudeDegrees>
              <LongitudeDegrees>-81.59487275406718</LongitudeDegrees>
            </Position>
            <AltitudeMeters>177.1999969482422</AltitudeMeters>
            <DistanceMeters>4954.39990234375</DistanceMeters>
            <HeartRateBpm>
              <Value>86</Value>
            </HeartRateBpm>
            <Extensions>
              <ns3:TPX>
                <ns3:Speed>2.490999937057495</ns3:Speed>
              </ns3:TPX>
            </Extensions>
          </Trackpoint>
          <Trackpoint>
            <Time>2026-08-03T15:25:00.000Z</Time>
            <Position>
              <LatitudeDegrees>44.28957394324243</LatitudeDegrees>
              <LongitudeDegrees>-81.59456639550626</LongitudeDegrees>
            </Position>
            <AltitudeMeters>177.1999969482422</AltitudeMeters>
            <DistanceMeters>4980.60009765625</DistanceMeters>
            <HeartRateBpm>
              <Value>87</Value>
            </HeartRateBpm>
            <Extensions>
              <ns3:TPX>
                <ns3:Speed>2.743000030517578</ns3:Speed>
              </ns3:TPX>
            </Extensions>
          </Trackpoint>
          <Trackpoint>
            <Time>2026-08-03T15:25:09.000Z</Time>
            <Position>
              <LatitudeDegrees>44.28950102068484</LatitudeDegrees>
              <LongitudeDegrees>-81.59431024454534</LongitudeDegrees>
            </Position>
            <AltitudeMeters>177.1999969482422</AltitudeMeters>
            <DistanceMeters>5002.6201171875</DistanceMeters>
            <HeartRateBpm>
              <Value>82</Value>
            </HeartRateBpm>
            <Extensions>
              <ns3:TPX>
                <ns3:Speed>2.4630000591278076</ns3:Speed>
              </ns3:TPX>
            </Extensions>
          </Trackpoint>
          <Trackpoint>
            <Time>2026-08-03T15:25:10.000Z</Time>
            <Position>
              <LatitudeDegrees>44.289492554962635</LatitudeDegrees>
              <LongitudeDegrees>-81.59428359009326</LongitudeDegrees>
            </Position>
            <AltitudeMeters>177.1999969482422</AltitudeMeters>
            <DistanceMeters>5004.9501953125</DistanceMeters>
            <HeartRateBpm>
              <Value>85</Value>
            </HeartRateBpm>
            <Extensions>
              <ns3:TPX>
                <ns3:Speed>2.434999942779541</ns3:Speed>
              </ns3:TPX>
            </Extensions>
          </Trackpoint>
          <Trackpoint>
            <Time>2026-08-03T15:25:11.000Z</Time>
            <Position>
              <LatitudeDegrees>44.2894840054214</LatitudeDegrees>
              <LongitudeDegrees>-81.5942572709173</LongitudeDegrees>
            </Position>
            <AltitudeMeters>177.1999969482422</AltitudeMeters>
            <DistanceMeters>5007.259765625</DistanceMeters>
            <HeartRateBpm>
              <Value>85</Value>
            </HeartRateBpm>
            <Extensions>
              <ns3:TPX>
                <ns3:Speed>2.4260001182556152</ns3:Speed>
              </ns3:TPX>
            </Extensions>
          </Trackpoint>
          <Trackpoint>
            <Time>2026-08-03T15:25:14.000Z</Time>
            <Position>
              <LatitudeDegrees>44.28945064544678</LatitudeDegrees>
              <LongitudeDegrees>-81.5941843483597</LongitudeDegrees>
            </Position>
            <AltitudeMeters>177.1999969482422</AltitudeMeters>
            <DistanceMeters>5014.1201171875</DistanceMeters>
            <HeartRateBpm>
              <Value>88</Value>
            </HeartRateBpm>
            <Extensions>
              <ns3:TPX>
                <ns3:Speed>2.4170000553131104</ns3:Speed>
              </ns3:TPX>
            </Extensions>
          </Trackpoint>
          <Trackpoint>
            <Time>2026-08-03T15:25:23.000Z</Time>
            <Position>
              <LatitudeDegrees>44.2893753759563</LatitudeDegrees>
              <LongitudeDegrees>-81.5939338132739</LongitudeDegrees>
            </Position>
            <AltitudeMeters>177.0</AltitudeMeters>
            <DistanceMeters>5035.7998046875</DistanceMeters>
            <HeartRateBpm>
              <Value>90</Value>
            </HeartRateBpm>
            <Extensions>
              <ns3:TPX>
                <ns3:Speed>2.509999990463257</ns3:Speed>
              </ns3:TPX>
            </Extensions>
          </Trackpoint>
          <Trackpoint>
            <Time>2026-08-03T15:25:32.000Z</Time>
            <Position>
              <LatitudeDegrees>44.28927646949887</LatitudeDegrees>
              <LongitudeDegrees>-81.59368998371065</LongitudeDegrees>
            </Position>
            <AltitudeMeters>176.8000030517578</AltitudeMeters>
            <DistanceMeters>5058.14990234375</DistanceMeters>
            <HeartRateBpm>
              <Value>89</Value>
            </HeartRateBpm>
            <Extensions>
              <ns3:TPX>
                <ns3:Speed>2.5290000438690186</ns3:Speed>
              </ns3:TPX>
            </Extensions>
          </Trackpoint>
          <Trackpoint>
            <Time>2026-08-03T15:25:36.000Z</Time>
            <Position>
              <LatitudeDegrees>44.2892440315336</LatitudeDegrees>
              <LongitudeDegrees>-81.59355905838311</LongitudeDegrees>
            </Position>
            <AltitudeMeters>176.8000030517578</AltitudeMeters>
            <DistanceMeters>5069.2099609375</DistanceMeters>
            <HeartRateBpm>
              <Value>86</Value>
            </HeartRateBpm>
            <Extensions>
              <ns3:TPX>
                <ns3:Speed>2.621999979019165</ns3:Speed>
              </ns3:TPX>
            </Extensions>
          </Trackpoint>
          <Trackpoint>
            <Time>2026-08-03T15:25:42.000Z</Time>
            <Position>
              <LatitudeDegrees>44.28921368904412</LatitudeDegrees>
              <LongitudeDegrees>-81.59333048388362</LongitudeDegrees>
            </Position>
            <AltitudeMeters>177.0</AltitudeMeters>
            <DistanceMeters>5087.759765625</DistanceMeters>
            <HeartRateBpm>
              <Value>86</Value>
            </HeartRateBpm>
            <Extensions>
              <ns3:TPX>
                <ns3:Speed>2.7809998989105225</ns3:Speed>
              </ns3:TPX>
            </Extensions>
          </Trackpoint>
          <Trackpoint>
            <Time>2026-08-03T15:25:45.000Z</Time>
            <Position>
              <LatitudeDegrees>44.289199439808726</LatitudeDegrees>
              <LongitudeDegrees>-81.59321053884923</LongitudeDegrees>
            </Position>
            <AltitudeMeters>177.0</AltitudeMeters>
            <DistanceMeters>5097.4599609375</DistanceMeters>
            <HeartRateBpm>
              <Value>89</Value>
            </HeartRateBpm>
            <Extensions>
              <ns3:TPX>
                <ns3:Speed>2.947999954223633</ns3:Speed>
              </ns3:TPX>
            </Extensions>
          </Trackpoint>
          <Trackpoint>
            <Time>2026-08-03T15:25:51.000Z</Time>
            <Position>
              <LatitudeDegrees>44.289199439808726</LatitudeDegrees>
              <LongitudeDegrees>-81.59301021136343</LongitudeDegrees>
            </Position>
            <AltitudeMeters>177.1999969482422</AltitudeMeters>
            <DistanceMeters>5113.39990234375</DistanceMeters>
            <HeartRateBpm>
              <Value>89</Value>
            </HeartRateBpm>
            <Extensions>
              <ns3:TPX>
                <ns3:Speed>2.865000009536743</ns3:Speed>
              </ns3:TPX>
            </Extensions>
          </Trackpoint>
          <Trackpoint>
            <Time>2026-08-03T15:25:55.000Z</Time>
            <Position>
              <LatitudeDegrees>44.289186699315906</LatitudeDegrees>
              <LongitudeDegrees>-81.59288037568331</LongitudeDegrees>
            </Position>
            <AltitudeMeters>177.1999969482422</AltitudeMeters>
            <DistanceMeters>5123.8798828125</DistanceMeters>
            <HeartRateBpm>
              <Value>86</Value>
            </HeartRateBpm>
            <Extensions>
              <ns3:TPX>
                <ns3:Speed>2.7809998989105225</ns3:Speed>
              </ns3:TPX>
            </Extensions>
          </Trackpoint>
          <Trackpoint>
            <Time>2026-08-03T15:26:00.000Z</Time>
            <Position>
              <LatitudeDegrees>44.28915283642709</LatitudeDegrees>
              <LongitudeDegrees>-81.5927080437541</LongitudeDegrees>
            </Position>
            <AltitudeMeters>177.1999969482422</AltitudeMeters>
            <DistanceMeters>5138.10009765625</DistanceMeters>
            <HeartRateBpm>
              <Value>85</Value>
            </HeartRateBpm>
            <Extensions>
              <ns3:TPX>
                <ns3:Speed>2.818000078201294</ns3:Speed>
              </ns3:TPX>
            </Extensions>
          </Trackpoint>
          <Trackpoint>
            <Time>2026-08-03T15:26:12.000Z</Time>
            <Position>
              <LatitudeDegrees>44.28908829577267</LatitudeDegrees>
              <LongitudeDegrees>-81.59232348203659</LongitudeDegrees>
            </Position>
            <AltitudeMeters>177.0</AltitudeMeters>
            <DistanceMeters>5169.759765625</DistanceMeters>
            <HeartRateBpm>
              <Value>84</Value>
            </HeartRateBpm>
            <Extensions>
              <ns3:TPX>
                <ns3:Speed>2.556999921798706</ns3:Speed>
              </ns3:TPX>
            </Extensions>
          </Trackpoint>
          <Trackpoint>
            <Time>2026-08-03T15:26:20.000Z</Time>
            <Position>
              <LatitudeDegrees>44.289059126749635</LatitudeDegrees>
              <LongitudeDegrees>-81.59208040684462</LongitudeDegrees>
            </Position>
            <AltitudeMeters>177.39999389648438</AltitudeMeters>
            <DistanceMeters>5189.43994140625</DistanceMeters>
            <HeartRateBpm>
              <Value>87</Value>
            </HeartRateBpm>
            <Extensions>
              <ns3:TPX>
                <ns3:Speed>2.490999937057495</ns3:Speed>
              </ns3:TPX>
            </Extensions>
          </Trackpoint>
          <Trackpoint>
            <Time>2026-08-03T15:26:22.000Z</Time>
            <Position>
              <LatitudeDegrees>44.289053762331605</LatitudeDegrees>
              <LongitudeDegrees>-81.5920172072947</LongitudeDegrees>
            </Position>
            <AltitudeMeters>177.39999389648438</AltitudeMeters>
            <DistanceMeters>5194.52001953125</DistanceMeters>
            <HeartRateBpm>
              <Value>87</Value>
            </HeartRateBpm>
            <Extensions>
              <ns3:TPX>
                <ns3:Speed>2.509999990463257</ns3:Speed>
              </ns3:TPX>
            </Extensions>
          </Trackpoint>
          <Trackpoint>
            <Time>2026-08-03T15:26:28.000Z</Time>
            <Position>
              <LatitudeDegrees>44.289039596915245</LatitudeDegrees>
              <LongitudeDegrees>-81.59184822812676</LongitudeDegrees>
            </Position>
            <AltitudeMeters>176.0</AltitudeMeters>
            <DistanceMeters>5208.10986328125</DistanceMeters>
            <HeartRateBpm>
              <Value>90</Value>
            </HeartRateBpm>
            <Extensions>
              <ns3:TPX>
                <ns3:Speed>2.369999885559082</ns3:Speed>
              </ns3:TPX>
            </Extensions>
          </Trackpoint>
          <Trackpoint>
            <Time>2026-08-03T15:26:32.000Z</Time>
            <Position>
              <LatitudeDegrees>44.2890418600291</LatitudeDegrees>
              <LongitudeDegrees>-81.59175753593445</LongitudeDegrees>
            </Position>
            <AltitudeMeters>176.0</AltitudeMeters>
            <DistanceMeters>5215.35986328125</DistanceMeters>
            <HeartRateBpm>
              <Value>91</Value>
            </HeartRateBpm>
            <Extensions>
              <ns3:TPX>
                <ns3:Speed>2.052999973297119</ns3:Speed>
              </ns3:TPX>
            </Extensions>
          </Trackpoint>
          <Trackpoint>
            <Time>2026-08-03T15:26:35.000Z</Time>
            <Position>
              <LatitudeDegrees>44.28904144093394</LatitudeDegrees>
              <LongitudeDegrees>-81.59170028753579</LongitudeDegrees>
            </Position>
            <AltitudeMeters>176.0</AltitudeMeters>
            <DistanceMeters>5219.9599609375</DistanceMeters>
            <HeartRateBpm>
              <Value>87</Value>
            </HeartRateBpm>
            <Extensions>
              <ns3:TPX>
                <ns3:Speed>1.819000005722046</ns3:Speed>
              </ns3:TPX>
            </Extensions>
          </Trackpoint>
          <Trackpoint>
            <Time>2026-08-03T15:26:38.000Z</Time>
            <Position>
              <LatitudeDegrees>44.28904915228486</LatitudeDegrees>
              <LongitudeDegrees>-81.59168184734881</LongitudeDegrees>
            </Position>
            <AltitudeMeters>175.8000030517578</AltitudeMeters>
            <DistanceMeters>5221.5498046875</DistanceMeters>
            <HeartRateBpm>
              <Value>85</Value>
            </HeartRateBpm>
            <Extensions>
              <ns3:TPX>
                <ns3:Speed>0.5320000052452087</ns3:Speed>
              </ns3:TPX>
            </Extensions>
          </Trackpoint>
          <Trackpoint>
            <Time>2026-08-03T15:26:43.000Z</Time>
            <Position>
              <LatitudeDegrees>44.2890590429306</LatitudeDegrees>
              <LongitudeDegrees>-81.5916530136019</LongitudeDegrees>
            </Position>
            <AltitudeMeters>175.60000610351562</AltitudeMeters>
            <DistanceMeters>5224.080078125</DistanceMeters>
            <HeartRateBpm>
              <Value>84</Value>
            </HeartRateBpm>
            <Extensions>
              <ns3:TPX>
                <ns3:Speed>0.7089999914169312</ns3:Speed>
              </ns3:TPX>
            </Extensions>
          </Trackpoint>
          <Trackpoint>
            <Time>2026-08-03T15:26:45.000Z</Time>
            <Position>
              <LatitudeDegrees>44.289069352671504</LatitudeDegrees>
              <LongitudeDegrees>-81.59163314849138</LongitudeDegrees>
            </Position>
            <AltitudeMeters>175.60000610351562</AltitudeMeters>
            <DistanceMeters>5225.97998046875</DistanceMeters>
            <HeartRateBpm>
              <Value>84</Value>
            </HeartRateBpm>
            <Extensions>
              <ns3:TPX>
                <ns3:Speed>1.0820000171661377</ns3:Speed>
              </ns3:TPX>
            </Extensions>
          </Trackpoint>
          <Trackpoint>
            <Time>2026-08-03T15:26:46.000Z</Time>
            <Position>
              <LatitudeDegrees>44.289070358499885</LatitudeDegrees>
              <LongitudeDegrees>-81.59161621704698</LongitudeDegrees>
            </Position>
            <AltitudeMeters>175.60000610351562</AltitudeMeters>
            <DistanceMeters>5227.31005859375</DistanceMeters>
            <HeartRateBpm>
              <Value>84</Value>
            </HeartRateBpm>
            <Extensions>
              <ns3:TPX>
                <ns3:Speed>1.4459999799728394</ns3:Speed>
              </ns3:TPX>
            </Extensions>
          </Trackpoint>
          <Trackpoint>
            <Time>2026-08-03T15:26:49.000Z</Time>
            <Position>
              <LatitudeDegrees>44.28906289860606</LatitudeDegrees>
              <LongitudeDegrees>-81.59158914349973</LongitudeDegrees>
            </Position>
            <AltitudeMeters>177.0</AltitudeMeters>
            <DistanceMeters>5229.580078125</DistanceMeters>
            <HeartRateBpm>
              <Value>84</Value>
            </HeartRateBpm>
            <Extensions>
              <ns3:TPX>
                <ns3:Speed>0.8769999742507935</ns3:Speed>
              </ns3:TPX>
            </Extensions>
          </Trackpoint>
          <Trackpoint>
            <Time>2026-08-03T15:26:52.000Z</Time>
            <Position>
              <LatitudeDegrees>44.289052253589034</LatitudeDegrees>
              <LongitudeDegrees>-81.59157246351242</LongitudeDegrees>
            </Position>
            <AltitudeMeters>178.0</AltitudeMeters>
            <DistanceMeters>5231.31005859375</DistanceMeters>
            <HeartRateBpm>
              <Value>85</Value>
            </HeartRateBpm>
            <Extensions>
              <ns3:TPX>
                <ns3:Speed>0.8489999771118164</ns3:Speed>
              </ns3:TPX>
            </Extensions>
          </Trackpoint>
          <Trackpoint>
            <Time>2026-08-03T15:26:54.000Z</Time>
            <Position>
              <LatitudeDegrees>44.28906097076833</LatitudeDegrees>
              <LongitudeDegrees>-81.59156517125666</LongitudeDegrees>
            </Position>
            <AltitudeMeters>178.1999969482422</AltitudeMeters>
            <DistanceMeters>5232.4501953125</DistanceMeters>
            <HeartRateBpm>
              <Value>86</Value>
            </HeartRateBpm>
            <Extensions>
              <ns3:TPX>
                <ns3:Speed>0.8769999742507935</ns3:Speed>
              </ns3:TPX>
            </Extensions>
          </Trackpoint>
          <Trackpoint>
            <Time>2026-08-03T15:26:56.000Z</Time>
            <Position>
              <LatitudeDegrees>44.289072789251804</LatitudeDegrees>
              <LongitudeDegrees>-81.59156768582761</LongitudeDegrees>
            </Position>
            <AltitudeMeters>178.1999969482422</AltitudeMeters>
            <DistanceMeters>5233.7998046875</DistanceMeters>
            <HeartRateBpm>
              <Value>89</Value>
            </HeartRateBpm>
            <Extensions>
              <ns3:TPX>
                <ns3:Speed>0.7649999856948853</ns3:Speed>
              </ns3:TPX>
            </Extensions>
          </Trackpoint>
          <Trackpoint>
            <Time>2026-08-03T15:27:00.000Z</Time>
            <Position>
              <LatitudeDegrees>44.28907739929855</LatitudeDegrees>
              <LongitudeDegrees>-81.59156190231442</LongitudeDegrees>
            </Position>
            <AltitudeMeters>178.1999969482422</AltitudeMeters>
            <DistanceMeters>5236.3798828125</DistanceMeters>
            <HeartRateBpm>
              <Value>91</Value>
            </HeartRateBpm>
            <Extensions>
              <ns3:TPX>
                <ns3:Speed>0.7649999856948853</ns3:Speed>
              </ns3:TPX>
            </Extensions>
          </Trackpoint>
          <Trackpoint>
            <Time>2026-08-03T15:27:01.000Z</Time>
            <Position>
              <LatitudeDegrees>44.28906734101474</LatitudeDegrees>
              <LongitudeDegrees>-81.59156299196184</LongitudeDegrees>
            </Position>
            <AltitudeMeters>178.1999969482422</AltitudeMeters>
            <DistanceMeters>5237.4501953125</DistanceMeters>
            <HeartRateBpm>
              <Value>92</Value>
            </HeartRateBpm>
            <Extensions>
              <ns3:TPX>
                <ns3:Speed>1.156999945640564</ns3:Speed>
              </ns3:TPX>
            </Extensions>
          </Trackpoint>
          <Trackpoint>
            <Time>2026-08-03T15:27:05.000Z</Time>
            <Position>
              <LatitudeDegrees>44.28904722444713</LatitudeDegrees>
              <LongitudeDegrees>-81.59157103858888</LongitudeDegrees>
            </Position>
            <AltitudeMeters>178.0</AltitudeMeters>
            <DistanceMeters>5240.06005859375</DistanceMeters>
            <HeartRateBpm>
              <Value>93</Value>
            </HeartRateBpm>
            <Extensions>
              <ns3:TPX>
                <ns3:Speed>0.7649999856948853</ns3:Speed>
              </ns3:TPX>
            </Extensions>
          </Trackpoint>
          <Trackpoint>
            <Time>2026-08-03T15:27:07.000Z</Time>
            <Position>
              <LatitudeDegrees>44.28903641179204</LatitudeDegrees>
              <LongitudeDegrees>-81.59158662892878</LongitudeDegrees>
            </Position>
            <AltitudeMeters>177.8000030517578</AltitudeMeters>
            <DistanceMeters>5241.81982421875</DistanceMeters>
            <HeartRateBpm>
              <Value>93</Value>
            </HeartRateBpm>
            <Extensions>
              <ns3:TPX>
                <ns3:Speed>0.9330000281333923</ns3:Speed>
              </ns3:TPX>
            </Extensions>
          </Trackpoint>
          <Trackpoint>
            <Time>2026-08-03T15:27:09.000Z</Time>
            <Position>
              <LatitudeDegrees>44.289049822837114</LatitudeDegrees>
              <LongitudeDegrees>-81.59160272218287</LongitudeDegrees>
            </Position>
            <AltitudeMeters>177.8000030517578</AltitudeMeters>
            <DistanceMeters>5243.8701171875</DistanceMeters>
            <HeartRateBpm>
              <Value>95</Value>
            </HeartRateBpm>
            <Extensions>
              <ns3:TPX>
                <ns3:Speed>0.9610000252723694</ns3:Speed>
              </ns3:TPX>
            </Extensions>
          </Trackpoint>
          <Trackpoint>
            <Time>2026-08-03T15:27:15.000Z</Time>
            <Position>
              <LatitudeDegrees>44.28907195106149</LatitudeDegrees>
              <LongitudeDegrees>-81.59160356037319</LongitudeDegrees>
            </Position>
            <AltitudeMeters>177.8000030517578</AltitudeMeters>
            <DistanceMeters>5246.2900390625</DistanceMeters>
            <HeartRateBpm>
              <Value>95</Value>
            </HeartRateBpm>
            <Extensions>
              <ns3:TPX>
                <ns3:Speed>0.0</ns3:Speed>
              </ns3:TPX>
            </Extensions>
          </Trackpoint>
          <Trackpoint>
            <Time>2026-08-03T15:27:16.000Z</Time>
            <Position>
              <LatitudeDegrees>44.28907438181341</LatitudeDegrees>
              <LongitudeDegrees>-81.59160205163062</LongitudeDegrees>
            </Position>
            <AltitudeMeters>177.8000030517578</AltitudeMeters>
            <DistanceMeters>5246.58984375</DistanceMeters>
            <HeartRateBpm>
              <Value>95</Value>
            </HeartRateBpm>
            <Extensions>
              <ns3:TPX>
                <ns3:Speed>1.371999979019165</ns3:Speed>
              </ns3:TPX>
            </Extensions>
          </Trackpoint>
          <Trackpoint>
            <Time>2026-08-03T15:27:18.000Z</Time>
            <Position>
              <LatitudeDegrees>44.28908385336399</LatitudeDegrees>
              <LongitudeDegrees>-81.59158227033913</LongitudeDegrees>
            </Position>
            <AltitudeMeters>177.60000610351562</AltitudeMeters>
            <DistanceMeters>5248.27978515625</DistanceMeters>
            <HeartRateBpm>
              <Value>94</Value>
            </HeartRateBpm>
            <Extensions>
              <ns3:TPX>
                <ns3:Speed>1.0920000076293945</ns3:Speed>
              </ns3:TPX>
            </Extensions>
          </Trackpoint>
          <Trackpoint>
            <Time>2026-08-03T15:27:23.000Z</Time>
            <Position>
              <LatitudeDegrees>44.28907270543277</LatitudeDegrees>
              <LongitudeDegrees>-81.59154673106968</LongitudeDegrees>
            </Position>
            <AltitudeMeters>178.0</AltitudeMeters>
            <DistanceMeters>5251.10009765625</DistanceMeters>
            <HeartRateBpm>
              <Value>94</Value>
            </HeartRateBpm>
            <Extensions>
              <ns3:TPX>
                <ns3:Speed>0.9700000286102295</ns3:Speed>
              </ns3:TPX>
            </Extensions>
          </Trackpoint>
          <Trackpoint>
            <Time>2026-08-03T15:27:30.000Z</Time>
            <Position>
              <LatitudeDegrees>44.289039596915245</LatitudeDegrees>
              <LongitudeDegrees>-81.5914714615792</LongitudeDegrees>
            </Position>
            <AltitudeMeters>178.0</AltitudeMeters>
            <DistanceMeters>5258.080078125</DistanceMeters>
            <HeartRateBpm>
              <Value>94</Value>
            </HeartRateBpm>
            <Extensions>
              <ns3:TPX>
                <ns3:Speed>0.6899999976158142</ns3:Speed>
              </ns3:TPX>
            </Extensions>
          </Trackpoint>
          <Trackpoint>
            <Time>2026-08-03T15:27:33.000Z</Time>
            <Position>
              <LatitudeDegrees>44.289015708491206</LatitudeDegrees>
              <LongitudeDegrees>-81.59143768250942</LongitudeDegrees>
            </Position>
            <AltitudeMeters>178.0</AltitudeMeters>
            <DistanceMeters>5262.27001953125</DistanceMeters>
            <HeartRateBpm>
              <Value>97</Value>
            </HeartRateBpm>
            <Extensions>
              <ns3:TPX>
                <ns3:Speed>0.9700000286102295</ns3:Speed>
              </ns3:TPX>
            </Extensions>
          </Trackpoint>
          <Trackpoint>
            <Time>2026-08-03T15:27:35.000Z</Time>
            <Position>
              <LatitudeDegrees>44.2890109308064</LatitudeDegrees>
              <LongitudeDegrees>-81.59141798503697</LongitudeDegrees>
            </Position>
            <AltitudeMeters>178.1999969482422</AltitudeMeters>
            <DistanceMeters>5263.8701171875</DistanceMeters>
            <HeartRateBpm>
              <Value>95</Value>
            </HeartRateBpm>
            <Extensions>
              <ns3:TPX>
                <ns3:Speed>0.8299999833106995</ns3:Speed>
              </ns3:TPX>
            </Extensions>
          </Trackpoint>
          <Trackpoint>
            <Time>2026-08-03T15:27:39.000Z</Time>
            <Position>
              <LatitudeDegrees>44.28899483755231</LatitudeDegrees>
              <LongitudeDegrees>-81.59137699753046</LongitudeDegrees>
            </Position>
            <AltitudeMeters>179.0</AltitudeMeters>
            <DistanceMeters>5267.52978515625</DistanceMeters>
            <HeartRateBpm>
              <Value>96</Value>
            </HeartRateBpm>
            <Extensions>
              <ns3:TPX>
                <ns3:Speed>0.5320000052452087</ns3:Speed>
              </ns3:TPX>
            </Extensions>
          </Trackpoint>
          <Trackpoint>
            <Time>2026-08-03T15:27:41.000Z</Time>
            <Position>
              <LatitudeDegrees>44.28899106569588</LatitudeDegrees>
              <LongitudeDegrees>-81.59136341884732</LongitudeDegrees>
            </Position>
            <AltitudeMeters>179.1999969482422</AltitudeMeters>
            <DistanceMeters>5268.580078125</DistanceMeters>
            <HeartRateBpm>
              <Value>95</Value>
            </HeartRateBpm>
            <Extensions>
              <ns3:TPX>
                <ns3:Speed>0.0</ns3:Speed>
              </ns3:TPX>
            </Extensions>
          </Trackpoint>
        </Track>
        <Extensions>
          <ns3:LX>
            <ns3:AvgSpeed>2.3350000381469727</ns3:AvgSpeed>
          </ns3:LX>
        </Extensions>
      </Lap>
      <Creator xsi:type="Device_t">
        <Name>vívoactive 4</Name>
        <UnitId>3432774097</UnitId>
        <ProductID>3225</ProductID>
        <Version>
          <VersionMajor>8</VersionMajor>
          <VersionMinor>30</VersionMinor>
          <BuildMajor>0</BuildMajor>
          <BuildMinor>0</BuildMinor>
        </Version>
      </Creator>
    </Activity>
  </Activities>
  <Author xsi:type="Application_t">
    <Name>Connect Api</Name>
    <Build>
      <Version>
        <VersionMajor>26</VersionMajor>
        <VersionMinor>15</VersionMinor>
        <BuildMajor>0</BuildMajor>
        <BuildMinor>0</BuildMinor>
      </Version>
    </Build>
    <LangID>en</LangID>
    <PartNumber>006-D2449-00</PartNumber>
  </Author>
</TrainingCenterDatabase>
