<?xml version="1.0" encoding="UTF-8"?>
<TrainingCenterDatabase
  xsi:schemaLocation="http://www.garmin.com/xmlschemas/TrainingCenterDatabase/v2 http://www.garmin.com/xmlschemas/TrainingCenterDatabasev2.xsd"
  xmlns:ns5="http://www.garmin.com/xmlschemas/ActivityGoals/v1"
  xmlns:ns3="http://www.garmin.com/xmlschemas/ActivityExtension/v2"
  xmlns:ns2="http://www.garmin.com/xmlschemas/UserProfile/v2"
  xmlns="http://www.garmin.com/xmlschemas/TrainingCenterDatabase/v2"
  xmlns:xsi="http://www.w3.org/2001/XMLSchema-instance" xmlns:ns4="http://www.garmin.com/xmlschemas/ProfileExtension/v1">
  <Activities>
    <Activity Sport="Other">
      <Id>2025-07-30T18:02:49.000Z</Id>
      <Lap StartTime="2025-07-30T18:02:49.000Z">
        <TotalTimeSeconds>548.685</TotalTimeSeconds>
        <DistanceMeters>1000.0</DistanceMeters>
        <MaximumSpeed>5.198999881744385</MaximumSpeed>
        <Calories>92</Calories>
        <Intensity>Active</Intensity>
        <TriggerMethod>Manual</TriggerMethod>
        <Track>
          <Trackpoint>
            <Time>2025-07-30T18:02:49.000Z</Time>
            <Position>
              <LatitudeDegrees>44.290744392201304</LatitudeDegrees>
              <LongitudeDegrees>-81.59667352214456</LongitudeDegrees>
            </Position>
            <DistanceMeters>0.0</DistanceMeters>
            <Extensions>
              <ns3:TPX>
                <ns3:Speed>3.746000051498413</ns3:Speed>
              </ns3:TPX>
            </Extensions>
          </Trackpoint>
          <Trackpoint>
            <Time>2025-07-30T18:02:55.000Z</Time>
            <Position>
              <LatitudeDegrees>44.29082519374788</LatitudeDegrees>
              <LongitudeDegrees>-81.59700234420598</LongitudeDegrees>
            </Position>
            <DistanceMeters>27.770000457763672</DistanceMeters>
            <Extensions>
              <ns3:TPX>
                <ns3:Speed>4.40500020980835</ns3:Speed>
              </ns3:TPX>
            </Extensions>
          </Trackpoint>
          <Trackpoint>
            <Time>2025-07-30T18:03:02.000Z</Time>
            <Position>
              <LatitudeDegrees>44.290942288935184</LatitudeDegrees>
              <LongitudeDegrees>-81.59730006940663</LongitudeDegrees>
            </Position>
            <DistanceMeters>54.84000015258789</DistanceMeters>
            <Extensions>
              <ns3:TPX>
                <ns3:Speed>4.248000144958496</ns3:Speed>
              </ns3:TPX>
            </Extensions>
          </Trackpoint>
          <Trackpoint>
            <Time>2025-07-30T18:03:09.000Z</Time>
            <Position>
              <LatitudeDegrees>44.29107589647174</LatitudeDegrees>
              <LongitudeDegrees>-81.59752562642097</LongitudeDegrees>
            </Position>
            <DistanceMeters>78.30000305175781</DistanceMeters>
            <Extensions>
              <ns3:TPX>
                <ns3:Speed>3.5759999752044678</ns3:Speed>
              </ns3:TPX>
            </Extensions>
          </Trackpoint>
          <Trackpoint>
            <Time>2025-07-30T18:03:13.000Z</Time>
            <Position>
              <LatitudeDegrees>44.291087463498116</LatitudeDegrees>
              <LongitudeDegrees>-81.59754456952214</LongitudeDegrees>
            </Position>
            <DistanceMeters>80.38999938964844</DistanceMeters>
            <Extensions>
              <ns3:TPX>
                <ns3:Speed>0.0</ns3:Speed>
              </ns3:TPX>
            </Extensions>
          </Trackpoint>
          <Trackpoint>
            <Time>2025-07-30T18:03:20.000Z</Time>
            <Position>
              <LatitudeDegrees>44.291074723005295</LatitudeDegrees>
              <LongitudeDegrees>-81.5975640155375</LongitudeDegrees>
            </Position>
            <DistanceMeters>83.13999938964844</DistanceMeters>
            <Extensions>
              <ns3:TPX>
                <ns3:Speed>0.0</ns3:Speed>
              </ns3:TPX>
            </Extensions>
          </Trackpoint>
          <Trackpoint>
            <Time>2025-07-30T18:03:26.000Z</Time>
            <Position>
              <LatitudeDegrees>44.29105636663735</LatitudeDegrees>
              <LongitudeDegrees>-81.5975608304143</LongitudeDegrees>
            </Position>
            <DistanceMeters>85.4000015258789</DistanceMeters>
            <Extensions>
              <ns3:TPX>
                <ns3:Speed>0.0</ns3:Speed>
              </ns3:TPX>
            </Extensions>
          </Trackpoint>
          <Trackpoint>
            <Time>2025-07-30T18:03:32.000Z</Time>
            <Position>
              <LatitudeDegrees>44.291025940328836</LatitudeDegrees>
              <LongitudeDegrees>-81.59755957312882</LongitudeDegrees>
            </Position>
            <DistanceMeters>89.0</DistanceMeters>
            <Extensions>
              <ns3:TPX>
                <ns3:Speed>0.0</ns3:Speed>
              </ns3:TPX>
            </Extensions>
          </Trackpoint>
          <Trackpoint>
            <Time>2025-07-30T18:03:38.000Z</Time>
            <Position>
              <LatitudeDegrees>44.291013116016984</LatitudeDegrees>
              <LongitudeDegrees>-81.59760885871947</LongitudeDegrees>
            </Position>
            <DistanceMeters>93.4800033569336</DistanceMeters>
            <Extensions>
              <ns3:TPX>
                <ns3:Speed>0.6909999847412109</ns3:Speed>
              </ns3:TPX>
            </Extensions>
          </Trackpoint>
          <Trackpoint>
            <Time>2025-07-30T18:03:42.000Z</Time>
            <Position>
              <LatitudeDegrees>44.29105879738927</LatitudeDegrees>
              <LongitudeDegrees>-81.59769728779793</LongitudeDegrees>
            </Position>
            <DistanceMeters>102.13999938964844</DistanceMeters>
            <Extensions>
              <ns3:TPX>
                <ns3:Speed>1.1369999647140503</ns3:Speed>
              </ns3:TPX>
            </Extensions>
          </Trackpoint>
          <Trackpoint>
            <Time>2025-07-30T18:03:44.000Z</Time>
            <Position>
              <LatitudeDegrees>44.29108419455588</LatitudeDegrees>
              <LongitudeDegrees>-81.59775177016854</LongitudeDegrees>
            </Position>
            <DistanceMeters>107.30999755859375</DistanceMeters>
            <Extensions>
              <ns3:TPX>
                <ns3:Speed>1.534000039100647</ns3:Speed>
              </ns3:TPX>
            </Extensions>
          </Trackpoint>
          <Trackpoint>
            <Time>2025-07-30T18:03:49.000Z</Time>
            <Position>
              <LatitudeDegrees>44.29111638106406</LatitudeDegrees>
              <LongitudeDegrees>-81.59781924448907</LongitudeDegrees>
            </Position>
            <DistanceMeters>113.77999877929688</DistanceMeters>
            <Extensions>
              <ns3:TPX>
                <ns3:Speed>0.0</ns3:Speed>
              </ns3:TPX>
            </Extensions>
          </Trackpoint>
          <Trackpoint>
            <Time>2025-07-30T18:03:56.000Z</Time>
            <Position>
              <LatitudeDegrees>44.291112776845694</LatitudeDegrees>
              <LongitudeDegrees>-81.59782930277288</LongitudeDegrees>
            </Position>
            <DistanceMeters>115.18000030517578</DistanceMeters>
            <Extensions>
              <ns3:TPX>
                <ns3:Speed>0.0</ns3:Speed>
              </ns3:TPX>
            </Extensions>
          </Trackpoint>
          <Trackpoint>
            <Time>2025-07-30T18:04:05.000Z</Time>
            <Position>
              <LatitudeDegrees>44.291103053838015</LatitudeDegrees>
              <LongitudeDegrees>-81.5978853777051</LongitudeDegrees>
            </Position>
            <DistanceMeters>119.9800033569336</DistanceMeters>
            <Extensions>
              <ns3:TPX>
                <ns3:Speed>0.4749999940395355</ns3:Speed>
              </ns3:TPX>
            </Extensions>
          </Trackpoint>
          <Trackpoint>
            <Time>2025-07-30T18:04:12.000Z</Time>
            <Position>
              <LatitudeDegrees>44.29112643934786</LatitudeDegrees>
              <LongitudeDegrees>-81.59796961583197</LongitudeDegrees>
            </Position>
            <DistanceMeters>127.30999755859375</DistanceMeters>
            <Extensions>
              <ns3:TPX>
                <ns3:Speed>0.9160000085830688</ns3:Speed>
              </ns3:TPX>
            </Extensions>
          </Trackpoint>
          <Trackpoint>
            <Time>2025-07-30T18:04:13.000Z</Time>
            <Position>
              <LatitudeDegrees>44.291125517338514</LatitudeDegrees>
              <LongitudeDegrees>-81.59797975793481</LongitudeDegrees>
            </Position>
            <DistanceMeters>128.1199951171875</DistanceMeters>
            <Extensions>
              <ns3:TPX>
                <ns3:Speed>0.9419999718666077</ns3:Speed>
              </ns3:TPX>
            </Extensions>
          </Trackpoint>
          <Trackpoint>
            <Time>2025-07-30T18:04:19.000Z</Time>
            <Position>
              <LatitudeDegrees>44.29111998528242</LatitudeDegrees>
              <LongitudeDegrees>-81.59801127389073</LongitudeDegrees>
            </Position>
            <DistanceMeters>130.75999450683594</DistanceMeters>
            <Extensions>
              <ns3:TPX>
                <ns3:Speed>0.0</ns3:Speed>
              </ns3:TPX>
            </Extensions>
          </Trackpoint>
          <Trackpoint>
            <Time>2025-07-30T18:04:27.000Z</Time>
            <Position>
              <LatitudeDegrees>44.2911175545305</LatitudeDegrees>
              <LongitudeDegrees>-81.5980875492096</LongitudeDegrees>
            </Position>
            <DistanceMeters>136.8699951171875</DistanceMeters>
            <Extensions>
              <ns3:TPX>
                <ns3:Speed>0.6320000290870667</ns3:Speed>
              </ns3:TPX>
            </Extensions>
          </Trackpoint>
          <Trackpoint>
            <Time>2025-07-30T18:04:31.000Z</Time>
            <Position>
              <LatitudeDegrees>44.29107891395688</LatitudeDegrees>
              <LongitudeDegrees>-81.5981354098767</LongitudeDegrees>
            </Position>
            <DistanceMeters>143.05999755859375</DistanceMeters>
            <Extensions>
              <ns3:TPX>
                <ns3:Speed>1.031000018119812</ns3:Speed>
              </ns3:TPX>
            </Extensions>
          </Trackpoint>
          <Trackpoint>
            <Time>2025-07-30T18:04:32.000Z</Time>
            <Position>
              <LatitudeDegrees>44.291065419092774</LatitudeDegrees>
              <LongitudeDegrees>-81.59814521670341</LongitudeDegrees>
            </Position>
            <DistanceMeters>144.75999450683594</DistanceMeters>
            <Extensions>
              <ns3:TPX>
                <ns3:Speed>1.1390000581741333</ns3:Speed>
              </ns3:TPX>
            </Extensions>
          </Trackpoint>
          <Trackpoint>
            <Time>2025-07-30T18:04:35.000Z</Time>
            <Position>
              <LatitudeDegrees>44.29103256203234</LatitudeDegrees>
              <LongitudeDegrees>-81.59816491417587</LongitudeDegrees>
            </Position>
            <DistanceMeters>148.8000030517578</DistanceMeters>
            <Extensions>
              <ns3:TPX>
                <ns3:Speed>1.3209999799728394</ns3:Speed>
              </ns3:TPX>
            </Extensions>
          </Trackpoint>
          <Trackpoint>
            <Time>2025-07-30T18:04:38.000Z</Time>
            <Position>
              <LatitudeDegrees>44.29098763503134</LatitudeDegrees>
              <LongitudeDegrees>-81.59813323058188</LongitudeDegrees>
            </Position>
            <DistanceMeters>154.44000244140625</DistanceMeters>
            <Extensions>
              <ns3:TPX>
                <ns3:Speed>1.5779999494552612</ns3:Speed>
              </ns3:TPX>
            </Extensions>
          </Trackpoint>
          <Trackpoint>
            <Time>2025-07-30T18:04:44.000Z</Time>
            <Position>
              <LatitudeDegrees>44.290924184024334</LatitudeDegrees>
              <LongitudeDegrees>-81.59795846790075</LongitudeDegrees>
            </Position>
            <DistanceMeters>170.22999572753906</DistanceMeters>
            <Extensions>
              <ns3:TPX>
                <ns3:Speed>2.128000020980835</ns3:Speed>
              </ns3:TPX>
            </Extensions>
          </Trackpoint>
          <Trackpoint>
            <Time>2025-07-30T18:04:50.000Z</Time>
            <Position>
              <LatitudeDegrees>44.29086190648377</LatitudeDegrees>
              <LongitudeDegrees>-81.59766694530845</LongitudeDegrees>
            </Position>
            <DistanceMeters>194.50999450683594</DistanceMeters>
            <Extensions>
              <ns3:TPX>
                <ns3:Speed>3.3420000076293945</ns3:Speed>
              </ns3:TPX>
            </Extensions>
          </Trackpoint>
          <Trackpoint>
            <Time>2025-07-30T18:04:59.000Z</Time>
            <Position>
              <LatitudeDegrees>44.29075696505606</LatitudeDegrees>
              <LongitudeDegrees>-81.59721993841231</LongitudeDegrees>
            </Position>
            <DistanceMeters>232.0500030517578</DistanceMeters>
            <Extensions>
              <ns3:TPX>
                <ns3:Speed>4.146999835968018</ns3:Speed>
              </ns3:TPX>
            </Extensions>
          </Trackpoint>
          <Trackpoint>
            <Time>2025-07-30T18:05:09.000Z</Time>
            <Position>
              <LatitudeDegrees>44.29060550406575</LatitudeDegrees>
              <LongitudeDegrees>-81.59677527844906</LongitudeDegrees>
            </Position>
            <DistanceMeters>271.4100036621094</DistanceMeters>
            <Extensions>
              <ns3:TPX>
                <ns3:Speed>3.8989999294281006</ns3:Speed>
              </ns3:TPX>
            </Extensions>
          </Trackpoint>
          <Trackpoint>
            <Time>2025-07-30T18:05:18.000Z</Time>
            <Position>
              <LatitudeDegrees>44.29048472084105</LatitudeDegrees>
              <LongitudeDegrees>-81.59638744778931</LongitudeDegrees>
            </Position>
            <DistanceMeters>305.2300109863281</DistanceMeters>
            <Extensions>
              <ns3:TPX>
                <ns3:Speed>3.73799991607666</ns3:Speed>
              </ns3:TPX>
            </Extensions>
          </Trackpoint>
          <Trackpoint>
            <Time>2025-07-30T18:05:27.000Z</Time>
            <Position>
              <LatitudeDegrees>44.2903717327863</LatitudeDegrees>
              <LongitudeDegrees>-81.59604689106345</LongitudeDegrees>
            </Position>
            <DistanceMeters>335.17999267578125</DistanceMeters>
            <Extensions>
              <ns3:TPX>
                <ns3:Speed>3.315000057220459</ns3:Speed>
              </ns3:TPX>
            </Extensions>
          </Trackpoint>
          <Trackpoint>
            <Time>2025-07-30T18:05:33.000Z</Time>
            <Position>
              <LatitudeDegrees>44.290313394740224</LatitudeDegrees>
              <LongitudeDegrees>-81.5958731342107</LongitudeDegrees>
            </Position>
            <DistanceMeters>350.4800109863281</DistanceMeters>
            <Extensions>
              <ns3:TPX>
                <ns3:Speed>2.927999973297119</ns3:Speed>
              </ns3:TPX>
            </Extensions>
          </Trackpoint>
          <Trackpoint>
            <Time>2025-07-30T18:05:43.000Z</Time>
            <Position>
              <LatitudeDegrees>44.2901970539242</LatitudeDegrees>
              <LongitudeDegrees>-81.59551413729787</LongitudeDegrees>
            </Position>
            <DistanceMeters>381.92999267578125</DistanceMeters>
            <Extensions>
              <ns3:TPX>
                <ns3:Speed>3.0829999446868896</ns3:Speed>
              </ns3:TPX>
            </Extensions>
          </Trackpoint>
          <Trackpoint>
            <Time>2025-07-30T18:05:52.000Z</Time>
            <Position>
              <LatitudeDegrees>44.290061350911856</LatitudeDegrees>
              <LongitudeDegrees>-81.5950718242675</LongitudeDegrees>
            </Position>
            <DistanceMeters>420.30999755859375</DistanceMeters>
            <Extensions>
              <ns3:TPX>
                <ns3:Speed>4.033999919891357</ns3:Speed>
              </ns3:TPX>
            </Extensions>
          </Trackpoint>
          <Trackpoint>
            <Time>2025-07-30T18:06:00.000Z</Time>
            <Position>
              <LatitudeDegrees>44.28988021798432</LatitudeDegrees>
              <LongitudeDegrees>-81.5946129988879</LongitudeDegrees>
            </Position>
            <DistanceMeters>462.1000061035156</DistanceMeters>
            <Extensions>
              <ns3:TPX>
                <ns3:Speed>5.110000133514404</ns3:Speed>
              </ns3:TPX>
            </Extensions>
          </Trackpoint>
          <Trackpoint>
            <Time>2025-07-30T18:06:08.000Z</Time>
            <Position>
              <LatitudeDegrees>44.28974401205778</LatitudeDegrees>
              <LongitudeDegrees>-81.59423874691129</LongitudeDegrees>
            </Position>
            <DistanceMeters>495.5799865722656</DistanceMeters>
            <Extensions>
              <ns3:TPX>
                <ns3:Speed>4.465000152587891</ns3:Speed>
              </ns3:TPX>
            </Extensions>
          </Trackpoint>
          <Trackpoint>
            <Time>2025-07-30T18:06:16.000Z</Time>
            <Position>
              <LatitudeDegrees>44.28962850943208</LatitudeDegrees>
              <LongitudeDegrees>-81.59391813911498</LongitudeDegrees>
            </Position>
            <DistanceMeters>524.22998046875</DistanceMeters>
            <Extensions>
              <ns3:TPX>
                <ns3:Speed>3.624000072479248</ns3:Speed>
              </ns3:TPX>
            </Extensions>
          </Trackpoint>
          <Trackpoint>
            <Time>2025-07-30T18:06:27.000Z</Time>
            <Position>
              <LatitudeDegrees>44.289423236623406</LatitudeDegrees>
              <LongitudeDegrees>-81.59341673366725</LongitudeDegrees>
            </Position>
            <DistanceMeters>570.3099975585938</DistanceMeters>
            <Extensions>
              <ns3:TPX>
                <ns3:Speed>4.177999973297119</ns3:Speed>
              </ns3:TPX>
            </Extensions>
          </Trackpoint>
          <Trackpoint>
            <Time>2025-07-30T18:06:35.000Z</Time>
            <Position>
              <LatitudeDegrees>44.28926951251924</LatitudeDegrees>
              <LongitudeDegrees>-81.59299998544157</LongitudeDegrees>
            </Position>
            <DistanceMeters>607.7100219726562</DistanceMeters>
            <Extensions>
              <ns3:TPX>
                <ns3:Speed>4.6020002365112305</ns3:Speed>
              </ns3:TPX>
            </Extensions>
          </Trackpoint>
          <Trackpoint>
            <Time>2025-07-30T18:06:44.000Z</Time>
            <Position>
              <LatitudeDegrees>44.28917043842375</LatitudeDegrees>
              <LongitudeDegrees>-81.59263344481587</LongitudeDegrees>
            </Position>
            <DistanceMeters>639.0900268554688</DistanceMeters>
            <Extensions>
              <ns3:TPX>
                <ns3:Speed>3.759999990463257</ns3:Speed>
              </ns3:TPX>
            </Extensions>
          </Trackpoint>
          <Trackpoint>
            <Time>2025-07-30T18:06:52.000Z</Time>
            <Position>
              <LatitudeDegrees>44.28915132768452</LatitudeDegrees>
              <LongitudeDegrees>-81.59239531494677</LongitudeDegrees>
            </Position>
            <DistanceMeters>658.27001953125</DistanceMeters>
            <Extensions>
              <ns3:TPX>
                <ns3:Speed>2.5420000553131104</ns3:Speed>
              </ns3:TPX>
            </Extensions>
          </Trackpoint>
          <Trackpoint>
            <Time>2025-07-30T18:06:58.000Z</Time>
            <Position>
              <LatitudeDegrees>44.289130959659815</LatitudeDegrees>
              <LongitudeDegrees>-81.59221678040922</LongitudeDegrees>
            </Position>
            <DistanceMeters>672.7899780273438</DistanceMeters>
            <Extensions>
              <ns3:TPX>
                <ns3:Speed>2.4149999618530273</ns3:Speed>
              </ns3:TPX>
            </Extensions>
          </Trackpoint>
          <Trackpoint>
            <Time>2025-07-30T18:07:05.000Z</Time>
            <Position>
              <LatitudeDegrees>44.28907069377601</LatitudeDegrees>
              <LongitudeDegrees>-81.59205819480121</LongitudeDegrees>
            </Position>
            <DistanceMeters>687.1199951171875</DistanceMeters>
            <Extensions>
              <ns3:TPX>
                <ns3:Speed>2.250999927520752</ns3:Speed>
              </ns3:TPX>
            </Extensions>
          </Trackpoint>
          <Trackpoint>
            <Time>2025-07-30T18:07:12.000Z</Time>
            <Position>
              <LatitudeDegrees>44.28905392996967</LatitudeDegrees>
              <LongitudeDegrees>-81.59190271049738</LongitudeDegrees>
            </Position>
            <DistanceMeters>699.9600219726562</DistanceMeters>
            <Extensions>
              <ns3:TPX>
                <ns3:Speed>1.9329999685287476</ns3:Speed>
              </ns3:TPX>
            </Extensions>
          </Trackpoint>
          <Trackpoint>
            <Time>2025-07-30T18:07:17.000Z</Time>
            <Position>
              <LatitudeDegrees>44.289076225832105</LatitudeDegrees>
              <LongitudeDegrees>-81.591840935871</LongitudeDegrees>
            </Position>
            <DistanceMeters>705.510009765625</DistanceMeters>
            <Extensions>
              <ns3:TPX>
                <ns3:Speed>1.5379999876022339</ns3:Speed>
              </ns3:TPX>
            </Extensions>
          </Trackpoint>
          <Trackpoint>
            <Time>2025-07-30T18:07:18.000Z</Time>
            <Position>
              <LatitudeDegrees>44.28908251225948</LatitudeDegrees>
              <LongitudeDegrees>-81.5918308775872</LongitudeDegrees>
            </Position>
            <DistanceMeters>706.5700073242188</DistanceMeters>
            <Extensions>
              <ns3:TPX>
                <ns3:Speed>1.4290000200271606</ns3:Speed>
              </ns3:TPX>
            </Extensions>
          </Trackpoint>
          <Trackpoint>
            <Time>2025-07-30T18:07:22.000Z</Time>
            <Position>
              <LatitudeDegrees>44.289097096771</LatitudeDegrees>
              <LongitudeDegrees>-81.59178544767201</LongitudeDegrees>
            </Position>
            <DistanceMeters>710.5999755859375</DistanceMeters>
            <Extensions>
              <ns3:TPX>
                <ns3:Speed>1.1059999465942383</ns3:Speed>
              </ns3:TPX>
            </Extensions>
          </Trackpoint>
          <Trackpoint>
            <Time>2025-07-30T18:07:24.000Z</Time>
            <Position>
              <LatitudeDegrees>44.28910371847451</LatitudeDegrees>
              <LongitudeDegrees>-81.5917687676847</LongitudeDegrees>
            </Position>
            <DistanceMeters>712.1400146484375</DistanceMeters>
            <Extensions>
              <ns3:TPX>
                <ns3:Speed>1.024999976158142</ns3:Speed>
              </ns3:TPX>
            </Extensions>
          </Trackpoint>
          <Trackpoint>
            <Time>2025-07-30T18:07:31.000Z</Time>
            <Position>
              <LatitudeDegrees>44.289113860577345</LatitudeDegrees>
              <LongitudeDegrees>-81.59173767082393</LongitudeDegrees>
            </Position>
            <DistanceMeters>715.1400146484375</DistanceMeters>
            <Extensions>
              <ns3:TPX>
                <ns3:Speed>0.0</ns3:Speed>
              </ns3:TPX>
            </Extensions>
          </Trackpoint>
          <Trackpoint>
            <Time>2025-07-30T18:07:38.000Z</Time>
            <Position>
              <LatitudeDegrees>44.289115285500884</LatitudeDegrees>
              <LongitudeDegrees>-81.59173314459622</LongitudeDegrees>
            </Position>
            <DistanceMeters>715.6300048828125</DistanceMeters>
            <Extensions>
              <ns3:TPX>
                <ns3:Speed>0.0</ns3:Speed>
              </ns3:TPX>
            </Extensions>
          </Trackpoint>
          <Trackpoint>
            <Time>2025-07-30T18:10:11.000Z</Time>
            <Position>
              <LatitudeDegrees>44.28913364186883</LatitudeDegrees>
              <LongitudeDegrees>-81.59183439798653</LongitudeDegrees>
            </Position>
            <DistanceMeters>725.1900024414062</DistanceMeters>
            <Extensions>
              <ns3:TPX>
                <ns3:Speed>0.7369999885559082</ns3:Speed>
              </ns3:TPX>
            </Extensions>
          </Trackpoint>
          <Trackpoint>
            <Time>2025-07-30T18:10:14.000Z</Time>
            <Position>
              <LatitudeDegrees>44.28914864547551</LatitudeDegrees>
              <LongitudeDegrees>-81.59189977683127</LongitudeDegrees>
            </Position>
            <DistanceMeters>730.6900024414062</DistanceMeters>
            <Extensions>
              <ns3:TPX>
                <ns3:Speed>1.1929999589920044</ns3:Speed>
              </ns3:TPX>
            </Extensions>
          </Trackpoint>
          <Trackpoint>
            <Time>2025-07-30T18:10:17.000Z</Time>
            <Position>
              <LatitudeDegrees>44.28916691802442</LatitudeDegrees>
              <LongitudeDegrees>-81.5919553488493</LongitudeDegrees>
            </Position>
            <DistanceMeters>735.6099853515625</DistanceMeters>
            <Extensions>
              <ns3:TPX>
                <ns3:Speed>1.569000005722046</ns3:Speed>
              </ns3:TPX>
            </Extensions>
          </Trackpoint>
          <Trackpoint>
            <Time>2025-07-30T18:10:25.000Z</Time>
            <Position>
              <LatitudeDegrees>44.28922307677567</LatitudeDegrees>
              <LongitudeDegrees>-81.59212038852274</LongitudeDegrees>
            </Position>
            <DistanceMeters>750.3800048828125</DistanceMeters>
            <Extensions>
              <ns3:TPX>
                <ns3:Speed>1.809999942779541</ns3:Speed>
              </ns3:TPX>
            </Extensions>
          </Trackpoint>
          <Trackpoint>
            <Time>2025-07-30T18:10:34.000Z</Time>
            <Position>
              <LatitudeDegrees>44.28925744257867</LatitudeDegrees>
              <LongitudeDegrees>-81.5923401620239</LongitudeDegrees>
            </Position>
            <DistanceMeters>768.25</DistanceMeters>
            <Extensions>
              <ns3:TPX>
                <ns3:Speed>2.055000066757202</ns3:Speed>
              </ns3:TPX>
            </Extensions>
          </Trackpoint>
          <Trackpoint>
            <Time>2025-07-30T18:10:45.000Z</Time>
            <Position>
              <LatitudeDegrees>44.28929356858134</LatitudeDegrees>
              <LongitudeDegrees>-81.59262673929334</LongitudeDegrees>
            </Position>
            <DistanceMeters>791.489990234375</DistanceMeters>
            <Extensions>
              <ns3:TPX>
                <ns3:Speed>2.117000102996826</ns3:Speed>
              </ns3:TPX>
            </Extensions>
          </Trackpoint>
          <Trackpoint>
            <Time>2025-07-30T18:10:55.000Z</Time>
            <Position>
              <LatitudeDegrees>44.28935836069286</LatitudeDegrees>
              <LongitudeDegrees>-81.5929152444005</LongitudeDegrees>
            </Position>
            <DistanceMeters>815.6599731445312</DistanceMeters>
            <Extensions>
              <ns3:TPX>
                <ns3:Speed>2.4560000896453857</ns3:Speed>
              </ns3:TPX>
            </Extensions>
          </Trackpoint>
          <Trackpoint>
            <Time>2025-07-30T18:11:04.000Z</Time>
            <Position>
              <LatitudeDegrees>44.28940420970321</LatitudeDegrees>
              <LongitudeDegrees>-81.5931930206716</LongitudeDegrees>
            </Position>
            <DistanceMeters>838.4099731445312</DistanceMeters>
            <Extensions>
              <ns3:TPX>
                <ns3:Speed>2.4779999256134033</ns3:Speed>
              </ns3:TPX>
            </Extensions>
          </Trackpoint>
          <Trackpoint>
            <Time>2025-07-30T18:11:15.000Z</Time>
            <Position>
              <LatitudeDegrees>44.28950898349285</LatitudeDegrees>
              <LongitudeDegrees>-81.59360272809863</LongitudeDegrees>
            </Position>
            <DistanceMeters>873.1599731445312</DistanceMeters>
            <Extensions>
              <ns3:TPX>
                <ns3:Speed>3.119999885559082</ns3:Speed>
              </ns3:TPX>
            </Extensions>
          </Trackpoint>
          <Trackpoint>
            <Time>2025-07-30T18:11:24.000Z</Time>
            <Position>
              <LatitudeDegrees>44.28957427851856</LatitudeDegrees>
              <LongitudeDegrees>-81.59394797869027</LongitudeDegrees>
            </Position>
            <DistanceMeters>901.6599731445312</DistanceMeters>
            <Extensions>
              <ns3:TPX>
                <ns3:Speed>3.2209999561309814</ns3:Speed>
              </ns3:TPX>
            </Extensions>
          </Trackpoint>
          <Trackpoint>
            <Time>2025-07-30T18:11:34.000Z</Time>
            <Position>
              <LatitudeDegrees>44.28965063765645</LatitudeDegrees>
              <LongitudeDegrees>-81.5942884515971</LongitudeDegrees>
            </Position>
            <DistanceMeters>930.1400146484375</DistanceMeters>
            <Extensions>
              <ns3:TPX>
                <ns3:Speed>2.9539999961853027</ns3:Speed>
              </ns3:TPX>
            </Extensions>
          </Trackpoint>
          <Trackpoint>
            <Time>2025-07-30T18:11:42.000Z</Time>
            <Position>
              <LatitudeDegrees>44.28971987217665</LatitudeDegrees>
              <LongitudeDegrees>-81.59457938745618</LongitudeDegrees>
            </Position>
            <DistanceMeters>954.6400146484375</DistanceMeters>
            <Extensions>
              <ns3:TPX>
                <ns3:Speed>3.005000114440918</ns3:Speed>
              </ns3:TPX>
            </Extensions>
          </Trackpoint>
          <Trackpoint>
            <Time>2025-07-30T18:11:50.000Z</Time>
            <Position>
              <LatitudeDegrees>44.28973655216396</LatitudeDegrees>
              <LongitudeDegrees>-81.59485884010792</LongitudeDegrees>
            </Position>
            <DistanceMeters>977.1099853515625</DistanceMeters>
            <Extensions>
              <ns3:TPX>
                <ns3:Speed>2.940000057220459</ns3:Speed>
              </ns3:TPX>
            </Extensions>
          </Trackpoint>
          <Trackpoint>
            <Time>2025-07-30T18:11:57.000Z</Time>
            <Position>
              <LatitudeDegrees>44.28975666873157</LatitudeDegrees>
              <LongitudeDegrees>-81.59512848593295</LongitudeDegrees>
            </Position>
            <DistanceMeters>998.8499755859375</DistanceMeters>
            <Extensions>
              <ns3:TPX>
                <ns3:Speed>2.937999963760376</ns3:Speed>
              </ns3:TPX>
            </Extensions>
          </Trackpoint>
          <Trackpoint>
            <Time>2025-07-30T18:11:58.000Z</Time>
            <Position>
              <LatitudeDegrees>44.28975951857865</LatitudeDegrees>
              <LongitudeDegrees>-81.59516578540206</LongitudeDegrees>
            </Position>
            <DistanceMeters>1001.8499755859375</DistanceMeters>
            <Extensions>
              <ns3:TPX>
                <ns3:Speed>2.9489998817443848</ns3:Speed>
              </ns3:TPX>
            </Extensions>
          </Trackpoint>
        </Track>
        <Extensions>
          <ns3:LX>
            <ns3:AvgSpeed>1.822999954223633</ns3:AvgSpeed>
            <ns3:Steps>72</ns3:Steps>
          </ns3:LX>
        </Extensions>
      </Lap>
      <Lap StartTime="2025-07-30T18:11:59.000Z">
        <TotalTimeSeconds>381.32</TotalTimeSeconds>
        <DistanceMeters>1000.0</DistanceMeters>
        <MaximumSpeed>4.004000186920166</MaximumSpeed>
        <Calories>99</Calories>
        <Intensity>Active</Intensity>
        <TriggerMethod>Manual</TriggerMethod>
        <Track>
          <Trackpoint>
            <Time>2025-07-30T18:12:06.000Z</Time>
            <Position>
              <LatitudeDegrees>44.28981718607247</LatitudeDegrees>
              <LongitudeDegrees>-81.59549955278635</LongitudeDegrees>
            </Position>
            <DistanceMeters>1029.31005859375</DistanceMeters>
            <Extensions>
              <ns3:TPX>
                <ns3:Speed>3.242000102996826</ns3:Speed>
              </ns3:TPX>
            </Extensions>
          </Trackpoint>
          <Trackpoint>
            <Time>2025-07-30T18:12:18.000Z</Time>
            <Position>
              <LatitudeDegrees>44.289912320673466</LatitudeDegrees>
              <LongitudeDegrees>-81.5959790814668</LongitudeDegrees>
            </Position>
            <DistanceMeters>1069.06005859375</DistanceMeters>
            <Extensions>
              <ns3:TPX>
                <ns3:Speed>3.313999891281128</ns3:Speed>
              </ns3:TPX>
            </Extensions>
          </Trackpoint>
          <Trackpoint>
            <Time>2025-07-30T18:12:30.000Z</Time>
            <Position>
              <LatitudeDegrees>44.289994882419705</LatitudeDegrees>
              <LongitudeDegrees>-81.59648953936994</LongitudeDegrees>
            </Position>
            <DistanceMeters>1110.9300537109375</DistanceMeters>
            <Extensions>
              <ns3:TPX>
                <ns3:Speed>3.490999937057495</ns3:Speed>
              </ns3:TPX>
            </Extensions>
          </Trackpoint>
          <Trackpoint>
            <Time>2025-07-30T18:12:35.000Z</Time>
            <Position>
              <LatitudeDegrees>44.28998189046979</LatitudeDegrees>
              <LongitudeDegrees>-81.59664544276893</LongitudeDegrees>
            </Position>
            <DistanceMeters>1123.47998046875</DistanceMeters>
            <Extensions>
              <ns3:TPX>
                <ns3:Speed>3.0350000858306885</ns3:Speed>
              </ns3:TPX>
            </Extensions>
          </Trackpoint>
          <Trackpoint>
            <Time>2025-07-30T18:12:42.000Z</Time>
            <Position>
              <LatitudeDegrees>44.28999446332455</LatitudeDegrees>
              <LongitudeDegrees>-81.596859684214</LongitudeDegrees>
            </Position>
            <DistanceMeters>1140.9200439453125</DistanceMeters>
            <Extensions>
              <ns3:TPX>
                <ns3:Speed>2.503999948501587</ns3:Speed>
              </ns3:TPX>
            </Extensions>
          </Trackpoint>
          <Trackpoint>
            <Time>2025-07-30T18:12:50.000Z</Time>
            <Position>
              <LatitudeDegrees>44.29008406586945</LatitudeDegrees>
              <LongitudeDegrees>-81.59708800725639</LongitudeDegrees>
            </Position>
            <DistanceMeters>1161.780029296875</DistanceMeters>
            <Extensions>
              <ns3:TPX>
                <ns3:Speed>2.6080000400543213</ns3:Speed>
              </ns3:TPX>
            </Extensions>
          </Trackpoint>
          <Trackpoint>
            <Time>2025-07-30T18:13:00.000Z</Time>
            <Position>
              <LatitudeDegrees>44.29022856988013</LatitudeDegrees>
              <LongitudeDegrees>-81.59737014211714</LongitudeDegrees>
            </Position>
            <DistanceMeters>1189.43994140625</DistanceMeters>
            <Extensions>
              <ns3:TPX>
                <ns3:Speed>2.749000072479248</ns3:Speed>
              </ns3:TPX>
            </Extensions>
          </Trackpoint>
          <Trackpoint>
            <Time>2025-07-30T18:13:09.000Z</Time>
            <Position>
              <LatitudeDegrees>44.29032932035625</LatitudeDegrees>
              <LongitudeDegrees>-81.59763945266604</LongitudeDegrees>
            </Position>
            <DistanceMeters>1213.6800537109375</DistanceMeters>
            <Extensions>
              <ns3:TPX>
                <ns3:Speed>2.7230000495910645</ns3:Speed>
              </ns3:TPX>
            </Extensions>
          </Trackpoint>
          <Trackpoint>
            <Time>2025-07-30T18:13:18.000Z</Time>
            <Position>
              <LatitudeDegrees>44.290454210713506</LatitudeDegrees>
              <LongitudeDegrees>-81.5978578850627</LongitudeDegrees>
            </Position>
            <DistanceMeters>1236.02001953125</DistanceMeters>
            <Extensions>
              <ns3:TPX>
                <ns3:Speed>2.51200008392334</ns3:Speed>
              </ns3:TPX>
            </Extensions>
          </Trackpoint>
          <Trackpoint>
            <Time>2025-07-30T18:13:28.000Z</Time>
            <Position>
              <LatitudeDegrees>44.29058035835624</LatitudeDegrees>
              <LongitudeDegrees>-81.59810221754014</LongitudeDegrees>
            </Position>
            <DistanceMeters>1260.06005859375</DistanceMeters>
            <Extensions>
              <ns3:TPX>
                <ns3:Speed>2.371000051498413</ns3:Speed>
              </ns3:TPX>
            </Extensions>
          </Trackpoint>
          <Trackpoint>
            <Time>2025-07-30T18:13:39.000Z</Time>
            <Position>
              <LatitudeDegrees>44.29072553291917</LatitudeDegrees>
              <LongitudeDegrees>-81.59841653890908</LongitudeDegrees>
            </Position>
            <DistanceMeters>1289.8900146484375</DistanceMeters>
            <Extensions>
              <ns3:TPX>
                <ns3:Speed>2.687000036239624</ns3:Speed>
              </ns3:TPX>
            </Extensions>
          </Trackpoint>
          <Trackpoint>
            <Time>2025-07-30T18:13:51.000Z</Time>
            <Position>
              <LatitudeDegrees>44.290907084941864</LatitudeDegrees>
              <LongitudeDegrees>-81.59870604984462</LongitudeDegrees>
            </Position>
            <DistanceMeters>1320.6800537109375</DistanceMeters>
            <Extensions>
              <ns3:TPX>
                <ns3:Speed>2.566999912261963</ns3:Speed>
              </ns3:TPX>
            </Extensions>
          </Trackpoint>
          <Trackpoint>
            <Time>2025-07-30T18:14:00.000Z</Time>
            <Position>
              <LatitudeDegrees>44.29104756563902</LatitudeDegrees>
              <LongitudeDegrees>-81.59888584166765</LongitudeDegrees>
            </Position>
            <DistanceMeters>1341.9300537109375</DistanceMeters>
            <Extensions>
              <ns3:TPX>
                <ns3:Speed>2.4709999561309814</ns3:Speed>
              </ns3:TPX>
            </Extensions>
          </Trackpoint>
          <Trackpoint>
            <Time>2025-07-30T18:14:11.000Z</Time>
            <Position>
              <LatitudeDegrees>44.29120724089444</LatitudeDegrees>
              <LongitudeDegrees>-81.59916646778584</LongitudeDegrees>
            </Position>
            <DistanceMeters>1370.5699462890625</DistanceMeters>
            <Extensions>
              <ns3:TPX>
                <ns3:Speed>2.621999979019165</ns3:Speed>
              </ns3:TPX>
            </Extensions>
          </Trackpoint>
          <Trackpoint>
            <Time>2025-07-30T18:14:22.000Z</Time>
            <Position>
              <LatitudeDegrees>44.29135316982865</LatitudeDegrees>
              <LongitudeDegrees>-81.59946729429066</LongitudeDegrees>
            </Position>
            <DistanceMeters>1399.5999755859375</DistanceMeters>
            <Extensions>
              <ns3:TPX>
                <ns3:Speed>2.6489999294281006</ns3:Speed>
              </ns3:TPX>
            </Extensions>
          </Trackpoint>
          <Trackpoint>
            <Time>2025-07-30T18:14:34.000Z</Time>
            <Position>
              <LatitudeDegrees>44.291517958045006</LatitudeDegrees>
              <LongitudeDegrees>-81.59977298229933</LongitudeDegrees>
            </Position>
            <DistanceMeters>1430.1099853515625</DistanceMeters>
            <Extensions>
              <ns3:TPX>
                <ns3:Speed>2.5460000038146973</ns3:Speed>
              </ns3:TPX>
            </Extensions>
          </Trackpoint>
          <Trackpoint>
            <Time>2025-07-30T18:14:44.000Z</Time>
            <Position>
              <LatitudeDegrees>44.29162038490176</LatitudeDegrees>
              <LongitudeDegrees>-81.60003894008696</LongitudeDegrees>
            </Position>
            <DistanceMeters>1454.1800537109375</DistanceMeters>
            <Extensions>
              <ns3:TPX>
                <ns3:Speed>2.4240000247955322</ns3:Speed>
              </ns3:TPX>
            </Extensions>
          </Trackpoint>
          <Trackpoint>
            <Time>2025-07-30T18:14:52.000Z</Time>
            <Position>
              <LatitudeDegrees>44.29175206460059</LatitudeDegrees>
              <LongitudeDegrees>-81.60024882294238</LongitudeDegrees>
            </Position>
            <DistanceMeters>1476.4200439453125</DistanceMeters>
            <Extensions>
              <ns3:TPX>
                <ns3:Speed>2.6679999828338623</ns3:Speed>
              </ns3:TPX>
            </Extensions>
          </Trackpoint>
          <Trackpoint>
            <Time>2025-07-30T18:15:02.000Z</Time>
            <Position>
              <LatitudeDegrees>44.29187729023397</LatitudeDegrees>
              <LongitudeDegrees>-81.60051276907325</LongitudeDegrees>
            </Position>
            <DistanceMeters>1501.6500244140625</DistanceMeters>
            <Extensions>
              <ns3:TPX>
                <ns3:Speed>2.5789999961853027</ns3:Speed>
              </ns3:TPX>
            </Extensions>
          </Trackpoint>
          <Trackpoint>
            <Time>2025-07-30T18:15:07.000Z</Time>
            <Position>
              <LatitudeDegrees>44.29188709706068</LatitudeDegrees>
              <LongitudeDegrees>-81.60051452927291</LongitudeDegrees>
            </Position>
            <DistanceMeters>1503.3199462890625</DistanceMeters>
            <Extensions>
              <ns3:TPX>
                <ns3:Speed>0.0</ns3:Speed>
              </ns3:TPX>
            </Extensions>
          </Trackpoint>
          <Trackpoint>
            <Time>2025-07-30T18:15:09.000Z</Time>
            <Position>
              <LatitudeDegrees>44.29187779314816</LatitudeDegrees>
              <LongitudeDegrees>-81.60051084123552</LongitudeDegrees>
            </Position>
            <DistanceMeters>1504.3299560546875</DistanceMeters>
            <Extensions>
              <ns3:TPX>
                <ns3:Speed>1.0980000495910645</ns3:Speed>
              </ns3:TPX>
            </Extensions>
          </Trackpoint>
          <Trackpoint>
            <Time>2025-07-30T18:15:13.000Z</Time>
            <Position>
              <LatitudeDegrees>44.29186941124499</LatitudeDegrees>
              <LongitudeDegrees>-81.60047798417509</LongitudeDegrees>
            </Position>
            <DistanceMeters>1507.1199951171875</DistanceMeters>
            <Extensions>
              <ns3:TPX>
                <ns3:Speed>0.5929999947547913</ns3:Speed>
              </ns3:TPX>
            </Extensions>
          </Trackpoint>
          <Trackpoint>
            <Time>2025-07-30T18:15:21.000Z</Time>
            <Position>
              <LatitudeDegrees>44.29186639375985</LatitudeDegrees>
              <LongitudeDegrees>-81.60035921260715</LongitudeDegrees>
            </Position>
            <DistanceMeters>1516.5899658203125</DistanceMeters>
            <Extensions>
              <ns3:TPX>
                <ns3:Speed>1.0260000228881836</ns3:Speed>
              </ns3:TPX>
            </Extensions>
          </Trackpoint>
          <Trackpoint>
            <Time>2025-07-30T18:15:26.000Z</Time>
            <Position>
              <LatitudeDegrees>44.2918171081692</LatitudeDegrees>
              <LongitudeDegrees>-81.60026198253036</LongitudeDegrees>
            </Position>
            <DistanceMeters>1526.72998046875</DistanceMeters>
            <Extensions>
              <ns3:TPX>
                <ns3:Speed>1.5479999780654907</ns3:Speed>
              </ns3:TPX>
            </Extensions>
          </Trackpoint>
          <Trackpoint>
            <Time>2025-07-30T18:15:33.000Z</Time>
            <Position>
              <LatitudeDegrees>44.291683500632644</LatitudeDegrees>
              <LongitudeDegrees>-81.60016022622585</LongitudeDegrees>
            </Position>
            <DistanceMeters>1544.0799560546875</DistanceMeters>
            <Extensions>
              <ns3:TPX>
                <ns3:Speed>2.3010001182556152</ns3:Speed>
              </ns3:TPX>
            </Extensions>
          </Trackpoint>
          <Trackpoint>
            <Time>2025-07-30T18:15:44.000Z</Time>
            <Position>
              <LatitudeDegrees>44.291520304977894</LatitudeDegrees>
              <LongitudeDegrees>-81.59990114159882</LongitudeDegrees>
            </Position>
            <DistanceMeters>1571.6300048828125</DistanceMeters>
            <Extensions>
              <ns3:TPX>
                <ns3:Speed>2.5409998893737793</ns3:Speed>
              </ns3:TPX>
            </Extensions>
          </Trackpoint>
          <Trackpoint>
            <Time>2025-07-30T18:15:54.000Z</Time>
            <Position>
              <LatitudeDegrees>44.29136180318892</LatitudeDegrees>
              <LongitudeDegrees>-81.5996878221631</LongitudeDegrees>
            </Position>
            <DistanceMeters>1596.1500244140625</DistanceMeters>
            <Extensions>
              <ns3:TPX>
                <ns3:Speed>2.4690001010894775</ns3:Speed>
              </ns3:TPX>
            </Extensions>
          </Trackpoint>
          <Trackpoint>
            <Time>2025-07-30T18:16:06.000Z</Time>
            <Position>
              <LatitudeDegrees>44.29118008352816</LatitudeDegrees>
              <LongitudeDegrees>-81.59944633953273</LongitudeDegrees>
            </Position>
            <DistanceMeters>1624.0999755859375</DistanceMeters>
            <Extensions>
              <ns3:TPX>
                <ns3:Speed>2.368000030517578</ns3:Speed>
              </ns3:TPX>
            </Extensions>
          </Trackpoint>
          <Trackpoint>
            <Time>2025-07-30T18:16:17.000Z</Time>
            <Position>
              <LatitudeDegrees>44.291018480435014</LatitudeDegrees>
              <LongitudeDegrees>-81.5992152504623</LongitudeDegrees>
            </Position>
            <DistanceMeters>1649.9000244140625</DistanceMeters>
            <Extensions>
              <ns3:TPX>
                <ns3:Speed>2.322999954223633</ns3:Speed>
              </ns3:TPX>
            </Extensions>
          </Trackpoint>
          <Trackpoint>
            <Time>2025-07-30T18:16:30.000Z</Time>
            <Position>
              <LatitudeDegrees>44.2908085975796</LatitudeDegrees>
              <LongitudeDegrees>-81.59889598377049</LongitudeDegrees>
            </Position>
            <DistanceMeters>1684.43994140625</DistanceMeters>
            <Extensions>
              <ns3:TPX>
                <ns3:Speed>2.6649999618530273</ns3:Speed>
              </ns3:TPX>
            </Extensions>
          </Trackpoint>
          <Trackpoint>
            <Time>2025-07-30T18:16:40.000Z</Time>
            <Position>
              <LatitudeDegrees>44.29062645882368</LatitudeDegrees>
              <LongitudeDegrees>-81.59861829131842</LongitudeDegrees>
            </Position>
            <DistanceMeters>1714.469970703125</DistanceMeters>
            <Extensions>
              <ns3:TPX>
                <ns3:Speed>2.9820001125335693</ns3:Speed>
              </ns3:TPX>
            </Extensions>
          </Trackpoint>
          <Trackpoint>
            <Time>2025-07-30T18:16:48.000Z</Time>
            <Position>
              <LatitudeDegrees>44.29048363119364</LatitudeDegrees>
              <LongitudeDegrees>-81.59843313507736</LongitudeDegrees>
            </Position>
            <DistanceMeters>1736.1600341796875</DistanceMeters>
            <Extensions>
              <ns3:TPX>
                <ns3:Speed>2.888000011444092</ns3:Speed>
              </ns3:TPX>
            </Extensions>
          </Trackpoint>
          <Trackpoint>
            <Time>2025-07-30T18:16:58.000Z</Time>
            <Position>
              <LatitudeDegrees>44.290323369205</LatitudeDegrees>
              <LongitudeDegrees>-81.59817472100258</LongitudeDegrees>
            </Position>
            <DistanceMeters>1763.4100341796875</DistanceMeters>
            <Extensions>
              <ns3:TPX>
                <ns3:Speed>2.763000011444092</ns3:Speed>
              </ns3:TPX>
            </Extensions>
          </Trackpoint>
          <Trackpoint>
            <Time>2025-07-30T18:17:08.000Z</Time>
            <Position>
              <LatitudeDegrees>44.29016134701669</LatitudeDegrees>
              <LongitudeDegrees>-81.5979712922126</LongitudeDegrees>
            </Position>
            <DistanceMeters>1787.6400146484375</DistanceMeters>
            <Extensions>
              <ns3:TPX>
                <ns3:Speed>2.4649999141693115</ns3:Speed>
              </ns3:TPX>
            </Extensions>
          </Trackpoint>
          <Trackpoint>
            <Time>2025-07-30T18:17:16.000Z</Time>
            <Position>
              <LatitudeDegrees>44.29008448496461</LatitudeDegrees>
              <LongitudeDegrees>-81.5977733116597</LongitudeDegrees>
            </Position>
            <DistanceMeters>1805.5899658203125</DistanceMeters>
            <Extensions>
              <ns3:TPX>
                <ns3:Speed>2.2709999084472656</ns3:Speed>
              </ns3:TPX>
            </Extensions>
          </Trackpoint>
          <Trackpoint>
            <Time>2025-07-30T18:17:23.000Z</Time>
            <Position>
              <LatitudeDegrees>44.29004542529583</LatitudeDegrees>
              <LongitudeDegrees>-81.59758354537189</LongitudeDegrees>
            </Position>
            <DistanceMeters>1821.3800048828125</DistanceMeters>
            <Extensions>
              <ns3:TPX>
                <ns3:Speed>2.257999897003174</ns3:Speed>
              </ns3:TPX>
            </Extensions>
          </Trackpoint>
          <Trackpoint>
            <Time>2025-07-30T18:17:33.000Z</Time>
            <Position>
              <LatitudeDegrees>44.28994392044842</LatitudeDegrees>
              <LongitudeDegrees>-81.59724500030279</LongitudeDegrees>
            </Position>
            <DistanceMeters>1850.6600341796875</DistanceMeters>
            <Extensions>
              <ns3:TPX>
                <ns3:Speed>2.822000026702881</ns3:Speed>
              </ns3:TPX>
            </Extensions>
          </Trackpoint>
          <Trackpoint>
            <Time>2025-07-30T18:17:44.000Z</Time>
            <Position>
              <LatitudeDegrees>44.289811151102185</LatitudeDegrees>
              <LongitudeDegrees>-81.59691316075623</LongitudeDegrees>
            </Position>
            <DistanceMeters>1881.0699462890625</DistanceMeters>
            <Extensions>
              <ns3:TPX>
                <ns3:Speed>2.759000062942505</ns3:Speed>
              </ns3:TPX>
            </Extensions>
          </Trackpoint>
          <Trackpoint>
            <Time>2025-07-30T18:17:56.000Z</Time>
            <Position>
              <LatitudeDegrees>44.28970227017999</LatitudeDegrees>
              <LongitudeDegrees>-81.59647218883038</LongitudeDegrees>
            </Position>
            <DistanceMeters>1918.300048828125</DistanceMeters>
            <Extensions>
              <ns3:TPX>
                <ns3:Speed>3.1059999465942383</ns3:Speed>
              </ns3:TPX>
            </Extensions>
          </Trackpoint>
          <Trackpoint>
            <Time>2025-07-30T18:18:02.000Z</Time>
            <Position>
              <LatitudeDegrees>44.28962616249919</LatitudeDegrees>
              <LongitudeDegrees>-81.59616993740201</LongitudeDegrees>
            </Position>
            <DistanceMeters>1943.8199462890625</DistanceMeters>
            <Extensions>
              <ns3:TPX>
                <ns3:Speed>3.6659998893737793</ns3:Speed>
              </ns3:TPX>
            </Extensions>
          </Trackpoint>
          <Trackpoint>
            <Time>2025-07-30T18:18:08.000Z</Time>
            <Position>
              <LatitudeDegrees>44.28957670927048</LatitudeDegrees>
              <LongitudeDegrees>-81.5958995372057</LongitudeDegrees>
            </Position>
            <DistanceMeters>1966.25</DistanceMeters>
            <Extensions>
              <ns3:TPX>
                <ns3:Speed>4.004000186920166</ns3:Speed>
              </ns3:TPX>
            </Extensions>
          </Trackpoint>
          <Trackpoint>
            <Time>2025-07-30T18:18:13.000Z</Time>
            <Position>
              <LatitudeDegrees>44.2895307764411</LatitudeDegrees>
              <LongitudeDegrees>-81.5957142971456</LongitudeDegrees>
            </Position>
            <DistanceMeters>1981.8699951171875</DistanceMeters>
            <Extensions>
              <ns3:TPX>
                <ns3:Speed>3.5429999828338623</ns3:Speed>
              </ns3:TPX>
            </Extensions>
          </Trackpoint>
          <Trackpoint>
            <Time>2025-07-30T18:18:19.000Z</Time>
            <Position>
              <LatitudeDegrees>44.28949289023876</LatitudeDegrees>
              <LongitudeDegrees>-81.59548069350421</LongitudeDegrees>
            </Position>
            <DistanceMeters>2001.050048828125</DistanceMeters>
            <Extensions>
              <ns3:TPX>
                <ns3:Speed>3.2019999027252197</ns3:Speed>
              </ns3:TPX>
            </Extensions>
          </Trackpoint>
        </Track>
        <Extensions>
          <ns3:LX>
            <ns3:AvgSpeed>2.621999979019165</ns3:AvgSpeed>
            <ns3:Steps>24</ns3:Steps>
          </ns3:LX>
        </Extensions>
      </Lap>
      <Lap StartTime="2025-07-30T18:18:20.000Z">
        <TotalTimeSeconds>317.255</TotalTimeSeconds>
        <DistanceMeters>1000.0</DistanceMeters>
        <MaximumSpeed>5.1539998054504395</MaximumSpeed>
        <Calories>98</Calories>
        <Intensity>Active</Intensity>
        <TriggerMethod>Manual</TriggerMethod>
        <Track>
          <Trackpoint>
            <Time>2025-07-30T18:18:23.000Z</Time>
            <Position>
              <LatitudeDegrees>44.28946673870087</LatitudeDegrees>
              <LongitudeDegrees>-81.59532680176198</LongitudeDegrees>
            </Position>
            <DistanceMeters>2013.6800537109375</DistanceMeters>
            <Extensions>
              <ns3:TPX>
                <ns3:Speed>3.200000047683716</ns3:Speed>
              </ns3:TPX>
            </Extensions>
          </Trackpoint>
          <Trackpoint>
            <Time>2025-07-30T18:18:31.000Z</Time>
            <Position>
              <LatitudeDegrees>44.28943279199302</LatitudeDegrees>
              <LongitudeDegrees>-81.59502279013395</LongitudeDegrees>
            </Position>
            <DistanceMeters>2038.47998046875</DistanceMeters>
            <Extensions>
              <ns3:TPX>
                <ns3:Speed>3.124000072479248</ns3:Speed>
              </ns3:TPX>
            </Extensions>
          </Trackpoint>
          <Trackpoint>
            <Time>2025-07-30T18:18:36.000Z</Time>
            <Position>
              <LatitudeDegrees>44.28937596268952</LatitudeDegrees>
              <LongitudeDegrees>-81.59487954340875</LongitudeDegrees>
            </Position>
            <DistanceMeters>2051.52001953125</DistanceMeters>
            <Extensions>
              <ns3:TPX>
                <ns3:Speed>2.8940000534057617</ns3:Speed>
              </ns3:TPX>
            </Extensions>
          </Trackpoint>
          <Trackpoint>
            <Time>2025-07-30T18:18:44.000Z</Time>
            <Position>
              <LatitudeDegrees>44.289331370964646</LatitudeDegrees>
              <LongitudeDegrees>-81.59457092173398</LongitudeDegrees>
            </Position>
            <DistanceMeters>2076.6298828125</DistanceMeters>
            <Extensions>
              <ns3:TPX>
                <ns3:Speed>2.990999937057495</ns3:Speed>
              </ns3:TPX>
            </Extensions>
          </Trackpoint>
          <Trackpoint>
            <Time>2025-07-30T18:18:53.000Z</Time>
            <Position>
              <LatitudeDegrees>44.28925484418869</LatitudeDegrees>
              <LongitudeDegrees>-81.59425785765052</LongitudeDegrees>
            </Position>
            <DistanceMeters>2103.110107421875</DistanceMeters>
            <Extensions>
              <ns3:TPX>
                <ns3:Speed>3.111999988555908</ns3:Speed>
              </ns3:TPX>
            </Extensions>
          </Trackpoint>
          <Trackpoint>
            <Time>2025-07-30T18:19:01.000Z</Time>
            <Position>
              <LatitudeDegrees>44.28921192884445</LatitudeDegrees>
              <LongitudeDegrees>-81.59399248659611</LongitudeDegrees>
            </Position>
            <DistanceMeters>2124.830078125</DistanceMeters>
            <Extensions>
              <ns3:TPX>
                <ns3:Speed>2.7669999599456787</ns3:Speed>
              </ns3:TPX>
            </Extensions>
          </Trackpoint>
          <Trackpoint>
            <Time>2025-07-30T18:19:11.000Z</Time>
            <Position>
              <LatitudeDegrees>44.289181251078844</LatitudeDegrees>
              <LongitudeDegrees>-81.59363985992968</LongitudeDegrees>
            </Position>
            <DistanceMeters>2153.179931640625</DistanceMeters>
            <Extensions>
              <ns3:TPX>
                <ns3:Speed>2.7730000019073486</ns3:Speed>
              </ns3:TPX>
            </Extensions>
          </Trackpoint>
          <Trackpoint>
            <Time>2025-07-30T18:19:21.000Z</Time>
            <Position>
              <LatitudeDegrees>44.289162224158645</LatitudeDegrees>
              <LongitudeDegrees>-81.59327147528529</LongitudeDegrees>
            </Position>
            <DistanceMeters>2182.590087890625</DistanceMeters>
            <Extensions>
              <ns3:TPX>
                <ns3:Speed>2.9070000648498535</ns3:Speed>
              </ns3:TPX>
            </Extensions>
          </Trackpoint>
          <Trackpoint>
            <Time>2025-07-30T18:19:29.000Z</Time>
            <Position>
              <LatitudeDegrees>44.289117716252804</LatitudeDegrees>
              <LongitudeDegrees>-81.59298405982554</LongitudeDegrees>
            </Position>
            <DistanceMeters>2206.080078125</DistanceMeters>
            <Extensions>
              <ns3:TPX>
                <ns3:Speed>2.953000068664551</ns3:Speed>
              </ns3:TPX>
            </Extensions>
          </Trackpoint>
          <Trackpoint>
            <Time>2025-07-30T18:19:40.000Z</Time>
            <Position>
              <LatitudeDegrees>44.28907798603177</LatitudeDegrees>
              <LongitudeDegrees>-81.59259689971805</LongitudeDegrees>
            </Position>
            <DistanceMeters>2237.429931640625</DistanceMeters>
            <Extensions>
              <ns3:TPX>
                <ns3:Speed>2.8589999675750732</ns3:Speed>
              </ns3:TPX>
            </Extensions>
          </Trackpoint>
          <Trackpoint>
            <Time>2025-07-30T18:19:48.000Z</Time>
            <Position>
              <LatitudeDegrees>44.289089972153306</LatitudeDegrees>
              <LongitudeDegrees>-81.59231526777148</LongitudeDegrees>
            </Position>
            <DistanceMeters>2260.010009765625</DistanceMeters>
            <Extensions>
              <ns3:TPX>
                <ns3:Speed>2.7709999084472656</ns3:Speed>
              </ns3:TPX>
            </Extensions>
          </Trackpoint>
          <Trackpoint>
            <Time>2025-07-30T18:19:56.000Z</Time>
            <Position>
              <LatitudeDegrees>44.289086032658815</LatitudeDegrees>
              <LongitudeDegrees>-81.5920275170356</LongitudeDegrees>
            </Position>
            <DistanceMeters>2283.02001953125</DistanceMeters>
            <Extensions>
              <ns3:TPX>
                <ns3:Speed>2.947000026702881</ns3:Speed>
              </ns3:TPX>
            </Extensions>
          </Trackpoint>
          <Trackpoint>
            <Time>2025-07-30T18:20:01.000Z</Time>
            <Position>
              <LatitudeDegrees>44.28910003043711</LatitudeDegrees>
              <LongitudeDegrees>-81.59196683205664</LongitudeDegrees>
            </Position>
            <DistanceMeters>2288.330078125</DistanceMeters>
            <Extensions>
              <ns3:TPX>
                <ns3:Speed>2.0859999656677246</ns3:Speed>
              </ns3:TPX>
            </Extensions>
          </Trackpoint>
          <Trackpoint>
            <Time>2025-07-30T18:20:08.000Z</Time>
            <Position>
              <LatitudeDegrees>44.28911218419671</LatitudeDegrees>
              <LongitudeDegrees>-81.59194629639387</LongitudeDegrees>
            </Position>
            <DistanceMeters>2291.080078125</DistanceMeters>
            <Extensions>
              <ns3:TPX>
                <ns3:Speed>0.0</ns3:Speed>
              </ns3:TPX>
            </Extensions>
          </Trackpoint>
          <Trackpoint>
            <Time>2025-07-30T18:20:14.000Z</Time>
            <Position>
              <LatitudeDegrees>44.28911017253995</LatitudeDegrees>
              <LongitudeDegrees>-81.59193933941424</LongitudeDegrees>
            </Position>
            <DistanceMeters>2291.669921875</DistanceMeters>
            <Extensions>
              <ns3:TPX>
                <ns3:Speed>0.0</ns3:Speed>
              </ns3:TPX>
            </Extensions>
          </Trackpoint>
          <Trackpoint>
            <Time>2025-07-30T18:20:24.000Z</Time>
            <Position>
              <LatitudeDegrees>44.289115872234106</LatitudeDegrees>
              <LongitudeDegrees>-81.59193389117718</LongitudeDegrees>
            </Position>
            <DistanceMeters>2292.449951171875</DistanceMeters>
            <Extensions>
              <ns3:TPX>
                <ns3:Speed>0.0</ns3:Speed>
              </ns3:TPX>
            </Extensions>
          </Trackpoint>
          <Trackpoint>
            <Time>2025-07-30T18:20:44.000Z</Time>
            <Position>
              <LatitudeDegrees>44.28912517614663</LatitudeDegrees>
              <LongitudeDegrees>-81.59207973629236</LongitudeDegrees>
            </Position>
            <DistanceMeters>2304.18994140625</DistanceMeters>
            <Extensions>
              <ns3:TPX>
                <ns3:Speed>1.0080000162124634</ns3:Speed>
              </ns3:TPX>
            </Extensions>
          </Trackpoint>
          <Trackpoint>
            <Time>2025-07-30T18:20:45.000Z</Time>
            <Position>
              <LatitudeDegrees>44.28913615643978</LatitudeDegrees>
              <LongitudeDegrees>-81.59213623031974</LongitudeDegrees>
            </Position>
            <DistanceMeters>2308.860107421875</DistanceMeters>
            <Extensions>
              <ns3:TPX>
                <ns3:Speed>1.3969999551773071</ns3:Speed>
              </ns3:TPX>
            </Extensions>
          </Trackpoint>
          <Trackpoint>
            <Time>2025-07-30T18:20:49.000Z</Time>
            <Position>
              <LatitudeDegrees>44.28918988443911</LatitudeDegrees>
              <LongitudeDegrees>-81.59239330329001</LongitudeDegrees>
            </Position>
            <DistanceMeters>2330.219970703125</DistanceMeters>
            <Extensions>
              <ns3:TPX>
                <ns3:Speed>3.1670000553131104</ns3:Speed>
              </ns3:TPX>
            </Extensions>
          </Trackpoint>
          <Trackpoint>
            <Time>2025-07-30T18:20:56.000Z</Time>
            <Position>
              <LatitudeDegrees>44.2892680875957</LatitudeDegrees>
              <LongitudeDegrees>-81.59279756247997</LongitudeDegrees>
            </Position>
            <DistanceMeters>2363.68994140625</DistanceMeters>
            <Extensions>
              <ns3:TPX>
                <ns3:Speed>4.9629998207092285</ns3:Speed>
              </ns3:TPX>
            </Extensions>
          </Trackpoint>
          <Trackpoint>
            <Time>2025-07-30T18:21:04.000Z</Time>
            <Position>
              <LatitudeDegrees>44.28936582058668</LatitudeDegrees>
              <LongitudeDegrees>-81.59327591769397</LongitudeDegrees>
            </Position>
            <DistanceMeters>2403.47998046875</DistanceMeters>
            <Extensions>
              <ns3:TPX>
                <ns3:Speed>4.810999870300293</ns3:Speed>
              </ns3:TPX>
            </Extensions>
          </Trackpoint>
          <Trackpoint>
            <Time>2025-07-30T18:21:05.000Z</Time>
            <Position>
              <LatitudeDegrees>44.28937395103276</LatitudeDegrees>
              <LongitudeDegrees>-81.59333542920649</LongitudeDegrees>
            </Position>
            <DistanceMeters>2408.31005859375</DistanceMeters>
            <Extensions>
              <ns3:TPX>
                <ns3:Speed>4.843999862670898</ns3:Speed>
              </ns3:TPX>
            </Extensions>
          </Trackpoint>
          <Trackpoint>
            <Time>2025-07-30T18:21:11.000Z</Time>
            <Position>
              <LatitudeDegrees>44.28940328769386</LatitudeDegrees>
              <LongitudeDegrees>-81.59366693347692</LongitudeDegrees>
            </Position>
            <DistanceMeters>2435.0</DistanceMeters>
            <Extensions>
              <ns3:TPX>
                <ns3:Speed>4.756999969482422</ns3:Speed>
              </ns3:TPX>
            </Extensions>
          </Trackpoint>
          <Trackpoint>
            <Time>2025-07-30T18:21:13.000Z</Time>
            <Position>
              <LatitudeDegrees>44.28940731100738</LatitudeDegrees>
              <LongitudeDegrees>-81.59376089461148</LongitudeDegrees>
            </Position>
            <DistanceMeters>2442.52001953125</DistanceMeters>
            <Extensions>
              <ns3:TPX>
                <ns3:Speed>4.5370001792907715</ns3:Speed>
              </ns3:TPX>
            </Extensions>
          </Trackpoint>
          <Trackpoint>
            <Time>2025-07-30T18:21:17.000Z</Time>
            <Position>
              <LatitudeDegrees>44.2894425150007</LatitudeDegrees>
              <LongitudeDegrees>-81.59393674694002</LongitudeDegrees>
            </Position>
            <DistanceMeters>2457.10009765625</DistanceMeters>
            <Extensions>
              <ns3:TPX>
                <ns3:Speed>4.067999839782715</ns3:Speed>
              </ns3:TPX>
            </Extensions>
          </Trackpoint>
          <Trackpoint>
            <Time>2025-07-30T18:21:25.000Z</Time>
            <Position>
              <LatitudeDegrees>44.28947436623275</LatitudeDegrees>
              <LongitudeDegrees>-81.59430345520377</LongitudeDegrees>
            </Position>
            <DistanceMeters>2486.6298828125</DistanceMeters>
            <Extensions>
              <ns3:TPX>
                <ns3:Speed>3.678999900817871</ns3:Speed>
              </ns3:TPX>
            </Extensions>
          </Trackpoint>
          <Trackpoint>
            <Time>2025-07-30T18:21:32.000Z</Time>
            <Position>
              <LatitudeDegrees>44.28947947919369</LatitudeDegrees>
              <LongitudeDegrees>-81.59454711712897</LongitudeDegrees>
            </Position>
            <DistanceMeters>2506.179931640625</DistanceMeters>
            <Extensions>
              <ns3:TPX>
                <ns3:Speed>3.135999917984009</ns3:Speed>
              </ns3:TPX>
            </Extensions>
          </Trackpoint>
          <Trackpoint>
            <Time>2025-07-30T18:21:40.000Z</Time>
            <Position>
              <LatitudeDegrees>44.28955768235028</LatitudeDegrees>
              <LongitudeDegrees>-81.59489463083446</LongitudeDegrees>
            </Position>
            <DistanceMeters>2535.320068359375</DistanceMeters>
            <Extensions>
              <ns3:TPX>
                <ns3:Speed>3.318000078201294</ns3:Speed>
              </ns3:TPX>
            </Extensions>
          </Trackpoint>
          <Trackpoint>
            <Time>2025-07-30T18:21:47.000Z</Time>
            <Position>
              <LatitudeDegrees>44.28966832347214</LatitudeDegrees>
              <LongitudeDegrees>-81.5953067690134</LongitudeDegrees>
            </Position>
            <DistanceMeters>2570.419921875</DistanceMeters>
            <Extensions>
              <ns3:TPX>
                <ns3:Speed>4.622000217437744</ns3:Speed>
              </ns3:TPX>
            </Extensions>
          </Trackpoint>
          <Trackpoint>
            <Time>2025-07-30T18:21:54.000Z</Time>
            <Position>
              <LatitudeDegrees>44.2897760309279</LatitudeDegrees>
              <LongitudeDegrees>-81.59572946839035</LongitudeDegrees>
            </Position>
            <DistanceMeters>2606.239990234375</DistanceMeters>
            <Extensions>
              <ns3:TPX>
                <ns3:Speed>5.1539998054504395</ns3:Speed>
              </ns3:TPX>
            </Extensions>
          </Trackpoint>
          <Trackpoint>
            <Time>2025-07-30T18:22:01.000Z</Time>
            <Position>
              <LatitudeDegrees>44.28987602703273</LatitudeDegrees>
              <LongitudeDegrees>-81.59610589966178</LongitudeDegrees>
            </Position>
            <DistanceMeters>2638.31005859375</DistanceMeters>
            <Extensions>
              <ns3:TPX>
                <ns3:Speed>4.730999946594238</ns3:Speed>
              </ns3:TPX>
            </Extensions>
          </Trackpoint>
          <Trackpoint>
            <Time>2025-07-30T18:22:12.000Z</Time>
            <Position>
              <LatitudeDegrees>44.29001365788281</LatitudeDegrees>
              <LongitudeDegrees>-81.59670369699597</LongitudeDegrees>
            </Position>
            <DistanceMeters>2688.4599609375</DistanceMeters>
            <Extensions>
              <ns3:TPX>
                <ns3:Speed>4.547999858856201</ns3:Speed>
              </ns3:TPX>
            </Extensions>
          </Trackpoint>
          <Trackpoint>
            <Time>2025-07-30T18:22:13.000Z</Time>
            <Position>
              <LatitudeDegrees>44.29002891294658</LatitudeDegrees>
              <LongitudeDegrees>-81.59676027484238</LongitudeDegrees>
            </Position>
            <DistanceMeters>2693.280029296875</DistanceMeters>
            <Extensions>
              <ns3:TPX>
                <ns3:Speed>4.581999778747559</ns3:Speed>
              </ns3:TPX>
            </Extensions>
          </Trackpoint>
          <Trackpoint>
            <Time>2025-07-30T18:22:21.000Z</Time>
            <Position>
              <LatitudeDegrees>44.29016285575926</LatitudeDegrees>
              <LongitudeDegrees>-81.59718959592283</LongitudeDegrees>
            </Position>
            <DistanceMeters>2730.68994140625</DistanceMeters>
            <Extensions>
              <ns3:TPX>
                <ns3:Speed>4.683000087738037</ns3:Speed>
              </ns3:TPX>
            </Extensions>
          </Trackpoint>
          <Trackpoint>
            <Time>2025-07-30T18:22:23.000Z</Time>
            <Position>
              <LatitudeDegrees>44.290190851315856</LatitudeDegrees>
              <LongitudeDegrees>-81.59730325452983</LongitudeDegrees>
            </Position>
            <DistanceMeters>2740.2900390625</DistanceMeters>
            <Extensions>
              <ns3:TPX>
                <ns3:Speed>4.7129998207092285</ns3:Speed>
              </ns3:TPX>
            </Extensions>
          </Trackpoint>
          <Trackpoint>
            <Time>2025-07-30T18:22:33.000Z</Time>
            <Position>
              <LatitudeDegrees>44.290318842977285</LatitudeDegrees>
              <LongitudeDegrees>-81.59784011542797</LongitudeDegrees>
            </Position>
            <DistanceMeters>2785.4599609375</DistanceMeters>
            <Extensions>
              <ns3:TPX>
                <ns3:Speed>4.565999984741211</ns3:Speed>
              </ns3:TPX>
            </Extensions>
          </Trackpoint>
          <Trackpoint>
            <Time>2025-07-30T18:22:39.000Z</Time>
            <Position>
              <LatitudeDegrees>44.290432166308165</LatitudeDegrees>
              <LongitudeDegrees>-81.59810515120625</LongitudeDegrees>
            </Position>
            <DistanceMeters>2810.2099609375</DistanceMeters>
            <Extensions>
              <ns3:TPX>
                <ns3:Speed>4.23199987411499</ns3:Speed>
              </ns3:TPX>
            </Extensions>
          </Trackpoint>
          <Trackpoint>
            <Time>2025-07-30T18:22:51.000Z</Time>
            <Position>
              <LatitudeDegrees>44.29067758843303</LatitudeDegrees>
              <LongitudeDegrees>-81.59860194660723</LongitudeDegrees>
            </Position>
            <DistanceMeters>2858.3701171875</DistanceMeters>
            <Extensions>
              <ns3:TPX>
                <ns3:Speed>4.017000198364258</ns3:Speed>
              </ns3:TPX>
            </Extensions>
          </Trackpoint>
          <Trackpoint>
            <Time>2025-07-30T18:23:03.000Z</Time>
            <Position>
              <LatitudeDegrees>44.29090155288577</LatitudeDegrees>
              <LongitudeDegrees>-81.59905884414911</LongitudeDegrees>
            </Position>
            <DistanceMeters>2902.530029296875</DistanceMeters>
            <Extensions>
              <ns3:TPX>
                <ns3:Speed>3.681999921798706</ns3:Speed>
              </ns3:TPX>
            </Extensions>
          </Trackpoint>
          <Trackpoint>
            <Time>2025-07-30T18:23:11.000Z</Time>
            <Position>
              <LatitudeDegrees>44.29109106771648</LatitudeDegrees>
              <LongitudeDegrees>-81.59930250607431</LongitudeDegrees>
            </Position>
            <DistanceMeters>2931.340087890625</DistanceMeters>
            <Extensions>
              <ns3:TPX>
                <ns3:Speed>3.5460000038146973</ns3:Speed>
              </ns3:TPX>
            </Extensions>
          </Trackpoint>
          <Trackpoint>
            <Time>2025-07-30T18:23:20.000Z</Time>
            <Position>
              <LatitudeDegrees>44.29125862196088</LatitudeDegrees>
              <LongitudeDegrees>-81.59953217022121</LongitudeDegrees>
            </Position>
            <DistanceMeters>2957.489990234375</DistanceMeters>
            <Extensions>
              <ns3:TPX>
                <ns3:Speed>3.0439999103546143</ns3:Speed>
              </ns3:TPX>
            </Extensions>
          </Trackpoint>
          <Trackpoint>
            <Time>2025-07-30T18:23:29.000Z</Time>
            <Position>
              <LatitudeDegrees>44.29139843210578</LatitudeDegrees>
              <LongitudeDegrees>-81.59970877692103</LongitudeDegrees>
            </Position>
            <DistanceMeters>2978.4599609375</DistanceMeters>
            <Extensions>
              <ns3:TPX>
                <ns3:Speed>2.375</ns3:Speed>
              </ns3:TPX>
            </Extensions>
          </Trackpoint>
          <Trackpoint>
            <Time>2025-07-30T18:23:34.000Z</Time>
            <Position>
              <LatitudeDegrees>44.29144537076354</LatitudeDegrees>
              <LongitudeDegrees>-81.59987775608897</LongitudeDegrees>
            </Position>
            <DistanceMeters>2993.389892578125</DistanceMeters>
            <Extensions>
              <ns3:TPX>
                <ns3:Speed>2.6059999465942383</ns3:Speed>
              </ns3:TPX>
            </Extensions>
          </Trackpoint>
          <Trackpoint>
            <Time>2025-07-30T18:23:36.000Z</Time>
            <Position>
              <LatitudeDegrees>44.291445622220635</LatitudeDegrees>
              <LongitudeDegrees>-81.59996258094907</LongitudeDegrees>
            </Position>
            <DistanceMeters>3000.14990234375</DistanceMeters>
            <Extensions>
              <ns3:TPX>
                <ns3:Speed>2.7909998893737793</ns3:Speed>
              </ns3:TPX>
            </Extensions>
          </Trackpoint>
        </Track>
        <Extensions>
          <ns3:LX>
            <ns3:AvgSpeed>3.1519999504089355</ns3:AvgSpeed>
            <ns3:Steps>14</ns3:Steps>
          </ns3:LX>
        </Extensions>
      </Lap>
      <Lap StartTime="2025-07-30T18:23:37.000Z">
        <TotalTimeSeconds>260.943</TotalTimeSeconds>
        <DistanceMeters>1000.0</DistanceMeters>
        <MaximumSpeed>6.289999961853027</MaximumSpeed>
        <Calories>95</Calories>
        <Intensity>Active</Intensity>
        <TriggerMethod>Manual</TriggerMethod>
        <Track>
          <Trackpoint>
            <Time>2025-07-30T18:23:41.000Z</Time>
            <Position>
              <LatitudeDegrees>44.29142910987139</LatitudeDegrees>
              <LongitudeDegrees>-81.60021839663386</LongitudeDegrees>
            </Position>
            <DistanceMeters>3020.659912109375</DistanceMeters>
            <Extensions>
              <ns3:TPX>
                <ns3:Speed>3.5199999809265137</ns3:Speed>
              </ns3:TPX>
            </Extensions>
          </Trackpoint>
          <Trackpoint>
            <Time>2025-07-30T18:23:48.000Z</Time>
            <Position>
              <LatitudeDegrees>44.29137286730111</LatitudeDegrees>
              <LongitudeDegrees>-81.60059072077274</LongitudeDegrees>
            </Position>
            <DistanceMeters>3051.0400390625</DistanceMeters>
            <Extensions>
              <ns3:TPX>
                <ns3:Speed>4.242000102996826</ns3:Speed>
              </ns3:TPX>
            </Extensions>
          </Trackpoint>
          <Trackpoint>
            <Time>2025-07-30T18:24:00.000Z</Time>
            <Position>
              <LatitudeDegrees>44.29122953675687</LatitudeDegrees>
              <LongitudeDegrees>-81.60116907209158</LongitudeDegrees>
            </Position>
            <DistanceMeters>3099.919921875</DistanceMeters>
            <Extensions>
              <ns3:TPX>
                <ns3:Speed>4.074999809265137</ns3:Speed>
              </ns3:TPX>
            </Extensions>
          </Trackpoint>
          <Trackpoint>
            <Time>2025-07-30T18:24:06.000Z</Time>
            <Position>
              <LatitudeDegrees>44.291180251166224</LatitudeDegrees>
              <LongitudeDegrees>-81.6014077886939</LongitudeDegrees>
            </Position>
            <DistanceMeters>3120.14990234375</DistanceMeters>
            <Extensions>
              <ns3:TPX>
                <ns3:Speed>3.7360000610351562</ns3:Speed>
              </ns3:TPX>
            </Extensions>
          </Trackpoint>
          <Trackpoint>
            <Time>2025-07-30T18:24:11.000Z</Time>
            <Position>
              <LatitudeDegrees>44.29123724810779</LatitudeDegrees>
              <LongitudeDegrees>-81.60158372484148</LongitudeDegrees>
            </Position>
            <DistanceMeters>3135.64990234375</DistanceMeters>
            <Extensions>
              <ns3:TPX>
                <ns3:Speed>3.3299999237060547</ns3:Speed>
              </ns3:TPX>
            </Extensions>
          </Trackpoint>
          <Trackpoint>
            <Time>2025-07-30T18:24:16.000Z</Time>
            <Position>
              <LatitudeDegrees>44.29128846153617</LatitudeDegrees>
              <LongitudeDegrees>-81.60166972316802</LongitudeDegrees>
            </Position>
            <DistanceMeters>3144.570068359375</DistanceMeters>
            <Extensions>
              <ns3:TPX>
                <ns3:Speed>2.5309998989105225</ns3:Speed>
              </ns3:TPX>
            </Extensions>
          </Trackpoint>
          <Trackpoint>
            <Time>2025-07-30T18:24:22.000Z</Time>
            <Position>
              <LatitudeDegrees>44.29129332304001</LatitudeDegrees>
              <LongitudeDegrees>-81.60168657079339</LongitudeDegrees>
            </Position>
            <DistanceMeters>3147.4599609375</DistanceMeters>
            <Extensions>
              <ns3:TPX>
                <ns3:Speed>1.2319999933242798</ns3:Speed>
              </ns3:TPX>
            </Extensions>
          </Trackpoint>
          <Trackpoint>
            <Time>2025-07-30T18:24:28.000Z</Time>
            <Position>
              <LatitudeDegrees>44.29127974435687</LatitudeDegrees>
              <LongitudeDegrees>-81.60167961381376</LongitudeDegrees>
            </Position>
            <DistanceMeters>3149.169921875</DistanceMeters>
            <Extensions>
              <ns3:TPX>
                <ns3:Speed>0.0</ns3:Speed>
              </ns3:TPX>
            </Extensions>
          </Trackpoint>
          <Trackpoint>
            <Time>2025-07-30T18:24:35.000Z</Time>
            <Position>
              <LatitudeDegrees>44.29127588868141</LatitudeDegrees>
              <LongitudeDegrees>-81.60157961770892</LongitudeDegrees>
            </Position>
            <DistanceMeters>3157.31005859375</DistanceMeters>
            <Extensions>
              <ns3:TPX>
                <ns3:Speed>0.8100000023841858</ns3:Speed>
              </ns3:TPX>
            </Extensions>
          </Trackpoint>
          <Trackpoint>
            <Time>2025-07-30T18:24:37.000Z</Time>
            <Position>
              <LatitudeDegrees>44.29125292226672</LatitudeDegrees>
              <LongitudeDegrees>-81.6015338525176</LongitudeDegrees>
            </Position>
            <DistanceMeters>3161.830078125</DistanceMeters>
            <Extensions>
              <ns3:TPX>
                <ns3:Speed>1.1430000066757202</ns3:Speed>
              </ns3:TPX>
            </Extensions>
          </Trackpoint>
          <Trackpoint>
            <Time>2025-07-30T18:24:39.000Z</Time>
            <Position>
              <LatitudeDegrees>44.29121168330312</LatitudeDegrees>
              <LongitudeDegrees>-81.60150258801877</LongitudeDegrees>
            </Position>
            <DistanceMeters>3167.0400390625</DistanceMeters>
            <Extensions>
              <ns3:TPX>
                <ns3:Speed>1.5230000019073486</ns3:Speed>
              </ns3:TPX>
            </Extensions>
          </Trackpoint>
          <Trackpoint>
            <Time>2025-07-30T18:24:44.000Z</Time>
            <Position>
              <LatitudeDegrees>44.29115259088576</LatitudeDegrees>
              <LongitudeDegrees>-81.60135758109391</LongitudeDegrees>
            </Position>
            <DistanceMeters>3180.550048828125</DistanceMeters>
            <Extensions>
              <ns3:TPX>
                <ns3:Speed>2.3919999599456787</ns3:Speed>
              </ns3:TPX>
            </Extensions>
          </Trackpoint>
          <Trackpoint>
            <Time>2025-07-30T18:24:51.000Z</Time>
            <Position>
              <LatitudeDegrees>44.29111906327307</LatitudeDegrees>
              <LongitudeDegrees>-81.6010692436248</LongitudeDegrees>
            </Position>
            <DistanceMeters>3204.06005859375</DistanceMeters>
            <Extensions>
              <ns3:TPX>
                <ns3:Speed>3.0899999141693115</ns3:Speed>
              </ns3:TPX>
            </Extensions>
          </Trackpoint>
          <Trackpoint>
            <Time>2025-07-30T18:24:57.000Z</Time>
            <Position>
              <LatitudeDegrees>44.291173378005624</LatitudeDegrees>
              <LongitudeDegrees>-81.60075559280813</LongitudeDegrees>
            </Position>
            <DistanceMeters>3229.860107421875</DistanceMeters>
            <Extensions>
              <ns3:TPX>
                <ns3:Speed>3.872999906539917</ns3:Speed>
              </ns3:TPX>
            </Extensions>
          </Trackpoint>
          <Trackpoint>
            <Time>2025-07-30T18:25:03.000Z</Time>
            <Position>
              <LatitudeDegrees>44.291192991659045</LatitudeDegrees>
              <LongitudeDegrees>-81.60051293671131</LongitudeDegrees>
            </Position>
            <DistanceMeters>3249.3701171875</DistanceMeters>
            <Extensions>
              <ns3:TPX>
                <ns3:Speed>3.7780001163482666</ns3:Speed>
              </ns3:TPX>
            </Extensions>
          </Trackpoint>
          <Trackpoint>
            <Time>2025-07-30T18:25:09.000Z</Time>
            <Position>
              <LatitudeDegrees>44.29124210961163</LatitudeDegrees>
              <LongitudeDegrees>-81.60030397586524</LongitudeDegrees>
            </Position>
            <DistanceMeters>3266.919921875</DistanceMeters>
            <Extensions>
              <ns3:TPX>
                <ns3:Speed>3.0910000801086426</ns3:Speed>
              </ns3:TPX>
            </Extensions>
          </Trackpoint>
          <Trackpoint>
            <Time>2025-07-30T18:25:17.000Z</Time>
            <Position>
              <LatitudeDegrees>44.29130698554218</LatitudeDegrees>
              <LongitudeDegrees>-81.60003458149731</LongitudeDegrees>
            </Position>
            <DistanceMeters>3289.659912109375</DistanceMeters>
            <Extensions>
              <ns3:TPX>
                <ns3:Speed>2.8480000495910645</ns3:Speed>
              </ns3:TPX>
            </Extensions>
          </Trackpoint>
          <Trackpoint>
            <Time>2025-07-30T18:25:24.000Z</Time>
            <Position>
              <LatitudeDegrees>44.2912851087749</LatitudeDegrees>
              <LongitudeDegrees>-81.59977692179382</LongitudeDegrees>
            </Position>
            <DistanceMeters>3310.919921875</DistanceMeters>
            <Extensions>
              <ns3:TPX>
                <ns3:Speed>2.930000066757202</ns3:Speed>
              </ns3:TPX>
            </Extensions>
          </Trackpoint>
          <Trackpoint>
            <Time>2025-07-30T18:25:29.000Z</Time>
            <Position>
              <LatitudeDegrees>44.291253089904785</LatitudeDegrees>
              <LongitudeDegrees>-81.59954105503857</LongitudeDegrees>
            </Position>
            <DistanceMeters>3330.110107421875</DistanceMeters>
            <Extensions>
              <ns3:TPX>
                <ns3:Speed>3.374000072479248</ns3:Speed>
              </ns3:TPX>
            </Extensions>
          </Trackpoint>
          <Trackpoint>
            <Time>2025-07-30T18:25:35.000Z</Time>
            <Position>
              <LatitudeDegrees>44.29120497778058</LatitudeDegrees>
              <LongitudeDegrees>-81.59916931763291</LongitudeDegrees>
            </Position>
            <DistanceMeters>3360.280029296875</DistanceMeters>
            <Extensions>
              <ns3:TPX>
                <ns3:Speed>4.348999977111816</ns3:Speed>
              </ns3:TPX>
            </Extensions>
          </Trackpoint>
          <Trackpoint>
            <Time>2025-07-30T18:25:36.000Z</Time>
            <Position>
              <LatitudeDegrees>44.2912092525512</LatitudeDegrees>
              <LongitudeDegrees>-81.59911374561489</LongitudeDegrees>
            </Position>
            <DistanceMeters>3364.72998046875</DistanceMeters>
            <Extensions>
              <ns3:TPX>
                <ns3:Speed>4.48799991607666</ns3:Speed>
              </ns3:TPX>
            </Extensions>
          </Trackpoint>
          <Trackpoint>
            <Time>2025-07-30T18:25:38.000Z</Time>
            <Position>
              <LatitudeDegrees>44.29123657755554</LatitudeDegrees>
              <LongitudeDegrees>-81.59902431070805</LongitudeDegrees>
            </Position>
            <DistanceMeters>3372.510009765625</DistanceMeters>
            <Extensions>
              <ns3:TPX>
                <ns3:Speed>4.6020002365112305</ns3:Speed>
              </ns3:TPX>
            </Extensions>
          </Trackpoint>
          <Trackpoint>
            <Time>2025-07-30T18:25:46.000Z</Time>
            <Position>
              <LatitudeDegrees>44.291333220899105</LatitudeDegrees>
              <LongitudeDegrees>-81.59872784279287</LongitudeDegrees>
            </Position>
            <DistanceMeters>3398.489990234375</DistanceMeters>
            <Extensions>
              <ns3:TPX>
                <ns3:Speed>3.6040000915527344</ns3:Speed>
              </ns3:TPX>
            </Extensions>
          </Trackpoint>
          <Trackpoint>
            <Time>2025-07-30T18:25:54.000Z</Time>
            <Position>
              <LatitudeDegrees>44.29139600135386</LatitudeDegrees>
              <LongitudeDegrees>-81.5984377451241</LongitudeDegrees>
            </Position>
            <DistanceMeters>3422.679931640625</DistanceMeters>
            <Extensions>
              <ns3:TPX>
                <ns3:Speed>3.059000015258789</ns3:Speed>
              </ns3:TPX>
            </Extensions>
          </Trackpoint>
          <Trackpoint>
            <Time>2025-07-30T18:26:02.000Z</Time>
            <Position>
              <LatitudeDegrees>44.29141595028341</LatitudeDegrees>
              <LongitudeDegrees>-81.59808989614248</LongitudeDegrees>
            </Position>
            <DistanceMeters>3450.760009765625</DistanceMeters>
            <Extensions>
              <ns3:TPX>
                <ns3:Speed>3.3489999771118164</ns3:Speed>
              </ns3:TPX>
            </Extensions>
          </Trackpoint>
          <Trackpoint>
            <Time>2025-07-30T18:26:09.000Z</Time>
            <Position>
              <LatitudeDegrees>44.29132961668074</LatitudeDegrees>
              <LongitudeDegrees>-81.59779443405569</LongitudeDegrees>
            </Position>
            <DistanceMeters>3476.320068359375</DistanceMeters>
            <Extensions>
              <ns3:TPX>
                <ns3:Speed>3.638000011444092</ns3:Speed>
              </ns3:TPX>
            </Extensions>
          </Trackpoint>
          <Trackpoint>
            <Time>2025-07-30T18:26:16.000Z</Time>
            <Position>
              <LatitudeDegrees>44.291209587827325</LatitudeDegrees>
              <LongitudeDegrees>-81.59757290035486</LongitudeDegrees>
            </Position>
            <DistanceMeters>3498.510009765625</DistanceMeters>
            <Extensions>
              <ns3:TPX>
                <ns3:Speed>3.3380000591278076</ns3:Speed>
              </ns3:TPX>
            </Extensions>
          </Trackpoint>
          <Trackpoint>
            <Time>2025-07-30T18:26:23.000Z</Time>
            <Position>
              <LatitudeDegrees>44.29107145406306</LatitudeDegrees>
              <LongitudeDegrees>-81.59727098420262</LongitudeDegrees>
            </Position>
            <DistanceMeters>3527.110107421875</DistanceMeters>
            <Extensions>
              <ns3:TPX>
                <ns3:Speed>3.759999990463257</ns3:Speed>
              </ns3:TPX>
            </Extensions>
          </Trackpoint>
          <Trackpoint>
            <Time>2025-07-30T18:26:30.000Z</Time>
            <Position>
              <LatitudeDegrees>44.290943294763565</LatitudeDegrees>
              <LongitudeDegrees>-81.59696051850915</LongitudeDegrees>
            </Position>
            <DistanceMeters>3555.760009765625</DistanceMeters>
            <Extensions>
              <ns3:TPX>
                <ns3:Speed>4.160999774932861</ns3:Speed>
              </ns3:TPX>
            </Extensions>
          </Trackpoint>
          <Trackpoint>
            <Time>2025-07-30T18:26:40.000Z</Time>
            <Position>
              <LatitudeDegrees>44.29072477854788</LatitudeDegrees>
              <LongitudeDegrees>-81.59653848968446</LongitudeDegrees>
            </Position>
            <DistanceMeters>3597.280029296875</DistanceMeters>
            <Extensions>
              <ns3:TPX>
                <ns3:Speed>4.13100004196167</ns3:Speed>
              </ns3:TPX>
            </Extensions>
          </Trackpoint>
          <Trackpoint>
            <Time>2025-07-30T18:26:47.000Z</Time>
            <Position>
              <LatitudeDegrees>44.29056091234088</LatitudeDegrees>
              <LongitudeDegrees>-81.59612040035427</LongitudeDegrees>
            </Position>
            <DistanceMeters>3635.280029296875</DistanceMeters>
            <Extensions>
              <ns3:TPX>
                <ns3:Speed>5.071000099182129</ns3:Speed>
              </ns3:TPX>
            </Extensions>
          </Trackpoint>
          <Trackpoint>
            <Time>2025-07-30T18:26:56.000Z</Time>
            <Position>
              <LatitudeDegrees>44.290389670059085</LatitudeDegrees>
              <LongitudeDegrees>-81.59563282504678</LongitudeDegrees>
            </Position>
            <DistanceMeters>3678.639892578125</DistanceMeters>
            <Extensions>
              <ns3:TPX>
                <ns3:Speed>4.940999984741211</ns3:Speed>
              </ns3:TPX>
            </Extensions>
          </Trackpoint>
          <Trackpoint>
            <Time>2025-07-30T18:27:02.000Z</Time>
            <Position>
              <LatitudeDegrees>44.29026662372053</LatitudeDegrees>
              <LongitudeDegrees>-81.5952451620251</LongitudeDegrees>
            </Position>
            <DistanceMeters>3712.469970703125</DistanceMeters>
            <Extensions>
              <ns3:TPX>
                <ns3:Speed>5.172999858856201</ns3:Speed>
              </ns3:TPX>
            </Extensions>
          </Trackpoint>
          <Trackpoint>
            <Time>2025-07-30T18:27:10.000Z</Time>
            <Position>
              <LatitudeDegrees>44.29009244777262</LatitudeDegrees>
              <LongitudeDegrees>-81.59472548402846</LongitudeDegrees>
            </Position>
            <DistanceMeters>3758.27001953125</DistanceMeters>
            <Extensions>
              <ns3:TPX>
                <ns3:Speed>5.77400016784668</ns3:Speed>
              </ns3:TPX>
            </Extensions>
          </Trackpoint>
          <Trackpoint>
            <Time>2025-07-30T18:27:14.000Z</Time>
            <Position>
              <LatitudeDegrees>44.290013909339905</LatitudeDegrees>
              <LongitudeDegrees>-81.59444108605385</LongitudeDegrees>
            </Position>
            <DistanceMeters>3782.590087890625</DistanceMeters>
            <Extensions>
              <ns3:TPX>
                <ns3:Speed>5.8460001945495605</ns3:Speed>
              </ns3:TPX>
            </Extensions>
          </Trackpoint>
          <Trackpoint>
            <Time>2025-07-30T18:27:17.000Z</Time>
            <Position>
              <LatitudeDegrees>44.28998147137463</LatitudeDegrees>
              <LongitudeDegrees>-81.59422198310494</LongitudeDegrees>
            </Position>
            <DistanceMeters>3800.43994140625</DistanceMeters>
            <Extensions>
              <ns3:TPX>
                <ns3:Speed>5.88700008392334</ns3:Speed>
              </ns3:TPX>
            </Extensions>
          </Trackpoint>
          <Trackpoint>
            <Time>2025-07-30T18:27:24.000Z</Time>
            <Position>
              <LatitudeDegrees>44.28990377113223</LatitudeDegrees>
              <LongitudeDegrees>-81.59368579275906</LongitudeDegrees>
            </Position>
            <DistanceMeters>3844.110107421875</DistanceMeters>
            <Extensions>
              <ns3:TPX>
                <ns3:Speed>6.14900016784668</ns3:Speed>
              </ns3:TPX>
            </Extensions>
          </Trackpoint>
          <Trackpoint>
            <Time>2025-07-30T18:27:25.000Z</Time>
            <Position>
              <LatitudeDegrees>44.28988566622138</LatitudeDegrees>
              <LongitudeDegrees>-81.59361354075372</LongitudeDegrees>
            </Position>
            <DistanceMeters>3850.219970703125</DistanceMeters>
            <Extensions>
              <ns3:TPX>
                <ns3:Speed>6.139999866485596</ns3:Speed>
              </ns3:TPX>
            </Extensions>
          </Trackpoint>
          <Trackpoint>
            <Time>2025-07-30T18:27:29.000Z</Time>
            <Position>
              <LatitudeDegrees>44.289781311526895</LatitudeDegrees>
              <LongitudeDegrees>-81.59335060045123</LongitudeDegrees>
            </Position>
            <DistanceMeters>3874.2099609375</DistanceMeters>
            <Extensions>
              <ns3:TPX>
                <ns3:Speed>6.150000095367432</ns3:Speed>
              </ns3:TPX>
            </Extensions>
          </Trackpoint>
          <Trackpoint>
            <Time>2025-07-30T18:27:33.000Z</Time>
            <Position>
              <LatitudeDegrees>44.28969263099134</LatitudeDegrees>
              <LongitudeDegrees>-81.59316678531468</LongitudeDegrees>
            </Position>
            <DistanceMeters>3891.8798828125</DistanceMeters>
            <Extensions>
              <ns3:TPX>
                <ns3:Speed>5.535999774932861</ns3:Speed>
              </ns3:TPX>
            </Extensions>
          </Trackpoint>
          <Trackpoint>
            <Time>2025-07-30T18:27:37.000Z</Time>
            <Position>
              <LatitudeDegrees>44.289611745625734</LatitudeDegrees>
              <LongitudeDegrees>-81.59302529878914</LongitudeDegrees>
            </Position>
            <DistanceMeters>3906.35009765625</DistanceMeters>
            <Extensions>
              <ns3:TPX>
                <ns3:Speed>4.679999828338623</ns3:Speed>
              </ns3:TPX>
            </Extensions>
          </Trackpoint>
          <Trackpoint>
            <Time>2025-07-30T18:27:40.000Z</Time>
            <Position>
              <LatitudeDegrees>44.28954519331455</LatitudeDegrees>
              <LongitudeDegrees>-81.59293494187295</LongitudeDegrees>
            </Position>
            <DistanceMeters>3916.699951171875</DistanceMeters>
            <Extensions>
              <ns3:TPX>
                <ns3:Speed>4.002999782562256</ns3:Speed>
              </ns3:TPX>
            </Extensions>
          </Trackpoint>
          <Trackpoint>
            <Time>2025-07-30T18:27:47.000Z</Time>
            <Position>
              <LatitudeDegrees>44.289373783394694</LatitudeDegrees>
              <LongitudeDegrees>-81.59261098131537</LongitudeDegrees>
            </Position>
            <DistanceMeters>3948.81005859375</DistanceMeters>
            <Extensions>
              <ns3:TPX>
                <ns3:Speed>4.146999835968018</ns3:Speed>
              </ns3:TPX>
            </Extensions>
          </Trackpoint>
          <Trackpoint>
            <Time>2025-07-30T18:27:56.000Z</Time>
            <Position>
              <LatitudeDegrees>44.289169097319245</LatitudeDegrees>
              <LongitudeDegrees>-81.59209641627967</LongitudeDegrees>
            </Position>
            <DistanceMeters>3995.8798828125</DistanceMeters>
            <Extensions>
              <ns3:TPX>
                <ns3:Speed>5.214000225067139</ns3:Speed>
              </ns3:TPX>
            </Extensions>
          </Trackpoint>
          <Trackpoint>
            <Time>2025-07-30T18:27:57.000Z</Time>
            <Position>
              <LatitudeDegrees>44.2891560215503</LatitudeDegrees>
              <LongitudeDegrees>-81.59204210154712</LongitudeDegrees>
            </Position>
            <DistanceMeters>4000.449951171875</DistanceMeters>
            <Extensions>
              <ns3:TPX>
                <ns3:Speed>5.172999858856201</ns3:Speed>
              </ns3:TPX>
            </Extensions>
          </Trackpoint>
        </Track>
        <Extensions>
          <ns3:LX>
            <ns3:AvgSpeed>3.8320000171661377</ns3:AvgSpeed>
            <ns3:Steps>62</ns3:Steps>
          </ns3:LX>
        </Extensions>
      </Lap>
      <Lap StartTime="2025-07-30T18:27:58.000Z">
        <TotalTimeSeconds>40.4</TotalTimeSeconds>
        <DistanceMeters>53.1</DistanceMeters>
        <MaximumSpeed>5.066999912261963</MaximumSpeed>
        <Calories>6</Calories>
        <Intensity>Active</Intensity>
        <TriggerMethod>Manual</TriggerMethod>
        <Track>
          <Trackpoint>
            <Time>2025-07-30T18:27:59.000Z</Time>
            <Position>
              <LatitudeDegrees>44.2891369946301</LatitudeDegrees>
              <LongitudeDegrees>-81.5919463802129</LongitudeDegrees>
            </Position>
            <DistanceMeters>4008.3701171875</DistanceMeters>
            <Extensions>
              <ns3:TPX>
                <ns3:Speed>4.966000080108643</ns3:Speed>
              </ns3:TPX>
            </Extensions>
          </Trackpoint>
          <Trackpoint>
            <Time>2025-07-30T18:28:01.000Z</Time>
            <Position>
              <LatitudeDegrees>44.28911134600639</LatitudeDegrees>
              <LongitudeDegrees>-81.59186993725598</LongitudeDegrees>
            </Position>
            <DistanceMeters>4015.110107421875</DistanceMeters>
            <Extensions>
              <ns3:TPX>
                <ns3:Speed>4.697999954223633</ns3:Speed>
              </ns3:TPX>
            </Extensions>
          </Trackpoint>
          <Trackpoint>
            <Time>2025-07-30T18:28:02.000Z</Time>
            <Position>
              <LatitudeDegrees>44.28910279646516</LatitudeDegrees>
              <LongitudeDegrees>-81.59183464944363</LongitudeDegrees>
            </Position>
            <DistanceMeters>4018.080078125</DistanceMeters>
            <Extensions>
              <ns3:TPX>
                <ns3:Speed>4.521999835968018</ns3:Speed>
              </ns3:TPX>
            </Extensions>
          </Trackpoint>
          <Trackpoint>
            <Time>2025-07-30T18:28:07.000Z</Time>
            <Position>
              <LatitudeDegrees>44.289089972153306</LatitudeDegrees>
              <LongitudeDegrees>-81.5916686039418</LongitudeDegrees>
            </Position>
            <DistanceMeters>4031.590087890625</DistanceMeters>
            <Extensions>
              <ns3:TPX>
                <ns3:Speed>3.4030001163482666</ns3:Speed>
              </ns3:TPX>
            </Extensions>
          </Trackpoint>
          <Trackpoint>
            <Time>2025-07-30T18:28:10.000Z</Time>
            <Position>
              <LatitudeDegrees>44.28911394439638</LatitudeDegrees>
              <LongitudeDegrees>-81.59163264557719</LongitudeDegrees>
            </Position>
            <DistanceMeters>4035.72998046875</DistanceMeters>
            <Extensions>
              <ns3:TPX>
                <ns3:Speed>2.6050000190734863</ns3:Speed>
              </ns3:TPX>
            </Extensions>
          </Trackpoint>
          <Trackpoint>
            <Time>2025-07-30T18:28:11.000Z</Time>
            <Position>
              <LatitudeDegrees>44.289120733737946</LatitudeDegrees>
              <LongitudeDegrees>-81.59163138829172</LongitudeDegrees>
            </Position>
            <DistanceMeters>4036.489990234375</DistanceMeters>
            <Extensions>
              <ns3:TPX>
                <ns3:Speed>2.3459999561309814</ns3:Speed>
              </ns3:TPX>
            </Extensions>
          </Trackpoint>
          <Trackpoint>
            <Time>2025-07-30T18:28:15.000Z</Time>
            <Position>
              <LatitudeDegrees>44.28912241011858</LatitudeDegrees>
              <LongitudeDegrees>-81.59163155592978</LongitudeDegrees>
            </Position>
            <DistanceMeters>4037.909912109375</DistanceMeters>
            <Extensions>
              <ns3:TPX>
                <ns3:Speed>0.0</ns3:Speed>
              </ns3:TPX>
            </Extensions>
          </Trackpoint>
          <Trackpoint>
            <Time>2025-07-30T18:28:20.000Z</Time>
            <Position>
              <LatitudeDegrees>44.28912735544145</LatitudeDegrees>
              <LongitudeDegrees>-81.5916152112186</LongitudeDegrees>
            </Position>
            <DistanceMeters>4039.77001953125</DistanceMeters>
            <Extensions>
              <ns3:TPX>
                <ns3:Speed>0.5450000166893005</ns3:Speed>
              </ns3:TPX>
            </Extensions>
          </Trackpoint>
          <Trackpoint>
            <Time>2025-07-30T18:28:27.000Z</Time>
            <Position>
              <LatitudeDegrees>44.28912735544145</LatitudeDegrees>
              <LongitudeDegrees>-81.5915821865201</LongitudeDegrees>
            </Position>
            <DistanceMeters>4046.47998046875</DistanceMeters>
            <Extensions>
              <ns3:TPX>
                <ns3:Speed>0.75</ns3:Speed>
              </ns3:TPX>
            </Extensions>
          </Trackpoint>
          <Trackpoint>
            <Time>2025-07-30T18:28:31.000Z</Time>
            <Position>
              <LatitudeDegrees>44.28912928327918</LatitudeDegrees>
              <LongitudeDegrees>-81.5916181448847</LongitudeDegrees>
            </Position>
            <DistanceMeters>4049.669921875</DistanceMeters>
            <Extensions>
              <ns3:TPX>
                <ns3:Speed>0.9229999780654907</ns3:Speed>
              </ns3:TPX>
            </Extensions>
          </Trackpoint>
          <Trackpoint>
            <Time>2025-07-30T18:28:33.000Z</Time>
            <Position>
              <LatitudeDegrees>44.28912492468953</LatitudeDegrees>
              <LongitudeDegrees>-81.59162334166467</LongitudeDegrees>
            </Position>
            <DistanceMeters>4050.2900390625</DistanceMeters>
            <Extensions>
              <ns3:TPX>
                <ns3:Speed>0.0</ns3:Speed>
              </ns3:TPX>
            </Extensions>
          </Trackpoint>
          <Trackpoint>
            <Time>2025-07-30T18:28:38.000Z</Time>
            <Position>
              <LatitudeDegrees>44.28910531103611</LatitudeDegrees>
              <LongitudeDegrees>-81.5916250180453</LongitudeDegrees>
            </Position>
            <DistanceMeters>4053.10009765625</DistanceMeters>
            <Extensions>
              <ns3:TPX>
                <ns3:Speed>0.7160000205039978</ns3:Speed>
              </ns3:TPX>
            </Extensions>
          </Trackpoint>
        </Track>
        <Extensions>
          <ns3:LX>
            <ns3:AvgSpeed>1.3140000104904175</ns3:AvgSpeed>
            <ns3:Steps>12</ns3:Steps>
          </ns3:LX>
        </Extensions>
      </Lap>
      <Creator xsi:type="Device_t">
        <Name>vívoactive 4</Name>
        <UnitId>3432774097</UnitId>
        <ProductID>3225</ProductID>
        <Version>
          <VersionMajor>8</VersionMajor>
          <VersionMinor>30</VersionMinor>
          <BuildMajor>0</BuildMajor>
          <BuildMinor>0</BuildMinor>
        </Version>
      </Creator>
    </Activity>
  </Activities>
  <Author xsi:type="Application_t">
    <Name>Connect Api</Name>
    <Build>
      <Version>
        <VersionMajor>25</VersionMajor>
        <VersionMinor>15</VersionMinor>
        <BuildMajor>0</BuildMajor>
        <BuildMinor>0</BuildMinor>
      </Version>
    </Build>
    <LangID>en</LangID>
    <PartNumber>006-D2449-00</PartNumber>
  </Author>
</TrainingCenterDatabase>
